id	key	name	POIconv	mass	Cx	Cy	Cz	Ixx	Iyy	Izz	Ixy	Ixz	Iyz	Ipoint	sigma_mass	sigma_Cx	sigma_Cy	sigma_Cz	sigma_Ixx	sigma_Iyy	sigma_Izz	sigma_Ixy	sigma_Ixz	sigma_Iyz
C.1	C.00001	System 1	-	NA	NA	NA	NA	NA	NA	NA	NA	NA	NA	NA	NA	NA	NA	NA	NA	NA	NA	NA	NA	NA
C.1.1	C.00001.00001	Segment 1	-	NA	NA	NA	NA	NA	NA	NA	NA	NA	NA	NA	NA	NA	NA	NA	NA	NA	NA	NA	NA	NA
C.1.2	C.00001.00002	Segment 2	-	NA	NA	NA	NA	NA	NA	NA	NA	NA	NA	NA	NA	NA	NA	NA	NA	NA	NA	NA	NA	NA
C.1.1.1	C.00001.00001.00001	Element 1	-	NA	NA	NA	NA	NA	NA	NA	NA	NA	NA	NA	NA	NA	NA	NA	NA	NA	NA	NA	NA	NA
C.1.1.2	C.00001.00001.00002	Element 2	-	NA	NA	NA	NA	NA	NA	NA	NA	NA	NA	NA	NA	NA	NA	NA	NA	NA	NA	NA	NA	NA
C.1.1.3	C.00001.00001.00003	Element 3	-	NA	NA	NA	NA	NA	NA	NA	NA	NA	NA	NA	NA	NA	NA	NA	NA	NA	NA	NA	NA	NA
C.1.1.4	C.00001.00001.00004	Element 4	-	NA	NA	NA	NA	NA	NA	NA	NA	NA	NA	NA	NA	NA	NA	NA	NA	NA	NA	NA	NA	NA
C.1.2.1	C.00001.00002.00001	Element 5	-	NA	NA	NA	NA	NA	NA	NA	NA	NA	NA	NA	NA	NA	NA	NA	NA	NA	NA	NA	NA	NA
C.1.2.2	C.00001.00002.00002	Element 6	-	NA	NA	NA	NA	NA	NA	NA	NA	NA	NA	NA	NA	NA	NA	NA	NA	NA	NA	NA	NA	NA
C.1.2.3	C.00001.00002.00003	Element 7	-	NA	NA	NA	NA	NA	NA	NA	NA	NA	NA	NA	NA	NA	NA	NA	NA	NA	NA	NA	NA	NA
C.1.1.1.1	C.00001.00001.00001.00001	Subsystem 1	-	NA	NA	NA	NA	NA	NA	NA	NA	NA	NA	NA	NA	NA	NA	NA	NA	NA	NA	NA	NA	NA
C.1.1.1.2	C.00001.00001.00001.00002	Subsystem 2	-	NA	NA	NA	NA	NA	NA	NA	NA	NA	NA	NA	NA	NA	NA	NA	NA	NA	NA	NA	NA	NA
C.1.1.2.1	C.00001.00001.00002.00001	Subsystem 3	-	NA	NA	NA	NA	NA	NA	NA	NA	NA	NA	NA	NA	NA	NA	NA	NA	NA	NA	NA	NA	NA
C.1.1.2.2	C.00001.00001.00002.00002	Subsystem 4	-	NA	NA	NA	NA	NA	NA	NA	NA	NA	NA	NA	NA	NA	NA	NA	NA	NA	NA	NA	NA	NA
C.1.1.2.3	C.00001.00001.00002.00003	Subsystem 5	-	NA	NA	NA	NA	NA	NA	NA	NA	NA	NA	NA	NA	NA	NA	NA	NA	NA	NA	NA	NA	NA
C.1.1.3.1	C.00001.00001.00003.00001	Subsystem 6	-	NA	NA	NA	NA	NA	NA	NA	NA	NA	NA	NA	NA	NA	NA	NA	NA	NA	NA	NA	NA	NA
C.1.1.3.2	C.00001.00001.00003.00002	Subsystem 7	-	NA	NA	NA	NA	NA	NA	NA	NA	NA	NA	NA	NA	NA	NA	NA	NA	NA	NA	NA	NA	NA
C.1.1.3.3	C.00001.00001.00003.00003	Subsystem 8	-	NA	NA	NA	NA	NA	NA	NA	NA	NA	NA	NA	NA	NA	NA	NA	NA	NA	NA	NA	NA	NA
C.1.1.3.4	C.00001.00001.00003.00004	Subsystem 9	-	NA	NA	NA	NA	NA	NA	NA	NA	NA	NA	NA	NA	NA	NA	NA	NA	NA	NA	NA	NA	NA
C.1.1.3.5	C.00001.00001.00003.00005	Subsystem 10	-	NA	NA	NA	NA	NA	NA	NA	NA	NA	NA	NA	NA	NA	NA	NA	NA	NA	NA	NA	NA	NA
C.1.1.4.1	C.00001.00001.00004.00001	Subsystem 11	-	NA	NA	NA	NA	NA	NA	NA	NA	NA	NA	NA	NA	NA	NA	NA	NA	NA	NA	NA	NA	NA
C.1.1.4.2	C.00001.00001.00004.00002	Subsystem 12	-	NA	NA	NA	NA	NA	NA	NA	NA	NA	NA	NA	NA	NA	NA	NA	NA	NA	NA	NA	NA	NA
C.1.1.4.3	C.00001.00001.00004.00003	Subsystem 13	-	NA	NA	NA	NA	NA	NA	NA	NA	NA	NA	NA	NA	NA	NA	NA	NA	NA	NA	NA	NA	NA
C.1.1.4.4	C.00001.00001.00004.00004	Subsystem 14	-	NA	NA	NA	NA	NA	NA	NA	NA	NA	NA	NA	NA	NA	NA	NA	NA	NA	NA	NA	NA	NA
C.1.1.4.5	C.00001.00001.00004.00005	Subsystem 15	-	NA	NA	NA	NA	NA	NA	NA	NA	NA	NA	NA	NA	NA	NA	NA	NA	NA	NA	NA	NA	NA
C.1.2.1.1	C.00001.00002.00001.00001	Subsystem 16	-	NA	NA	NA	NA	NA	NA	NA	NA	NA	NA	NA	NA	NA	NA	NA	NA	NA	NA	NA	NA	NA
C.1.2.1.2	C.00001.00002.00001.00002	Subsystem 17	-	NA	NA	NA	NA	NA	NA	NA	NA	NA	NA	NA	NA	NA	NA	NA	NA	NA	NA	NA	NA	NA
C.1.2.1.3	C.00001.00002.00001.00003	Subsystem 18	-	NA	NA	NA	NA	NA	NA	NA	NA	NA	NA	NA	NA	NA	NA	NA	NA	NA	NA	NA	NA	NA
C.1.2.1.4	C.00001.00002.00001.00004	Subsystem 19	-	NA	NA	NA	NA	NA	NA	NA	NA	NA	NA	NA	NA	NA	NA	NA	NA	NA	NA	NA	NA	NA
C.1.2.2.1	C.00001.00002.00002.00001	Subsystem 20	-	NA	NA	NA	NA	NA	NA	NA	NA	NA	NA	NA	NA	NA	NA	NA	NA	NA	NA	NA	NA	NA
C.1.2.2.2	C.00001.00002.00002.00002	Subsystem 21	-	NA	NA	NA	NA	NA	NA	NA	NA	NA	NA	NA	NA	NA	NA	NA	NA	NA	NA	NA	NA	NA
C.1.2.2.3	C.00001.00002.00002.00003	Subsystem 22	-	NA	NA	NA	NA	NA	NA	NA	NA	NA	NA	NA	NA	NA	NA	NA	NA	NA	NA	NA	NA	NA
C.1.2.3.1	C.00001.00002.00003.00001	Subsystem 23	-	NA	NA	NA	NA	NA	NA	NA	NA	NA	NA	NA	NA	NA	NA	NA	NA	NA	NA	NA	NA	NA
C.1.2.3.2	C.00001.00002.00003.00002	Subsystem 24	-	NA	NA	NA	NA	NA	NA	NA	NA	NA	NA	NA	NA	NA	NA	NA	NA	NA	NA	NA	NA	NA
C.1.2.3.3	C.00001.00002.00003.00003	Subsystem 25	-	NA	NA	NA	NA	NA	NA	NA	NA	NA	NA	NA	NA	NA	NA	NA	NA	NA	NA	NA	NA	NA
C.1.2.3.4	C.00001.00002.00003.00004	Subsystem 26	-	NA	NA	NA	NA	NA	NA	NA	NA	NA	NA	NA	NA	NA	NA	NA	NA	NA	NA	NA	NA	NA
C.1.2.3.5	C.00001.00002.00003.00005	Subsystem 27	-	NA	NA	NA	NA	NA	NA	NA	NA	NA	NA	NA	NA	NA	NA	NA	NA	NA	NA	NA	NA	NA
C.1.1.1.1.1	C.00001.00001.00001.00001.00001	Assembly 1	-	NA	NA	NA	NA	NA	NA	NA	NA	NA	NA	NA	NA	NA	NA	NA	NA	NA	NA	NA	NA	NA
C.1.1.1.1.2	C.00001.00001.00001.00001.00002	Assembly 2	-	NA	NA	NA	NA	NA	NA	NA	NA	NA	NA	NA	NA	NA	NA	NA	NA	NA	NA	NA	NA	NA
C.1.1.1.1.3	C.00001.00001.00001.00001.00003	Assembly 3	-	NA	NA	NA	NA	NA	NA	NA	NA	NA	NA	NA	NA	NA	NA	NA	NA	NA	NA	NA	NA	NA
C.1.1.1.2.1	C.00001.00001.00001.00002.00001	Assembly 4	-	NA	NA	NA	NA	NA	NA	NA	NA	NA	NA	NA	NA	NA	NA	NA	NA	NA	NA	NA	NA	NA
C.1.1.1.2.2	C.00001.00001.00001.00002.00002	Assembly 5	-	NA	NA	NA	NA	NA	NA	NA	NA	NA	NA	NA	NA	NA	NA	NA	NA	NA	NA	NA	NA	NA
C.1.1.1.2.3	C.00001.00001.00001.00002.00003	Assembly 6	-	NA	NA	NA	NA	NA	NA	NA	NA	NA	NA	NA	NA	NA	NA	NA	NA	NA	NA	NA	NA	NA
C.1.1.2.1.1	C.00001.00001.00002.00001.00001	Assembly 7	-	NA	NA	NA	NA	NA	NA	NA	NA	NA	NA	NA	NA	NA	NA	NA	NA	NA	NA	NA	NA	NA
C.1.1.2.1.2	C.00001.00001.00002.00001.00002	Assembly 8	-	NA	NA	NA	NA	NA	NA	NA	NA	NA	NA	NA	NA	NA	NA	NA	NA	NA	NA	NA	NA	NA
C.1.1.2.1.3	C.00001.00001.00002.00001.00003	Assembly 9	-	NA	NA	NA	NA	NA	NA	NA	NA	NA	NA	NA	NA	NA	NA	NA	NA	NA	NA	NA	NA	NA
C.1.1.2.1.4	C.00001.00001.00002.00001.00004	Assembly 10	-	NA	NA	NA	NA	NA	NA	NA	NA	NA	NA	NA	NA	NA	NA	NA	NA	NA	NA	NA	NA	NA
C.1.1.2.1.5	C.00001.00001.00002.00001.00005	Assembly 11	-	NA	NA	NA	NA	NA	NA	NA	NA	NA	NA	NA	NA	NA	NA	NA	NA	NA	NA	NA	NA	NA
C.1.1.2.2.1	C.00001.00001.00002.00002.00001	Assembly 12	-	NA	NA	NA	NA	NA	NA	NA	NA	NA	NA	NA	NA	NA	NA	NA	NA	NA	NA	NA	NA	NA
C.1.1.2.2.2	C.00001.00001.00002.00002.00002	Assembly 13	-	NA	NA	NA	NA	NA	NA	NA	NA	NA	NA	NA	NA	NA	NA	NA	NA	NA	NA	NA	NA	NA
C.1.1.2.2.3	C.00001.00001.00002.00002.00003	Assembly 14	-	NA	NA	NA	NA	NA	NA	NA	NA	NA	NA	NA	NA	NA	NA	NA	NA	NA	NA	NA	NA	NA
C.1.1.2.3.1	C.00001.00001.00002.00003.00001	Assembly 15	-	NA	NA	NA	NA	NA	NA	NA	NA	NA	NA	NA	NA	NA	NA	NA	NA	NA	NA	NA	NA	NA
C.1.1.2.3.2	C.00001.00001.00002.00003.00002	Assembly 16	-	NA	NA	NA	NA	NA	NA	NA	NA	NA	NA	NA	NA	NA	NA	NA	NA	NA	NA	NA	NA	NA
C.1.1.2.3.3	C.00001.00001.00002.00003.00003	Assembly 17	-	NA	NA	NA	NA	NA	NA	NA	NA	NA	NA	NA	NA	NA	NA	NA	NA	NA	NA	NA	NA	NA
C.1.1.2.3.4	C.00001.00001.00002.00003.00004	Assembly 18	-	NA	NA	NA	NA	NA	NA	NA	NA	NA	NA	NA	NA	NA	NA	NA	NA	NA	NA	NA	NA	NA
C.1.1.2.3.5	C.00001.00001.00002.00003.00005	Assembly 19	-	NA	NA	NA	NA	NA	NA	NA	NA	NA	NA	NA	NA	NA	NA	NA	NA	NA	NA	NA	NA	NA
C.1.1.3.1.1	C.00001.00001.00003.00001.00001	Assembly 20	-	NA	NA	NA	NA	NA	NA	NA	NA	NA	NA	NA	NA	NA	NA	NA	NA	NA	NA	NA	NA	NA
C.1.1.3.1.2	C.00001.00001.00003.00001.00002	Assembly 21	-	NA	NA	NA	NA	NA	NA	NA	NA	NA	NA	NA	NA	NA	NA	NA	NA	NA	NA	NA	NA	NA
C.1.1.3.1.3	C.00001.00001.00003.00001.00003	Assembly 22	-	NA	NA	NA	NA	NA	NA	NA	NA	NA	NA	NA	NA	NA	NA	NA	NA	NA	NA	NA	NA	NA
C.1.1.3.1.4	C.00001.00001.00003.00001.00004	Assembly 23	-	NA	NA	NA	NA	NA	NA	NA	NA	NA	NA	NA	NA	NA	NA	NA	NA	NA	NA	NA	NA	NA
C.1.1.3.2.1	C.00001.00001.00003.00002.00001	Assembly 24	-	NA	NA	NA	NA	NA	NA	NA	NA	NA	NA	NA	NA	NA	NA	NA	NA	NA	NA	NA	NA	NA
C.1.1.3.2.2	C.00001.00001.00003.00002.00002	Assembly 25	-	NA	NA	NA	NA	NA	NA	NA	NA	NA	NA	NA	NA	NA	NA	NA	NA	NA	NA	NA	NA	NA
C.1.1.3.2.3	C.00001.00001.00003.00002.00003	Assembly 26	-	NA	NA	NA	NA	NA	NA	NA	NA	NA	NA	NA	NA	NA	NA	NA	NA	NA	NA	NA	NA	NA
C.1.1.3.2.4	C.00001.00001.00003.00002.00004	Assembly 27	-	NA	NA	NA	NA	NA	NA	NA	NA	NA	NA	NA	NA	NA	NA	NA	NA	NA	NA	NA	NA	NA
C.1.1.3.3.1	C.00001.00001.00003.00003.00001	Assembly 28	-	NA	NA	NA	NA	NA	NA	NA	NA	NA	NA	NA	NA	NA	NA	NA	NA	NA	NA	NA	NA	NA
C.1.1.3.3.2	C.00001.00001.00003.00003.00002	Assembly 29	-	NA	NA	NA	NA	NA	NA	NA	NA	NA	NA	NA	NA	NA	NA	NA	NA	NA	NA	NA	NA	NA
C.1.1.3.3.3	C.00001.00001.00003.00003.00003	Assembly 30	-	NA	NA	NA	NA	NA	NA	NA	NA	NA	NA	NA	NA	NA	NA	NA	NA	NA	NA	NA	NA	NA
C.1.1.3.3.4	C.00001.00001.00003.00003.00004	Assembly 31	-	NA	NA	NA	NA	NA	NA	NA	NA	NA	NA	NA	NA	NA	NA	NA	NA	NA	NA	NA	NA	NA
C.1.1.3.4.1	C.00001.00001.00003.00004.00001	Assembly 32	-	NA	NA	NA	NA	NA	NA	NA	NA	NA	NA	NA	NA	NA	NA	NA	NA	NA	NA	NA	NA	NA
C.1.1.3.4.2	C.00001.00001.00003.00004.00002	Assembly 33	-	NA	NA	NA	NA	NA	NA	NA	NA	NA	NA	NA	NA	NA	NA	NA	NA	NA	NA	NA	NA	NA
C.1.1.3.4.3	C.00001.00001.00003.00004.00003	Assembly 34	-	NA	NA	NA	NA	NA	NA	NA	NA	NA	NA	NA	NA	NA	NA	NA	NA	NA	NA	NA	NA	NA
C.1.1.3.4.4	C.00001.00001.00003.00004.00004	Assembly 35	-	NA	NA	NA	NA	NA	NA	NA	NA	NA	NA	NA	NA	NA	NA	NA	NA	NA	NA	NA	NA	NA
C.1.1.3.4.5	C.00001.00001.00003.00004.00005	Assembly 36	-	NA	NA	NA	NA	NA	NA	NA	NA	NA	NA	NA	NA	NA	NA	NA	NA	NA	NA	NA	NA	NA
C.1.1.3.5.1	C.00001.00001.00003.00005.00001	Assembly 37	-	NA	NA	NA	NA	NA	NA	NA	NA	NA	NA	NA	NA	NA	NA	NA	NA	NA	NA	NA	NA	NA
C.1.1.3.5.2	C.00001.00001.00003.00005.00002	Assembly 38	-	NA	NA	NA	NA	NA	NA	NA	NA	NA	NA	NA	NA	NA	NA	NA	NA	NA	NA	NA	NA	NA
C.1.1.3.5.3	C.00001.00001.00003.00005.00003	Assembly 39	-	NA	NA	NA	NA	NA	NA	NA	NA	NA	NA	NA	NA	NA	NA	NA	NA	NA	NA	NA	NA	NA
C.1.1.4.1.1	C.00001.00001.00004.00001.00001	Assembly 40	-	NA	NA	NA	NA	NA	NA	NA	NA	NA	NA	NA	NA	NA	NA	NA	NA	NA	NA	NA	NA	NA
C.1.1.4.1.2	C.00001.00001.00004.00001.00002	Assembly 41	-	NA	NA	NA	NA	NA	NA	NA	NA	NA	NA	NA	NA	NA	NA	NA	NA	NA	NA	NA	NA	NA
C.1.1.4.2.1	C.00001.00001.00004.00002.00001	Assembly 42	-	NA	NA	NA	NA	NA	NA	NA	NA	NA	NA	NA	NA	NA	NA	NA	NA	NA	NA	NA	NA	NA
C.1.1.4.2.2	C.00001.00001.00004.00002.00002	Assembly 43	-	NA	NA	NA	NA	NA	NA	NA	NA	NA	NA	NA	NA	NA	NA	NA	NA	NA	NA	NA	NA	NA
C.1.1.4.2.3	C.00001.00001.00004.00002.00003	Assembly 44	-	NA	NA	NA	NA	NA	NA	NA	NA	NA	NA	NA	NA	NA	NA	NA	NA	NA	NA	NA	NA	NA
C.1.1.4.3.1	C.00001.00001.00004.00003.00001	Assembly 45	-	NA	NA	NA	NA	NA	NA	NA	NA	NA	NA	NA	NA	NA	NA	NA	NA	NA	NA	NA	NA	NA
C.1.1.4.3.2	C.00001.00001.00004.00003.00002	Assembly 46	-	NA	NA	NA	NA	NA	NA	NA	NA	NA	NA	NA	NA	NA	NA	NA	NA	NA	NA	NA	NA	NA
C.1.1.4.3.3	C.00001.00001.00004.00003.00003	Assembly 47	-	NA	NA	NA	NA	NA	NA	NA	NA	NA	NA	NA	NA	NA	NA	NA	NA	NA	NA	NA	NA	NA
C.1.1.4.3.4	C.00001.00001.00004.00003.00004	Assembly 48	-	NA	NA	NA	NA	NA	NA	NA	NA	NA	NA	NA	NA	NA	NA	NA	NA	NA	NA	NA	NA	NA
C.1.1.4.3.5	C.00001.00001.00004.00003.00005	Assembly 49	-	NA	NA	NA	NA	NA	NA	NA	NA	NA	NA	NA	NA	NA	NA	NA	NA	NA	NA	NA	NA	NA
C.1.1.4.4.1	C.00001.00001.00004.00004.00001	Assembly 50	-	NA	NA	NA	NA	NA	NA	NA	NA	NA	NA	NA	NA	NA	NA	NA	NA	NA	NA	NA	NA	NA
C.1.1.4.4.2	C.00001.00001.00004.00004.00002	Assembly 51	-	NA	NA	NA	NA	NA	NA	NA	NA	NA	NA	NA	NA	NA	NA	NA	NA	NA	NA	NA	NA	NA
C.1.1.4.4.3	C.00001.00001.00004.00004.00003	Assembly 52	-	NA	NA	NA	NA	NA	NA	NA	NA	NA	NA	NA	NA	NA	NA	NA	NA	NA	NA	NA	NA	NA
C.1.1.4.4.4	C.00001.00001.00004.00004.00004	Assembly 53	-	NA	NA	NA	NA	NA	NA	NA	NA	NA	NA	NA	NA	NA	NA	NA	NA	NA	NA	NA	NA	NA
C.1.1.4.5.1	C.00001.00001.00004.00005.00001	Assembly 54	-	NA	NA	NA	NA	NA	NA	NA	NA	NA	NA	NA	NA	NA	NA	NA	NA	NA	NA	NA	NA	NA
C.1.1.4.5.2	C.00001.00001.00004.00005.00002	Assembly 55	-	NA	NA	NA	NA	NA	NA	NA	NA	NA	NA	NA	NA	NA	NA	NA	NA	NA	NA	NA	NA	NA
C.1.1.4.5.3	C.00001.00001.00004.00005.00003	Assembly 56	-	NA	NA	NA	NA	NA	NA	NA	NA	NA	NA	NA	NA	NA	NA	NA	NA	NA	NA	NA	NA	NA
C.1.1.4.5.4	C.00001.00001.00004.00005.00004	Assembly 57	-	NA	NA	NA	NA	NA	NA	NA	NA	NA	NA	NA	NA	NA	NA	NA	NA	NA	NA	NA	NA	NA
C.1.2.1.1.1	C.00001.00002.00001.00001.00001	Assembly 58	-	NA	NA	NA	NA	NA	NA	NA	NA	NA	NA	NA	NA	NA	NA	NA	NA	NA	NA	NA	NA	NA
C.1.2.1.1.2	C.00001.00002.00001.00001.00002	Assembly 59	-	NA	NA	NA	NA	NA	NA	NA	NA	NA	NA	NA	NA	NA	NA	NA	NA	NA	NA	NA	NA	NA
C.1.2.1.1.3	C.00001.00002.00001.00001.00003	Assembly 60	-	NA	NA	NA	NA	NA	NA	NA	NA	NA	NA	NA	NA	NA	NA	NA	NA	NA	NA	NA	NA	NA
C.1.2.1.1.4	C.00001.00002.00001.00001.00004	Assembly 61	-	NA	NA	NA	NA	NA	NA	NA	NA	NA	NA	NA	NA	NA	NA	NA	NA	NA	NA	NA	NA	NA
C.1.2.1.1.5	C.00001.00002.00001.00001.00005	Assembly 62	-	NA	NA	NA	NA	NA	NA	NA	NA	NA	NA	NA	NA	NA	NA	NA	NA	NA	NA	NA	NA	NA
C.1.2.1.2.1	C.00001.00002.00001.00002.00001	Assembly 63	-	NA	NA	NA	NA	NA	NA	NA	NA	NA	NA	NA	NA	NA	NA	NA	NA	NA	NA	NA	NA	NA
C.1.2.1.2.2	C.00001.00002.00001.00002.00002	Assembly 64	-	NA	NA	NA	NA	NA	NA	NA	NA	NA	NA	NA	NA	NA	NA	NA	NA	NA	NA	NA	NA	NA
C.1.2.1.2.3	C.00001.00002.00001.00002.00003	Assembly 65	-	NA	NA	NA	NA	NA	NA	NA	NA	NA	NA	NA	NA	NA	NA	NA	NA	NA	NA	NA	NA	NA
C.1.2.1.2.4	C.00001.00002.00001.00002.00004	Assembly 66	-	NA	NA	NA	NA	NA	NA	NA	NA	NA	NA	NA	NA	NA	NA	NA	NA	NA	NA	NA	NA	NA
C.1.2.1.2.5	C.00001.00002.00001.00002.00005	Assembly 67	-	NA	NA	NA	NA	NA	NA	NA	NA	NA	NA	NA	NA	NA	NA	NA	NA	NA	NA	NA	NA	NA
C.1.2.1.3.1	C.00001.00002.00001.00003.00001	Assembly 68	-	NA	NA	NA	NA	NA	NA	NA	NA	NA	NA	NA	NA	NA	NA	NA	NA	NA	NA	NA	NA	NA
C.1.2.1.3.2	C.00001.00002.00001.00003.00002	Assembly 69	-	NA	NA	NA	NA	NA	NA	NA	NA	NA	NA	NA	NA	NA	NA	NA	NA	NA	NA	NA	NA	NA
C.1.2.1.4.1	C.00001.00002.00001.00004.00001	Assembly 70	-	NA	NA	NA	NA	NA	NA	NA	NA	NA	NA	NA	NA	NA	NA	NA	NA	NA	NA	NA	NA	NA
C.1.2.1.4.2	C.00001.00002.00001.00004.00002	Assembly 71	-	NA	NA	NA	NA	NA	NA	NA	NA	NA	NA	NA	NA	NA	NA	NA	NA	NA	NA	NA	NA	NA
C.1.2.1.4.3	C.00001.00002.00001.00004.00003	Assembly 72	-	NA	NA	NA	NA	NA	NA	NA	NA	NA	NA	NA	NA	NA	NA	NA	NA	NA	NA	NA	NA	NA
C.1.2.1.4.4	C.00001.00002.00001.00004.00004	Assembly 73	-	NA	NA	NA	NA	NA	NA	NA	NA	NA	NA	NA	NA	NA	NA	NA	NA	NA	NA	NA	NA	NA
C.1.2.1.4.5	C.00001.00002.00001.00004.00005	Assembly 74	-	NA	NA	NA	NA	NA	NA	NA	NA	NA	NA	NA	NA	NA	NA	NA	NA	NA	NA	NA	NA	NA
C.1.2.2.1.1	C.00001.00002.00002.00001.00001	Assembly 75	-	NA	NA	NA	NA	NA	NA	NA	NA	NA	NA	NA	NA	NA	NA	NA	NA	NA	NA	NA	NA	NA
C.1.2.2.1.2	C.00001.00002.00002.00001.00002	Assembly 76	-	NA	NA	NA	NA	NA	NA	NA	NA	NA	NA	NA	NA	NA	NA	NA	NA	NA	NA	NA	NA	NA
C.1.2.2.2.1	C.00001.00002.00002.00002.00001	Assembly 77	-	NA	NA	NA	NA	NA	NA	NA	NA	NA	NA	NA	NA	NA	NA	NA	NA	NA	NA	NA	NA	NA
C.1.2.2.2.2	C.00001.00002.00002.00002.00002	Assembly 78	-	NA	NA	NA	NA	NA	NA	NA	NA	NA	NA	NA	NA	NA	NA	NA	NA	NA	NA	NA	NA	NA
C.1.2.2.2.3	C.00001.00002.00002.00002.00003	Assembly 79	-	NA	NA	NA	NA	NA	NA	NA	NA	NA	NA	NA	NA	NA	NA	NA	NA	NA	NA	NA	NA	NA
C.1.2.2.2.4	C.00001.00002.00002.00002.00004	Assembly 80	-	NA	NA	NA	NA	NA	NA	NA	NA	NA	NA	NA	NA	NA	NA	NA	NA	NA	NA	NA	NA	NA
C.1.2.2.3.1	C.00001.00002.00002.00003.00001	Assembly 81	-	NA	NA	NA	NA	NA	NA	NA	NA	NA	NA	NA	NA	NA	NA	NA	NA	NA	NA	NA	NA	NA
C.1.2.2.3.2	C.00001.00002.00002.00003.00002	Assembly 82	-	NA	NA	NA	NA	NA	NA	NA	NA	NA	NA	NA	NA	NA	NA	NA	NA	NA	NA	NA	NA	NA
C.1.2.3.1.1	C.00001.00002.00003.00001.00001	Assembly 83	-	NA	NA	NA	NA	NA	NA	NA	NA	NA	NA	NA	NA	NA	NA	NA	NA	NA	NA	NA	NA	NA
C.1.2.3.1.2	C.00001.00002.00003.00001.00002	Assembly 84	-	NA	NA	NA	NA	NA	NA	NA	NA	NA	NA	NA	NA	NA	NA	NA	NA	NA	NA	NA	NA	NA
C.1.2.3.1.3	C.00001.00002.00003.00001.00003	Assembly 85	-	NA	NA	NA	NA	NA	NA	NA	NA	NA	NA	NA	NA	NA	NA	NA	NA	NA	NA	NA	NA	NA
C.1.2.3.1.4	C.00001.00002.00003.00001.00004	Assembly 86	-	NA	NA	NA	NA	NA	NA	NA	NA	NA	NA	NA	NA	NA	NA	NA	NA	NA	NA	NA	NA	NA
C.1.2.3.1.5	C.00001.00002.00003.00001.00005	Assembly 87	-	NA	NA	NA	NA	NA	NA	NA	NA	NA	NA	NA	NA	NA	NA	NA	NA	NA	NA	NA	NA	NA
C.1.2.3.2.1	C.00001.00002.00003.00002.00001	Assembly 88	-	NA	NA	NA	NA	NA	NA	NA	NA	NA	NA	NA	NA	NA	NA	NA	NA	NA	NA	NA	NA	NA
C.1.2.3.2.2	C.00001.00002.00003.00002.00002	Assembly 89	-	NA	NA	NA	NA	NA	NA	NA	NA	NA	NA	NA	NA	NA	NA	NA	NA	NA	NA	NA	NA	NA
C.1.2.3.2.3	C.00001.00002.00003.00002.00003	Assembly 90	-	NA	NA	NA	NA	NA	NA	NA	NA	NA	NA	NA	NA	NA	NA	NA	NA	NA	NA	NA	NA	NA
C.1.2.3.2.4	C.00001.00002.00003.00002.00004	Assembly 91	-	NA	NA	NA	NA	NA	NA	NA	NA	NA	NA	NA	NA	NA	NA	NA	NA	NA	NA	NA	NA	NA
C.1.2.3.2.5	C.00001.00002.00003.00002.00005	Assembly 92	-	NA	NA	NA	NA	NA	NA	NA	NA	NA	NA	NA	NA	NA	NA	NA	NA	NA	NA	NA	NA	NA
C.1.2.3.3.1	C.00001.00002.00003.00003.00001	Assembly 93	-	NA	NA	NA	NA	NA	NA	NA	NA	NA	NA	NA	NA	NA	NA	NA	NA	NA	NA	NA	NA	NA
C.1.2.3.3.2	C.00001.00002.00003.00003.00002	Assembly 94	-	NA	NA	NA	NA	NA	NA	NA	NA	NA	NA	NA	NA	NA	NA	NA	NA	NA	NA	NA	NA	NA
C.1.2.3.3.3	C.00001.00002.00003.00003.00003	Assembly 95	-	NA	NA	NA	NA	NA	NA	NA	NA	NA	NA	NA	NA	NA	NA	NA	NA	NA	NA	NA	NA	NA
C.1.2.3.3.4	C.00001.00002.00003.00003.00004	Assembly 96	-	NA	NA	NA	NA	NA	NA	NA	NA	NA	NA	NA	NA	NA	NA	NA	NA	NA	NA	NA	NA	NA
C.1.2.3.3.5	C.00001.00002.00003.00003.00005	Assembly 97	-	NA	NA	NA	NA	NA	NA	NA	NA	NA	NA	NA	NA	NA	NA	NA	NA	NA	NA	NA	NA	NA
C.1.2.3.4.1	C.00001.00002.00003.00004.00001	Assembly 98	-	NA	NA	NA	NA	NA	NA	NA	NA	NA	NA	NA	NA	NA	NA	NA	NA	NA	NA	NA	NA	NA
C.1.2.3.4.2	C.00001.00002.00003.00004.00002	Assembly 99	-	NA	NA	NA	NA	NA	NA	NA	NA	NA	NA	NA	NA	NA	NA	NA	NA	NA	NA	NA	NA	NA
C.1.2.3.4.3	C.00001.00002.00003.00004.00003	Assembly 100	-	NA	NA	NA	NA	NA	NA	NA	NA	NA	NA	NA	NA	NA	NA	NA	NA	NA	NA	NA	NA	NA
C.1.2.3.5.1	C.00001.00002.00003.00005.00001	Assembly 101	-	NA	NA	NA	NA	NA	NA	NA	NA	NA	NA	NA	NA	NA	NA	NA	NA	NA	NA	NA	NA	NA
C.1.2.3.5.2	C.00001.00002.00003.00005.00002	Assembly 102	-	NA	NA	NA	NA	NA	NA	NA	NA	NA	NA	NA	NA	NA	NA	NA	NA	NA	NA	NA	NA	NA
C.1.2.3.5.3	C.00001.00002.00003.00005.00003	Assembly 103	-	NA	NA	NA	NA	NA	NA	NA	NA	NA	NA	NA	NA	NA	NA	NA	NA	NA	NA	NA	NA	NA
C.1.1.1.1.1.1	C.00001.00001.00001.00001.00001.00001	Subassembly 1	-	NA	NA	NA	NA	NA	NA	NA	NA	NA	NA	NA	NA	NA	NA	NA	NA	NA	NA	NA	NA	NA
C.1.1.1.1.1.2	C.00001.00001.00001.00001.00001.00002	Subassembly 2	-	NA	NA	NA	NA	NA	NA	NA	NA	NA	NA	NA	NA	NA	NA	NA	NA	NA	NA	NA	NA	NA
C.1.1.1.1.1.3	C.00001.00001.00001.00001.00001.00003	Subassembly 3	-	NA	NA	NA	NA	NA	NA	NA	NA	NA	NA	NA	NA	NA	NA	NA	NA	NA	NA	NA	NA	NA
C.1.1.1.1.1.4	C.00001.00001.00001.00001.00001.00004	Subassembly 4	-	NA	NA	NA	NA	NA	NA	NA	NA	NA	NA	NA	NA	NA	NA	NA	NA	NA	NA	NA	NA	NA
C.1.1.1.1.1.5	C.00001.00001.00001.00001.00001.00005	Subassembly 5	-	NA	NA	NA	NA	NA	NA	NA	NA	NA	NA	NA	NA	NA	NA	NA	NA	NA	NA	NA	NA	NA
C.1.1.1.1.2.1	C.00001.00001.00001.00001.00002.00001	Subassembly 6	-	NA	NA	NA	NA	NA	NA	NA	NA	NA	NA	NA	NA	NA	NA	NA	NA	NA	NA	NA	NA	NA
C.1.1.1.1.2.2	C.00001.00001.00001.00001.00002.00002	Subassembly 7	-	NA	NA	NA	NA	NA	NA	NA	NA	NA	NA	NA	NA	NA	NA	NA	NA	NA	NA	NA	NA	NA
C.1.1.1.1.2.3	C.00001.00001.00001.00001.00002.00003	Subassembly 8	-	NA	NA	NA	NA	NA	NA	NA	NA	NA	NA	NA	NA	NA	NA	NA	NA	NA	NA	NA	NA	NA
C.1.1.1.1.2.4	C.00001.00001.00001.00001.00002.00004	Subassembly 9	-	NA	NA	NA	NA	NA	NA	NA	NA	NA	NA	NA	NA	NA	NA	NA	NA	NA	NA	NA	NA	NA
C.1.1.1.1.2.5	C.00001.00001.00001.00001.00002.00005	Subassembly 10	-	NA	NA	NA	NA	NA	NA	NA	NA	NA	NA	NA	NA	NA	NA	NA	NA	NA	NA	NA	NA	NA
C.1.1.1.1.3.1	C.00001.00001.00001.00001.00003.00001	Subassembly 11	-	NA	NA	NA	NA	NA	NA	NA	NA	NA	NA	NA	NA	NA	NA	NA	NA	NA	NA	NA	NA	NA
C.1.1.1.1.3.2	C.00001.00001.00001.00001.00003.00002	Subassembly 12	-	NA	NA	NA	NA	NA	NA	NA	NA	NA	NA	NA	NA	NA	NA	NA	NA	NA	NA	NA	NA	NA
C.1.1.1.1.3.3	C.00001.00001.00001.00001.00003.00003	Subassembly 13	-	NA	NA	NA	NA	NA	NA	NA	NA	NA	NA	NA	NA	NA	NA	NA	NA	NA	NA	NA	NA	NA
C.1.1.1.2.1.1	C.00001.00001.00001.00002.00001.00001	Subassembly 14	-	NA	NA	NA	NA	NA	NA	NA	NA	NA	NA	NA	NA	NA	NA	NA	NA	NA	NA	NA	NA	NA
C.1.1.1.2.1.2	C.00001.00001.00001.00002.00001.00002	Subassembly 15	-	NA	NA	NA	NA	NA	NA	NA	NA	NA	NA	NA	NA	NA	NA	NA	NA	NA	NA	NA	NA	NA
C.1.1.1.2.1.3	C.00001.00001.00001.00002.00001.00003	Subassembly 16	-	NA	NA	NA	NA	NA	NA	NA	NA	NA	NA	NA	NA	NA	NA	NA	NA	NA	NA	NA	NA	NA
C.1.1.1.2.1.4	C.00001.00001.00001.00002.00001.00004	Subassembly 17	-	NA	NA	NA	NA	NA	NA	NA	NA	NA	NA	NA	NA	NA	NA	NA	NA	NA	NA	NA	NA	NA
C.1.1.1.2.2.1	C.00001.00001.00001.00002.00002.00001	Subassembly 18	-	NA	NA	NA	NA	NA	NA	NA	NA	NA	NA	NA	NA	NA	NA	NA	NA	NA	NA	NA	NA	NA
C.1.1.1.2.2.2	C.00001.00001.00001.00002.00002.00002	Subassembly 19	-	NA	NA	NA	NA	NA	NA	NA	NA	NA	NA	NA	NA	NA	NA	NA	NA	NA	NA	NA	NA	NA
C.1.1.1.2.3.1	C.00001.00001.00001.00002.00003.00001	Subassembly 20	-	NA	NA	NA	NA	NA	NA	NA	NA	NA	NA	NA	NA	NA	NA	NA	NA	NA	NA	NA	NA	NA
C.1.1.1.2.3.2	C.00001.00001.00001.00002.00003.00002	Subassembly 21	-	NA	NA	NA	NA	NA	NA	NA	NA	NA	NA	NA	NA	NA	NA	NA	NA	NA	NA	NA	NA	NA
C.1.1.1.2.3.3	C.00001.00001.00001.00002.00003.00003	Subassembly 22	-	NA	NA	NA	NA	NA	NA	NA	NA	NA	NA	NA	NA	NA	NA	NA	NA	NA	NA	NA	NA	NA
C.1.1.1.2.3.4	C.00001.00001.00001.00002.00003.00004	Subassembly 23	-	NA	NA	NA	NA	NA	NA	NA	NA	NA	NA	NA	NA	NA	NA	NA	NA	NA	NA	NA	NA	NA
C.1.1.1.2.3.5	C.00001.00001.00001.00002.00003.00005	Subassembly 24	-	NA	NA	NA	NA	NA	NA	NA	NA	NA	NA	NA	NA	NA	NA	NA	NA	NA	NA	NA	NA	NA
C.1.1.2.1.1.1	C.00001.00001.00002.00001.00001.00001	Subassembly 25	-	NA	NA	NA	NA	NA	NA	NA	NA	NA	NA	NA	NA	NA	NA	NA	NA	NA	NA	NA	NA	NA
C.1.1.2.1.1.2	C.00001.00001.00002.00001.00001.00002	Subassembly 26	-	NA	NA	NA	NA	NA	NA	NA	NA	NA	NA	NA	NA	NA	NA	NA	NA	NA	NA	NA	NA	NA
C.1.1.2.1.1.3	C.00001.00001.00002.00001.00001.00003	Subassembly 27	-	NA	NA	NA	NA	NA	NA	NA	NA	NA	NA	NA	NA	NA	NA	NA	NA	NA	NA	NA	NA	NA
C.1.1.2.1.2.1	C.00001.00001.00002.00001.00002.00001	Subassembly 28	-	NA	NA	NA	NA	NA	NA	NA	NA	NA	NA	NA	NA	NA	NA	NA	NA	NA	NA	NA	NA	NA
C.1.1.2.1.2.2	C.00001.00001.00002.00001.00002.00002	Subassembly 29	-	NA	NA	NA	NA	NA	NA	NA	NA	NA	NA	NA	NA	NA	NA	NA	NA	NA	NA	NA	NA	NA
C.1.1.2.1.2.3	C.00001.00001.00002.00001.00002.00003	Subassembly 30	-	NA	NA	NA	NA	NA	NA	NA	NA	NA	NA	NA	NA	NA	NA	NA	NA	NA	NA	NA	NA	NA
C.1.1.2.1.2.4	C.00001.00001.00002.00001.00002.00004	Subassembly 31	-	NA	NA	NA	NA	NA	NA	NA	NA	NA	NA	NA	NA	NA	NA	NA	NA	NA	NA	NA	NA	NA
C.1.1.2.1.3.1	C.00001.00001.00002.00001.00003.00001	Subassembly 32	-	NA	NA	NA	NA	NA	NA	NA	NA	NA	NA	NA	NA	NA	NA	NA	NA	NA	NA	NA	NA	NA
C.1.1.2.1.3.2	C.00001.00001.00002.00001.00003.00002	Subassembly 33	-	NA	NA	NA	NA	NA	NA	NA	NA	NA	NA	NA	NA	NA	NA	NA	NA	NA	NA	NA	NA	NA
C.1.1.2.1.3.3	C.00001.00001.00002.00001.00003.00003	Subassembly 34	-	NA	NA	NA	NA	NA	NA	NA	NA	NA	NA	NA	NA	NA	NA	NA	NA	NA	NA	NA	NA	NA
C.1.1.2.1.3.4	C.00001.00001.00002.00001.00003.00004	Subassembly 35	-	NA	NA	NA	NA	NA	NA	NA	NA	NA	NA	NA	NA	NA	NA	NA	NA	NA	NA	NA	NA	NA
C.1.1.2.1.4.1	C.00001.00001.00002.00001.00004.00001	Subassembly 36	-	NA	NA	NA	NA	NA	NA	NA	NA	NA	NA	NA	NA	NA	NA	NA	NA	NA	NA	NA	NA	NA
C.1.1.2.1.4.2	C.00001.00001.00002.00001.00004.00002	Subassembly 37	-	NA	NA	NA	NA	NA	NA	NA	NA	NA	NA	NA	NA	NA	NA	NA	NA	NA	NA	NA	NA	NA
C.1.1.2.1.4.3	C.00001.00001.00002.00001.00004.00003	Subassembly 38	-	NA	NA	NA	NA	NA	NA	NA	NA	NA	NA	NA	NA	NA	NA	NA	NA	NA	NA	NA	NA	NA
C.1.1.2.1.5.1	C.00001.00001.00002.00001.00005.00001	Subassembly 39	-	NA	NA	NA	NA	NA	NA	NA	NA	NA	NA	NA	NA	NA	NA	NA	NA	NA	NA	NA	NA	NA
C.1.1.2.1.5.2	C.00001.00001.00002.00001.00005.00002	Subassembly 40	-	NA	NA	NA	NA	NA	NA	NA	NA	NA	NA	NA	NA	NA	NA	NA	NA	NA	NA	NA	NA	NA
C.1.1.2.1.5.3	C.00001.00001.00002.00001.00005.00003	Subassembly 41	-	NA	NA	NA	NA	NA	NA	NA	NA	NA	NA	NA	NA	NA	NA	NA	NA	NA	NA	NA	NA	NA
C.1.1.2.1.5.4	C.00001.00001.00002.00001.00005.00004	Subassembly 42	-	NA	NA	NA	NA	NA	NA	NA	NA	NA	NA	NA	NA	NA	NA	NA	NA	NA	NA	NA	NA	NA
C.1.1.2.1.5.5	C.00001.00001.00002.00001.00005.00005	Subassembly 43	-	NA	NA	NA	NA	NA	NA	NA	NA	NA	NA	NA	NA	NA	NA	NA	NA	NA	NA	NA	NA	NA
C.1.1.2.2.1.1	C.00001.00001.00002.00002.00001.00001	Subassembly 44	-	NA	NA	NA	NA	NA	NA	NA	NA	NA	NA	NA	NA	NA	NA	NA	NA	NA	NA	NA	NA	NA
C.1.1.2.2.1.2	C.00001.00001.00002.00002.00001.00002	Subassembly 45	-	NA	NA	NA	NA	NA	NA	NA	NA	NA	NA	NA	NA	NA	NA	NA	NA	NA	NA	NA	NA	NA
C.1.1.2.2.1.3	C.00001.00001.00002.00002.00001.00003	Subassembly 46	-	NA	NA	NA	NA	NA	NA	NA	NA	NA	NA	NA	NA	NA	NA	NA	NA	NA	NA	NA	NA	NA
C.1.1.2.2.1.4	C.00001.00001.00002.00002.00001.00004	Subassembly 47	-	NA	NA	NA	NA	NA	NA	NA	NA	NA	NA	NA	NA	NA	NA	NA	NA	NA	NA	NA	NA	NA
C.1.1.2.2.2.1	C.00001.00001.00002.00002.00002.00001	Subassembly 48	-	NA	NA	NA	NA	NA	NA	NA	NA	NA	NA	NA	NA	NA	NA	NA	NA	NA	NA	NA	NA	NA
C.1.1.2.2.2.2	C.00001.00001.00002.00002.00002.00002	Subassembly 49	-	NA	NA	NA	NA	NA	NA	NA	NA	NA	NA	NA	NA	NA	NA	NA	NA	NA	NA	NA	NA	NA
C.1.1.2.2.3.1	C.00001.00001.00002.00002.00003.00001	Subassembly 50	-	NA	NA	NA	NA	NA	NA	NA	NA	NA	NA	NA	NA	NA	NA	NA	NA	NA	NA	NA	NA	NA
C.1.1.2.2.3.2	C.00001.00001.00002.00002.00003.00002	Subassembly 51	-	NA	NA	NA	NA	NA	NA	NA	NA	NA	NA	NA	NA	NA	NA	NA	NA	NA	NA	NA	NA	NA
C.1.1.2.2.3.3	C.00001.00001.00002.00002.00003.00003	Subassembly 52	-	NA	NA	NA	NA	NA	NA	NA	NA	NA	NA	NA	NA	NA	NA	NA	NA	NA	NA	NA	NA	NA
C.1.1.2.2.3.4	C.00001.00001.00002.00002.00003.00004	Subassembly 53	-	NA	NA	NA	NA	NA	NA	NA	NA	NA	NA	NA	NA	NA	NA	NA	NA	NA	NA	NA	NA	NA
C.1.1.2.2.3.5	C.00001.00001.00002.00002.00003.00005	Subassembly 54	-	NA	NA	NA	NA	NA	NA	NA	NA	NA	NA	NA	NA	NA	NA	NA	NA	NA	NA	NA	NA	NA
C.1.1.2.3.1.1	C.00001.00001.00002.00003.00001.00001	Subassembly 55	-	NA	NA	NA	NA	NA	NA	NA	NA	NA	NA	NA	NA	NA	NA	NA	NA	NA	NA	NA	NA	NA
C.1.1.2.3.1.2	C.00001.00001.00002.00003.00001.00002	Subassembly 56	-	NA	NA	NA	NA	NA	NA	NA	NA	NA	NA	NA	NA	NA	NA	NA	NA	NA	NA	NA	NA	NA
C.1.1.2.3.1.3	C.00001.00001.00002.00003.00001.00003	Subassembly 57	-	NA	NA	NA	NA	NA	NA	NA	NA	NA	NA	NA	NA	NA	NA	NA	NA	NA	NA	NA	NA	NA
C.1.1.2.3.1.4	C.00001.00001.00002.00003.00001.00004	Subassembly 58	-	NA	NA	NA	NA	NA	NA	NA	NA	NA	NA	NA	NA	NA	NA	NA	NA	NA	NA	NA	NA	NA
C.1.1.2.3.1.5	C.00001.00001.00002.00003.00001.00005	Subassembly 59	-	NA	NA	NA	NA	NA	NA	NA	NA	NA	NA	NA	NA	NA	NA	NA	NA	NA	NA	NA	NA	NA
C.1.1.2.3.2.1	C.00001.00001.00002.00003.00002.00001	Subassembly 60	-	NA	NA	NA	NA	NA	NA	NA	NA	NA	NA	NA	NA	NA	NA	NA	NA	NA	NA	NA	NA	NA
C.1.1.2.3.2.2	C.00001.00001.00002.00003.00002.00002	Subassembly 61	-	NA	NA	NA	NA	NA	NA	NA	NA	NA	NA	NA	NA	NA	NA	NA	NA	NA	NA	NA	NA	NA
C.1.1.2.3.2.3	C.00001.00001.00002.00003.00002.00003	Subassembly 62	-	NA	NA	NA	NA	NA	NA	NA	NA	NA	NA	NA	NA	NA	NA	NA	NA	NA	NA	NA	NA	NA
C.1.1.2.3.2.4	C.00001.00001.00002.00003.00002.00004	Subassembly 63	-	NA	NA	NA	NA	NA	NA	NA	NA	NA	NA	NA	NA	NA	NA	NA	NA	NA	NA	NA	NA	NA
C.1.1.2.3.3.1	C.00001.00001.00002.00003.00003.00001	Subassembly 64	-	NA	NA	NA	NA	NA	NA	NA	NA	NA	NA	NA	NA	NA	NA	NA	NA	NA	NA	NA	NA	NA
C.1.1.2.3.3.2	C.00001.00001.00002.00003.00003.00002	Subassembly 65	-	NA	NA	NA	NA	NA	NA	NA	NA	NA	NA	NA	NA	NA	NA	NA	NA	NA	NA	NA	NA	NA
C.1.1.2.3.3.3	C.00001.00001.00002.00003.00003.00003	Subassembly 66	-	NA	NA	NA	NA	NA	NA	NA	NA	NA	NA	NA	NA	NA	NA	NA	NA	NA	NA	NA	NA	NA
C.1.1.2.3.3.4	C.00001.00001.00002.00003.00003.00004	Subassembly 67	-	NA	NA	NA	NA	NA	NA	NA	NA	NA	NA	NA	NA	NA	NA	NA	NA	NA	NA	NA	NA	NA
C.1.1.2.3.4.1	C.00001.00001.00002.00003.00004.00001	Subassembly 68	-	NA	NA	NA	NA	NA	NA	NA	NA	NA	NA	NA	NA	NA	NA	NA	NA	NA	NA	NA	NA	NA
C.1.1.2.3.4.2	C.00001.00001.00002.00003.00004.00002	Subassembly 69	-	NA	NA	NA	NA	NA	NA	NA	NA	NA	NA	NA	NA	NA	NA	NA	NA	NA	NA	NA	NA	NA
C.1.1.2.3.5.1	C.00001.00001.00002.00003.00005.00001	Subassembly 70	-	NA	NA	NA	NA	NA	NA	NA	NA	NA	NA	NA	NA	NA	NA	NA	NA	NA	NA	NA	NA	NA
C.1.1.2.3.5.2	C.00001.00001.00002.00003.00005.00002	Subassembly 71	-	NA	NA	NA	NA	NA	NA	NA	NA	NA	NA	NA	NA	NA	NA	NA	NA	NA	NA	NA	NA	NA
C.1.1.2.3.5.3	C.00001.00001.00002.00003.00005.00003	Subassembly 72	-	NA	NA	NA	NA	NA	NA	NA	NA	NA	NA	NA	NA	NA	NA	NA	NA	NA	NA	NA	NA	NA
C.1.1.2.3.5.4	C.00001.00001.00002.00003.00005.00004	Subassembly 73	-	NA	NA	NA	NA	NA	NA	NA	NA	NA	NA	NA	NA	NA	NA	NA	NA	NA	NA	NA	NA	NA
C.1.1.3.1.1.1	C.00001.00001.00003.00001.00001.00001	Subassembly 74	-	NA	NA	NA	NA	NA	NA	NA	NA	NA	NA	NA	NA	NA	NA	NA	NA	NA	NA	NA	NA	NA
C.1.1.3.1.1.2	C.00001.00001.00003.00001.00001.00002	Subassembly 75	-	NA	NA	NA	NA	NA	NA	NA	NA	NA	NA	NA	NA	NA	NA	NA	NA	NA	NA	NA	NA	NA
C.1.1.3.1.2.1	C.00001.00001.00003.00001.00002.00001	Subassembly 76	-	NA	NA	NA	NA	NA	NA	NA	NA	NA	NA	NA	NA	NA	NA	NA	NA	NA	NA	NA	NA	NA
C.1.1.3.1.2.2	C.00001.00001.00003.00001.00002.00002	Subassembly 77	-	NA	NA	NA	NA	NA	NA	NA	NA	NA	NA	NA	NA	NA	NA	NA	NA	NA	NA	NA	NA	NA
C.1.1.3.1.2.3	C.00001.00001.00003.00001.00002.00003	Subassembly 78	-	NA	NA	NA	NA	NA	NA	NA	NA	NA	NA	NA	NA	NA	NA	NA	NA	NA	NA	NA	NA	NA
C.1.1.3.1.3.1	C.00001.00001.00003.00001.00003.00001	Subassembly 79	-	NA	NA	NA	NA	NA	NA	NA	NA	NA	NA	NA	NA	NA	NA	NA	NA	NA	NA	NA	NA	NA
C.1.1.3.1.3.2	C.00001.00001.00003.00001.00003.00002	Subassembly 80	-	NA	NA	NA	NA	NA	NA	NA	NA	NA	NA	NA	NA	NA	NA	NA	NA	NA	NA	NA	NA	NA
C.1.1.3.1.3.3	C.00001.00001.00003.00001.00003.00003	Subassembly 81	-	NA	NA	NA	NA	NA	NA	NA	NA	NA	NA	NA	NA	NA	NA	NA	NA	NA	NA	NA	NA	NA
C.1.1.3.1.3.4	C.00001.00001.00003.00001.00003.00004	Subassembly 82	-	NA	NA	NA	NA	NA	NA	NA	NA	NA	NA	NA	NA	NA	NA	NA	NA	NA	NA	NA	NA	NA
C.1.1.3.1.4.1	C.00001.00001.00003.00001.00004.00001	Subassembly 83	-	NA	NA	NA	NA	NA	NA	NA	NA	NA	NA	NA	NA	NA	NA	NA	NA	NA	NA	NA	NA	NA
C.1.1.3.1.4.2	C.00001.00001.00003.00001.00004.00002	Subassembly 84	-	NA	NA	NA	NA	NA	NA	NA	NA	NA	NA	NA	NA	NA	NA	NA	NA	NA	NA	NA	NA	NA
C.1.1.3.1.4.3	C.00001.00001.00003.00001.00004.00003	Subassembly 85	-	NA	NA	NA	NA	NA	NA	NA	NA	NA	NA	NA	NA	NA	NA	NA	NA	NA	NA	NA	NA	NA
C.1.1.3.2.1.1	C.00001.00001.00003.00002.00001.00001	Subassembly 86	-	NA	NA	NA	NA	NA	NA	NA	NA	NA	NA	NA	NA	NA	NA	NA	NA	NA	NA	NA	NA	NA
C.1.1.3.2.1.2	C.00001.00001.00003.00002.00001.00002	Subassembly 87	-	NA	NA	NA	NA	NA	NA	NA	NA	NA	NA	NA	NA	NA	NA	NA	NA	NA	NA	NA	NA	NA
C.1.1.3.2.1.3	C.00001.00001.00003.00002.00001.00003	Subassembly 88	-	NA	NA	NA	NA	NA	NA	NA	NA	NA	NA	NA	NA	NA	NA	NA	NA	NA	NA	NA	NA	NA
C.1.1.3.2.1.4	C.00001.00001.00003.00002.00001.00004	Subassembly 89	-	NA	NA	NA	NA	NA	NA	NA	NA	NA	NA	NA	NA	NA	NA	NA	NA	NA	NA	NA	NA	NA
C.1.1.3.2.2.1	C.00001.00001.00003.00002.00002.00001	Subassembly 90	-	NA	NA	NA	NA	NA	NA	NA	NA	NA	NA	NA	NA	NA	NA	NA	NA	NA	NA	NA	NA	NA
C.1.1.3.2.2.2	C.00001.00001.00003.00002.00002.00002	Subassembly 91	-	NA	NA	NA	NA	NA	NA	NA	NA	NA	NA	NA	NA	NA	NA	NA	NA	NA	NA	NA	NA	NA
C.1.1.3.2.2.3	C.00001.00001.00003.00002.00002.00003	Subassembly 92	-	NA	NA	NA	NA	NA	NA	NA	NA	NA	NA	NA	NA	NA	NA	NA	NA	NA	NA	NA	NA	NA
C.1.1.3.2.2.4	C.00001.00001.00003.00002.00002.00004	Subassembly 93	-	NA	NA	NA	NA	NA	NA	NA	NA	NA	NA	NA	NA	NA	NA	NA	NA	NA	NA	NA	NA	NA
C.1.1.3.2.2.5	C.00001.00001.00003.00002.00002.00005	Subassembly 94	-	NA	NA	NA	NA	NA	NA	NA	NA	NA	NA	NA	NA	NA	NA	NA	NA	NA	NA	NA	NA	NA
C.1.1.3.2.3.1	C.00001.00001.00003.00002.00003.00001	Subassembly 95	-	NA	NA	NA	NA	NA	NA	NA	NA	NA	NA	NA	NA	NA	NA	NA	NA	NA	NA	NA	NA	NA
C.1.1.3.2.3.2	C.00001.00001.00003.00002.00003.00002	Subassembly 96	-	NA	NA	NA	NA	NA	NA	NA	NA	NA	NA	NA	NA	NA	NA	NA	NA	NA	NA	NA	NA	NA
C.1.1.3.2.3.3	C.00001.00001.00003.00002.00003.00003	Subassembly 97	-	NA	NA	NA	NA	NA	NA	NA	NA	NA	NA	NA	NA	NA	NA	NA	NA	NA	NA	NA	NA	NA
C.1.1.3.2.4.1	C.00001.00001.00003.00002.00004.00001	Subassembly 98	-	NA	NA	NA	NA	NA	NA	NA	NA	NA	NA	NA	NA	NA	NA	NA	NA	NA	NA	NA	NA	NA
C.1.1.3.2.4.2	C.00001.00001.00003.00002.00004.00002	Subassembly 99	-	NA	NA	NA	NA	NA	NA	NA	NA	NA	NA	NA	NA	NA	NA	NA	NA	NA	NA	NA	NA	NA
C.1.1.3.2.4.3	C.00001.00001.00003.00002.00004.00003	Subassembly 100	-	NA	NA	NA	NA	NA	NA	NA	NA	NA	NA	NA	NA	NA	NA	NA	NA	NA	NA	NA	NA	NA
C.1.1.3.2.4.4	C.00001.00001.00003.00002.00004.00004	Subassembly 101	-	NA	NA	NA	NA	NA	NA	NA	NA	NA	NA	NA	NA	NA	NA	NA	NA	NA	NA	NA	NA	NA
C.1.1.3.3.1.1	C.00001.00001.00003.00003.00001.00001	Subassembly 102	-	NA	NA	NA	NA	NA	NA	NA	NA	NA	NA	NA	NA	NA	NA	NA	NA	NA	NA	NA	NA	NA
C.1.1.3.3.1.2	C.00001.00001.00003.00003.00001.00002	Subassembly 103	-	NA	NA	NA	NA	NA	NA	NA	NA	NA	NA	NA	NA	NA	NA	NA	NA	NA	NA	NA	NA	NA
C.1.1.3.3.1.3	C.00001.00001.00003.00003.00001.00003	Subassembly 104	-	NA	NA	NA	NA	NA	NA	NA	NA	NA	NA	NA	NA	NA	NA	NA	NA	NA	NA	NA	NA	NA
C.1.1.3.3.1.4	C.00001.00001.00003.00003.00001.00004	Subassembly 105	-	NA	NA	NA	NA	NA	NA	NA	NA	NA	NA	NA	NA	NA	NA	NA	NA	NA	NA	NA	NA	NA
C.1.1.3.3.2.1	C.00001.00001.00003.00003.00002.00001	Subassembly 106	-	NA	NA	NA	NA	NA	NA	NA	NA	NA	NA	NA	NA	NA	NA	NA	NA	NA	NA	NA	NA	NA
C.1.1.3.3.2.2	C.00001.00001.00003.00003.00002.00002	Subassembly 107	-	NA	NA	NA	NA	NA	NA	NA	NA	NA	NA	NA	NA	NA	NA	NA	NA	NA	NA	NA	NA	NA
C.1.1.3.3.3.1	C.00001.00001.00003.00003.00003.00001	Subassembly 108	-	NA	NA	NA	NA	NA	NA	NA	NA	NA	NA	NA	NA	NA	NA	NA	NA	NA	NA	NA	NA	NA
C.1.1.3.3.3.2	C.00001.00001.00003.00003.00003.00002	Subassembly 109	-	NA	NA	NA	NA	NA	NA	NA	NA	NA	NA	NA	NA	NA	NA	NA	NA	NA	NA	NA	NA	NA
C.1.1.3.3.3.3	C.00001.00001.00003.00003.00003.00003	Subassembly 110	-	NA	NA	NA	NA	NA	NA	NA	NA	NA	NA	NA	NA	NA	NA	NA	NA	NA	NA	NA	NA	NA
C.1.1.3.3.3.4	C.00001.00001.00003.00003.00003.00004	Subassembly 111	-	NA	NA	NA	NA	NA	NA	NA	NA	NA	NA	NA	NA	NA	NA	NA	NA	NA	NA	NA	NA	NA
C.1.1.3.3.3.5	C.00001.00001.00003.00003.00003.00005	Subassembly 112	-	NA	NA	NA	NA	NA	NA	NA	NA	NA	NA	NA	NA	NA	NA	NA	NA	NA	NA	NA	NA	NA
C.1.1.3.3.4.1	C.00001.00001.00003.00003.00004.00001	Subassembly 113	-	NA	NA	NA	NA	NA	NA	NA	NA	NA	NA	NA	NA	NA	NA	NA	NA	NA	NA	NA	NA	NA
C.1.1.3.3.4.2	C.00001.00001.00003.00003.00004.00002	Subassembly 114	-	NA	NA	NA	NA	NA	NA	NA	NA	NA	NA	NA	NA	NA	NA	NA	NA	NA	NA	NA	NA	NA
C.1.1.3.3.4.3	C.00001.00001.00003.00003.00004.00003	Subassembly 115	-	NA	NA	NA	NA	NA	NA	NA	NA	NA	NA	NA	NA	NA	NA	NA	NA	NA	NA	NA	NA	NA
C.1.1.3.3.4.4	C.00001.00001.00003.00003.00004.00004	Subassembly 116	-	NA	NA	NA	NA	NA	NA	NA	NA	NA	NA	NA	NA	NA	NA	NA	NA	NA	NA	NA	NA	NA
C.1.1.3.3.4.5	C.00001.00001.00003.00003.00004.00005	Subassembly 117	-	NA	NA	NA	NA	NA	NA	NA	NA	NA	NA	NA	NA	NA	NA	NA	NA	NA	NA	NA	NA	NA
C.1.1.3.4.1.1	C.00001.00001.00003.00004.00001.00001	Subassembly 118	-	NA	NA	NA	NA	NA	NA	NA	NA	NA	NA	NA	NA	NA	NA	NA	NA	NA	NA	NA	NA	NA
C.1.1.3.4.1.2	C.00001.00001.00003.00004.00001.00002	Subassembly 119	-	NA	NA	NA	NA	NA	NA	NA	NA	NA	NA	NA	NA	NA	NA	NA	NA	NA	NA	NA	NA	NA
C.1.1.3.4.1.3	C.00001.00001.00003.00004.00001.00003	Subassembly 120	-	NA	NA	NA	NA	NA	NA	NA	NA	NA	NA	NA	NA	NA	NA	NA	NA	NA	NA	NA	NA	NA
C.1.1.3.4.2.1	C.00001.00001.00003.00004.00002.00001	Subassembly 121	-	NA	NA	NA	NA	NA	NA	NA	NA	NA	NA	NA	NA	NA	NA	NA	NA	NA	NA	NA	NA	NA
C.1.1.3.4.2.2	C.00001.00001.00003.00004.00002.00002	Subassembly 122	-	NA	NA	NA	NA	NA	NA	NA	NA	NA	NA	NA	NA	NA	NA	NA	NA	NA	NA	NA	NA	NA
C.1.1.3.4.2.3	C.00001.00001.00003.00004.00002.00003	Subassembly 123	-	NA	NA	NA	NA	NA	NA	NA	NA	NA	NA	NA	NA	NA	NA	NA	NA	NA	NA	NA	NA	NA
C.1.1.3.4.3.1	C.00001.00001.00003.00004.00003.00001	Subassembly 124	-	NA	NA	NA	NA	NA	NA	NA	NA	NA	NA	NA	NA	NA	NA	NA	NA	NA	NA	NA	NA	NA
C.1.1.3.4.3.2	C.00001.00001.00003.00004.00003.00002	Subassembly 125	-	NA	NA	NA	NA	NA	NA	NA	NA	NA	NA	NA	NA	NA	NA	NA	NA	NA	NA	NA	NA	NA
C.1.1.3.4.3.3	C.00001.00001.00003.00004.00003.00003	Subassembly 126	-	NA	NA	NA	NA	NA	NA	NA	NA	NA	NA	NA	NA	NA	NA	NA	NA	NA	NA	NA	NA	NA
C.1.1.3.4.3.4	C.00001.00001.00003.00004.00003.00004	Subassembly 127	-	NA	NA	NA	NA	NA	NA	NA	NA	NA	NA	NA	NA	NA	NA	NA	NA	NA	NA	NA	NA	NA
C.1.1.3.4.3.5	C.00001.00001.00003.00004.00003.00005	Subassembly 128	-	NA	NA	NA	NA	NA	NA	NA	NA	NA	NA	NA	NA	NA	NA	NA	NA	NA	NA	NA	NA	NA
C.1.1.3.4.4.1	C.00001.00001.00003.00004.00004.00001	Subassembly 129	-	NA	NA	NA	NA	NA	NA	NA	NA	NA	NA	NA	NA	NA	NA	NA	NA	NA	NA	NA	NA	NA
C.1.1.3.4.4.2	C.00001.00001.00003.00004.00004.00002	Subassembly 130	-	NA	NA	NA	NA	NA	NA	NA	NA	NA	NA	NA	NA	NA	NA	NA	NA	NA	NA	NA	NA	NA
C.1.1.3.4.5.1	C.00001.00001.00003.00004.00005.00001	Subassembly 131	-	NA	NA	NA	NA	NA	NA	NA	NA	NA	NA	NA	NA	NA	NA	NA	NA	NA	NA	NA	NA	NA
C.1.1.3.4.5.2	C.00001.00001.00003.00004.00005.00002	Subassembly 132	-	NA	NA	NA	NA	NA	NA	NA	NA	NA	NA	NA	NA	NA	NA	NA	NA	NA	NA	NA	NA	NA
C.1.1.3.4.5.3	C.00001.00001.00003.00004.00005.00003	Subassembly 133	-	NA	NA	NA	NA	NA	NA	NA	NA	NA	NA	NA	NA	NA	NA	NA	NA	NA	NA	NA	NA	NA
C.1.1.3.4.5.4	C.00001.00001.00003.00004.00005.00004	Subassembly 134	-	NA	NA	NA	NA	NA	NA	NA	NA	NA	NA	NA	NA	NA	NA	NA	NA	NA	NA	NA	NA	NA
C.1.1.3.5.1.1	C.00001.00001.00003.00005.00001.00001	Subassembly 135	-	NA	NA	NA	NA	NA	NA	NA	NA	NA	NA	NA	NA	NA	NA	NA	NA	NA	NA	NA	NA	NA
C.1.1.3.5.1.2	C.00001.00001.00003.00005.00001.00002	Subassembly 136	-	NA	NA	NA	NA	NA	NA	NA	NA	NA	NA	NA	NA	NA	NA	NA	NA	NA	NA	NA	NA	NA
C.1.1.3.5.1.3	C.00001.00001.00003.00005.00001.00003	Subassembly 137	-	NA	NA	NA	NA	NA	NA	NA	NA	NA	NA	NA	NA	NA	NA	NA	NA	NA	NA	NA	NA	NA
C.1.1.3.5.1.4	C.00001.00001.00003.00005.00001.00004	Subassembly 138	-	NA	NA	NA	NA	NA	NA	NA	NA	NA	NA	NA	NA	NA	NA	NA	NA	NA	NA	NA	NA	NA
C.1.1.3.5.1.5	C.00001.00001.00003.00005.00001.00005	Subassembly 139	-	NA	NA	NA	NA	NA	NA	NA	NA	NA	NA	NA	NA	NA	NA	NA	NA	NA	NA	NA	NA	NA
C.1.1.3.5.2.1	C.00001.00001.00003.00005.00002.00001	Subassembly 140	-	NA	NA	NA	NA	NA	NA	NA	NA	NA	NA	NA	NA	NA	NA	NA	NA	NA	NA	NA	NA	NA
C.1.1.3.5.2.2	C.00001.00001.00003.00005.00002.00002	Subassembly 141	-	NA	NA	NA	NA	NA	NA	NA	NA	NA	NA	NA	NA	NA	NA	NA	NA	NA	NA	NA	NA	NA
C.1.1.3.5.2.3	C.00001.00001.00003.00005.00002.00003	Subassembly 142	-	NA	NA	NA	NA	NA	NA	NA	NA	NA	NA	NA	NA	NA	NA	NA	NA	NA	NA	NA	NA	NA
C.1.1.3.5.2.4	C.00001.00001.00003.00005.00002.00004	Subassembly 143	-	NA	NA	NA	NA	NA	NA	NA	NA	NA	NA	NA	NA	NA	NA	NA	NA	NA	NA	NA	NA	NA
C.1.1.3.5.3.1	C.00001.00001.00003.00005.00003.00001	Subassembly 144	-	NA	NA	NA	NA	NA	NA	NA	NA	NA	NA	NA	NA	NA	NA	NA	NA	NA	NA	NA	NA	NA
C.1.1.3.5.3.2	C.00001.00001.00003.00005.00003.00002	Subassembly 145	-	NA	NA	NA	NA	NA	NA	NA	NA	NA	NA	NA	NA	NA	NA	NA	NA	NA	NA	NA	NA	NA
C.1.1.4.1.1.1	C.00001.00001.00004.00001.00001.00001	Subassembly 146	-	NA	NA	NA	NA	NA	NA	NA	NA	NA	NA	NA	NA	NA	NA	NA	NA	NA	NA	NA	NA	NA
C.1.1.4.1.1.2	C.00001.00001.00004.00001.00001.00002	Subassembly 147	-	NA	NA	NA	NA	NA	NA	NA	NA	NA	NA	NA	NA	NA	NA	NA	NA	NA	NA	NA	NA	NA
C.1.1.4.1.1.3	C.00001.00001.00004.00001.00001.00003	Subassembly 148	-	NA	NA	NA	NA	NA	NA	NA	NA	NA	NA	NA	NA	NA	NA	NA	NA	NA	NA	NA	NA	NA
C.1.1.4.1.1.4	C.00001.00001.00004.00001.00001.00004	Subassembly 149	-	NA	NA	NA	NA	NA	NA	NA	NA	NA	NA	NA	NA	NA	NA	NA	NA	NA	NA	NA	NA	NA
C.1.1.4.1.1.5	C.00001.00001.00004.00001.00001.00005	Subassembly 150	-	NA	NA	NA	NA	NA	NA	NA	NA	NA	NA	NA	NA	NA	NA	NA	NA	NA	NA	NA	NA	NA
C.1.1.4.1.2.1	C.00001.00001.00004.00001.00002.00001	Subassembly 151	-	NA	NA	NA	NA	NA	NA	NA	NA	NA	NA	NA	NA	NA	NA	NA	NA	NA	NA	NA	NA	NA
C.1.1.4.1.2.2	C.00001.00001.00004.00001.00002.00002	Subassembly 152	-	NA	NA	NA	NA	NA	NA	NA	NA	NA	NA	NA	NA	NA	NA	NA	NA	NA	NA	NA	NA	NA
C.1.1.4.1.2.3	C.00001.00001.00004.00001.00002.00003	Subassembly 153	-	NA	NA	NA	NA	NA	NA	NA	NA	NA	NA	NA	NA	NA	NA	NA	NA	NA	NA	NA	NA	NA
C.1.1.4.2.1.1	C.00001.00001.00004.00002.00001.00001	Subassembly 154	-	NA	NA	NA	NA	NA	NA	NA	NA	NA	NA	NA	NA	NA	NA	NA	NA	NA	NA	NA	NA	NA
C.1.1.4.2.1.2	C.00001.00001.00004.00002.00001.00002	Subassembly 155	-	NA	NA	NA	NA	NA	NA	NA	NA	NA	NA	NA	NA	NA	NA	NA	NA	NA	NA	NA	NA	NA
C.1.1.4.2.1.3	C.00001.00001.00004.00002.00001.00003	Subassembly 156	-	NA	NA	NA	NA	NA	NA	NA	NA	NA	NA	NA	NA	NA	NA	NA	NA	NA	NA	NA	NA	NA
C.1.1.4.2.1.4	C.00001.00001.00004.00002.00001.00004	Subassembly 157	-	NA	NA	NA	NA	NA	NA	NA	NA	NA	NA	NA	NA	NA	NA	NA	NA	NA	NA	NA	NA	NA
C.1.1.4.2.2.1	C.00001.00001.00004.00002.00002.00001	Subassembly 158	-	NA	NA	NA	NA	NA	NA	NA	NA	NA	NA	NA	NA	NA	NA	NA	NA	NA	NA	NA	NA	NA
C.1.1.4.2.2.2	C.00001.00001.00004.00002.00002.00002	Subassembly 159	-	NA	NA	NA	NA	NA	NA	NA	NA	NA	NA	NA	NA	NA	NA	NA	NA	NA	NA	NA	NA	NA
C.1.1.4.2.3.1	C.00001.00001.00004.00002.00003.00001	Subassembly 160	-	NA	NA	NA	NA	NA	NA	NA	NA	NA	NA	NA	NA	NA	NA	NA	NA	NA	NA	NA	NA	NA
C.1.1.4.2.3.2	C.00001.00001.00004.00002.00003.00002	Subassembly 161	-	NA	NA	NA	NA	NA	NA	NA	NA	NA	NA	NA	NA	NA	NA	NA	NA	NA	NA	NA	NA	NA
C.1.1.4.2.3.3	C.00001.00001.00004.00002.00003.00003	Subassembly 162	-	NA	NA	NA	NA	NA	NA	NA	NA	NA	NA	NA	NA	NA	NA	NA	NA	NA	NA	NA	NA	NA
C.1.1.4.3.1.1	C.00001.00001.00004.00003.00001.00001	Subassembly 163	-	NA	NA	NA	NA	NA	NA	NA	NA	NA	NA	NA	NA	NA	NA	NA	NA	NA	NA	NA	NA	NA
C.1.1.4.3.1.2	C.00001.00001.00004.00003.00001.00002	Subassembly 164	-	NA	NA	NA	NA	NA	NA	NA	NA	NA	NA	NA	NA	NA	NA	NA	NA	NA	NA	NA	NA	NA
C.1.1.4.3.1.3	C.00001.00001.00004.00003.00001.00003	Subassembly 165	-	NA	NA	NA	NA	NA	NA	NA	NA	NA	NA	NA	NA	NA	NA	NA	NA	NA	NA	NA	NA	NA
C.1.1.4.3.1.4	C.00001.00001.00004.00003.00001.00004	Subassembly 166	-	NA	NA	NA	NA	NA	NA	NA	NA	NA	NA	NA	NA	NA	NA	NA	NA	NA	NA	NA	NA	NA
C.1.1.4.3.1.5	C.00001.00001.00004.00003.00001.00005	Subassembly 167	-	NA	NA	NA	NA	NA	NA	NA	NA	NA	NA	NA	NA	NA	NA	NA	NA	NA	NA	NA	NA	NA
C.1.1.4.3.2.1	C.00001.00001.00004.00003.00002.00001	Subassembly 168	-	NA	NA	NA	NA	NA	NA	NA	NA	NA	NA	NA	NA	NA	NA	NA	NA	NA	NA	NA	NA	NA
C.1.1.4.3.2.2	C.00001.00001.00004.00003.00002.00002	Subassembly 169	-	NA	NA	NA	NA	NA	NA	NA	NA	NA	NA	NA	NA	NA	NA	NA	NA	NA	NA	NA	NA	NA
C.1.1.4.3.2.3	C.00001.00001.00004.00003.00002.00003	Subassembly 170	-	NA	NA	NA	NA	NA	NA	NA	NA	NA	NA	NA	NA	NA	NA	NA	NA	NA	NA	NA	NA	NA
C.1.1.4.3.2.4	C.00001.00001.00004.00003.00002.00004	Subassembly 171	-	NA	NA	NA	NA	NA	NA	NA	NA	NA	NA	NA	NA	NA	NA	NA	NA	NA	NA	NA	NA	NA
C.1.1.4.3.2.5	C.00001.00001.00004.00003.00002.00005	Subassembly 172	-	NA	NA	NA	NA	NA	NA	NA	NA	NA	NA	NA	NA	NA	NA	NA	NA	NA	NA	NA	NA	NA
C.1.1.4.3.3.1	C.00001.00001.00004.00003.00003.00001	Subassembly 173	-	NA	NA	NA	NA	NA	NA	NA	NA	NA	NA	NA	NA	NA	NA	NA	NA	NA	NA	NA	NA	NA
C.1.1.4.3.3.2	C.00001.00001.00004.00003.00003.00002	Subassembly 174	-	NA	NA	NA	NA	NA	NA	NA	NA	NA	NA	NA	NA	NA	NA	NA	NA	NA	NA	NA	NA	NA
C.1.1.4.3.3.3	C.00001.00001.00004.00003.00003.00003	Subassembly 175	-	NA	NA	NA	NA	NA	NA	NA	NA	NA	NA	NA	NA	NA	NA	NA	NA	NA	NA	NA	NA	NA
C.1.1.4.3.4.1	C.00001.00001.00004.00003.00004.00001	Subassembly 176	-	NA	NA	NA	NA	NA	NA	NA	NA	NA	NA	NA	NA	NA	NA	NA	NA	NA	NA	NA	NA	NA
C.1.1.4.3.4.2	C.00001.00001.00004.00003.00004.00002	Subassembly 177	-	NA	NA	NA	NA	NA	NA	NA	NA	NA	NA	NA	NA	NA	NA	NA	NA	NA	NA	NA	NA	NA
C.1.1.4.3.5.1	C.00001.00001.00004.00003.00005.00001	Subassembly 178	-	NA	NA	NA	NA	NA	NA	NA	NA	NA	NA	NA	NA	NA	NA	NA	NA	NA	NA	NA	NA	NA
C.1.1.4.3.5.2	C.00001.00001.00004.00003.00005.00002	Subassembly 179	-	NA	NA	NA	NA	NA	NA	NA	NA	NA	NA	NA	NA	NA	NA	NA	NA	NA	NA	NA	NA	NA
C.1.1.4.4.1.1	C.00001.00001.00004.00004.00001.00001	Subassembly 180	-	NA	NA	NA	NA	NA	NA	NA	NA	NA	NA	NA	NA	NA	NA	NA	NA	NA	NA	NA	NA	NA
C.1.1.4.4.1.2	C.00001.00001.00004.00004.00001.00002	Subassembly 181	-	NA	NA	NA	NA	NA	NA	NA	NA	NA	NA	NA	NA	NA	NA	NA	NA	NA	NA	NA	NA	NA
C.1.1.4.4.1.3	C.00001.00001.00004.00004.00001.00003	Subassembly 182	-	NA	NA	NA	NA	NA	NA	NA	NA	NA	NA	NA	NA	NA	NA	NA	NA	NA	NA	NA	NA	NA
C.1.1.4.4.2.1	C.00001.00001.00004.00004.00002.00001	Subassembly 183	-	NA	NA	NA	NA	NA	NA	NA	NA	NA	NA	NA	NA	NA	NA	NA	NA	NA	NA	NA	NA	NA
C.1.1.4.4.2.2	C.00001.00001.00004.00004.00002.00002	Subassembly 184	-	NA	NA	NA	NA	NA	NA	NA	NA	NA	NA	NA	NA	NA	NA	NA	NA	NA	NA	NA	NA	NA
C.1.1.4.4.3.1	C.00001.00001.00004.00004.00003.00001	Subassembly 185	-	NA	NA	NA	NA	NA	NA	NA	NA	NA	NA	NA	NA	NA	NA	NA	NA	NA	NA	NA	NA	NA
C.1.1.4.4.3.2	C.00001.00001.00004.00004.00003.00002	Subassembly 186	-	NA	NA	NA	NA	NA	NA	NA	NA	NA	NA	NA	NA	NA	NA	NA	NA	NA	NA	NA	NA	NA
C.1.1.4.4.3.3	C.00001.00001.00004.00004.00003.00003	Subassembly 187	-	NA	NA	NA	NA	NA	NA	NA	NA	NA	NA	NA	NA	NA	NA	NA	NA	NA	NA	NA	NA	NA
C.1.1.4.4.3.4	C.00001.00001.00004.00004.00003.00004	Subassembly 188	-	NA	NA	NA	NA	NA	NA	NA	NA	NA	NA	NA	NA	NA	NA	NA	NA	NA	NA	NA	NA	NA
C.1.1.4.4.3.5	C.00001.00001.00004.00004.00003.00005	Subassembly 189	-	NA	NA	NA	NA	NA	NA	NA	NA	NA	NA	NA	NA	NA	NA	NA	NA	NA	NA	NA	NA	NA
C.1.1.4.4.4.1	C.00001.00001.00004.00004.00004.00001	Subassembly 190	-	NA	NA	NA	NA	NA	NA	NA	NA	NA	NA	NA	NA	NA	NA	NA	NA	NA	NA	NA	NA	NA
C.1.1.4.4.4.2	C.00001.00001.00004.00004.00004.00002	Subassembly 191	-	NA	NA	NA	NA	NA	NA	NA	NA	NA	NA	NA	NA	NA	NA	NA	NA	NA	NA	NA	NA	NA
C.1.1.4.4.4.3	C.00001.00001.00004.00004.00004.00003	Subassembly 192	-	NA	NA	NA	NA	NA	NA	NA	NA	NA	NA	NA	NA	NA	NA	NA	NA	NA	NA	NA	NA	NA
C.1.1.4.4.4.4	C.00001.00001.00004.00004.00004.00004	Subassembly 193	-	NA	NA	NA	NA	NA	NA	NA	NA	NA	NA	NA	NA	NA	NA	NA	NA	NA	NA	NA	NA	NA
C.1.1.4.5.1.1	C.00001.00001.00004.00005.00001.00001	Subassembly 194	-	NA	NA	NA	NA	NA	NA	NA	NA	NA	NA	NA	NA	NA	NA	NA	NA	NA	NA	NA	NA	NA
C.1.1.4.5.1.2	C.00001.00001.00004.00005.00001.00002	Subassembly 195	-	NA	NA	NA	NA	NA	NA	NA	NA	NA	NA	NA	NA	NA	NA	NA	NA	NA	NA	NA	NA	NA
C.1.1.4.5.2.1	C.00001.00001.00004.00005.00002.00001	Subassembly 196	-	NA	NA	NA	NA	NA	NA	NA	NA	NA	NA	NA	NA	NA	NA	NA	NA	NA	NA	NA	NA	NA
C.1.1.4.5.2.2	C.00001.00001.00004.00005.00002.00002	Subassembly 197	-	NA	NA	NA	NA	NA	NA	NA	NA	NA	NA	NA	NA	NA	NA	NA	NA	NA	NA	NA	NA	NA
C.1.1.4.5.2.3	C.00001.00001.00004.00005.00002.00003	Subassembly 198	-	NA	NA	NA	NA	NA	NA	NA	NA	NA	NA	NA	NA	NA	NA	NA	NA	NA	NA	NA	NA	NA
C.1.1.4.5.2.4	C.00001.00001.00004.00005.00002.00004	Subassembly 199	-	NA	NA	NA	NA	NA	NA	NA	NA	NA	NA	NA	NA	NA	NA	NA	NA	NA	NA	NA	NA	NA
C.1.1.4.5.3.1	C.00001.00001.00004.00005.00003.00001	Subassembly 200	-	NA	NA	NA	NA	NA	NA	NA	NA	NA	NA	NA	NA	NA	NA	NA	NA	NA	NA	NA	NA	NA
C.1.1.4.5.3.2	C.00001.00001.00004.00005.00003.00002	Subassembly 201	-	NA	NA	NA	NA	NA	NA	NA	NA	NA	NA	NA	NA	NA	NA	NA	NA	NA	NA	NA	NA	NA
C.1.1.4.5.3.3	C.00001.00001.00004.00005.00003.00003	Subassembly 202	-	NA	NA	NA	NA	NA	NA	NA	NA	NA	NA	NA	NA	NA	NA	NA	NA	NA	NA	NA	NA	NA
C.1.1.4.5.4.1	C.00001.00001.00004.00005.00004.00001	Subassembly 203	-	NA	NA	NA	NA	NA	NA	NA	NA	NA	NA	NA	NA	NA	NA	NA	NA	NA	NA	NA	NA	NA
C.1.1.4.5.4.2	C.00001.00001.00004.00005.00004.00002	Subassembly 204	-	NA	NA	NA	NA	NA	NA	NA	NA	NA	NA	NA	NA	NA	NA	NA	NA	NA	NA	NA	NA	NA
C.1.1.4.5.4.3	C.00001.00001.00004.00005.00004.00003	Subassembly 205	-	NA	NA	NA	NA	NA	NA	NA	NA	NA	NA	NA	NA	NA	NA	NA	NA	NA	NA	NA	NA	NA
C.1.1.4.5.4.4	C.00001.00001.00004.00005.00004.00004	Subassembly 206	-	NA	NA	NA	NA	NA	NA	NA	NA	NA	NA	NA	NA	NA	NA	NA	NA	NA	NA	NA	NA	NA
C.1.2.1.1.1.1	C.00001.00002.00001.00001.00001.00001	Subassembly 207	-	NA	NA	NA	NA	NA	NA	NA	NA	NA	NA	NA	NA	NA	NA	NA	NA	NA	NA	NA	NA	NA
C.1.2.1.1.1.2	C.00001.00002.00001.00001.00001.00002	Subassembly 208	-	NA	NA	NA	NA	NA	NA	NA	NA	NA	NA	NA	NA	NA	NA	NA	NA	NA	NA	NA	NA	NA
C.1.2.1.1.1.3	C.00001.00002.00001.00001.00001.00003	Subassembly 209	-	NA	NA	NA	NA	NA	NA	NA	NA	NA	NA	NA	NA	NA	NA	NA	NA	NA	NA	NA	NA	NA
C.1.2.1.1.2.1	C.00001.00002.00001.00001.00002.00001	Subassembly 210	-	NA	NA	NA	NA	NA	NA	NA	NA	NA	NA	NA	NA	NA	NA	NA	NA	NA	NA	NA	NA	NA
C.1.2.1.1.2.2	C.00001.00002.00001.00001.00002.00002	Subassembly 211	-	NA	NA	NA	NA	NA	NA	NA	NA	NA	NA	NA	NA	NA	NA	NA	NA	NA	NA	NA	NA	NA
C.1.2.1.1.2.3	C.00001.00002.00001.00001.00002.00003	Subassembly 212	-	NA	NA	NA	NA	NA	NA	NA	NA	NA	NA	NA	NA	NA	NA	NA	NA	NA	NA	NA	NA	NA
C.1.2.1.1.3.1	C.00001.00002.00001.00001.00003.00001	Subassembly 213	-	NA	NA	NA	NA	NA	NA	NA	NA	NA	NA	NA	NA	NA	NA	NA	NA	NA	NA	NA	NA	NA
C.1.2.1.1.3.2	C.00001.00002.00001.00001.00003.00002	Subassembly 214	-	NA	NA	NA	NA	NA	NA	NA	NA	NA	NA	NA	NA	NA	NA	NA	NA	NA	NA	NA	NA	NA
C.1.2.1.1.4.1	C.00001.00002.00001.00001.00004.00001	Subassembly 215	-	NA	NA	NA	NA	NA	NA	NA	NA	NA	NA	NA	NA	NA	NA	NA	NA	NA	NA	NA	NA	NA
C.1.2.1.1.4.2	C.00001.00002.00001.00001.00004.00002	Subassembly 216	-	NA	NA	NA	NA	NA	NA	NA	NA	NA	NA	NA	NA	NA	NA	NA	NA	NA	NA	NA	NA	NA
C.1.2.1.1.5.1	C.00001.00002.00001.00001.00005.00001	Subassembly 217	-	NA	NA	NA	NA	NA	NA	NA	NA	NA	NA	NA	NA	NA	NA	NA	NA	NA	NA	NA	NA	NA
C.1.2.1.1.5.2	C.00001.00002.00001.00001.00005.00002	Subassembly 218	-	NA	NA	NA	NA	NA	NA	NA	NA	NA	NA	NA	NA	NA	NA	NA	NA	NA	NA	NA	NA	NA
C.1.2.1.1.5.3	C.00001.00002.00001.00001.00005.00003	Subassembly 219	-	NA	NA	NA	NA	NA	NA	NA	NA	NA	NA	NA	NA	NA	NA	NA	NA	NA	NA	NA	NA	NA
C.1.2.1.2.1.1	C.00001.00002.00001.00002.00001.00001	Subassembly 220	-	NA	NA	NA	NA	NA	NA	NA	NA	NA	NA	NA	NA	NA	NA	NA	NA	NA	NA	NA	NA	NA
C.1.2.1.2.1.2	C.00001.00002.00001.00002.00001.00002	Subassembly 221	-	NA	NA	NA	NA	NA	NA	NA	NA	NA	NA	NA	NA	NA	NA	NA	NA	NA	NA	NA	NA	NA
C.1.2.1.2.2.1	C.00001.00002.00001.00002.00002.00001	Subassembly 222	-	NA	NA	NA	NA	NA	NA	NA	NA	NA	NA	NA	NA	NA	NA	NA	NA	NA	NA	NA	NA	NA
C.1.2.1.2.2.2	C.00001.00002.00001.00002.00002.00002	Subassembly 223	-	NA	NA	NA	NA	NA	NA	NA	NA	NA	NA	NA	NA	NA	NA	NA	NA	NA	NA	NA	NA	NA
C.1.2.1.2.3.1	C.00001.00002.00001.00002.00003.00001	Subassembly 224	-	NA	NA	NA	NA	NA	NA	NA	NA	NA	NA	NA	NA	NA	NA	NA	NA	NA	NA	NA	NA	NA
C.1.2.1.2.3.2	C.00001.00002.00001.00002.00003.00002	Subassembly 225	-	NA	NA	NA	NA	NA	NA	NA	NA	NA	NA	NA	NA	NA	NA	NA	NA	NA	NA	NA	NA	NA
C.1.2.1.2.3.3	C.00001.00002.00001.00002.00003.00003	Subassembly 226	-	NA	NA	NA	NA	NA	NA	NA	NA	NA	NA	NA	NA	NA	NA	NA	NA	NA	NA	NA	NA	NA
C.1.2.1.2.3.4	C.00001.00002.00001.00002.00003.00004	Subassembly 227	-	NA	NA	NA	NA	NA	NA	NA	NA	NA	NA	NA	NA	NA	NA	NA	NA	NA	NA	NA	NA	NA
C.1.2.1.2.4.1	C.00001.00002.00001.00002.00004.00001	Subassembly 228	-	NA	NA	NA	NA	NA	NA	NA	NA	NA	NA	NA	NA	NA	NA	NA	NA	NA	NA	NA	NA	NA
C.1.2.1.2.4.2	C.00001.00002.00001.00002.00004.00002	Subassembly 229	-	NA	NA	NA	NA	NA	NA	NA	NA	NA	NA	NA	NA	NA	NA	NA	NA	NA	NA	NA	NA	NA
C.1.2.1.2.4.3	C.00001.00002.00001.00002.00004.00003	Subassembly 230	-	NA	NA	NA	NA	NA	NA	NA	NA	NA	NA	NA	NA	NA	NA	NA	NA	NA	NA	NA	NA	NA
C.1.2.1.2.4.4	C.00001.00002.00001.00002.00004.00004	Subassembly 231	-	NA	NA	NA	NA	NA	NA	NA	NA	NA	NA	NA	NA	NA	NA	NA	NA	NA	NA	NA	NA	NA
C.1.2.1.2.4.5	C.00001.00002.00001.00002.00004.00005	Subassembly 232	-	NA	NA	NA	NA	NA	NA	NA	NA	NA	NA	NA	NA	NA	NA	NA	NA	NA	NA	NA	NA	NA
C.1.2.1.2.5.1	C.00001.00002.00001.00002.00005.00001	Subassembly 233	-	NA	NA	NA	NA	NA	NA	NA	NA	NA	NA	NA	NA	NA	NA	NA	NA	NA	NA	NA	NA	NA
C.1.2.1.2.5.2	C.00001.00002.00001.00002.00005.00002	Subassembly 234	-	NA	NA	NA	NA	NA	NA	NA	NA	NA	NA	NA	NA	NA	NA	NA	NA	NA	NA	NA	NA	NA
C.1.2.1.3.1.1	C.00001.00002.00001.00003.00001.00001	Subassembly 235	-	NA	NA	NA	NA	NA	NA	NA	NA	NA	NA	NA	NA	NA	NA	NA	NA	NA	NA	NA	NA	NA
C.1.2.1.3.1.2	C.00001.00002.00001.00003.00001.00002	Subassembly 236	-	NA	NA	NA	NA	NA	NA	NA	NA	NA	NA	NA	NA	NA	NA	NA	NA	NA	NA	NA	NA	NA
C.1.2.1.3.1.3	C.00001.00002.00001.00003.00001.00003	Subassembly 237	-	NA	NA	NA	NA	NA	NA	NA	NA	NA	NA	NA	NA	NA	NA	NA	NA	NA	NA	NA	NA	NA
C.1.2.1.3.1.4	C.00001.00002.00001.00003.00001.00004	Subassembly 238	-	NA	NA	NA	NA	NA	NA	NA	NA	NA	NA	NA	NA	NA	NA	NA	NA	NA	NA	NA	NA	NA
C.1.2.1.3.1.5	C.00001.00002.00001.00003.00001.00005	Subassembly 239	-	NA	NA	NA	NA	NA	NA	NA	NA	NA	NA	NA	NA	NA	NA	NA	NA	NA	NA	NA	NA	NA
C.1.2.1.3.2.1	C.00001.00002.00001.00003.00002.00001	Subassembly 240	-	NA	NA	NA	NA	NA	NA	NA	NA	NA	NA	NA	NA	NA	NA	NA	NA	NA	NA	NA	NA	NA
C.1.2.1.3.2.2	C.00001.00002.00001.00003.00002.00002	Subassembly 241	-	NA	NA	NA	NA	NA	NA	NA	NA	NA	NA	NA	NA	NA	NA	NA	NA	NA	NA	NA	NA	NA
C.1.2.1.3.2.3	C.00001.00002.00001.00003.00002.00003	Subassembly 242	-	NA	NA	NA	NA	NA	NA	NA	NA	NA	NA	NA	NA	NA	NA	NA	NA	NA	NA	NA	NA	NA
C.1.2.1.3.2.4	C.00001.00002.00001.00003.00002.00004	Subassembly 243	-	NA	NA	NA	NA	NA	NA	NA	NA	NA	NA	NA	NA	NA	NA	NA	NA	NA	NA	NA	NA	NA
C.1.2.1.3.2.5	C.00001.00002.00001.00003.00002.00005	Subassembly 244	-	NA	NA	NA	NA	NA	NA	NA	NA	NA	NA	NA	NA	NA	NA	NA	NA	NA	NA	NA	NA	NA
C.1.2.1.4.1.1	C.00001.00002.00001.00004.00001.00001	Subassembly 245	-	NA	NA	NA	NA	NA	NA	NA	NA	NA	NA	NA	NA	NA	NA	NA	NA	NA	NA	NA	NA	NA
C.1.2.1.4.1.2	C.00001.00002.00001.00004.00001.00002	Subassembly 246	-	NA	NA	NA	NA	NA	NA	NA	NA	NA	NA	NA	NA	NA	NA	NA	NA	NA	NA	NA	NA	NA
C.1.2.1.4.1.3	C.00001.00002.00001.00004.00001.00003	Subassembly 247	-	NA	NA	NA	NA	NA	NA	NA	NA	NA	NA	NA	NA	NA	NA	NA	NA	NA	NA	NA	NA	NA
C.1.2.1.4.2.1	C.00001.00002.00001.00004.00002.00001	Subassembly 248	-	NA	NA	NA	NA	NA	NA	NA	NA	NA	NA	NA	NA	NA	NA	NA	NA	NA	NA	NA	NA	NA
C.1.2.1.4.2.2	C.00001.00002.00001.00004.00002.00002	Subassembly 249	-	NA	NA	NA	NA	NA	NA	NA	NA	NA	NA	NA	NA	NA	NA	NA	NA	NA	NA	NA	NA	NA
C.1.2.1.4.2.3	C.00001.00002.00001.00004.00002.00003	Subassembly 250	-	NA	NA	NA	NA	NA	NA	NA	NA	NA	NA	NA	NA	NA	NA	NA	NA	NA	NA	NA	NA	NA
C.1.2.1.4.3.1	C.00001.00002.00001.00004.00003.00001	Subassembly 251	-	NA	NA	NA	NA	NA	NA	NA	NA	NA	NA	NA	NA	NA	NA	NA	NA	NA	NA	NA	NA	NA
C.1.2.1.4.3.2	C.00001.00002.00001.00004.00003.00002	Subassembly 252	-	NA	NA	NA	NA	NA	NA	NA	NA	NA	NA	NA	NA	NA	NA	NA	NA	NA	NA	NA	NA	NA
C.1.2.1.4.4.1	C.00001.00002.00001.00004.00004.00001	Subassembly 253	-	NA	NA	NA	NA	NA	NA	NA	NA	NA	NA	NA	NA	NA	NA	NA	NA	NA	NA	NA	NA	NA
C.1.2.1.4.4.2	C.00001.00002.00001.00004.00004.00002	Subassembly 254	-	NA	NA	NA	NA	NA	NA	NA	NA	NA	NA	NA	NA	NA	NA	NA	NA	NA	NA	NA	NA	NA
C.1.2.1.4.4.3	C.00001.00002.00001.00004.00004.00003	Subassembly 255	-	NA	NA	NA	NA	NA	NA	NA	NA	NA	NA	NA	NA	NA	NA	NA	NA	NA	NA	NA	NA	NA
C.1.2.1.4.5.1	C.00001.00002.00001.00004.00005.00001	Subassembly 256	-	NA	NA	NA	NA	NA	NA	NA	NA	NA	NA	NA	NA	NA	NA	NA	NA	NA	NA	NA	NA	NA
C.1.2.1.4.5.2	C.00001.00002.00001.00004.00005.00002	Subassembly 257	-	NA	NA	NA	NA	NA	NA	NA	NA	NA	NA	NA	NA	NA	NA	NA	NA	NA	NA	NA	NA	NA
C.1.2.1.4.5.3	C.00001.00002.00001.00004.00005.00003	Subassembly 258	-	NA	NA	NA	NA	NA	NA	NA	NA	NA	NA	NA	NA	NA	NA	NA	NA	NA	NA	NA	NA	NA
C.1.2.1.4.5.4	C.00001.00002.00001.00004.00005.00004	Subassembly 259	-	NA	NA	NA	NA	NA	NA	NA	NA	NA	NA	NA	NA	NA	NA	NA	NA	NA	NA	NA	NA	NA
C.1.2.1.4.5.5	C.00001.00002.00001.00004.00005.00005	Subassembly 260	-	NA	NA	NA	NA	NA	NA	NA	NA	NA	NA	NA	NA	NA	NA	NA	NA	NA	NA	NA	NA	NA
C.1.2.2.1.1.1	C.00001.00002.00002.00001.00001.00001	Subassembly 261	-	NA	NA	NA	NA	NA	NA	NA	NA	NA	NA	NA	NA	NA	NA	NA	NA	NA	NA	NA	NA	NA
C.1.2.2.1.1.2	C.00001.00002.00002.00001.00001.00002	Subassembly 262	-	NA	NA	NA	NA	NA	NA	NA	NA	NA	NA	NA	NA	NA	NA	NA	NA	NA	NA	NA	NA	NA
C.1.2.2.1.1.3	C.00001.00002.00002.00001.00001.00003	Subassembly 263	-	NA	NA	NA	NA	NA	NA	NA	NA	NA	NA	NA	NA	NA	NA	NA	NA	NA	NA	NA	NA	NA
C.1.2.2.1.2.1	C.00001.00002.00002.00001.00002.00001	Subassembly 264	-	NA	NA	NA	NA	NA	NA	NA	NA	NA	NA	NA	NA	NA	NA	NA	NA	NA	NA	NA	NA	NA
C.1.2.2.1.2.2	C.00001.00002.00002.00001.00002.00002	Subassembly 265	-	NA	NA	NA	NA	NA	NA	NA	NA	NA	NA	NA	NA	NA	NA	NA	NA	NA	NA	NA	NA	NA
C.1.2.2.1.2.3	C.00001.00002.00002.00001.00002.00003	Subassembly 266	-	NA	NA	NA	NA	NA	NA	NA	NA	NA	NA	NA	NA	NA	NA	NA	NA	NA	NA	NA	NA	NA
C.1.2.2.2.1.1	C.00001.00002.00002.00002.00001.00001	Subassembly 267	-	NA	NA	NA	NA	NA	NA	NA	NA	NA	NA	NA	NA	NA	NA	NA	NA	NA	NA	NA	NA	NA
C.1.2.2.2.1.2	C.00001.00002.00002.00002.00001.00002	Subassembly 268	-	NA	NA	NA	NA	NA	NA	NA	NA	NA	NA	NA	NA	NA	NA	NA	NA	NA	NA	NA	NA	NA
C.1.2.2.2.1.3	C.00001.00002.00002.00002.00001.00003	Subassembly 269	-	NA	NA	NA	NA	NA	NA	NA	NA	NA	NA	NA	NA	NA	NA	NA	NA	NA	NA	NA	NA	NA
C.1.2.2.2.2.1	C.00001.00002.00002.00002.00002.00001	Subassembly 270	-	NA	NA	NA	NA	NA	NA	NA	NA	NA	NA	NA	NA	NA	NA	NA	NA	NA	NA	NA	NA	NA
C.1.2.2.2.2.2	C.00001.00002.00002.00002.00002.00002	Subassembly 271	-	NA	NA	NA	NA	NA	NA	NA	NA	NA	NA	NA	NA	NA	NA	NA	NA	NA	NA	NA	NA	NA
C.1.2.2.2.2.3	C.00001.00002.00002.00002.00002.00003	Subassembly 272	-	NA	NA	NA	NA	NA	NA	NA	NA	NA	NA	NA	NA	NA	NA	NA	NA	NA	NA	NA	NA	NA
C.1.2.2.2.2.4	C.00001.00002.00002.00002.00002.00004	Subassembly 273	-	NA	NA	NA	NA	NA	NA	NA	NA	NA	NA	NA	NA	NA	NA	NA	NA	NA	NA	NA	NA	NA
C.1.2.2.2.3.1	C.00001.00002.00002.00002.00003.00001	Subassembly 274	-	NA	NA	NA	NA	NA	NA	NA	NA	NA	NA	NA	NA	NA	NA	NA	NA	NA	NA	NA	NA	NA
C.1.2.2.2.3.2	C.00001.00002.00002.00002.00003.00002	Subassembly 275	-	NA	NA	NA	NA	NA	NA	NA	NA	NA	NA	NA	NA	NA	NA	NA	NA	NA	NA	NA	NA	NA
C.1.2.2.2.3.3	C.00001.00002.00002.00002.00003.00003	Subassembly 276	-	NA	NA	NA	NA	NA	NA	NA	NA	NA	NA	NA	NA	NA	NA	NA	NA	NA	NA	NA	NA	NA
C.1.2.2.2.3.4	C.00001.00002.00002.00002.00003.00004	Subassembly 277	-	NA	NA	NA	NA	NA	NA	NA	NA	NA	NA	NA	NA	NA	NA	NA	NA	NA	NA	NA	NA	NA
C.1.2.2.2.4.1	C.00001.00002.00002.00002.00004.00001	Subassembly 278	-	NA	NA	NA	NA	NA	NA	NA	NA	NA	NA	NA	NA	NA	NA	NA	NA	NA	NA	NA	NA	NA
C.1.2.2.2.4.2	C.00001.00002.00002.00002.00004.00002	Subassembly 279	-	NA	NA	NA	NA	NA	NA	NA	NA	NA	NA	NA	NA	NA	NA	NA	NA	NA	NA	NA	NA	NA
C.1.2.2.2.4.3	C.00001.00002.00002.00002.00004.00003	Subassembly 280	-	NA	NA	NA	NA	NA	NA	NA	NA	NA	NA	NA	NA	NA	NA	NA	NA	NA	NA	NA	NA	NA
C.1.2.2.2.4.4	C.00001.00002.00002.00002.00004.00004	Subassembly 281	-	NA	NA	NA	NA	NA	NA	NA	NA	NA	NA	NA	NA	NA	NA	NA	NA	NA	NA	NA	NA	NA
C.1.2.2.3.1.1	C.00001.00002.00002.00003.00001.00001	Subassembly 282	-	NA	NA	NA	NA	NA	NA	NA	NA	NA	NA	NA	NA	NA	NA	NA	NA	NA	NA	NA	NA	NA
C.1.2.2.3.1.2	C.00001.00002.00002.00003.00001.00002	Subassembly 283	-	NA	NA	NA	NA	NA	NA	NA	NA	NA	NA	NA	NA	NA	NA	NA	NA	NA	NA	NA	NA	NA
C.1.2.2.3.2.1	C.00001.00002.00002.00003.00002.00001	Subassembly 284	-	NA	NA	NA	NA	NA	NA	NA	NA	NA	NA	NA	NA	NA	NA	NA	NA	NA	NA	NA	NA	NA
C.1.2.2.3.2.2	C.00001.00002.00002.00003.00002.00002	Subassembly 285	-	NA	NA	NA	NA	NA	NA	NA	NA	NA	NA	NA	NA	NA	NA	NA	NA	NA	NA	NA	NA	NA
C.1.2.2.3.2.3	C.00001.00002.00002.00003.00002.00003	Subassembly 286	-	NA	NA	NA	NA	NA	NA	NA	NA	NA	NA	NA	NA	NA	NA	NA	NA	NA	NA	NA	NA	NA
C.1.2.2.3.2.4	C.00001.00002.00002.00003.00002.00004	Subassembly 287	-	NA	NA	NA	NA	NA	NA	NA	NA	NA	NA	NA	NA	NA	NA	NA	NA	NA	NA	NA	NA	NA
C.1.2.3.1.1.1	C.00001.00002.00003.00001.00001.00001	Subassembly 288	-	NA	NA	NA	NA	NA	NA	NA	NA	NA	NA	NA	NA	NA	NA	NA	NA	NA	NA	NA	NA	NA
C.1.2.3.1.1.2	C.00001.00002.00003.00001.00001.00002	Subassembly 289	-	NA	NA	NA	NA	NA	NA	NA	NA	NA	NA	NA	NA	NA	NA	NA	NA	NA	NA	NA	NA	NA
C.1.2.3.1.2.1	C.00001.00002.00003.00001.00002.00001	Subassembly 290	-	NA	NA	NA	NA	NA	NA	NA	NA	NA	NA	NA	NA	NA	NA	NA	NA	NA	NA	NA	NA	NA
C.1.2.3.1.2.2	C.00001.00002.00003.00001.00002.00002	Subassembly 291	-	NA	NA	NA	NA	NA	NA	NA	NA	NA	NA	NA	NA	NA	NA	NA	NA	NA	NA	NA	NA	NA
C.1.2.3.1.2.3	C.00001.00002.00003.00001.00002.00003	Subassembly 292	-	NA	NA	NA	NA	NA	NA	NA	NA	NA	NA	NA	NA	NA	NA	NA	NA	NA	NA	NA	NA	NA
C.1.2.3.1.3.1	C.00001.00002.00003.00001.00003.00001	Subassembly 293	-	NA	NA	NA	NA	NA	NA	NA	NA	NA	NA	NA	NA	NA	NA	NA	NA	NA	NA	NA	NA	NA
C.1.2.3.1.3.2	C.00001.00002.00003.00001.00003.00002	Subassembly 294	-	NA	NA	NA	NA	NA	NA	NA	NA	NA	NA	NA	NA	NA	NA	NA	NA	NA	NA	NA	NA	NA
C.1.2.3.1.4.1	C.00001.00002.00003.00001.00004.00001	Subassembly 295	-	NA	NA	NA	NA	NA	NA	NA	NA	NA	NA	NA	NA	NA	NA	NA	NA	NA	NA	NA	NA	NA
C.1.2.3.1.4.2	C.00001.00002.00003.00001.00004.00002	Subassembly 296	-	NA	NA	NA	NA	NA	NA	NA	NA	NA	NA	NA	NA	NA	NA	NA	NA	NA	NA	NA	NA	NA
C.1.2.3.1.4.3	C.00001.00002.00003.00001.00004.00003	Subassembly 297	-	NA	NA	NA	NA	NA	NA	NA	NA	NA	NA	NA	NA	NA	NA	NA	NA	NA	NA	NA	NA	NA
C.1.2.3.1.4.4	C.00001.00002.00003.00001.00004.00004	Subassembly 298	-	NA	NA	NA	NA	NA	NA	NA	NA	NA	NA	NA	NA	NA	NA	NA	NA	NA	NA	NA	NA	NA
C.1.2.3.1.4.5	C.00001.00002.00003.00001.00004.00005	Subassembly 299	-	NA	NA	NA	NA	NA	NA	NA	NA	NA	NA	NA	NA	NA	NA	NA	NA	NA	NA	NA	NA	NA
C.1.2.3.1.5.1	C.00001.00002.00003.00001.00005.00001	Subassembly 300	-	NA	NA	NA	NA	NA	NA	NA	NA	NA	NA	NA	NA	NA	NA	NA	NA	NA	NA	NA	NA	NA
C.1.2.3.1.5.2	C.00001.00002.00003.00001.00005.00002	Subassembly 301	-	NA	NA	NA	NA	NA	NA	NA	NA	NA	NA	NA	NA	NA	NA	NA	NA	NA	NA	NA	NA	NA
C.1.2.3.1.5.3	C.00001.00002.00003.00001.00005.00003	Subassembly 302	-	NA	NA	NA	NA	NA	NA	NA	NA	NA	NA	NA	NA	NA	NA	NA	NA	NA	NA	NA	NA	NA
C.1.2.3.1.5.4	C.00001.00002.00003.00001.00005.00004	Subassembly 303	-	NA	NA	NA	NA	NA	NA	NA	NA	NA	NA	NA	NA	NA	NA	NA	NA	NA	NA	NA	NA	NA
C.1.2.3.2.1.1	C.00001.00002.00003.00002.00001.00001	Subassembly 304	-	NA	NA	NA	NA	NA	NA	NA	NA	NA	NA	NA	NA	NA	NA	NA	NA	NA	NA	NA	NA	NA
C.1.2.3.2.1.2	C.00001.00002.00003.00002.00001.00002	Subassembly 305	-	NA	NA	NA	NA	NA	NA	NA	NA	NA	NA	NA	NA	NA	NA	NA	NA	NA	NA	NA	NA	NA
C.1.2.3.2.2.1	C.00001.00002.00003.00002.00002.00001	Subassembly 306	-	NA	NA	NA	NA	NA	NA	NA	NA	NA	NA	NA	NA	NA	NA	NA	NA	NA	NA	NA	NA	NA
C.1.2.3.2.2.2	C.00001.00002.00003.00002.00002.00002	Subassembly 307	-	NA	NA	NA	NA	NA	NA	NA	NA	NA	NA	NA	NA	NA	NA	NA	NA	NA	NA	NA	NA	NA
C.1.2.3.2.3.1	C.00001.00002.00003.00002.00003.00001	Subassembly 308	-	NA	NA	NA	NA	NA	NA	NA	NA	NA	NA	NA	NA	NA	NA	NA	NA	NA	NA	NA	NA	NA
C.1.2.3.2.3.2	C.00001.00002.00003.00002.00003.00002	Subassembly 309	-	NA	NA	NA	NA	NA	NA	NA	NA	NA	NA	NA	NA	NA	NA	NA	NA	NA	NA	NA	NA	NA
C.1.2.3.2.4.1	C.00001.00002.00003.00002.00004.00001	Subassembly 310	-	NA	NA	NA	NA	NA	NA	NA	NA	NA	NA	NA	NA	NA	NA	NA	NA	NA	NA	NA	NA	NA
C.1.2.3.2.4.2	C.00001.00002.00003.00002.00004.00002	Subassembly 311	-	NA	NA	NA	NA	NA	NA	NA	NA	NA	NA	NA	NA	NA	NA	NA	NA	NA	NA	NA	NA	NA
C.1.2.3.2.4.3	C.00001.00002.00003.00002.00004.00003	Subassembly 312	-	NA	NA	NA	NA	NA	NA	NA	NA	NA	NA	NA	NA	NA	NA	NA	NA	NA	NA	NA	NA	NA
C.1.2.3.2.4.4	C.00001.00002.00003.00002.00004.00004	Subassembly 313	-	NA	NA	NA	NA	NA	NA	NA	NA	NA	NA	NA	NA	NA	NA	NA	NA	NA	NA	NA	NA	NA
C.1.2.3.2.4.5	C.00001.00002.00003.00002.00004.00005	Subassembly 314	-	NA	NA	NA	NA	NA	NA	NA	NA	NA	NA	NA	NA	NA	NA	NA	NA	NA	NA	NA	NA	NA
C.1.2.3.2.5.1	C.00001.00002.00003.00002.00005.00001	Subassembly 315	-	NA	NA	NA	NA	NA	NA	NA	NA	NA	NA	NA	NA	NA	NA	NA	NA	NA	NA	NA	NA	NA
C.1.2.3.2.5.2	C.00001.00002.00003.00002.00005.00002	Subassembly 316	-	NA	NA	NA	NA	NA	NA	NA	NA	NA	NA	NA	NA	NA	NA	NA	NA	NA	NA	NA	NA	NA
C.1.2.3.3.1.1	C.00001.00002.00003.00003.00001.00001	Subassembly 317	-	NA	NA	NA	NA	NA	NA	NA	NA	NA	NA	NA	NA	NA	NA	NA	NA	NA	NA	NA	NA	NA
C.1.2.3.3.1.2	C.00001.00002.00003.00003.00001.00002	Subassembly 318	-	NA	NA	NA	NA	NA	NA	NA	NA	NA	NA	NA	NA	NA	NA	NA	NA	NA	NA	NA	NA	NA
C.1.2.3.3.2.1	C.00001.00002.00003.00003.00002.00001	Subassembly 319	-	NA	NA	NA	NA	NA	NA	NA	NA	NA	NA	NA	NA	NA	NA	NA	NA	NA	NA	NA	NA	NA
C.1.2.3.3.2.2	C.00001.00002.00003.00003.00002.00002	Subassembly 320	-	NA	NA	NA	NA	NA	NA	NA	NA	NA	NA	NA	NA	NA	NA	NA	NA	NA	NA	NA	NA	NA
C.1.2.3.3.2.3	C.00001.00002.00003.00003.00002.00003	Subassembly 321	-	NA	NA	NA	NA	NA	NA	NA	NA	NA	NA	NA	NA	NA	NA	NA	NA	NA	NA	NA	NA	NA
C.1.2.3.3.2.4	C.00001.00002.00003.00003.00002.00004	Subassembly 322	-	NA	NA	NA	NA	NA	NA	NA	NA	NA	NA	NA	NA	NA	NA	NA	NA	NA	NA	NA	NA	NA
C.1.2.3.3.2.5	C.00001.00002.00003.00003.00002.00005	Subassembly 323	-	NA	NA	NA	NA	NA	NA	NA	NA	NA	NA	NA	NA	NA	NA	NA	NA	NA	NA	NA	NA	NA
C.1.2.3.3.3.1	C.00001.00002.00003.00003.00003.00001	Subassembly 324	-	NA	NA	NA	NA	NA	NA	NA	NA	NA	NA	NA	NA	NA	NA	NA	NA	NA	NA	NA	NA	NA
C.1.2.3.3.3.2	C.00001.00002.00003.00003.00003.00002	Subassembly 325	-	NA	NA	NA	NA	NA	NA	NA	NA	NA	NA	NA	NA	NA	NA	NA	NA	NA	NA	NA	NA	NA
C.1.2.3.3.3.3	C.00001.00002.00003.00003.00003.00003	Subassembly 326	-	NA	NA	NA	NA	NA	NA	NA	NA	NA	NA	NA	NA	NA	NA	NA	NA	NA	NA	NA	NA	NA
C.1.2.3.3.3.4	C.00001.00002.00003.00003.00003.00004	Subassembly 327	-	NA	NA	NA	NA	NA	NA	NA	NA	NA	NA	NA	NA	NA	NA	NA	NA	NA	NA	NA	NA	NA
C.1.2.3.3.4.1	C.00001.00002.00003.00003.00004.00001	Subassembly 328	-	NA	NA	NA	NA	NA	NA	NA	NA	NA	NA	NA	NA	NA	NA	NA	NA	NA	NA	NA	NA	NA
C.1.2.3.3.4.2	C.00001.00002.00003.00003.00004.00002	Subassembly 329	-	NA	NA	NA	NA	NA	NA	NA	NA	NA	NA	NA	NA	NA	NA	NA	NA	NA	NA	NA	NA	NA
C.1.2.3.3.4.3	C.00001.00002.00003.00003.00004.00003	Subassembly 330	-	NA	NA	NA	NA	NA	NA	NA	NA	NA	NA	NA	NA	NA	NA	NA	NA	NA	NA	NA	NA	NA
C.1.2.3.3.4.4	C.00001.00002.00003.00003.00004.00004	Subassembly 331	-	NA	NA	NA	NA	NA	NA	NA	NA	NA	NA	NA	NA	NA	NA	NA	NA	NA	NA	NA	NA	NA
C.1.2.3.3.4.5	C.00001.00002.00003.00003.00004.00005	Subassembly 332	-	NA	NA	NA	NA	NA	NA	NA	NA	NA	NA	NA	NA	NA	NA	NA	NA	NA	NA	NA	NA	NA
C.1.2.3.3.5.1	C.00001.00002.00003.00003.00005.00001	Subassembly 333	-	NA	NA	NA	NA	NA	NA	NA	NA	NA	NA	NA	NA	NA	NA	NA	NA	NA	NA	NA	NA	NA
C.1.2.3.3.5.2	C.00001.00002.00003.00003.00005.00002	Subassembly 334	-	NA	NA	NA	NA	NA	NA	NA	NA	NA	NA	NA	NA	NA	NA	NA	NA	NA	NA	NA	NA	NA
C.1.2.3.3.5.3	C.00001.00002.00003.00003.00005.00003	Subassembly 335	-	NA	NA	NA	NA	NA	NA	NA	NA	NA	NA	NA	NA	NA	NA	NA	NA	NA	NA	NA	NA	NA
C.1.2.3.3.5.4	C.00001.00002.00003.00003.00005.00004	Subassembly 336	-	NA	NA	NA	NA	NA	NA	NA	NA	NA	NA	NA	NA	NA	NA	NA	NA	NA	NA	NA	NA	NA
C.1.2.3.3.5.5	C.00001.00002.00003.00003.00005.00005	Subassembly 337	-	NA	NA	NA	NA	NA	NA	NA	NA	NA	NA	NA	NA	NA	NA	NA	NA	NA	NA	NA	NA	NA
C.1.2.3.4.1.1	C.00001.00002.00003.00004.00001.00001	Subassembly 338	-	NA	NA	NA	NA	NA	NA	NA	NA	NA	NA	NA	NA	NA	NA	NA	NA	NA	NA	NA	NA	NA
C.1.2.3.4.1.2	C.00001.00002.00003.00004.00001.00002	Subassembly 339	-	NA	NA	NA	NA	NA	NA	NA	NA	NA	NA	NA	NA	NA	NA	NA	NA	NA	NA	NA	NA	NA
C.1.2.3.4.1.3	C.00001.00002.00003.00004.00001.00003	Subassembly 340	-	NA	NA	NA	NA	NA	NA	NA	NA	NA	NA	NA	NA	NA	NA	NA	NA	NA	NA	NA	NA	NA
C.1.2.3.4.1.4	C.00001.00002.00003.00004.00001.00004	Subassembly 341	-	NA	NA	NA	NA	NA	NA	NA	NA	NA	NA	NA	NA	NA	NA	NA	NA	NA	NA	NA	NA	NA
C.1.2.3.4.1.5	C.00001.00002.00003.00004.00001.00005	Subassembly 342	-	NA	NA	NA	NA	NA	NA	NA	NA	NA	NA	NA	NA	NA	NA	NA	NA	NA	NA	NA	NA	NA
C.1.2.3.4.2.1	C.00001.00002.00003.00004.00002.00001	Subassembly 343	-	NA	NA	NA	NA	NA	NA	NA	NA	NA	NA	NA	NA	NA	NA	NA	NA	NA	NA	NA	NA	NA
C.1.2.3.4.2.2	C.00001.00002.00003.00004.00002.00002	Subassembly 344	-	NA	NA	NA	NA	NA	NA	NA	NA	NA	NA	NA	NA	NA	NA	NA	NA	NA	NA	NA	NA	NA
C.1.2.3.4.2.3	C.00001.00002.00003.00004.00002.00003	Subassembly 345	-	NA	NA	NA	NA	NA	NA	NA	NA	NA	NA	NA	NA	NA	NA	NA	NA	NA	NA	NA	NA	NA
C.1.2.3.4.3.1	C.00001.00002.00003.00004.00003.00001	Subassembly 346	-	NA	NA	NA	NA	NA	NA	NA	NA	NA	NA	NA	NA	NA	NA	NA	NA	NA	NA	NA	NA	NA
C.1.2.3.4.3.2	C.00001.00002.00003.00004.00003.00002	Subassembly 347	-	NA	NA	NA	NA	NA	NA	NA	NA	NA	NA	NA	NA	NA	NA	NA	NA	NA	NA	NA	NA	NA
C.1.2.3.5.1.1	C.00001.00002.00003.00005.00001.00001	Subassembly 348	-	NA	NA	NA	NA	NA	NA	NA	NA	NA	NA	NA	NA	NA	NA	NA	NA	NA	NA	NA	NA	NA
C.1.2.3.5.1.2	C.00001.00002.00003.00005.00001.00002	Subassembly 349	-	NA	NA	NA	NA	NA	NA	NA	NA	NA	NA	NA	NA	NA	NA	NA	NA	NA	NA	NA	NA	NA
C.1.2.3.5.1.3	C.00001.00002.00003.00005.00001.00003	Subassembly 350	-	NA	NA	NA	NA	NA	NA	NA	NA	NA	NA	NA	NA	NA	NA	NA	NA	NA	NA	NA	NA	NA
C.1.2.3.5.1.4	C.00001.00002.00003.00005.00001.00004	Subassembly 351	-	NA	NA	NA	NA	NA	NA	NA	NA	NA	NA	NA	NA	NA	NA	NA	NA	NA	NA	NA	NA	NA
C.1.2.3.5.2.1	C.00001.00002.00003.00005.00002.00001	Subassembly 352	-	NA	NA	NA	NA	NA	NA	NA	NA	NA	NA	NA	NA	NA	NA	NA	NA	NA	NA	NA	NA	NA
C.1.2.3.5.2.2	C.00001.00002.00003.00005.00002.00002	Subassembly 353	-	NA	NA	NA	NA	NA	NA	NA	NA	NA	NA	NA	NA	NA	NA	NA	NA	NA	NA	NA	NA	NA
C.1.2.3.5.3.1	C.00001.00002.00003.00005.00003.00001	Subassembly 354	-	NA	NA	NA	NA	NA	NA	NA	NA	NA	NA	NA	NA	NA	NA	NA	NA	NA	NA	NA	NA	NA
C.1.2.3.5.3.2	C.00001.00002.00003.00005.00003.00002	Subassembly 355	-	NA	NA	NA	NA	NA	NA	NA	NA	NA	NA	NA	NA	NA	NA	NA	NA	NA	NA	NA	NA	NA
C.1.2.3.5.3.3	C.00001.00002.00003.00005.00003.00003	Subassembly 356	-	NA	NA	NA	NA	NA	NA	NA	NA	NA	NA	NA	NA	NA	NA	NA	NA	NA	NA	NA	NA	NA
C.1.2.3.5.3.4	C.00001.00002.00003.00005.00003.00004	Subassembly 357	-	NA	NA	NA	NA	NA	NA	NA	NA	NA	NA	NA	NA	NA	NA	NA	NA	NA	NA	NA	NA	NA
C.1.2.3.5.3.5	C.00001.00002.00003.00005.00003.00005	Subassembly 358	-	NA	NA	NA	NA	NA	NA	NA	NA	NA	NA	NA	NA	NA	NA	NA	NA	NA	NA	NA	NA	NA
C.1.1.1.1.1.1.1	C.00001.00001.00001.00001.00001.00001.00001	Part 1	+	0.1521751119736582	-34.29865841753781	-66.12854544073343	-73.53497515432537	0.18346195470478338	0.15837006341318408	0.18470199509290466	0.0037985231754760324	0.0037582877147340657	-0.014017164148438758	FALSE	0.28909372274994966	28.721044428837228	28.23690002309109	29.057750463592832	0.37074144170588635	0.3723953238821935	0.37017423652493897	0.02351283871158888	0.022566176940390956	0.02209918015384651
C.1.1.1.1.1.1.2	C.00001.00001.00001.00001.00001.00001.00002	Part 2	+	0.18868499795440585	-34.91070759482682	-26.443653739988804	53.87474172748625	0.27656684418566047	0.27637506714868143	0.27051180191523305	0.00778657987414301	-0.0023871384096893107	0.00589012398047391	FALSE	0.28909372274994966	28.721044428837228	28.23690002309109	29.057750463592832	0.37074144170588635	0.3723953238821935	0.37017423652493897	0.02351283871158888	0.022566176940390956	0.02209918015384651
C.1.1.1.1.1.1.3	C.00001.00001.00001.00001.00001.00001.00003	Part 3	+	0.7697069959277287	-17.265138030052185	20.49697022885084	-53.10265985317528	0.904850891478444	0.867503905740675	0.853946253806776	-0.01872761180810094	0.007255691281044883	0.003569366743797703	FALSE	0.28909372274994966	28.721044428837228	28.23690002309109	29.057750463592832	0.37074144170588635	0.3723953238821935	0.37017423652493897	0.02351283871158888	0.022566176940390956	0.02209918015384651
C.1.1.1.1.1.2.1	C.00001.00001.00001.00001.00001.00002.00001	Part 4	+	0.1454309616452083	41.68215095996857	-91.38107933104038	-68.34089234471321	0.1717862834362892	0.20386716344036002	0.16809870997644813	0.006733403644455866	-0.009373831223081025	-5.888376607972038e-4	FALSE	0.28909372274994966	28.721044428837228	28.23690002309109	29.057750463592832	0.37074144170588635	0.3723953238821935	0.37017423652493897	0.02351283871158888	0.022566176940390956	0.02209918015384651
C.1.1.1.1.1.2.2	C.00001.00001.00001.00001.00001.00002.00002	Part 5	-	0.9522862783651799	79.8512370325625	32.26179811172187	-25.890729343518615	1.2568463851420968	1.1609834388077394	1.2267789861314367	0.005367798972772337	-0.013565949879023667	0.10434382732355574	FALSE	0.28909372274994966	28.721044428837228	28.23690002309109	29.057750463592832	0.37074144170588635	0.3723953238821935	0.37017423652493897	0.02351283871158888	0.022566176940390956	0.02209918015384651
C.1.1.1.1.1.2.3	C.00001.00001.00001.00001.00001.00002.00003	Part 6	+	0.8294994919870514	18.63987920805812	12.642979109659791	-75.99323713220656	0.7835029760668094	0.7752406776518191	0.7801212941347628	-0.0015970713176399714	-0.023550038977687725	0.01137750065967411	FALSE	0.28909372274994966	28.721044428837228	28.23690002309109	29.057750463592832	0.37074144170588635	0.3723953238821935	0.37017423652493897	0.02351283871158888	0.022566176940390956	0.02209918015384651
C.1.1.1.1.1.2.4	C.00001.00001.00001.00001.00001.00002.00004	Part 7	+	0.6792828879216686	27.477146219462156	24.369020108133554	31.537090241909027	0.8372575836394387	0.943580796291087	0.7879040587225734	0.0076169696805578994	-0.010881734663394874	-0.008582621063851836	FALSE	0.28909372274994966	28.721044428837228	28.23690002309109	29.057750463592832	0.37074144170588635	0.3723953238821935	0.37017423652493897	0.02351283871158888	0.022566176940390956	0.02209918015384651
C.1.1.1.1.1.2.5	C.00001.00001.00001.00001.00001.00002.00005	Part 8	-	0.9274918380929157	48.09760567732155	-80.08880070410669	-47.49870989471674	1.182191375767316	1.1778809746036805	1.0313577602875554	0.0023185027804681546	-0.09811931207805208	0.01526965162144308	FALSE	0.28909372274994966	28.721044428837228	28.23690002309109	29.057750463592832	0.37074144170588635	0.3723953238821935	0.37017423652493897	0.02351283871158888	0.022566176940390956	0.02209918015384651
C.1.1.1.1.1.3.1	C.00001.00001.00001.00001.00001.00003.00001	Part 9	-	0.012705426325090228	-61.86356646940112	39.72041537053883	39.86886125057936	0.014102043535239485	0.015186854591097613	0.015178208293440349	-7.571641608683109e-4	9.218718164940613e-4	9.860125308335174e-4	FALSE	0.28909372274994966	28.721044428837228	28.23690002309109	29.057750463592832	0.37074144170588635	0.3723953238821935	0.37017423652493897	0.02351283871158888	0.022566176940390956	0.02209918015384651
C.1.1.1.1.1.3.2	C.00001.00001.00001.00001.00001.00003.00002	Part 10	+	0.8187970951176249	45.64918917603791	82.09767998196185	-21.63806138560176	0.7926596080396694	0.7918937658538793	0.8374083084660802	0.005264876541506831	-0.022091082560101775	-0.03450787670732504	FALSE	0.28909372274994966	28.721044428837228	28.23690002309109	29.057750463592832	0.37074144170588635	0.3723953238821935	0.37017423652493897	0.02351283871158888	0.022566176940390956	0.02209918015384651
C.1.1.1.1.1.3.3	C.00001.00001.00001.00001.00001.00003.00003	Part 11	-	0.48895880657131785	-94.86765237525105	-71.30342787131667	-8.021717378869653	0.6301673669658536	0.5959242710680464	0.5951663723889477	-0.005026221719268833	0.011158228346530134	-0.004689767300963031	FALSE	0.28909372274994966	28.721044428837228	28.23690002309109	29.057750463592832	0.37074144170588635	0.3723953238821935	0.37017423652493897	0.02351283871158888	0.022566176940390956	0.02209918015384651
C.1.1.1.1.1.3.4	C.00001.00001.00001.00001.00001.00003.00004	Part 12	-	0.20360899326065554	76.15776215679944	8.406097907572985	39.03013924136758	0.3128143534696859	0.3152177792644552	0.3127604152723791	0.008740178069113726	-4.100437388877678e-4	9.315418409794618e-4	FALSE	0.28909372274994966	28.721044428837228	28.23690002309109	29.057750463592832	0.37074144170588635	0.3723953238821935	0.37017423652493897	0.02351283871158888	0.022566176940390956	0.02209918015384651
C.1.1.1.1.1.4.1	C.00001.00001.00001.00001.00001.00004.00001	Part 13	-	0.3572169222852681	84.20433290302753	-54.49259839951992	-81.80367383174598	0.47484915144953266	0.5360134926434229	0.42690188421355063	-0.040837676934439904	0.008546856401091856	-0.006819686196795118	FALSE	0.28909372274994966	28.721044428837228	28.23690002309109	29.057750463592832	0.37074144170588635	0.3723953238821935	0.37017423652493897	0.02351283871158888	0.022566176940390956	0.02209918015384651
C.1.1.1.1.1.4.2	C.00001.00001.00001.00001.00001.00004.00002	Part 14	+	0.5571071715857834	99.08350468613207	-62.094857916235924	51.5940326731652	0.7362727185191851	0.768145720247189	0.7087226870067952	-0.0596578707553419	0.014016170605811895	0.023145325843034623	FALSE	0.28909372274994966	28.721044428837228	28.23690002309109	29.057750463592832	0.37074144170588635	0.3723953238821935	0.37017423652493897	0.02351283871158888	0.022566176940390956	0.02209918015384651
C.1.1.1.1.1.4.3	C.00001.00001.00001.00001.00001.00004.00003	Part 15	-	0.5190961779379286	-33.48792656324804	-97.70168159157038	60.95813768915832	0.6284872739303747	0.5800037008023744	0.6021852105108795	-0.047508415561734615	-0.0014863199142704706	-0.004023124277438803	FALSE	0.28909372274994966	28.721044428837228	28.23690002309109	29.057750463592832	0.37074144170588635	0.3723953238821935	0.37017423652493897	0.02351283871158888	0.022566176940390956	0.02209918015384651
C.1.1.1.1.1.4.4	C.00001.00001.00001.00001.00001.00004.00004	Part 16	+	0.7931164753204212	91.02454143576324	65.8065673429519	-86.37497588060796	1.0813363570354253	1.0293142713537367	0.9894751949948105	0.043647868381421054	0.054978072317282925	0.010604305309151851	FALSE	0.28909372274994966	28.721044428837228	28.23690002309109	29.057750463592832	0.37074144170588635	0.3723953238821935	0.37017423652493897	0.02351283871158888	0.022566176940390956	0.02209918015384651
C.1.1.1.1.1.5.1	C.00001.00001.00001.00001.00001.00005.00001	Part 17	+	0.26025292832637203	-41.36475306004286	-73.9494463428855	89.89339577965438	0.3116709562430628	0.3530933369496171	0.2972344682989129	0.0018383202757886082	0.01412175398157994	-0.018449147825117758	FALSE	0.28909372274994966	28.721044428837228	28.23690002309109	29.057750463592832	0.37074144170588635	0.3723953238821935	0.37017423652493897	0.02351283871158888	0.022566176940390956	0.02209918015384651
C.1.1.1.1.1.5.2	C.00001.00001.00001.00001.00001.00005.00002	Part 18	-	0.7820831922453363	-27.885227696970105	14.93952446617186	-2.1522313822060823	0.8518186503340801	0.8871099261236091	0.9621465209277352	0.005493539823235515	0.015048475976331601	-0.029676148897113057	FALSE	0.28909372274994966	28.721044428837228	28.23690002309109	29.057750463592832	0.37074144170588635	0.3723953238821935	0.37017423652493897	0.02351283871158888	0.022566176940390956	0.02209918015384651
C.1.1.1.1.2.1.1	C.00001.00001.00001.00001.00002.00001.00001	Part 19	+	0.5135785475107841	70.91835285536945	-88.44160186126828	89.99599302187562	0.5418073046051372	0.5932172548868199	0.5824304131793494	0.0016399993397964328	-0.017114214656449286	-0.0011244915949632785	FALSE	0.28909372274994966	28.721044428837228	28.23690002309109	29.057750463592832	0.37074144170588635	0.3723953238821935	0.37017423652493897	0.02351283871158888	0.022566176940390956	0.02209918015384651
C.1.1.1.1.2.1.2	C.00001.00001.00001.00001.00002.00001.00002	Part 20	-	0.7413986765367444	-89.23627063632011	76.23628829605877	-80.8549493085593	0.7888714458993766	0.8292074355111392	0.7861894780092485	-0.008352315737316422	0.032743987892089356	0.007893626385324908	FALSE	0.28909372274994966	28.721044428837228	28.23690002309109	29.057750463592832	0.37074144170588635	0.3723953238821935	0.37017423652493897	0.02351283871158888	0.022566176940390956	0.02209918015384651
C.1.1.1.1.2.1.3	C.00001.00001.00001.00001.00002.00001.00003	Part 21	-	0.8808226748576854	85.35944437608123	77.34298836439848	4.569195583462715	0.9338089361498445	0.9559248959713871	0.8498839843522831	-0.026741949099851788	-0.015093191609550995	0.016018618533133334	FALSE	0.28909372274994966	28.721044428837228	28.23690002309109	29.057750463592832	0.37074144170588635	0.3723953238821935	0.37017423652493897	0.02351283871158888	0.022566176940390956	0.02209918015384651
C.1.1.1.1.2.2.1	C.00001.00001.00001.00001.00002.00002.00001	Part 22	-	0.7712820994718932	12.463552132248878	33.60808356665075	28.75491394661367	0.9896094194201455	0.9995423118036598	0.7714555629277365	-0.042997255698823456	0.01937819990961847	0.04890118300263788	FALSE	0.28909372274994966	28.721044428837228	28.23690002309109	29.057750463592832	0.37074144170588635	0.3723953238821935	0.37017423652493897	0.02351283871158888	0.022566176940390956	0.02209918015384651
C.1.1.1.1.2.2.2	C.00001.00001.00001.00001.00002.00002.00002	Part 23	-	0.6032088426768314	42.426528595387936	-50.0353897921741	-22.477717651054263	0.6082759830375095	0.7294572504843319	0.732360445450684	0.0864758372841277	-0.04663228031792355	0.01064362876184336	FALSE	0.28909372274994966	28.721044428837228	28.23690002309109	29.057750463592832	0.37074144170588635	0.3723953238821935	0.37017423652493897	0.02351283871158888	0.022566176940390956	0.02209918015384651
C.1.1.1.1.2.2.3	C.00001.00001.00001.00001.00002.00002.00003	Part 24	+	0.8692736305550206	66.44520820118487	-11.240406800061464	-94.49159284122288	1.0648305957090487	0.9793059901999447	0.9980270038897266	-0.08187407144464187	-0.03451382343710634	0.0853480077839882	FALSE	0.28909372274994966	28.721044428837228	28.23690002309109	29.057750463592832	0.37074144170588635	0.3723953238821935	0.37017423652493897	0.02351283871158888	0.022566176940390956	0.02209918015384651
C.1.1.1.1.2.3.1	C.00001.00001.00001.00001.00002.00003.00001	Part 25	-	0.43263949803891594	71.7912663705647	-8.486271928995848	42.408562218770385	0.4110113670047712	0.5230117612574051	0.5064963110824754	-0.027218124716260356	-0.0554366259456813	-0.004615459387363461	FALSE	0.28909372274994966	28.721044428837228	28.23690002309109	29.057750463592832	0.37074144170588635	0.3723953238821935	0.37017423652493897	0.02351283871158888	0.022566176940390956	0.02209918015384651
C.1.1.1.1.2.3.2	C.00001.00001.00001.00001.00002.00003.00002	Part 26	+	0.5616151409610175	23.045656364411116	-40.90169197879732	-78.23526933789253	0.6726617743261615	0.6535860322980943	0.6483018815249533	0.0047905078751247256	-0.02586964620047131	-0.01652036659346097	FALSE	0.28909372274994966	28.721044428837228	28.23690002309109	29.057750463592832	0.37074144170588635	0.3723953238821935	0.37017423652493897	0.02351283871158888	0.022566176940390956	0.02209918015384651
C.1.1.1.1.2.3.3	C.00001.00001.00001.00001.00002.00003.00003	Part 27	-	0.8929159117490053	15.40752169676125	-68.8828909303993	-37.21725856885314	1.3836969050186676	1.1247671667969468	1.184343945119268	-0.04590787104991288	-0.03864313172501027	0.021437510926272454	FALSE	0.28909372274994966	28.721044428837228	28.23690002309109	29.057750463592832	0.37074144170588635	0.3723953238821935	0.37017423652493897	0.02351283871158888	0.022566176940390956	0.02209918015384651
C.1.1.1.1.2.3.4	C.00001.00001.00001.00001.00002.00003.00004	Part 28	-	0.7840164996779058	70.36396483890712	-49.943631794303656	84.3402674421668	0.7498778096224765	0.7420379089018556	0.7675189025218033	-0.0018618220508169769	-1.6751341913394552e-5	0.002102450383311292	FALSE	0.28909372274994966	28.721044428837228	28.23690002309109	29.057750463592832	0.37074144170588635	0.3723953238821935	0.37017423652493897	0.02351283871158888	0.022566176940390956	0.02209918015384651
C.1.1.1.1.2.3.5	C.00001.00001.00001.00001.00002.00003.00005	Part 29	+	0.695954920454882	-49.38840065151453	64.11762246862054	-93.65140623413026	0.7776619133776641	0.7350937571569712	0.7850556748371398	0.005618900920627741	0.047816837860602326	-4.039556146849208e-4	FALSE	0.28909372274994966	28.721044428837228	28.23690002309109	29.057750463592832	0.37074144170588635	0.3723953238821935	0.37017423652493897	0.02351283871158888	0.022566176940390956	0.02209918015384651
C.1.1.1.1.2.4.1	C.00001.00001.00001.00001.00002.00004.00001	Part 30	-	0.9436988299102522	-66.92492282018065	49.732256261631846	93.86770399287343	1.2886768949444425	1.2217401945586743	1.1206466271500322	0.06072433196133281	-0.08619452278113188	-0.04547609834927677	FALSE	0.28909372274994966	28.721044428837228	28.23690002309109	29.057750463592832	0.37074144170588635	0.3723953238821935	0.37017423652493897	0.02351283871158888	0.022566176940390956	0.02209918015384651
C.1.1.1.1.2.4.2	C.00001.00001.00001.00001.00002.00004.00002	Part 31	+	0.673545587467961	97.01616941019893	69.5228427182883	35.328703513368964	0.8473901395472749	0.8234551849261366	0.7668203241750924	0.041488819265171846	0.050520560228710466	-0.021624172208190406	FALSE	0.28909372274994966	28.721044428837228	28.23690002309109	29.057750463592832	0.37074144170588635	0.3723953238821935	0.37017423652493897	0.02351283871158888	0.022566176940390956	0.02209918015384651
C.1.1.1.1.2.4.3	C.00001.00001.00001.00001.00002.00004.00003	Part 32	+	0.11553020319505594	-0.730050215497613	24.466659035533667	57.09592984057963	0.13509820083969448	0.1452609027797815	0.1495497763298617	-0.0026632551093619668	0.0023267850009609675	-8.189717595237061e-4	FALSE	0.28909372274994966	28.721044428837228	28.23690002309109	29.057750463592832	0.37074144170588635	0.3723953238821935	0.37017423652493897	0.02351283871158888	0.022566176940390956	0.02209918015384651
C.1.1.1.1.2.4.4	C.00001.00001.00001.00001.00002.00004.00004	Part 33	+	0.34857530738203785	-63.98548884317279	-74.24236019141972	76.13917263224721	0.4715985839694769	0.41674429063310514	0.43622683259144296	0.019312334336277263	0.0041147134064364824	-0.007185592006803824	FALSE	0.28909372274994966	28.721044428837228	28.23690002309109	29.057750463592832	0.37074144170588635	0.3723953238821935	0.37017423652493897	0.02351283871158888	0.022566176940390956	0.02209918015384651
C.1.1.1.1.2.5.1	C.00001.00001.00001.00001.00002.00005.00001	Part 34	+	0.8280004888649565	51.439374685287476	-62.66789431683719	-57.598067820072174	0.9017238691922955	0.9002202716176154	0.9105615537368861	-0.021639086044565475	-0.018413166917529266	-0.004759512616736874	FALSE	0.28909372274994966	28.721044428837228	28.23690002309109	29.057750463592832	0.37074144170588635	0.3723953238821935	0.37017423652493897	0.02351283871158888	0.022566176940390956	0.02209918015384651
C.1.1.1.1.2.5.2	C.00001.00001.00001.00001.00002.00005.00002	Part 35	-	0.15809483261196874	48.91085121780634	4.567188955843449	-73.94922659732401	0.16368212381628913	0.18943937654425835	0.18782810692943028	0.014759018051930757	0.001260635244357189	0.005826912991183145	FALSE	0.28909372274994966	28.721044428837228	28.23690002309109	29.057750463592832	0.37074144170588635	0.3723953238821935	0.37017423652493897	0.02351283871158888	0.022566176940390956	0.02209918015384651
C.1.1.1.1.2.5.3	C.00001.00001.00001.00001.00002.00005.00003	Part 36	-	0.3790072734153364	-39.83527738600969	-20.327910967171192	26.927303662523627	0.3206503236592797	0.33904506000963136	0.3391154753793135	-0.0026212176125589106	9.86966653668253e-4	0.0017618757083064402	FALSE	0.28909372274994966	28.721044428837228	28.23690002309109	29.057750463592832	0.37074144170588635	0.3723953238821935	0.37017423652493897	0.02351283871158888	0.022566176940390956	0.02209918015384651
C.1.1.1.1.2.5.4	C.00001.00001.00001.00001.00002.00005.00004	Part 37	+	0.8809562529905234	3.8416769355535507	-29.869883647188544	-63.54120313189924	1.1398817251819047	1.0770260638110756	1.0212118495769824	0.007045131470129704	-0.052201494660640384	-0.026616296064105982	FALSE	0.28909372274994966	28.721044428837228	28.23690002309109	29.057750463592832	0.37074144170588635	0.3723953238821935	0.37017423652493897	0.02351283871158888	0.022566176940390956	0.02209918015384651
C.1.1.1.1.3.1.1	C.00001.00001.00001.00001.00003.00001.00001	Part 38	+	0.14622153044352307	99.21634825877845	93.6696857213974	-56.561761954799294	0.19643423394214446	0.21343720542294503	0.2165462492762795	0.0034981924195316228	7.380366460453652e-4	-0.0025580736595108944	FALSE	0.28909372274994966	28.721044428837228	28.23690002309109	29.057750463592832	0.37074144170588635	0.3723953238821935	0.37017423652493897	0.02351283871158888	0.022566176940390956	0.02209918015384651
C.1.1.1.1.3.1.2	C.00001.00001.00001.00001.00003.00001.00002	Part 39	+	0.816904512305744	6.2335321214050055	-64.85962145961821	-7.743510697036982	1.038350924273957	1.0347491496685401	0.9761404323672223	-0.04433959896401238	0.05027237609822839	-9.845609253663632e-4	FALSE	0.28909372274994966	28.721044428837228	28.23690002309109	29.057750463592832	0.37074144170588635	0.3723953238821935	0.37017423652493897	0.02351283871158888	0.022566176940390956	0.02209918015384651
C.1.1.1.1.3.1.3	C.00001.00001.00001.00001.00003.00001.00003	Part 40	-	0.40549652369623074	22.764458088204265	-58.645621640607715	-0.36920011043548584	0.4741372858970175	0.47921536567576256	0.4957670874285284	-0.02011384283695799	-0.023900615622589542	0.022832951488102535	FALSE	0.28909372274994966	28.721044428837228	28.23690002309109	29.057750463592832	0.37074144170588635	0.3723953238821935	0.37017423652493897	0.02351283871158888	0.022566176940390956	0.02209918015384651
C.1.1.1.1.3.1.4	C.00001.00001.00001.00001.00003.00001.00004	Part 41	+	0.7099413991076872	97.23394718021154	44.218095391988754	-6.449255114421248	1.0227921520512584	0.9486777174797226	0.9175400538101954	0.00217001469178261	-0.02200696957430804	0.035404389834662875	FALSE	0.28909372274994966	28.721044428837228	28.23690002309109	29.057750463592832	0.37074144170588635	0.3723953238821935	0.37017423652493897	0.02351283871158888	0.022566176940390956	0.02209918015384651
C.1.1.1.1.3.1.5	C.00001.00001.00001.00001.00003.00001.00005	Part 42	-	0.5422065042119939	8.036752883344889	59.67299812473357	-6.505430908873677	0.7466881832263661	0.702733627768533	0.7751268247199941	0.05699878736535637	0.010630338942310573	0.014773749222682722	FALSE	0.28909372274994966	28.721044428837228	28.23690002309109	29.057750463592832	0.37074144170588635	0.3723953238821935	0.37017423652493897	0.02351283871158888	0.022566176940390956	0.02209918015384651
C.1.1.1.1.3.2.1	C.00001.00001.00001.00001.00003.00002.00001	Part 43	+	0.26679534564120694	-42.3387766815722	78.68632734753191	88.77342287451029	0.3653197529961761	0.3586917892626038	0.36761850142652697	3.9382814022135513e-4	0.0012502970559738385	0.004304778296552754	FALSE	0.28909372274994966	28.721044428837228	28.23690002309109	29.057750463592832	0.37074144170588635	0.3723953238821935	0.37017423652493897	0.02351283871158888	0.022566176940390956	0.02209918015384651
C.1.1.1.1.3.2.2	C.00001.00001.00001.00001.00003.00002.00002	Part 44	+	0.6980398972455878	-95.86311224848032	-85.33331966027617	-77.88576940074563	1.080027327993266	1.0201478091470655	0.9847903172482783	-0.0490600347873377	-0.004266232778660036	-0.002338528783125025	FALSE	0.28909372274994966	28.721044428837228	28.23690002309109	29.057750463592832	0.37074144170588635	0.3723953238821935	0.37017423652493897	0.02351283871158888	0.022566176940390956	0.02209918015384651
C.1.1.1.1.3.2.3	C.00001.00001.00001.00001.00003.00002.00003	Part 45	+	0.2595371792665683	-70.06597449071705	78.65505330264568	47.46227124705911	0.3640537628749178	0.32188428910221606	0.3221347434432082	0.012409809486083848	-0.010835166549848991	-0.02253309996441543	FALSE	0.28909372274994966	28.721044428837228	28.23690002309109	29.057750463592832	0.37074144170588635	0.3723953238821935	0.37017423652493897	0.02351283871158888	0.022566176940390956	0.02209918015384651
C.1.1.1.1.3.2.4	C.00001.00001.00001.00001.00003.00002.00004	Part 46	-	0.4108353999129031	-47.83589071594179	78.8680911064148	-21.74429977312684	0.5047676335272006	0.4809239587456611	0.4511124983651898	-0.022156578472749162	0.008016888608753586	0.01539359014453958	FALSE	0.28909372274994966	28.721044428837228	28.23690002309109	29.057750463592832	0.37074144170588635	0.3723953238821935	0.37017423652493897	0.02351283871158888	0.022566176940390956	0.02209918015384651
C.1.1.1.1.3.3.1	C.00001.00001.00001.00001.00003.00003.00001	Part 47	-	0.634985460388707	-18.305410584434867	17.44096572510898	-1.0011337231844664	0.8913730410721291	0.8316278723741327	0.7318105744566464	-0.0914367115521594	-0.006115827586336267	-0.04307338553088562	FALSE	0.28909372274994966	28.721044428837228	28.23690002309109	29.057750463592832	0.37074144170588635	0.3723953238821935	0.37017423652493897	0.02351283871158888	0.022566176940390956	0.02209918015384651
C.1.1.1.1.3.3.2	C.00001.00001.00001.00001.00003.00003.00002	Part 48	+	0.590746205801377	-22.072292352095246	-98.88322618789971	7.5308040250092745	0.6452928842272114	0.7347706669129337	0.7089715318353176	0.0022180955597196797	0.05961121056537379	-0.03234114015540693	FALSE	0.28909372274994966	28.721044428837228	28.23690002309109	29.057750463592832	0.37074144170588635	0.3723953238821935	0.37017423652493897	0.02351283871158888	0.022566176940390956	0.02209918015384651
C.1.1.1.2.1.1.1	C.00001.00001.00001.00002.00001.00001.00001	Part 49	+	0.5218669216977433	-94.74931973963976	-5.726963002234697	-89.35355059802532	0.7684898093613619	0.7282929874850371	0.7585793360053665	0.006459898419936109	1.8921784647928908e-4	-0.009041759965398723	FALSE	0.28909372274994966	28.721044428837228	28.23690002309109	29.057750463592832	0.37074144170588635	0.3723953238821935	0.37017423652493897	0.02351283871158888	0.022566176940390956	0.02209918015384651
C.1.1.1.2.1.1.2	C.00001.00001.00001.00002.00001.00001.00002	Part 50	+	0.7470984810600058	-59.83006777241826	82.42514738813043	-69.5905792992562	0.9216839362577209	0.9411256344934409	0.7732515990727997	0.06294775827641705	0.0447360618638525	0.01937433844389028	FALSE	0.28909372274994966	28.721044428837228	28.23690002309109	29.057750463592832	0.37074144170588635	0.3723953238821935	0.37017423652493897	0.02351283871158888	0.022566176940390956	0.02209918015384651
C.1.1.1.2.1.1.3	C.00001.00001.00001.00002.00001.00001.00003	Part 51	+	0.2837263432755135	-73.3916062861681	-0.018426543101668358	-76.85401369817555	0.42319231989813316	0.42173626068599446	0.40446692907991805	0.003297595921162696	0.0054009229062743766	0.002900604633331045	FALSE	0.28909372274994966	28.721044428837228	28.23690002309109	29.057750463592832	0.37074144170588635	0.3723953238821935	0.37017423652493897	0.02351283871158888	0.022566176940390956	0.02209918015384651
C.1.1.1.2.1.2.1	C.00001.00001.00001.00002.00001.00002.00001	Part 52	-	0.3497393322051503	90.42232581414282	-73.29918104223907	70.73393822647631	0.48129434662801535	0.42940927822364294	0.44369393395620965	-0.059034113629182816	0.0015432537273156236	0.003548681987400733	FALSE	0.28909372274994966	28.721044428837228	28.23690002309109	29.057750463592832	0.37074144170588635	0.3723953238821935	0.37017423652493897	0.02351283871158888	0.022566176940390956	0.02209918015384651
C.1.1.1.2.1.2.2	C.00001.00001.00001.00002.00001.00002.00002	Part 53	+	0.8794165587418247	-29.14036763831973	26.189054362475872	27.455057902261615	1.2116122134738396	1.2426066559451039	1.2076981166633518	-0.02881338669679237	0.02638315617137038	0.038840310391896185	FALSE	0.28909372274994966	28.721044428837228	28.23690002309109	29.057750463592832	0.37074144170588635	0.3723953238821935	0.37017423652493897	0.02351283871158888	0.022566176940390956	0.02209918015384651
C.1.1.1.2.1.2.3	C.00001.00001.00001.00002.00001.00002.00003	Part 54	-	0.669483742558863	58.65882928483188	86.78798843175173	68.53770180605352	0.8660795315379488	0.789060856532035	0.8011005056184142	-0.0047560944535491225	0.04915970114870735	-0.02358444629675939	FALSE	0.28909372274994966	28.721044428837228	28.23690002309109	29.057750463592832	0.37074144170588635	0.3723953238821935	0.37017423652493897	0.02351283871158888	0.022566176940390956	0.02209918015384651
C.1.1.1.2.1.2.4	C.00001.00001.00001.00002.00001.00002.00004	Part 55	+	0.9484717072607018	95.47817502170801	62.14317181147635	-65.79681993462145	1.2546791853375412	1.226248233993727	1.1748731285389662	-0.023894569743970417	0.030223377798457254	-0.06763778130919393	FALSE	0.28909372274994966	28.721044428837228	28.23690002309109	29.057750463592832	0.37074144170588635	0.3723953238821935	0.37017423652493897	0.02351283871158888	0.022566176940390956	0.02209918015384651
C.1.1.1.2.1.3.1	C.00001.00001.00001.00002.00001.00003.00001	Part 56	-	0.4260679590126965	19.299472263082862	-37.00572685338557	11.499222228303552	0.5624370538017689	0.5036909703258995	0.5368108141322708	-0.013077850299350869	-0.004149335543551784	0.03063573249296033	FALSE	0.28909372274994966	28.721044428837228	28.23690002309109	29.057750463592832	0.37074144170588635	0.3723953238821935	0.37017423652493897	0.02351283871158888	0.022566176940390956	0.02209918015384651
C.1.1.1.2.1.3.2	C.00001.00001.00001.00002.00001.00003.00002	Part 57	-	0.7554786639297381	5.929126497358084	52.547507267445326	-4.727424122393131	1.0251652487671645	0.9811623597373842	1.002838146866474	-0.07430656772976525	0.08615317106975548	-0.06522962006746337	FALSE	0.28909372274994966	28.721044428837228	28.23690002309109	29.057750463592832	0.37074144170588635	0.3723953238821935	0.37017423652493897	0.02351283871158888	0.022566176940390956	0.02209918015384651
C.1.1.1.2.1.3.3	C.00001.00001.00001.00002.00001.00003.00003	Part 58	-	0.2523808718936052	-51.382982172071934	-96.5985853690654	71.31787086836994	0.3371728688082054	0.28081668905200063	0.2850610195326052	0.02310969099420511	-0.006070164475370973	-1.9415714886170636e-4	FALSE	0.28909372274994966	28.721044428837228	28.23690002309109	29.057750463592832	0.37074144170588635	0.3723953238821935	0.37017423652493897	0.02351283871158888	0.022566176940390956	0.02209918015384651
C.1.1.1.2.1.3.4	C.00001.00001.00001.00002.00001.00003.00004	Part 59	-	0.9880897538557183	96.5033090673387	-65.71766454726458	83.37932345457375	1.2902819703811412	1.311263679631395	1.3765730656949615	-0.020929296776081862	-0.004299549732964904	3.507446615881047e-4	FALSE	0.28909372274994966	28.721044428837228	28.23690002309109	29.057750463592832	0.37074144170588635	0.3723953238821935	0.37017423652493897	0.02351283871158888	0.022566176940390956	0.02209918015384651
C.1.1.1.2.1.3.5	C.00001.00001.00001.00002.00001.00003.00005	Part 60	-	0.2704563324097544	-51.99252562597394	-63.93344886600971	-28.686578618362546	0.34860902662002913	0.359321042096914	0.35927295925538605	9.10367688005906e-4	-0.0018871768727899488	8.024887626780901e-5	FALSE	0.28909372274994966	28.721044428837228	28.23690002309109	29.057750463592832	0.37074144170588635	0.3723953238821935	0.37017423652493897	0.02351283871158888	0.022566176940390956	0.02209918015384651
C.1.1.1.2.1.4.1	C.00001.00001.00001.00002.00001.00004.00001	Part 61	+	0.271978923043469	-60.715602710843086	-25.645897444337606	25.933133577927947	0.34442468234819473	0.34263607584570394	0.35338258294955327	6.889441683797253e-4	0.008059866703174554	-2.2100830910817712e-4	FALSE	0.28909372274994966	28.721044428837228	28.23690002309109	29.057750463592832	0.37074144170588635	0.3723953238821935	0.37017423652493897	0.02351283871158888	0.022566176940390956	0.02209918015384651
C.1.1.1.2.1.4.2	C.00001.00001.00001.00002.00001.00004.00002	Part 62	+	0.3950687476214953	-56.759323040023446	-72.16552658937871	24.581784661859274	0.5900102928380874	0.5960194067137053	0.6086748960895008	-0.002011022898645948	-0.012879150202092043	-0.01806574977154448	FALSE	0.28909372274994966	28.721044428837228	28.23690002309109	29.057750463592832	0.37074144170588635	0.3723953238821935	0.37017423652493897	0.02351283871158888	0.022566176940390956	0.02209918015384651
C.1.1.1.2.1.4.3	C.00001.00001.00001.00002.00001.00004.00003	Part 63	-	0.45132643448049203	22.585051227360964	-56.67813732288778	-23.093143943697214	0.6592479832442258	0.5905540003939	0.604170243779568	0.02751133215598491	0.046859209745853336	0.018318092065488015	FALSE	0.28909372274994966	28.721044428837228	28.23690002309109	29.057750463592832	0.37074144170588635	0.3723953238821935	0.37017423652493897	0.02351283871158888	0.022566176940390956	0.02209918015384651
C.1.1.1.2.2.1.1	C.00001.00001.00001.00002.00002.00001.00001	Part 64	-	0.9828562500306871	-33.119674399495125	59.440611535683274	-31.26640967093408	0.9128730607994954	1.0531611829184802	0.9831509706365098	0.03615669069591548	-3.9552185897018824e-4	-0.005404154703424167	FALSE	0.28909372274994966	28.721044428837228	28.23690002309109	29.057750463592832	0.37074144170588635	0.3723953238821935	0.37017423652493897	0.02351283871158888	0.022566176940390956	0.02209918015384651
C.1.1.1.2.2.1.2	C.00001.00001.00001.00002.00002.00001.00002	Part 65	-	0.12627824692009018	76.15239098668098	30.404927721247077	-55.07273371331394	0.17865814493628002	0.18449415187102183	0.17750760496726264	1.241612111880214e-4	-0.0037461530554957737	3.9726211620278037e-4	FALSE	0.28909372274994966	28.721044428837228	28.23690002309109	29.057750463592832	0.37074144170588635	0.3723953238821935	0.37017423652493897	0.02351283871158888	0.022566176940390956	0.02209918015384651
C.1.1.1.2.2.1.3	C.00001.00001.00001.00002.00002.00001.00003	Part 66	-	0.7898205938499887	-38.762542232871056	-34.38987135887146	73.17715771496296	0.9091259717832947	0.9063963777014893	1.009195772290123	-0.017849097830616653	0.004864170464651306	-0.03145188336427279	FALSE	0.28909372274994966	28.721044428837228	28.23690002309109	29.057750463592832	0.37074144170588635	0.3723953238821935	0.37017423652493897	0.02351283871158888	0.022566176940390956	0.02209918015384651
C.1.1.1.2.2.1.4	C.00001.00001.00001.00002.00002.00001.00004	Part 67	+	0.36688056779210454	-64.71347692422569	-93.05689525790513	-17.94682159088552	0.47382907252434264	0.455105099554942	0.5438434321860209	-0.03237732142462442	0.012749409023009622	0.011452654694815215	FALSE	0.28909372274994966	28.721044428837228	28.23690002309109	29.057750463592832	0.37074144170588635	0.3723953238821935	0.37017423652493897	0.02351283871158888	0.022566176940390956	0.02209918015384651
C.1.1.1.2.2.1.5	C.00001.00001.00001.00002.00002.00001.00005	Part 68	+	0.7198834493104368	-21.555669093504548	-65.7669379375875	62.732501514256	0.9597635211222975	1.011073047390852	1.0585198933053375	0.012916934232068049	-0.04768159311665033	-0.04316320045199108	FALSE	0.28909372274994966	28.721044428837228	28.23690002309109	29.057750463592832	0.37074144170588635	0.3723953238821935	0.37017423652493897	0.02351283871158888	0.022566176940390956	0.02209918015384651
C.1.1.1.2.2.2.1	C.00001.00001.00001.00002.00002.00002.00001	Part 69	+	0.1236639610095881	-2.366035059094429	98.62749241292477	71.87450714409351	0.15674375452644598	0.13430617816724458	0.17271513635151836	0.005734368938563279	-3.335246358656305e-4	-2.1345377969578402e-4	FALSE	0.28909372274994966	28.721044428837228	28.23690002309109	29.057750463592832	0.37074144170588635	0.3723953238821935	0.37017423652493897	0.02351283871158888	0.022566176940390956	0.02209918015384651
C.1.1.1.2.2.2.2	C.00001.00001.00001.00002.00002.00002.00002	Part 70	+	0.36694321964122356	-52.6706965174526	74.22661487944424	-13.584513124078512	0.41429691516717526	0.3722785154372464	0.449921237142715	0.009960438694383851	0.02333089822050821	-0.014201410038346945	FALSE	0.28909372274994966	28.721044428837228	28.23690002309109	29.057750463592832	0.37074144170588635	0.3723953238821935	0.37017423652493897	0.02351283871158888	0.022566176940390956	0.02209918015384651
C.1.1.1.2.3.1.1	C.00001.00001.00001.00002.00003.00001.00001	Part 71	-	0.007822998428484426	-40.83584323525429	-44.801608100533485	-29.819833021610975	0.011551502738626424	0.009992170720280432	0.01109635881646229	-5.143711310470591e-4	1.2237390421771047e-4	1.1134597662428806e-4	FALSE	0.28909372274994966	28.721044428837228	28.23690002309109	29.057750463592832	0.37074144170588635	0.3723953238821935	0.37017423652493897	0.02351283871158888	0.022566176940390956	0.02209918015384651
C.1.1.1.2.3.1.2	C.00001.00001.00001.00002.00003.00001.00002	Part 72	+	0.011006234406260775	-27.485495479777455	62.73811003193259	-79.21771402470767	0.0095934949163012009	0.009551116869749752	0.009548968077839387	-7.056898905150784e-5	3.202951665268411e-6	3.877224547558983e-6	FALSE	0.28909372274994966	28.721044428837228	28.23690002309109	29.057750463592832	0.37074144170588635	0.3723953238821935	0.37017423652493897	0.02351283871158888	0.022566176940390956	0.02209918015384651
C.1.1.1.2.3.1.3	C.00001.00001.00001.00002.00003.00001.00003	Part 73	+	0.9737113904533907	88.39750867336988	85.73678876273334	-2.154058776795864	1.3340938923761394	1.1372455338629872	1.1498063946713875	0.039170954392874296	0.09851781162341479	-0.01302421448174621	FALSE	0.28909372274994966	28.721044428837228	28.23690002309109	29.057750463592832	0.37074144170588635	0.3723953238821935	0.37017423652493897	0.02351283871158888	0.022566176940390956	0.02209918015384651
C.1.1.1.2.3.1.4	C.00001.00001.00001.00002.00003.00001.00004	Part 74	-	0.858947238052031	55.83097371272743	-36.66782295331359	54.58871033042669	1.1024439505074801	0.9761638561988891	1.0304223115500033	-0.05459600758184348	0.03096943892350617	-0.017644373721022545	FALSE	0.28909372274994966	28.721044428837228	28.23690002309109	29.057750463592832	0.37074144170588635	0.3723953238821935	0.37017423652493897	0.02351283871158888	0.022566176940390956	0.02209918015384651
C.1.1.1.2.3.2.1	C.00001.00001.00001.00002.00003.00002.00001	Part 75	+	0.26481551376148127	-53.63753028213978	-46.66466596536338	-0.9244846645742655	0.31155615203788484	0.3374063449454626	0.2642084792059911	-0.0028651342545981395	0.004376458327808952	0.00671981313787727	FALSE	0.28909372274994966	28.721044428837228	28.23690002309109	29.057750463592832	0.37074144170588635	0.3723953238821935	0.37017423652493897	0.02351283871158888	0.022566176940390956	0.02209918015384651
C.1.1.1.2.3.2.2	C.00001.00001.00001.00002.00003.00002.00002	Part 76	-	0.7251628128180746	50.216217106208205	-18.339439621195197	68.33912990987301	0.9231240841585072	1.030388570836557	0.912180235028248	-0.08272681975307605	0.019280188350300147	0.07808673286905413	FALSE	0.28909372274994966	28.721044428837228	28.23690002309109	29.057750463592832	0.37074144170588635	0.3723953238821935	0.37017423652493897	0.02351283871158888	0.022566176940390956	0.02209918015384651
C.1.1.1.2.3.2.3	C.00001.00001.00001.00002.00003.00002.00003	Part 77	+	0.8274399111559615	50.84372856654227	27.238840935751796	-2.8501118533313274	1.0936122645996538	1.197534737156608	1.1891672224475878	0.041248748883859945	0.05433118366225956	0.02561028488680142	FALSE	0.28909372274994966	28.721044428837228	28.23690002309109	29.057750463592832	0.37074144170588635	0.3723953238821935	0.37017423652493897	0.02351283871158888	0.022566176940390956	0.02209918015384651
C.1.1.1.2.3.3.1	C.00001.00001.00001.00002.00003.00003.00001	Part 78	+	0.7546356687473599	-88.97826941683888	-42.908964306116104	26.664093229919672	0.9921469082791691	0.8911001917120183	0.9996333147935802	0.03243077703484606	-0.03418935154774299	-0.02459281388571486	FALSE	0.28909372274994966	28.721044428837228	28.23690002309109	29.057750463592832	0.37074144170588635	0.3723953238821935	0.37017423652493897	0.02351283871158888	0.022566176940390956	0.02209918015384651
C.1.1.1.2.3.3.2	C.00001.00001.00001.00002.00003.00003.00002	Part 79	+	0.6828366940831766	-60.35300688818097	-56.18043448776007	-3.304198244586587	0.9102177883118019	0.7294773717185047	0.9001911488394024	-0.03685921735404289	-0.013568581638424355	0.03117987508106529	FALSE	0.28909372274994966	28.721044428837228	28.23690002309109	29.057750463592832	0.37074144170588635	0.3723953238821935	0.37017423652493897	0.02351283871158888	0.022566176940390956	0.02209918015384651
C.1.1.1.2.3.3.3	C.00001.00001.00001.00002.00003.00003.00003	Part 80	+	0.8028958896433469	51.41779645346105	59.67926140874624	9.603276010602713	1.0079054880811766	1.1149655243882572	1.0768822499710498	0.06785926147745266	-2.93820157681978e-4	0.0012403797470538157	FALSE	0.28909372274994966	28.721044428837228	28.23690002309109	29.057750463592832	0.37074144170588635	0.3723953238821935	0.37017423652493897	0.02351283871158888	0.022566176940390956	0.02209918015384651
C.1.1.1.2.3.3.4	C.00001.00001.00001.00002.00003.00003.00004	Part 81	+	0.6417334571871907	-58.70668143033981	-6.36283541098237	-55.96758760511875	0.8669762979884124	0.7364008855226749	0.8964697487583941	0.010010641488802109	0.02707546893380521	0.012281919114728987	FALSE	0.28909372274994966	28.721044428837228	28.23690002309109	29.057750463592832	0.37074144170588635	0.3723953238821935	0.37017423652493897	0.02351283871158888	0.022566176940390956	0.02209918015384651
C.1.1.1.2.3.4.1	C.00001.00001.00001.00002.00003.00004.00001	Part 82	+	0.218199021138018	-84.89080280996859	-87.14131964370608	-35.78796214424074	0.26089645683230894	0.24367161848884702	0.23179783658841557	-0.002261864155376762	-0.010163627779620796	-7.032633569100514e-4	FALSE	0.28909372274994966	28.721044428837228	28.23690002309109	29.057750463592832	0.37074144170588635	0.3723953238821935	0.37017423652493897	0.02351283871158888	0.022566176940390956	0.02209918015384651
C.1.1.1.2.3.4.2	C.00001.00001.00001.00002.00003.00004.00002	Part 83	+	0.24151459474605508	91.12854218110442	-60.79755173996091	23.188514169305563	0.2507853333779884	0.24790091248970633	0.2495395381580272	-0.00641294803320176	-0.006484474832168237	0.004517412851417688	FALSE	0.28909372274994966	28.721044428837228	28.23690002309109	29.057750463592832	0.37074144170588635	0.3723953238821935	0.37017423652493897	0.02351283871158888	0.022566176940390956	0.02209918015384651
C.1.1.1.2.3.4.3	C.00001.00001.00001.00002.00003.00004.00003	Part 84	-	0.13108227028069086	-55.105545883998275	50.29907142743468	-28.523652302101254	0.17823414938489507	0.16899774076443264	0.1773958050477111	0.005422380925786991	7.495704353869361e-4	-8.682237867695884e-4	FALSE	0.28909372274994966	28.721044428837228	28.23690002309109	29.057750463592832	0.37074144170588635	0.3723953238821935	0.37017423652493897	0.02351283871158888	0.022566176940390956	0.02209918015384651
C.1.1.1.2.3.4.4	C.00001.00001.00001.00002.00003.00004.00004	Part 85	-	0.9114522569233086	99.45832034572959	-48.21691857650876	-69.26424028351903	1.3067320479293425	1.1125524444129244	1.0533387588658123	-0.012055424370845285	-0.05322908217825536	-0.030729263493735334	FALSE	0.28909372274994966	28.721044428837228	28.23690002309109	29.057750463592832	0.37074144170588635	0.3723953238821935	0.37017423652493897	0.02351283871158888	0.022566176940390956	0.02209918015384651
C.1.1.1.2.3.5.1	C.00001.00001.00001.00002.00003.00005.00001	Part 86	-	0.4338953122391831	-12.77408441528678	-13.969493936747313	-44.24185575917363	0.49270015055474464	0.5016157042249995	0.5268220749094653	0.0433617550509799	-0.004072994004007659	-0.03862226545273363	FALSE	0.28909372274994966	28.721044428837228	28.23690002309109	29.057750463592832	0.37074144170588635	0.3723953238821935	0.37017423652493897	0.02351283871158888	0.022566176940390956	0.02209918015384651
C.1.1.1.2.3.5.2	C.00001.00001.00001.00002.00003.00005.00002	Part 87	+	0.5910588249377906	29.65973257087171	-51.554149482399225	13.282808754593134	0.8345633971161253	0.7921890857522789	0.7591917307542413	-0.019399802419791883	-0.009460651472754125	0.001293269805567248	FALSE	0.28909372274994966	28.721044428837228	28.23690002309109	29.057750463592832	0.37074144170588635	0.3723953238821935	0.37017423652493897	0.02351283871158888	0.022566176940390956	0.02209918015384651
C.1.1.2.1.1.1.1	C.00001.00001.00002.00001.00001.00001.00001	Part 88	+	0.6574666414444801	-9.622719464823604	-82.01006525196135	46.11129076220095	0.7924319434190586	0.7951552296965433	0.8517165241991727	0.018472004886994693	0.02031593818065161	-0.0405560443178258	FALSE	0.28909372274994966	28.721044428837228	28.23690002309109	29.057750463592832	0.37074144170588635	0.3723953238821935	0.37017423652493897	0.02351283871158888	0.022566176940390956	0.02209918015384651
C.1.1.2.1.1.1.2	C.00001.00001.00002.00001.00001.00001.00002	Part 89	+	0.4924646405968815	-52.681920398026705	50.23396322503686	24.14228324778378	0.5381535340322877	0.5285273533443069	0.5669012014808583	-0.05549247648288142	-0.02178819035792537	0.02070791522660934	FALSE	0.28909372274994966	28.721044428837228	28.23690002309109	29.057750463592832	0.37074144170588635	0.3723953238821935	0.37017423652493897	0.02351283871158888	0.022566176940390956	0.02209918015384651
C.1.1.2.1.1.1.3	C.00001.00001.00002.00001.00001.00001.00003	Part 90	+	0.46895969050144776	0.40842434391379356	-53.29704228788614	-0.8331109769642353	0.4546870890483837	0.4412517242475275	0.487322858126521	-0.024311548527731784	-0.017274549465124384	0.004452458694065321	FALSE	0.28909372274994966	28.721044428837228	28.23690002309109	29.057750463592832	0.37074144170588635	0.3723953238821935	0.37017423652493897	0.02351283871158888	0.022566176940390956	0.02209918015384651
C.1.1.2.1.1.1.4	C.00001.00001.00002.00001.00001.00001.00004	Part 91	+	0.47378089074534363	83.87293019331992	-53.824869310483336	-86.99310440570116	0.5702519029418239	0.5707611064209885	0.44679084025344334	0.013209199407745268	0.0405193281179539	-0.00669167558083413	FALSE	0.28909372274994966	28.721044428837228	28.23690002309109	29.057750463592832	0.37074144170588635	0.3723953238821935	0.37017423652493897	0.02351283871158888	0.022566176940390956	0.02209918015384651
C.1.1.2.1.1.2.1	C.00001.00001.00002.00001.00001.00002.00001	Part 92	-	0.4027995278642047	0.4480175208300352	-63.00972164608538	-78.95387476310134	0.4273179242513523	0.4206934605165544	0.4108415499291919	-0.03166915929328816	-0.001699789323999096	-0.016090761653504978	FALSE	0.28909372274994966	28.721044428837228	28.23690002309109	29.057750463592832	0.37074144170588635	0.3723953238821935	0.37017423652493897	0.02351283871158888	0.022566176940390956	0.02209918015384651
C.1.1.2.1.1.2.2	C.00001.00001.00002.00001.00001.00002.00002	Part 93	-	0.04444675383158028	18.939207401126623	-36.474997038021684	-48.239379934966564	0.05910955818898015	0.05911488550148282	0.04541863753698516	6.552667550428597e-5	7.730737843838365e-4	-0.0011082519822138797	FALSE	0.28909372274994966	28.721044428837228	28.23690002309109	29.057750463592832	0.37074144170588635	0.3723953238821935	0.37017423652493897	0.02351283871158888	0.022566176940390956	0.02209918015384651
C.1.1.2.1.1.3.1	C.00001.00001.00002.00001.00001.00003.00001	Part 94	-	0.9471763216597028	54.03835880570114	27.56751603446901	-28.08032790198922	0.9798330028301497	0.9949873229584618	0.9417741044320632	0.01744203300808802	-0.004605669246334959	-0.010021208555445638	FALSE	0.28909372274994966	28.721044428837228	28.23690002309109	29.057750463592832	0.37074144170588635	0.3723953238821935	0.37017423652493897	0.02351283871158888	0.022566176940390956	0.02209918015384651
C.1.1.2.1.1.3.2	C.00001.00001.00002.00001.00001.00003.00002	Part 95	+	0.439736515764147	28.606248274445534	47.5991518702358	71.80758225731552	0.6568081797107248	0.6625887377436849	0.6563679169580535	-0.0015424657956183627	0.0016945065018968268	7.54642355537635e-4	FALSE	0.28909372274994966	28.721044428837228	28.23690002309109	29.057750463592832	0.37074144170588635	0.3723953238821935	0.37017423652493897	0.02351283871158888	0.022566176940390956	0.02209918015384651
C.1.1.2.1.2.1.1	C.00001.00001.00002.00001.00002.00001.00001	Part 96	-	0.5393943031483796	-68.81726724095643	91.93735397420824	64.3666127230972	0.6301237938341671	0.5888884112792817	0.6293742206466112	4.626238561429355e-4	0.012250424958473064	-0.026700290258722614	FALSE	0.28909372274994966	28.721044428837228	28.23690002309109	29.057750463592832	0.37074144170588635	0.3723953238821935	0.37017423652493897	0.02351283871158888	0.022566176940390956	0.02209918015384651
C.1.1.2.1.2.1.2	C.00001.00001.00002.00001.00002.00001.00002	Part 97	-	0.20204887738917024	88.53948577307165	14.164153439924121	41.46328601054847	0.28607160305904084	0.28517430896600515	0.25346213061390016	-0.029609555966824234	0.002036837234827192	0.00784235452367836	FALSE	0.28909372274994966	28.721044428837228	28.23690002309109	29.057750463592832	0.37074144170588635	0.3723953238821935	0.37017423652493897	0.02351283871158888	0.022566176940390956	0.02209918015384651
C.1.1.2.1.2.2.1	C.00001.00001.00002.00001.00002.00002.00001	Part 98	-	0.31876291493442843	9.423621464520693	-76.59441861324012	34.241784596815705	0.45276553903435485	0.4477806520181036	0.44939573846567454	3.8987387953538257e-4	0.012101613284788024	9.6679887112024e-4	FALSE	0.28909372274994966	28.721044428837228	28.23690002309109	29.057750463592832	0.37074144170588635	0.3723953238821935	0.37017423652493897	0.02351283871158888	0.022566176940390956	0.02209918015384651
C.1.1.2.1.2.2.2	C.00001.00001.00002.00001.00002.00002.00002	Part 99	+	0.999165522782132	82.50024197623134	-33.414676040410995	81.18700222112238	1.1615261593187678	1.290035689438555	1.168166682415794	-0.06772558979515193	-0.028036399076493256	-0.06935514753619343	FALSE	0.28909372274994966	28.721044428837228	28.23690002309109	29.057750463592832	0.37074144170588635	0.3723953238821935	0.37017423652493897	0.02351283871158888	0.022566176940390956	0.02209918015384651
C.1.1.2.1.2.2.3	C.00001.00001.00002.00001.00002.00002.00003	Part 100	+	0.24935771647607907	11.009952751919627	-39.608294470235705	17.131019476801157	0.33388424797610067	0.2942537482264843	0.29891979413677994	-0.011388587464819112	-0.02256524728127142	-0.005011723668057726	FALSE	0.28909372274994966	28.721044428837228	28.23690002309109	29.057750463592832	0.37074144170588635	0.3723953238821935	0.37017423652493897	0.02351283871158888	0.022566176940390956	0.02209918015384651
C.1.1.2.1.2.2.4	C.00001.00001.00002.00001.00002.00002.00004	Part 101	-	0.5708077931087464	-41.36252854950726	-1.1480579618364573	-45.905264373868704	0.7606852600168091	0.8736279477916913	0.7134443470120105	0.04281651319206434	0.025386948155731837	0.010743995688391616	FALSE	0.28909372274994966	28.721044428837228	28.23690002309109	29.057750463592832	0.37074144170588635	0.3723953238821935	0.37017423652493897	0.02351283871158888	0.022566176940390956	0.02209918015384651
C.1.1.2.1.2.2.5	C.00001.00001.00002.00001.00002.00002.00005	Part 102	+	0.5080840814998373	-60.853754449635744	-17.909912252798676	12.717081978917122	0.7214159180406441	0.8067006977063836	0.7445761369363252	0.02329447671543433	-0.015864256628876652	0.04908564739978493	FALSE	0.28909372274994966	28.721044428837228	28.23690002309109	29.057750463592832	0.37074144170588635	0.3723953238821935	0.37017423652493897	0.02351283871158888	0.022566176940390956	0.02209918015384651
C.1.1.2.1.2.3.1	C.00001.00001.00002.00001.00002.00003.00001	Part 103	+	0.581501622005133	24.297722475603223	-29.563105758279562	-60.83531677722931	0.6869823446580784	0.7357506812592337	0.7255234154866275	0.023871852892238234	0.02182471828754266	-0.04390258665021367	FALSE	0.28909372274994966	28.721044428837228	28.23690002309109	29.057750463592832	0.37074144170588635	0.3723953238821935	0.37017423652493897	0.02351283871158888	0.022566176940390956	0.02209918015384651
C.1.1.2.1.2.3.2	C.00001.00001.00002.00001.00002.00003.00002	Part 104	-	0.01941261755884625	-39.41521588712931	86.56577104702592	-61.78977703675628	0.0230874765117583	0.021308903506686388	0.022986244700695838	-4.941765127886633e-4	-0.001607974957150781	6.699659480864147e-4	FALSE	0.28909372274994966	28.721044428837228	28.23690002309109	29.057750463592832	0.37074144170588635	0.3723953238821935	0.37017423652493897	0.02351283871158888	0.022566176940390956	0.02209918015384651
C.1.1.2.1.2.3.3	C.00001.00001.00002.00001.00002.00003.00003	Part 105	-	0.3169937257275451	60.75515071861446	2.8717597015202045	-86.10042594373226	0.3780976956715486	0.38337554064719276	0.430035437146418	-0.0010617603542956782	0.00481900730311614	-0.011816701013258917	FALSE	0.28909372274994966	28.721044428837228	28.23690002309109	29.057750463592832	0.37074144170588635	0.3723953238821935	0.37017423652493897	0.02351283871158888	0.022566176940390956	0.02209918015384651
C.1.1.2.1.2.3.4	C.00001.00001.00002.00001.00002.00003.00004	Part 106	-	0.7171664482057094	7.859595865011215	-57.86468884907663	-11.13087204284966	1.03411822750131	1.0543906151676048	1.0422294659697258	-0.0042345953824020535	0.05645923623199884	-0.01745081317211243	FALSE	0.28909372274994966	28.721044428837228	28.23690002309109	29.057750463592832	0.37074144170588635	0.3723953238821935	0.37017423652493897	0.02351283871158888	0.022566176940390956	0.02209918015384651
C.1.1.2.1.2.3.5	C.00001.00001.00002.00001.00002.00003.00005	Part 107	+	0.7810161900175735	26.248844899237156	57.523692632094026	-44.64739505201578	0.9088588251040798	0.8972887982764585	1.0286008441917176	0.008802699271537838	0.03897664736977276	0.004378579248974263	FALSE	0.28909372274994966	28.721044428837228	28.23690002309109	29.057750463592832	0.37074144170588635	0.3723953238821935	0.37017423652493897	0.02351283871158888	0.022566176940390956	0.02209918015384651
C.1.1.2.1.2.4.1	C.00001.00001.00002.00001.00002.00004.00001	Part 108	-	0.5589087291043252	-11.67716491036117	-92.76235578581691	88.77333477139473	0.737069725504405	0.7012343186114927	0.698167848653303	-0.002877409958384863	-0.0066432327710345355	0.0011374349917477645	FALSE	0.28909372274994966	28.721044428837228	28.23690002309109	29.057750463592832	0.37074144170588635	0.3723953238821935	0.37017423652493897	0.02351283871158888	0.022566176940390956	0.02209918015384651
C.1.1.2.1.2.4.2	C.00001.00001.00002.00001.00002.00004.00002	Part 109	+	0.4450532393651083	29.549271566793323	79.00358750484884	-99.61457783356309	0.5222635125076712	0.4987335501835786	0.5323706972642985	-0.04973439046222403	0.03416611457543074	-0.023478425982874543	FALSE	0.28909372274994966	28.721044428837228	28.23690002309109	29.057750463592832	0.37074144170588635	0.3723953238821935	0.37017423652493897	0.02351283871158888	0.022566176940390956	0.02209918015384651
C.1.1.2.1.2.4.3	C.00001.00001.00002.00001.00002.00004.00003	Part 110	+	0.030119509148411452	31.330942641943693	40.80635840073228	92.96931806020439	0.038950297981389014	0.0348127022016938	0.03807755275498147	-2.4114116855189483e-4	-0.0029343003495598333	8.446988898124146e-4	FALSE	0.28909372274994966	28.721044428837228	28.23690002309109	29.057750463592832	0.37074144170588635	0.3723953238821935	0.37017423652493897	0.02351283871158888	0.022566176940390956	0.02209918015384651
C.1.1.2.1.2.4.4	C.00001.00001.00002.00001.00002.00004.00004	Part 111	-	0.10221832146658562	25.13614478521049	22.29165304452181	20.215584570541978	0.1325092216258331	0.123676805384576	0.13601064976554533	-0.002160799402098139	-0.006908083565418185	0.003984872657702617	FALSE	0.28909372274994966	28.721044428837228	28.23690002309109	29.057750463592832	0.37074144170588635	0.3723953238821935	0.37017423652493897	0.02351283871158888	0.022566176940390956	0.02209918015384651
C.1.1.2.1.3.1.1	C.00001.00001.00002.00001.00003.00001.00001	Part 112	+	0.9338561952691525	5.118827288970351	38.082514423877	26.7289356328547	1.1653744023503134	1.0217089291343224	1.1819552403384748	0.024492219948517715	0.022118243911945664	0.058857174830539566	FALSE	0.28909372274994966	28.721044428837228	28.23690002309109	29.057750463592832	0.37074144170588635	0.3723953238821935	0.37017423652493897	0.02351283871158888	0.022566176940390956	0.02209918015384651
C.1.1.2.1.3.1.2	C.00001.00001.00002.00001.00003.00001.00002	Part 113	-	0.46186563328118063	-75.57860091328621	-4.03018151409924	53.984742099419236	0.6544389798744261	0.6051954167904072	0.6569215736905387	0.008806620127162554	0.05389548984110589	0.007088110613877704	FALSE	0.28909372274994966	28.721044428837228	28.23690002309109	29.057750463592832	0.37074144170588635	0.3723953238821935	0.37017423652493897	0.02351283871158888	0.022566176940390956	0.02209918015384651
C.1.1.2.1.3.1.3	C.00001.00001.00002.00001.00003.00001.00003	Part 114	-	0.3358498263717629	48.036784678697586	-9.105567447841167	87.98765544779599	0.4036096597763855	0.30456547608063844	0.38373968395260816	0.005718439933556093	-0.0019330384034318149	0.02271026451536909	FALSE	0.28909372274994966	28.721044428837228	28.23690002309109	29.057750463592832	0.37074144170588635	0.3723953238821935	0.37017423652493897	0.02351283871158888	0.022566176940390956	0.02209918015384651
C.1.1.2.1.3.1.4	C.00001.00001.00002.00001.00003.00001.00004	Part 115	-	0.018310213478747756	31.33829841390252	63.64885116927326	-59.613018995150924	0.019225622157582483	0.022425787941668107	0.023856757290600834	5.787205242036946e-4	0.0012334291663465362	-3.3729378829955233e-4	FALSE	0.28909372274994966	28.721044428837228	28.23690002309109	29.057750463592832	0.37074144170588635	0.3723953238821935	0.37017423652493897	0.02351283871158888	0.022566176940390956	0.02209918015384651
C.1.1.2.1.3.2.1	C.00001.00001.00002.00001.00003.00002.00001	Part 116	-	0.3936766101690009	-67.25974958389997	-98.08319783769548	44.33659543283284	0.5036420194160385	0.4364101412128482	0.40619304174458926	-0.01574896619593659	-0.003018634211898349	0.012361048749388657	FALSE	0.28909372274994966	28.721044428837228	28.23690002309109	29.057750463592832	0.37074144170588635	0.3723953238821935	0.37017423652493897	0.02351283871158888	0.022566176940390956	0.02209918015384651
C.1.1.2.1.3.2.2	C.00001.00001.00002.00001.00003.00002.00002	Part 117	-	0.5246422383305617	32.32352756895125	-46.409074077382684	-16.949916956946254	0.6436906708469579	0.6149535511979446	0.7098660760803621	0.011890361589308753	-0.0021314587259172865	0.0028707870176387803	FALSE	0.28909372274994966	28.721044428837228	28.23690002309109	29.057750463592832	0.37074144170588635	0.3723953238821935	0.37017423652493897	0.02351283871158888	0.022566176940390956	0.02209918015384651
C.1.1.2.1.3.2.3	C.00001.00001.00002.00001.00003.00002.00003	Part 118	-	0.7778466038098559	16.84051863849163	-31.029005255550146	10.597925912588835	0.8273860842706021	0.8026428459334166	0.8194783115407178	0.03416966765977332	0.031207226482758837	-0.04057685660210353	FALSE	0.28909372274994966	28.721044428837228	28.23690002309109	29.057750463592832	0.37074144170588635	0.3723953238821935	0.37017423652493897	0.02351283871158888	0.022566176940390956	0.02209918015384651
C.1.1.2.1.3.3.1	C.00001.00001.00002.00001.00003.00003.00001	Part 119	-	0.18373120276862756	31.09825341962278	-24.085907684639096	57.6162351295352	0.27372510531737737	0.23628389847206127	0.24874276083070115	0.01729516478271456	-0.006797130441033234	0.00623895865617146	FALSE	0.28909372274994966	28.721044428837228	28.23690002309109	29.057750463592832	0.37074144170588635	0.3723953238821935	0.37017423652493897	0.02351283871158888	0.022566176940390956	0.02209918015384651
C.1.1.2.1.3.3.2	C.00001.00001.00002.00001.00003.00003.00002	Part 120	-	0.6625305184298195	-35.391599126160145	-56.95078456774354	55.88827421888709	0.6410104854477704	0.7055550495293766	0.6513105721243234	-0.004701371570255442	-0.052928650254065304	0.020656573819666957	FALSE	0.28909372274994966	28.721044428837228	28.23690002309109	29.057750463592832	0.37074144170588635	0.3723953238821935	0.37017423652493897	0.02351283871158888	0.022566176940390956	0.02209918015384651
C.1.1.2.1.3.3.3	C.00001.00001.00002.00001.00003.00003.00003	Part 121	-	0.5431820213005413	26.398755982518196	91.28393102437258	83.53133285418153	0.8120921944048798	0.7307946289592773	0.7262356898771161	-0.018511053224840215	0.01200263532458008	-0.006901353997963102	FALSE	0.28909372274994966	28.721044428837228	28.23690002309109	29.057750463592832	0.37074144170588635	0.3723953238821935	0.37017423652493897	0.02351283871158888	0.022566176940390956	0.02209918015384651
C.1.1.2.1.3.4.1	C.00001.00001.00002.00001.00003.00004.00001	Part 122	+	0.1748610637704842	-1.9168300554156303	98.88286697678268	93.15288970246911	0.2098309765660314	0.20114654134717325	0.197896232797806	-0.0029645845771882505	-0.0036342567532666125	0.015297162709185689	FALSE	0.28909372274994966	28.721044428837228	28.23690002309109	29.057750463592832	0.37074144170588635	0.3723953238821935	0.37017423652493897	0.02351283871158888	0.022566176940390956	0.02209918015384651
C.1.1.2.1.3.4.2	C.00001.00001.00002.00001.00003.00004.00002	Part 123	+	0.95654023464676	-25.246348092332482	-78.3324426971376	-73.83304671384394	1.2842653344273014	1.3928357564714327	1.3104788193380403	0.03837439862975049	-0.04813686107031087	-0.03632213506196913	FALSE	0.28909372274994966	28.721044428837228	28.23690002309109	29.057750463592832	0.37074144170588635	0.3723953238821935	0.37017423652493897	0.02351283871158888	0.022566176940390956	0.02209918015384651
C.1.1.2.1.4.1.1	C.00001.00001.00002.00001.00004.00001.00001	Part 124	-	0.23447460628300906	77.25934558548033	19.524044264107943	12.23496524617076	0.33760943682442096	0.3257122136181345	0.3508556112357001	0.018267723266434745	-0.0025852143004990906	0.003166833910781492	FALSE	0.28909372274994966	28.721044428837228	28.23690002309109	29.057750463592832	0.37074144170588635	0.3723953238821935	0.37017423652493897	0.02351283871158888	0.022566176940390956	0.02209918015384651
C.1.1.2.1.4.1.2	C.00001.00001.00002.00001.00004.00001.00002	Part 125	+	0.6192206798119004	-86.5062297321856	-96.74830525182188	-68.38606670498848	0.9871806816772882	0.9941350619349281	0.9835767364973861	0.006783720605849883	0.006824846766921822	-0.010056441023861532	FALSE	0.28909372274994966	28.721044428837228	28.23690002309109	29.057750463592832	0.37074144170588635	0.3723953238821935	0.37017423652493897	0.02351283871158888	0.022566176940390956	0.02209918015384651
C.1.1.2.1.4.1.3	C.00001.00001.00002.00001.00004.00001.00003	Part 126	-	0.33214889976754786	-40.611545788124204	56.04165489785373	-15.420281514525414	0.3638069389480099	0.3772242942786602	0.37874346984864543	-0.006927884021614925	0.009380585960091711	-0.009317533936621646	FALSE	0.28909372274994966	28.721044428837228	28.23690002309109	29.057750463592832	0.37074144170588635	0.3723953238821935	0.37017423652493897	0.02351283871158888	0.022566176940390956	0.02209918015384651
C.1.1.2.1.4.2.1	C.00001.00001.00002.00001.00004.00002.00001	Part 127	-	0.4957759951716289	18.431154219433665	-82.50533048994839	98.84459828026593	0.5286776004907918	0.5708044860358918	0.52383640923802	0.017712193363592185	-0.0035164365329158434	-0.007319028275059267	FALSE	0.28909372274994966	28.721044428837228	28.23690002309109	29.057750463592832	0.37074144170588635	0.3723953238821935	0.37017423652493897	0.02351283871158888	0.022566176940390956	0.02209918015384651
C.1.1.2.1.4.2.2	C.00001.00001.00002.00001.00004.00002.00002	Part 128	-	0.8807608322163578	-37.91659162379801	-96.924460073933	29.28264937363565	1.1063320662331158	1.2682195369159506	1.049335223667783	-0.08539073804645332	0.0179739801162003	-0.003457029164869484	FALSE	0.28909372274994966	28.721044428837228	28.23690002309109	29.057750463592832	0.37074144170588635	0.3723953238821935	0.37017423652493897	0.02351283871158888	0.022566176940390956	0.02209918015384651
C.1.1.2.1.4.2.3	C.00001.00001.00002.00001.00004.00002.00003	Part 129	-	0.4885202861928847	74.1569550242275	-0.19180597737431526	54.23494102433324	0.7329805623354415	0.6990801407418776	0.6730097009794579	0.01009572963695184	0.014573420691217233	-0.016796732980520805	FALSE	0.28909372274994966	28.721044428837228	28.23690002309109	29.057750463592832	0.37074144170588635	0.3723953238821935	0.37017423652493897	0.02351283871158888	0.022566176940390956	0.02209918015384651
C.1.1.2.1.4.3.1	C.00001.00001.00002.00001.00004.00003.00001	Part 130	+	0.14198284141719342	-73.916393565014	23.420857964083552	-68.08523307554424	0.17459145689449226	0.18512921711189126	0.2117745645151967	-7.834183456654027e-4	0.002452268902502458	0.01859493967813753	FALSE	0.28909372274994966	28.721044428837228	28.23690002309109	29.057750463592832	0.37074144170588635	0.3723953238821935	0.37017423652493897	0.02351283871158888	0.022566176940390956	0.02209918015384651
C.1.1.2.1.4.3.2	C.00001.00001.00002.00001.00004.00003.00002	Part 131	-	0.02294431808940135	-32.0907271001488	38.18034525029361	-81.63100318051875	0.023836702726453995	0.025088736877533106	0.02798837960848096	-0.0032552824928376786	6.857683075510088e-4	4.502117066058381e-4	FALSE	0.28909372274994966	28.721044428837228	28.23690002309109	29.057750463592832	0.37074144170588635	0.3723953238821935	0.37017423652493897	0.02351283871158888	0.022566176940390956	0.02209918015384651
C.1.1.2.1.5.1.1	C.00001.00001.00002.00001.00005.00001.00001	Part 132	-	0.5447481498254929	-20.864103361964226	-81.62685362622142	17.97395357862115	0.5130627845459527	0.4968297851749982	0.5109684194588667	0.0036725636275820503	-0.006936378657597641	0.01882163310990817	FALSE	0.28909372274994966	28.721044428837228	28.23690002309109	29.057750463592832	0.37074144170588635	0.3723953238821935	0.37017423652493897	0.02351283871158888	0.022566176940390956	0.02209918015384651
C.1.1.2.1.5.1.2	C.00001.00001.00002.00001.00005.00001.00002	Part 133	-	0.8436234026858583	-49.32384677231312	18.329235026612878	36.198614398017526	1.38693099467527	1.3063913980778492	1.3178038998415318	-0.015861692037110478	0.02828794807666528	-0.00411327201991964	FALSE	0.28909372274994966	28.721044428837228	28.23690002309109	29.057750463592832	0.37074144170588635	0.3723953238821935	0.37017423652493897	0.02351283871158888	0.022566176940390956	0.02209918015384651
C.1.1.2.1.5.1.3	C.00001.00001.00002.00001.00005.00001.00003	Part 134	+	0.5824006713996641	93.24663882143795	76.3129263650626	61.39633618295193	0.7129259852741276	0.686126297392601	0.6654475053164781	0.010834347812575203	0.03531242626553843	0.0061909824000929	FALSE	0.28909372274994966	28.721044428837228	28.23690002309109	29.057750463592832	0.37074144170588635	0.3723953238821935	0.37017423652493897	0.02351283871158888	0.022566176940390956	0.02209918015384651
C.1.1.2.1.5.1.4	C.00001.00001.00002.00001.00005.00001.00004	Part 135	+	0.12478426721296274	-24.885624833405018	69.08309417776763	33.07829308323562	0.16729162841915973	0.1675720632074804	0.1788596220331902	0.0061222076255589685	-6.39257326523658e-4	0.012940473403577082	FALSE	0.28909372274994966	28.721044428837228	28.23690002309109	29.057750463592832	0.37074144170588635	0.3723953238821935	0.37017423652493897	0.02351283871158888	0.022566176940390956	0.02209918015384651
C.1.1.2.1.5.1.5	C.00001.00001.00002.00001.00005.00001.00005	Part 136	-	0.7526343445971142	-89.76666345261037	-19.528738548979163	-20.769359869882464	0.9786911379695393	0.9700725852833165	0.9060240286801441	0.002023714339072712	-3.9750999514207643e-4	0.00885074351613383	FALSE	0.28909372274994966	28.721044428837228	28.23690002309109	29.057750463592832	0.37074144170588635	0.3723953238821935	0.37017423652493897	0.02351283871158888	0.022566176940390956	0.02209918015384651
C.1.1.2.1.5.2.1	C.00001.00001.00002.00001.00005.00002.00001	Part 137	+	0.676165806948673	-96.10035391524434	-69.41496604122221	-94.27793025970459	0.8177669569200914	0.7299320788650162	0.8097335357735644	0.01811276072234147	-0.05779361816424772	0.04648571447315491	FALSE	0.28909372274994966	28.721044428837228	28.23690002309109	29.057750463592832	0.37074144170588635	0.3723953238821935	0.37017423652493897	0.02351283871158888	0.022566176940390956	0.02209918015384651
C.1.1.2.1.5.2.2	C.00001.00001.00002.00001.00005.00002.00002	Part 138	-	0.8123143940349109	-49.23978759907186	22.621416673064232	40.08059962652624	1.002210221059507	1.185394183821374	0.9463297037965218	-0.022432198261390094	0.034175143590491466	0.08665344471318208	FALSE	0.28909372274994966	28.721044428837228	28.23690002309109	29.057750463592832	0.37074144170588635	0.3723953238821935	0.37017423652493897	0.02351283871158888	0.022566176940390956	0.02209918015384651
C.1.1.2.1.5.2.3	C.00001.00001.00002.00001.00005.00002.00003	Part 139	-	0.12062828322360292	30.05693545565009	-91.9261603616178	-53.16067193634808	0.15840495688468167	0.15415726107422356	0.1506746933151752	0.006711086624961781	-0.0015860072164172753	-7.317874406657901e-4	FALSE	0.28909372274994966	28.721044428837228	28.23690002309109	29.057750463592832	0.37074144170588635	0.3723953238821935	0.37017423652493897	0.02351283871158888	0.022566176940390956	0.02209918015384651
C.1.1.2.1.5.3.1	C.00001.00001.00002.00001.00005.00003.00001	Part 140	-	0.28459705574368127	-83.23765029199421	6.243040785193443	-6.131899217143655	0.3174809909585794	0.36332572703877697	0.36544653798551574	-0.021020534893919716	0.0011902640754227955	3.0644695781537024e-4	FALSE	0.28909372274994966	28.721044428837228	28.23690002309109	29.057750463592832	0.37074144170588635	0.3723953238821935	0.37017423652493897	0.02351283871158888	0.022566176940390956	0.02209918015384651
C.1.1.2.1.5.3.2	C.00001.00001.00002.00001.00005.00003.00002	Part 141	+	0.5458731079851277	-81.45713596604764	-7.000693446025252	-96.07520098797977	0.5347265581717263	0.5734655753935646	0.5902595852370592	-0.02793345944694969	0.027203295076605523	0.0036293523578296983	FALSE	0.28909372274994966	28.721044428837228	28.23690002309109	29.057750463592832	0.37074144170588635	0.3723953238821935	0.37017423652493897	0.02351283871158888	0.022566176940390956	0.02209918015384651
C.1.1.2.1.5.3.3	C.00001.00001.00002.00001.00005.00003.00003	Part 142	-	0.1344736803707201	10.61953529715538	91.78987140767276	-69.49640740640461	0.1994522258616676	0.1967005418142774	0.1966584182224298	0.0025516026135663145	0.0011009687983479684	3.185896142718945e-4	FALSE	0.28909372274994966	28.721044428837228	28.23690002309109	29.057750463592832	0.37074144170588635	0.3723953238821935	0.37017423652493897	0.02351283871158888	0.022566176940390956	0.02209918015384651
C.1.1.2.1.5.4.1	C.00001.00001.00002.00001.00005.00004.00001	Part 143	+	0.1215258111958392	97.89935210719705	-14.352465933188796	42.845899472013116	0.17301150346399724	0.15823515097252172	0.17622942245687723	0.006047759901812523	0.008413166574839984	-4.807438877178667e-4	FALSE	0.28909372274994966	28.721044428837228	28.23690002309109	29.057750463592832	0.37074144170588635	0.3723953238821935	0.37017423652493897	0.02351283871158888	0.022566176940390956	0.02209918015384651
C.1.1.2.1.5.4.2	C.00001.00001.00002.00001.00005.00004.00002	Part 144	+	0.46269242569990454	-2.2517085541039705	83.73118420131505	-98.01948610693216	0.6048215949955417	0.7201245139841406	0.5765976279600344	-0.06448649363053159	0.007168666867494928	0.0162296272098285	FALSE	0.28909372274994966	28.721044428837228	28.23690002309109	29.057750463592832	0.37074144170588635	0.3723953238821935	0.37017423652493897	0.02351283871158888	0.022566176940390956	0.02209918015384651
C.1.1.2.1.5.4.3	C.00001.00001.00002.00001.00005.00004.00003	Part 145	+	0.9827399011156521	66.33293624036014	49.1757424082607	-18.6045931186527	1.3108250003809785	1.2985415627352457	1.0950475129815074	-0.04401540679121507	-0.07174685322028279	0.05532002807269491	FALSE	0.28909372274994966	28.721044428837228	28.23690002309109	29.057750463592832	0.37074144170588635	0.3723953238821935	0.37017423652493897	0.02351283871158888	0.022566176940390956	0.02209918015384651
C.1.1.2.1.5.4.4	C.00001.00001.00002.00001.00005.00004.00004	Part 146	-	0.8762005920649972	-55.63594405539334	-45.388418808579445	27.493249252438545	1.17859494960956	1.1898543637982602	0.9244969492842944	-0.004802690682821149	0.033619872224326	-0.023429283271321405	FALSE	0.28909372274994966	28.721044428837228	28.23690002309109	29.057750463592832	0.37074144170588635	0.3723953238821935	0.37017423652493897	0.02351283871158888	0.022566176940390956	0.02209918015384651
C.1.1.2.1.5.4.5	C.00001.00001.00002.00001.00005.00004.00005	Part 147	+	0.7790842246743851	-5.9667938854545355	-21.262207766994834	-6.58764666877687	0.9049289085296087	1.0021354911993983	0.9534793197752769	-0.046207166276300594	-0.08452388087665226	0.06762880194057005	FALSE	0.28909372274994966	28.721044428837228	28.23690002309109	29.057750463592832	0.37074144170588635	0.3723953238821935	0.37017423652493897	0.02351283871158888	0.022566176940390956	0.02209918015384651
C.1.1.2.1.5.5.1	C.00001.00001.00002.00001.00005.00005.00001	Part 148	+	0.5692882913739886	-20.47927901148796	-33.217661594972014	8.835651725530624	0.8289207536336094	0.7676713468109841	0.8125309094102543	5.303710081927901e-4	0.009410466876182872	0.03702571528161821	FALSE	0.28909372274994966	28.721044428837228	28.23690002309109	29.057750463592832	0.37074144170588635	0.3723953238821935	0.37017423652493897	0.02351283871158888	0.022566176940390956	0.02209918015384651
C.1.1.2.1.5.5.2	C.00001.00001.00002.00001.00005.00005.00002	Part 149	-	0.15183776629413478	59.654495073482394	49.16452025063336	-8.414956089109182	0.165857578928367	0.17216267449049777	0.16724703343679237	-0.00197736672212002	0.0058231361076871374	0.0018797894763217964	FALSE	0.28909372274994966	28.721044428837228	28.23690002309109	29.057750463592832	0.37074144170588635	0.3723953238821935	0.37017423652493897	0.02351283871158888	0.022566176940390956	0.02209918015384651
C.1.1.2.1.5.5.3	C.00001.00001.00002.00001.00005.00005.00003	Part 150	-	0.10770200214954093	74.13820647634566	-30.705874180421233	4.817138891667128	0.1257832376891619	0.10392978416812212	0.13898286923139067	-0.003402490667846773	0.0012548029673312864	-7.626846859778377e-6	FALSE	0.28909372274994966	28.721044428837228	28.23690002309109	29.057750463592832	0.37074144170588635	0.3723953238821935	0.37017423652493897	0.02351283871158888	0.022566176940390956	0.02209918015384651
C.1.1.2.1.5.5.4	C.00001.00001.00002.00001.00005.00005.00004	Part 151	-	0.9767942562880926	-53.13462843187153	18.97773602977395	98.64025609567761	1.4181757016777667	1.304351102648269	1.3441982823391134	0.027490749776944545	-0.07202193601768515	-0.03568700747841831	FALSE	0.28909372274994966	28.721044428837228	28.23690002309109	29.057750463592832	0.37074144170588635	0.3723953238821935	0.37017423652493897	0.02351283871158888	0.022566176940390956	0.02209918015384651
C.1.1.2.1.5.5.5	C.00001.00001.00002.00001.00005.00005.00005	Part 152	-	0.6024173960543703	-56.167668756097555	-81.73653865233064	65.05627376027405	0.7724924516764912	0.8379278897473506	0.7378951037295188	0.032745472532650435	-0.021583451067481694	-0.01001994014271302	FALSE	0.28909372274994966	28.721044428837228	28.23690002309109	29.057750463592832	0.37074144170588635	0.3723953238821935	0.37017423652493897	0.02351283871158888	0.022566176940390956	0.02209918015384651
C.1.1.2.2.1.1.1	C.00001.00001.00002.00002.00001.00001.00001	Part 153	-	0.855321117463056	4.351499816402793	-21.02312254719436	6.591932894662023	1.011890819436567	1.1037062744217299	1.0899136050558529	0.03067171311202662	0.02717709442391499	0.01112129199620427	FALSE	0.28909372274994966	28.721044428837228	28.23690002309109	29.057750463592832	0.37074144170588635	0.3723953238821935	0.37017423652493897	0.02351283871158888	0.022566176940390956	0.02209918015384651
C.1.1.2.2.1.1.2	C.00001.00001.00002.00002.00001.00001.00002	Part 154	+	0.08018356888229028	55.72422328405082	-63.476700987666845	21.198144974187016	0.09829198843261945	0.09654515079313099	0.0966067730546954	9.798259919753046e-4	2.4115810899414248e-4	7.37659657377281e-5	FALSE	0.28909372274994966	28.721044428837228	28.23690002309109	29.057750463592832	0.37074144170588635	0.3723953238821935	0.37017423652493897	0.02351283871158888	0.022566176940390956	0.02209918015384651
C.1.1.2.2.1.1.3	C.00001.00001.00002.00002.00001.00001.00003	Part 155	+	0.3022511094980873	75.32320339232683	81.75194882787764	27.09015137515962	0.33478560117777884	0.3329397819957529	0.3270648789313383	0.01622390100726502	-0.015992914831490568	-0.01936987097497332	FALSE	0.28909372274994966	28.721044428837228	28.23690002309109	29.057750463592832	0.37074144170588635	0.3723953238821935	0.37017423652493897	0.02351283871158888	0.022566176940390956	0.02209918015384651
C.1.1.2.2.1.1.4	C.00001.00001.00002.00002.00001.00001.00004	Part 156	+	0.6322654617959633	7.3610767256468534	41.338973538950086	63.55626191943884	0.9551482203657099	0.9194819283207218	0.8733881917209926	0.04531404116053733	0.004886040855269214	-0.029527678514451056	FALSE	0.28909372274994966	28.721044428837228	28.23690002309109	29.057750463592832	0.37074144170588635	0.3723953238821935	0.37017423652493897	0.02351283871158888	0.022566176940390956	0.02209918015384651
C.1.1.2.2.1.2.1	C.00001.00001.00002.00002.00001.00002.00001	Part 157	+	0.6295002899167593	-25.61848503537476	-57.095806021243334	-84.21276365406811	0.6434653361214111	0.6757857073193699	0.7229691868410921	0.006136141931393743	-0.0016994229790750132	-0.0033163206767449814	FALSE	0.28909372274994966	28.721044428837228	28.23690002309109	29.057750463592832	0.37074144170588635	0.3723953238821935	0.37017423652493897	0.02351283871158888	0.022566176940390956	0.02209918015384651
C.1.1.2.2.1.2.2	C.00001.00001.00002.00002.00001.00002.00002	Part 158	-	0.7332497966079973	77.08858493715525	-36.88400159589946	91.61950079724193	0.9606364971161523	0.9855901543380022	0.9440147050071717	-0.028827491222627472	0.03276269160907726	0.03920061223880837	FALSE	0.28909372274994966	28.721044428837228	28.23690002309109	29.057750463592832	0.37074144170588635	0.3723953238821935	0.37017423652493897	0.02351283871158888	0.022566176940390956	0.02209918015384651
C.1.1.2.2.1.2.3	C.00001.00001.00002.00002.00001.00002.00003	Part 159	+	0.3508497709115036	-91.8515557423234	45.420784410089254	94.70796925015748	0.4205162186672067	0.5004571198168236	0.43971269939499696	-0.007283636028104069	-0.018455258131757347	-0.03375045589190957	FALSE	0.28909372274994966	28.721044428837228	28.23690002309109	29.057750463592832	0.37074144170588635	0.3723953238821935	0.37017423652493897	0.02351283871158888	0.022566176940390956	0.02209918015384651
C.1.1.2.2.1.2.4	C.00001.00001.00002.00002.00001.00002.00004	Part 160	+	0.1311549131362699	-99.81856071390212	36.38377725146711	23.7374025862664	0.14938146417337916	0.15153397534380042	0.154632344761327	-0.0027815909208092644	-0.002273090261887583	6.452655050746567e-4	FALSE	0.28909372274994966	28.721044428837228	28.23690002309109	29.057750463592832	0.37074144170588635	0.3723953238821935	0.37017423652493897	0.02351283871158888	0.022566176940390956	0.02209918015384651
C.1.1.2.2.1.2.5	C.00001.00001.00002.00002.00001.00002.00005	Part 161	-	0.24676580228842795	64.69208640046418	-85.01289207488298	31.298457086086273	0.31763448575623865	0.26658696509313023	0.28184354054357186	-0.025203932874431536	-6.307231815927926e-4	-7.151757905495217e-5	FALSE	0.28909372274994966	28.721044428837228	28.23690002309109	29.057750463592832	0.37074144170588635	0.3723953238821935	0.37017423652493897	0.02351283871158888	0.022566176940390956	0.02209918015384651
C.1.1.2.2.1.3.1	C.00001.00001.00002.00002.00001.00003.00001	Part 162	+	0.7893546829856932	-67.3292264342308	-73.68204486556351	-38.91388191841543	1.1290150077386103	1.1553110575148235	1.1540887704207425	0.03496088578509725	-0.06512104541504529	0.0332753571194644	FALSE	0.28909372274994966	28.721044428837228	28.23690002309109	29.057750463592832	0.37074144170588635	0.3723953238821935	0.37017423652493897	0.02351283871158888	0.022566176940390956	0.02209918015384651
C.1.1.2.2.1.3.2	C.00001.00001.00002.00002.00001.00003.00002	Part 163	+	0.34623989950399847	-43.06602762080729	1.5229502692818642	96.34249876253307	0.44940755420150236	0.4369300211826027	0.46562037221866565	-0.00170280583917383	0.02977670813782962	0.044653474482573605	FALSE	0.28909372274994966	28.721044428837228	28.23690002309109	29.057750463592832	0.37074144170588635	0.3723953238821935	0.37017423652493897	0.02351283871158888	0.022566176940390956	0.02209918015384651
C.1.1.2.2.1.3.3	C.00001.00001.00002.00002.00001.00003.00003	Part 164	+	0.6073562870700844	-12.623134488239884	89.40444383770227	-6.745311804115772	0.7477489793465344	0.7959935845449397	0.78254186501959	-0.03885328169766915	-0.0012848464781238028	-0.041375048005681744	FALSE	0.28909372274994966	28.721044428837228	28.23690002309109	29.057750463592832	0.37074144170588635	0.3723953238821935	0.37017423652493897	0.02351283871158888	0.022566176940390956	0.02209918015384651
C.1.1.2.2.1.4.1	C.00001.00001.00002.00002.00001.00004.00001	Part 165	+	0.3922002762623597	41.76503103226423	16.801129328086972	-31.626209104433656	0.48126984569039655	0.5040004115610209	0.49089795328071667	-0.048019304466833994	-0.003057873010357374	0.03230530719502631	FALSE	0.28909372274994966	28.721044428837228	28.23690002309109	29.057750463592832	0.37074144170588635	0.3723953238821935	0.37017423652493897	0.02351283871158888	0.022566176940390956	0.02209918015384651
C.1.1.2.2.1.4.2	C.00001.00001.00002.00002.00001.00004.00002	Part 166	+	0.36562424327223564	5.3220359608531	-41.46459153853357	65.6319173052907	0.5162617026691243	0.4954593465074545	0.5326384598125916	0.030207636725343538	0.02205165776763099	-0.03535328358763729	FALSE	0.28909372274994966	28.721044428837228	28.23690002309109	29.057750463592832	0.37074144170588635	0.3723953238821935	0.37017423652493897	0.02351283871158888	0.022566176940390956	0.02209918015384651
C.1.1.2.2.1.4.3	C.00001.00001.00002.00002.00001.00004.00003	Part 167	-	0.19489581103413367	-73.25983932241797	-26.92969162017107	-48.997609969228506	0.2217614715819434	0.24654102146115023	0.23082892828115417	-0.02575661379570556	-7.370291618240341e-4	-0.003283593917601211	FALSE	0.28909372274994966	28.721044428837228	28.23690002309109	29.057750463592832	0.37074144170588635	0.3723953238821935	0.37017423652493897	0.02351283871158888	0.022566176940390956	0.02209918015384651
C.1.1.2.2.1.4.4	C.00001.00001.00002.00002.00001.00004.00004	Part 168	+	0.28059754030313344	-43.049339298158884	26.16354515776038	93.12769616954029	0.308688770596357	0.30325470210694705	0.3512915592998523	1.2055425453756205e-4	0.018464009269710403	0.01283015502173616	FALSE	0.28909372274994966	28.721044428837228	28.23690002309109	29.057750463592832	0.37074144170588635	0.3723953238821935	0.37017423652493897	0.02351283871158888	0.022566176940390956	0.02209918015384651
C.1.1.2.2.1.4.5	C.00001.00001.00002.00002.00001.00004.00005	Part 169	+	0.510693000448402	81.95249321870506	68.96228790283203	-14.606244023889303	0.5349014972267188	0.524934917587324	0.5736673343665503	-0.04917564918169298	-0.024640099051106902	0.011977660643177224	FALSE	0.28909372274994966	28.721044428837228	28.23690002309109	29.057750463592832	0.37074144170588635	0.3723953238821935	0.37017423652493897	0.02351283871158888	0.022566176940390956	0.02209918015384651
C.1.1.2.2.2.1.1	C.00001.00001.00002.00002.00002.00001.00001	Part 170	+	0.6996860573282465	-1.7720005940645933	-67.52090468071401	16.659361915662885	0.7565597034536904	0.7140389968962108	0.7799959383165427	-0.041547433095870986	-0.01745733488467227	-0.04193598402791303	FALSE	0.28909372274994966	28.721044428837228	28.23690002309109	29.057750463592832	0.37074144170588635	0.3723953238821935	0.37017423652493897	0.02351283871158888	0.022566176940390956	0.02209918015384651
C.1.1.2.2.2.1.2	C.00001.00001.00002.00002.00002.00001.00002	Part 171	-	0.6787785719020758	-65.46351229771972	62.76944437995553	-18.304060399532318	0.7822071559843139	0.7778822248011155	0.978182922344661	0.014097647102195519	-0.01694636423436308	0.01500608161680842	FALSE	0.28909372274994966	28.721044428837228	28.23690002309109	29.057750463592832	0.37074144170588635	0.3723953238821935	0.37017423652493897	0.02351283871158888	0.022566176940390956	0.02209918015384651
C.1.1.2.2.2.2.1	C.00001.00001.00002.00002.00002.00002.00001	Part 172	+	0.4198192962212488	-37.14067074470222	14.053925639018416	-85.41102516464889	0.4565478244430911	0.43155697305090707	0.44063510654598226	-0.01574009883870208	-0.02596286629234972	-0.005362394374839528	FALSE	0.28909372274994966	28.721044428837228	28.23690002309109	29.057750463592832	0.37074144170588635	0.3723953238821935	0.37017423652493897	0.02351283871158888	0.022566176940390956	0.02209918015384651
C.1.1.2.2.2.2.2	C.00001.00001.00002.00002.00002.00002.00002	Part 173	+	0.7348289012997411	-10.253697354346514	62.32720548287034	63.26927565969527	0.9086654377186083	0.817470985763932	0.9042395640767662	0.04881666259776883	-0.00671583145843677	-0.0737893775556489	FALSE	0.28909372274994966	28.721044428837228	28.23690002309109	29.057750463592832	0.37074144170588635	0.3723953238821935	0.37017423652493897	0.02351283871158888	0.022566176940390956	0.02209918015384651
C.1.1.2.2.2.2.3	C.00001.00001.00002.00002.00002.00002.00003	Part 174	-	0.26073586418759076	34.56955854780972	72.76789420284331	-52.1450235042721	0.3281893917850688	0.31658153701329195	0.35617066525768576	0.023748535612479228	0.008651694245284846	-0.0021481332233297193	FALSE	0.28909372274994966	28.721044428837228	28.23690002309109	29.057750463592832	0.37074144170588635	0.3723953238821935	0.37017423652493897	0.02351283871158888	0.022566176940390956	0.02209918015384651
C.1.1.2.2.3.1.1	C.00001.00001.00002.00002.00003.00001.00001	Part 175	+	0.3818557383387815	78.52229713462293	21.36943400837481	-9.543733717873693	0.5319513754691908	0.5483133823325838	0.4872504616722236	-0.008903521278638978	0.018111536032810044	-0.008122788963804048	FALSE	0.28909372274994966	28.721044428837228	28.23690002309109	29.057750463592832	0.37074144170588635	0.3723953238821935	0.37017423652493897	0.02351283871158888	0.022566176940390956	0.02209918015384651
C.1.1.2.2.3.1.2	C.00001.00001.00002.00002.00003.00001.00002	Part 176	-	0.34342165624699555	41.91951500251889	2.2042570635676384	22.982495417818427	0.40729414914632167	0.47263102522078565	0.47056312665341976	-0.006881955584817899	-0.006839163063818052	-0.009270036525564025	FALSE	0.28909372274994966	28.721044428837228	28.23690002309109	29.057750463592832	0.37074144170588635	0.3723953238821935	0.37017423652493897	0.02351283871158888	0.022566176940390956	0.02209918015384651
C.1.1.2.2.3.1.3	C.00001.00001.00002.00002.00003.00001.00003	Part 177	+	0.6777255211237352	83.33116816356778	-21.35280929505825	15.441287821158767	0.9386723776818713	0.7963311692494339	0.7530448965205254	-0.052695440524780354	0.0012846230703561275	0.05640080099556968	FALSE	0.28909372274994966	28.721044428837228	28.23690002309109	29.057750463592832	0.37074144170588635	0.3723953238821935	0.37017423652493897	0.02351283871158888	0.022566176940390956	0.02209918015384651
C.1.1.2.2.3.1.4	C.00001.00001.00002.00002.00003.00001.00004	Part 178	-	0.38699206047155893	-26.587445428594947	-33.18620836362243	-60.725729214027524	0.4727235236998924	0.5222823067161467	0.48139932215659925	0.025724385298106316	-0.011550567601656537	-0.0023495446656244673	FALSE	0.28909372274994966	28.721044428837228	28.23690002309109	29.057750463592832	0.37074144170588635	0.3723953238821935	0.37017423652493897	0.02351283871158888	0.022566176940390956	0.02209918015384651
C.1.1.2.2.3.2.1	C.00001.00001.00002.00002.00003.00002.00001	Part 179	-	0.921826909518335	-51.94877693429589	-91.24262607656419	46.45874951966107	1.1651781250013817	1.26555224577138	1.0835543969554178	-0.015265954075495313	0.09962482356939162	-0.07392358763382721	FALSE	0.28909372274994966	28.721044428837228	28.23690002309109	29.057750463592832	0.37074144170588635	0.3723953238821935	0.37017423652493897	0.02351283871158888	0.022566176940390956	0.02209918015384651
C.1.1.2.2.3.2.2	C.00001.00001.00002.00002.00003.00002.00002	Part 180	+	0.8862786426742095	54.19662734493613	-68.70926516130567	-41.655086586251855	1.0921190348871317	1.1557262504995385	1.131124092215032	0.1221352198976941	-0.05467236166137991	-0.05448487207736866	FALSE	0.28909372274994966	28.721044428837228	28.23690002309109	29.057750463592832	0.37074144170588635	0.3723953238821935	0.37017423652493897	0.02351283871158888	0.022566176940390956	0.02209918015384651
C.1.1.2.2.3.2.3	C.00001.00001.00002.00002.00003.00002.00003	Part 181	+	0.3094832809737418	65.61011811718345	-31.50172927416861	38.402926130220294	0.4233542535556114	0.43254369374762774	0.3669955389625493	0.008415277523069996	0.014774548870305677	-0.010480292298601068	FALSE	0.28909372274994966	28.721044428837228	28.23690002309109	29.057750463592832	0.37074144170588635	0.3723953238821935	0.37017423652493897	0.02351283871158888	0.022566176940390956	0.02209918015384651
C.1.1.2.2.3.2.4	C.00001.00001.00002.00002.00003.00002.00004	Part 182	+	0.22355187601805665	-42.93162287212908	-96.18664039298892	-82.45789795182645	0.3079912211934493	0.35107218112298116	0.3078917453193108	-0.02019461563142872	0.005513813084381957	0.006168232857509408	FALSE	0.28909372274994966	28.721044428837228	28.23690002309109	29.057750463592832	0.37074144170588635	0.3723953238821935	0.37017423652493897	0.02351283871158888	0.022566176940390956	0.02209918015384651
C.1.1.2.2.3.2.5	C.00001.00001.00002.00002.00003.00002.00005	Part 183	+	0.9242441020437981	-5.231239879503846	-64.01164601556957	3.6815470084547997	1.0950805614993238	1.1707770162630593	1.0120576525062939	-0.010934337522805072	-0.08165481635000502	0.0296555379743003	FALSE	0.28909372274994966	28.721044428837228	28.23690002309109	29.057750463592832	0.37074144170588635	0.3723953238821935	0.37017423652493897	0.02351283871158888	0.022566176940390956	0.02209918015384651
C.1.1.2.2.3.3.1	C.00001.00001.00002.00002.00003.00003.00001	Part 184	-	0.04803869580011815	66.72488856129348	-10.92528160661459	-51.6026321798563	0.06142990296864371	0.06211455597531635	0.066987543236277175	-0.0033889768570873873	1.2456251773068552e-4	0.002252160035002961	FALSE	0.28909372274994966	28.721044428837228	28.23690002309109	29.057750463592832	0.37074144170588635	0.3723953238821935	0.37017423652493897	0.02351283871158888	0.022566176940390956	0.02209918015384651
C.1.1.2.2.3.3.2	C.00001.00001.00002.00002.00003.00003.00002	Part 185	-	0.8562299040998332	-50.343500170856714	-33.38116309605539	80.38007272407413	1.0210523919141257	1.0426604759076454	0.825067983737281	0.002357001642284754	-0.0052327181802938934	-0.0066476320400703625	FALSE	0.28909372274994966	28.721044428837228	28.23690002309109	29.057750463592832	0.37074144170588635	0.3723953238821935	0.37017423652493897	0.02351283871158888	0.022566176940390956	0.02209918015384651
C.1.1.2.2.3.4.1	C.00001.00001.00002.00002.00003.00004.00001	Part 186	-	0.3002359834588133	25.597803201526403	30.103622004389763	-57.109012082219124	0.36829728687696506	0.42310058052205446	0.35415201145191993	0.03080669356825065	-0.011446127957038359	-0.009596556081073104	FALSE	0.28909372274994966	28.721044428837228	28.23690002309109	29.057750463592832	0.37074144170588635	0.3723953238821935	0.37017423652493897	0.02351283871158888	0.022566176940390956	0.02209918015384651
C.1.1.2.2.3.4.2	C.00001.00001.00002.00002.00003.00004.00002	Part 187	+	0.3281037449145224	-14.040295174345374	14.488649740815163	-18.506762851029634	0.4284691494171979	0.41935830629330473	0.392214819135819	0.006701085850058464	0.016201924786676227	0.023212845009562173	FALSE	0.28909372274994966	28.721044428837228	28.23690002309109	29.057750463592832	0.37074144170588635	0.3723953238821935	0.37017423652493897	0.02351283871158888	0.022566176940390956	0.02209918015384651
C.1.1.2.2.3.4.3	C.00001.00001.00002.00002.00003.00004.00003	Part 188	+	0.8658656481034123	-64.91963169537485	-43.292079120874405	-27.12198505178094	1.077036074914798	1.1624130034062254	1.0652868370570392	-0.13159559804711357	-0.047983866772825394	-0.041762921962672866	FALSE	0.28909372274994966	28.721044428837228	28.23690002309109	29.057750463592832	0.37074144170588635	0.3723953238821935	0.37017423652493897	0.02351283871158888	0.022566176940390956	0.02209918015384651
C.1.1.2.2.3.5.1	C.00001.00001.00002.00002.00003.00005.00001	Part 189	-	0.47780262160301207	-73.00108168274164	-31.360478466376662	95.72706767357886	0.5265216427943255	0.5261432335377831	0.5543274632164974	0.02960063515569681	-1.2168005271508214e-4	1.6350315055952514e-4	FALSE	0.28909372274994966	28.721044428837228	28.23690002309109	29.057750463592832	0.37074144170588635	0.3723953238821935	0.37017423652493897	0.02351283871158888	0.022566176940390956	0.02209918015384651
C.1.1.2.2.3.5.2	C.00001.00001.00002.00002.00003.00005.00002	Part 190	+	0.05314318692218512	-44.827170949429274	-76.82795417495072	99.72366993315518	0.06773992825147897	0.07836658136671154	0.06488608151294459	0.005263767600881721	0.004183776910756587	-0.00301476035404252	FALSE	0.28909372274994966	28.721044428837228	28.23690002309109	29.057750463592832	0.37074144170588635	0.3723953238821935	0.37017423652493897	0.02351283871158888	0.022566176940390956	0.02209918015384651
C.1.1.2.3.1.1.1	C.00001.00001.00002.00003.00001.00001.00001	Part 191	-	0.2017568920047488	68.65355842746794	0.6748892366886139	67.41321492008865	0.24496460754134886	0.25679066894576086	0.19759319167786243	-0.006378790443042046	-0.011015689262780133	0.014957847660477037	FALSE	0.28909372274994966	28.721044428837228	28.23690002309109	29.057750463592832	0.37074144170588635	0.3723953238821935	0.37017423652493897	0.02351283871158888	0.022566176940390956	0.02209918015384651
C.1.1.2.3.1.1.2	C.00001.00001.00002.00003.00001.00001.00002	Part 192	+	0.19057214169902728	62.64283275231719	-57.9179001506418	96.48704556748271	0.21287893065200106	0.20975969055237606	0.2293773328263036	-0.015535023367661199	-0.0036337337007628936	-0.0188370907797132	FALSE	0.28909372274994966	28.721044428837228	28.23690002309109	29.057750463592832	0.37074144170588635	0.3723953238821935	0.37017423652493897	0.02351283871158888	0.022566176940390956	0.02209918015384651
C.1.1.2.3.1.1.3	C.00001.00001.00002.00003.00001.00001.00003	Part 193	-	0.5426606895879377	80.8619745541364	8.39486550539732	6.17535631172359	0.8269090735238956	0.7506516924279656	0.7343245518450107	0.07182772582190096	-0.05154987776560595	-0.024594550556900477	FALSE	0.28909372274994966	28.721044428837228	28.23690002309109	29.057750463592832	0.37074144170588635	0.3723953238821935	0.37017423652493897	0.02351283871158888	0.022566176940390956	0.02209918015384651
C.1.1.2.3.1.1.4	C.00001.00001.00002.00003.00001.00001.00004	Part 194	-	0.2217793539171107	17.347895121201873	-26.311938371509314	-75.32026804983616	0.2942299446199009	0.31046253632181203	0.2813837037222907	0.006218850816250379	-0.02413819180300856	0.012351308300200899	FALSE	0.28909372274994966	28.721044428837228	28.23690002309109	29.057750463592832	0.37074144170588635	0.3723953238821935	0.37017423652493897	0.02351283871158888	0.022566176940390956	0.02209918015384651
C.1.1.2.3.1.1.5	C.00001.00001.00002.00003.00001.00001.00005	Part 195	+	0.6768042528231163	29.585199523717165	-34.10200816579163	44.80167152360082	0.7392883402225693	0.8312327009620615	0.8362273992383054	0.02514644397238257	0.01741511537849129	0.020945190167058127	FALSE	0.28909372274994966	28.721044428837228	28.23690002309109	29.057750463592832	0.37074144170588635	0.3723953238821935	0.37017423652493897	0.02351283871158888	0.022566176940390956	0.02209918015384651
C.1.1.2.3.1.2.1	C.00001.00001.00002.00003.00001.00002.00001	Part 196	+	0.03308807502221316	28.40084624476731	-24.667787086218596	28.634455800056458	0.03507778863209477	0.039794912554532526	0.041501837097676686	5.716764811712153e-4	1.0225247334140415e-4	-7.3559638454395216e-06	FALSE	0.28909372274994966	28.721044428837228	28.23690002309109	29.057750463592832	0.37074144170588635	0.3723953238821935	0.37017423652493897	0.02351283871158888	0.022566176940390956	0.02209918015384651
C.1.1.2.3.1.2.2	C.00001.00001.00002.00003.00001.00002.00002	Part 197	+	0.44275650366465563	-14.455753704532981	-11.410603346303105	-10.451269242912531	0.47554547574018785	0.4739426683714093	0.4059268710803595	0.0028811845819153334	-0.010076932861846102	-0.019369151282463012	FALSE	0.28909372274994966	28.721044428837228	28.23690002309109	29.057750463592832	0.37074144170588635	0.3723953238821935	0.37017423652493897	0.02351283871158888	0.022566176940390956	0.02209918015384651
C.1.1.2.3.1.3.1	C.00001.00001.00002.00003.00001.00003.00001	Part 198	+	0.5433124298229813	91.01874330081046	-27.00051823630929	34.61931757628918	0.7382956422295451	0.7107770884193192	0.8113776701219594	0.01318499833317646	-0.02182231900762043	-0.006105077178933551	FALSE	0.28909372274994966	28.721044428837228	28.23690002309109	29.057750463592832	0.37074144170588635	0.3723953238821935	0.37017423652493897	0.02351283871158888	0.022566176940390956	0.02209918015384651
C.1.1.2.3.1.3.2	C.00001.00001.00002.00003.00001.00003.00002	Part 199	+	0.34429813690832817	86.92097919993103	-4.746119165793061	56.174975261092186	0.41979101797520396	0.3710750195989728	0.41846541440958507	-0.036823989763189055	-0.007268370627463555	0.015092720033780762	FALSE	0.28909372274994966	28.721044428837228	28.23690002309109	29.057750463592832	0.37074144170588635	0.3723953238821935	0.37017423652493897	0.02351283871158888	0.022566176940390956	0.02209918015384651
C.1.1.2.3.1.3.3	C.00001.00001.00002.00003.00001.00003.00003	Part 200	-	0.7634404668330681	-62.20163619145751	31.335248751565814	45.288399839773774	0.7506995817795064	0.7634941794798735	0.7933615100188953	-0.022147348672817348	-0.002487193942590132	-0.005297538129773369	FALSE	0.28909372274994966	28.721044428837228	28.23690002309109	29.057750463592832	0.37074144170588635	0.3723953238821935	0.37017423652493897	0.02351283871158888	0.022566176940390956	0.02209918015384651
C.1.1.2.3.1.3.4	C.00001.00001.00002.00003.00001.00003.00004	Part 201	-	0.13778229261725208	-63.09048677794635	-85.07544659078121	99.00784189812839	0.17923436663313697	0.18238904714735232	0.16877397682766557	-0.005829413648427368	8.768979596522473e-5	0.013625494200226625	FALSE	0.28909372274994966	28.721044428837228	28.23690002309109	29.057750463592832	0.37074144170588635	0.3723953238821935	0.37017423652493897	0.02351283871158888	0.022566176940390956	0.02209918015384651
C.1.1.2.3.1.4.1	C.00001.00001.00002.00003.00001.00004.00001	Part 202	+	0.07755370915262029	-5.862633092328906	72.41359152831137	-66.02655639871955	0.10696283434151345	0.11241554872105647	0.10620296057443154	-0.007846729545288353	-0.005205180699407828	-0.007361154328928053	FALSE	0.28909372274994966	28.721044428837228	28.23690002309109	29.057750463592832	0.37074144170588635	0.3723953238821935	0.37017423652493897	0.02351283871158888	0.022566176940390956	0.02209918015384651
C.1.1.2.3.1.4.2	C.00001.00001.00002.00003.00001.00004.00002	Part 203	-	0.10513522690092214	57.00324783101678	47.535066306591034	-16.182217560708523	0.13551568426536068	0.13368519737671267	0.11999905947091685	-0.004373116928128338	-0.008104542666268142	-0.004497123293024494	FALSE	0.28909372274994966	28.721044428837228	28.23690002309109	29.057750463592832	0.37074144170588635	0.3723953238821935	0.37017423652493897	0.02351283871158888	0.022566176940390956	0.02209918015384651
C.1.1.2.3.1.4.3	C.00001.00001.00002.00003.00001.00004.00003	Part 204	+	0.25733619152544995	7.374726561829448	80.04060229286551	92.05705286003649	0.2771713747403308	0.33526471192253005	0.34104150255091464	-0.025175789319774364	-0.015170073867423271	0.005649570345318704	FALSE	0.28909372274994966	28.721044428837228	28.23690002309109	29.057750463592832	0.37074144170588635	0.3723953238821935	0.37017423652493897	0.02351283871158888	0.022566176940390956	0.02209918015384651
C.1.1.2.3.1.4.4	C.00001.00001.00002.00003.00001.00004.00004	Part 205	-	0.6430239959149622	-40.56690093129873	69.87919686362147	-7.449634652584791	0.7825312164095768	0.7553746232066285	0.8028865719582547	-0.011248901337559134	0.009332727233953871	-0.020336001319640418	FALSE	0.28909372274994966	28.721044428837228	28.23690002309109	29.057750463592832	0.37074144170588635	0.3723953238821935	0.37017423652493897	0.02351283871158888	0.022566176940390956	0.02209918015384651
C.1.1.2.3.1.4.5	C.00001.00001.00002.00003.00001.00004.00005	Part 206	-	0.5342970893140883	2.947690337896347	74.7065988369286	79.68378127552569	0.6129229295080617	0.6611321472380082	0.6752065583022	0.02353989303576627	0.008023090549977647	0.013821623675489572	FALSE	0.28909372274994966	28.721044428837228	28.23690002309109	29.057750463592832	0.37074144170588635	0.3723953238821935	0.37017423652493897	0.02351283871158888	0.022566176940390956	0.02209918015384651
C.1.1.2.3.1.5.1	C.00001.00001.00002.00003.00001.00005.00001	Part 207	+	0.9916431890237145	-55.29658221639693	-62.59580650366843	-10.22542673163116	1.3052119954712176	1.298355961276188	1.1960568089899328	-0.0026266695130579085	0.010798719757647375	-0.02861200530929836	FALSE	0.28909372274994966	28.721044428837228	28.23690002309109	29.057750463592832	0.37074144170588635	0.3723953238821935	0.37017423652493897	0.02351283871158888	0.022566176940390956	0.02209918015384651
C.1.1.2.3.1.5.2	C.00001.00001.00002.00003.00001.00005.00002	Part 208	-	0.06942617495777086	91.56149867922068	63.96658178418875	-60.67341645248234	0.07283614190677053	0.0762629662462501	0.08098728686827261	0.00983192775955202	-0.0019387864821624144	0.001152984632487434	FALSE	0.28909372274994966	28.721044428837228	28.23690002309109	29.057750463592832	0.37074144170588635	0.3723953238821935	0.37017423652493897	0.02351283871158888	0.022566176940390956	0.02209918015384651
C.1.1.2.3.2.1.1	C.00001.00001.00002.00003.00002.00001.00001	Part 209	+	0.13887204244593157	89.26507718861103	36.58494339324534	-79.73456969484687	0.14514116367016228	0.14596382733371122	0.14465895499196033	0.005346107723156964	0.0015761853435010964	-0.0037011263911777134	FALSE	0.28909372274994966	28.721044428837228	28.23690002309109	29.057750463592832	0.37074144170588635	0.3723953238821935	0.37017423652493897	0.02351283871158888	0.022566176940390956	0.02209918015384651
C.1.1.2.3.2.1.2	C.00001.00001.00002.00003.00002.00001.00002	Part 210	+	0.697480263418518	2.2660118993371725	-53.27062103897333	-49.074615351855755	0.9396640060114518	0.8412246628530119	0.962606489559149	0.020095831167865057	-0.07976675379093173	0.029116783923820194	FALSE	0.28909372274994966	28.721044428837228	28.23690002309109	29.057750463592832	0.37074144170588635	0.3723953238821935	0.37017423652493897	0.02351283871158888	0.022566176940390956	0.02209918015384651
C.1.1.2.3.2.2.1	C.00001.00001.00002.00003.00002.00002.00001	Part 211	+	0.7717454422237352	-87.09769323468208	57.12637607939541	-47.994602378457785	1.021487361083056	1.0702934663447334	1.1697831672251717	-0.04207693301034161	0.04459838752703561	0.10953832114419812	FALSE	0.28909372274994966	28.721044428837228	28.23690002309109	29.057750463592832	0.37074144170588635	0.3723953238821935	0.37017423652493897	0.02351283871158888	0.022566176940390956	0.02209918015384651
C.1.1.2.3.2.2.2	C.00001.00001.00002.00003.00002.00002.00002	Part 212	+	0.11227221190836281	-99.41370082087815	97.38592957146466	-29.90108672529459	0.15903547245720948	0.14521923226222264	0.14012225356268734	0.004382316501913142	0.002159721094211143	-0.0019180314823680834	FALSE	0.28909372274994966	28.721044428837228	28.23690002309109	29.057750463592832	0.37074144170588635	0.3723953238821935	0.37017423652493897	0.02351283871158888	0.022566176940390956	0.02209918015384651
C.1.1.2.3.2.2.3	C.00001.00001.00002.00003.00002.00002.00003	Part 213	+	0.1452233827507589	69.70235966145992	-99.04682179912925	-4.038118151947856	0.16467064719103577	0.16516332636656902	0.16574756405439617	6.73015669809325e-5	8.064859573860474e-4	9.45429883206804e-5	FALSE	0.28909372274994966	28.721044428837228	28.23690002309109	29.057750463592832	0.37074144170588635	0.3723953238821935	0.37017423652493897	0.02351283871158888	0.022566176940390956	0.02209918015384651
C.1.1.2.3.2.3.1	C.00001.00001.00002.00003.00002.00003.00001	Part 214	-	0.9044022637305316	-73.1652638874948	47.319724690169096	-9.99916298314929	0.9492325947565305	0.9360320524630835	0.8839911821577315	0.009948496644084932	0.019967147101891583	-0.025267237121970227	FALSE	0.28909372274994966	28.721044428837228	28.23690002309109	29.057750463592832	0.37074144170588635	0.3723953238821935	0.37017423652493897	0.02351283871158888	0.022566176940390956	0.02209918015384651
C.1.1.2.3.2.3.2	C.00001.00001.00002.00003.00002.00003.00002	Part 215	-	0.2961221624750178	57.75272874161601	23.951233038678765	2.959229564294219	0.3626336955522084	0.3879335935391537	0.3270495279040912	0.013342437011175195	0.020906812089557816	-0.027296757254632677	FALSE	0.28909372274994966	28.721044428837228	28.23690002309109	29.057750463592832	0.37074144170588635	0.3723953238821935	0.37017423652493897	0.02351283871158888	0.022566176940390956	0.02209918015384651
C.1.1.2.3.2.3.3	C.00001.00001.00002.00003.00002.00003.00003	Part 216	+	0.22443272114475257	-4.827612871304154	99.99984567984939	-53.286241833120584	0.26050450990952745	0.28602244937862803	0.2639115457422525	0.02205493497426421	-0.004006234463396817	0.005434384403010348	FALSE	0.28909372274994966	28.721044428837228	28.23690002309109	29.057750463592832	0.37074144170588635	0.3723953238821935	0.37017423652493897	0.02351283871158888	0.022566176940390956	0.02209918015384651
C.1.1.2.3.2.3.4	C.00001.00001.00002.00003.00002.00003.00004	Part 217	+	0.3628422315439675	-91.83305935002863	73.45646698959172	86.74204144626856	0.4874537378145461	0.48705138601994724	0.44344065095010604	-0.0049053120278111425	0.0156571873612094	-0.016236185597347543	FALSE	0.28909372274994966	28.721044428837228	28.23690002309109	29.057750463592832	0.37074144170588635	0.3723953238821935	0.37017423652493897	0.02351283871158888	0.022566176940390956	0.02209918015384651
C.1.1.2.3.2.3.5	C.00001.00001.00002.00003.00002.00003.00005	Part 218	-	0.5219580342152622	-86.63846324197948	29.20695743523538	84.14441836066544	0.7293026154351471	0.735436075843346	0.7321682560002494	-0.009181125230816344	-0.006440108924525716	-0.006741881939528966	FALSE	0.28909372274994966	28.721044428837228	28.23690002309109	29.057750463592832	0.37074144170588635	0.3723953238821935	0.37017423652493897	0.02351283871158888	0.022566176940390956	0.02209918015384651
C.1.1.2.3.2.4.1	C.00001.00001.00002.00003.00002.00004.00001	Part 219	+	0.9988584387758747	-42.60098938830197	-68.97324780002236	10.626331716775894	1.3874784053624771	1.307586360478764	1.256634479098342	-0.13110482560099634	0.04625486455079787	0.016983430869299314	FALSE	0.28909372274994966	28.721044428837228	28.23690002309109	29.057750463592832	0.37074144170588635	0.3723953238821935	0.37017423652493897	0.02351283871158888	0.022566176940390956	0.02209918015384651
C.1.1.2.3.2.4.2	C.00001.00001.00002.00003.00002.00004.00002	Part 220	+	0.5840093918405473	46.205307403579354	-58.744016010314226	47.29798976331949	0.7925765243026777	0.837003196750336	0.7932874879269525	-0.036248160328857026	-0.043563745725989436	-0.04072657822490108	FALSE	0.28909372274994966	28.721044428837228	28.23690002309109	29.057750463592832	0.37074144170588635	0.3723953238821935	0.37017423652493897	0.02351283871158888	0.022566176940390956	0.02209918015384651
C.1.1.2.3.2.4.3	C.00001.00001.00002.00003.00002.00004.00003	Part 221	+	0.9989164593699388	90.2907453943044	46.59674004651606	69.82713281176984	1.1095701631112358	1.1100416041463839	1.112370446975694	-0.017234259898404644	0.018538264519253334	0.01709519954696141	FALSE	0.28909372274994966	28.721044428837228	28.23690002309109	29.057750463592832	0.37074144170588635	0.3723953238821935	0.37017423652493897	0.02351283871158888	0.022566176940390956	0.02209918015384651
C.1.1.2.3.3.1.1	C.00001.00001.00002.00003.00003.00001.00001	Part 222	+	0.6981337218536064	67.63584432192147	73.54285116307437	-92.03836084343493	0.8445897074929012	0.8524050803617161	0.8139248541718875	-0.013188904285200972	0.0015370608965754537	-0.06759867719942336	FALSE	0.28909372274994966	28.721044428837228	28.23690002309109	29.057750463592832	0.37074144170588635	0.3723953238821935	0.37017423652493897	0.02351283871158888	0.022566176940390956	0.02209918015384651
C.1.1.2.3.3.1.2	C.00001.00001.00002.00003.00003.00001.00002	Part 223	+	0.9647084078663029	78.57757876627147	-56.53379508294165	92.2572017647326	1.119175687159004	1.2611308568725628	1.0751581449878107	-0.03904206589218167	0.027826538221908642	0.07962088554850537	FALSE	0.28909372274994966	28.721044428837228	28.23690002309109	29.057750463592832	0.37074144170588635	0.3723953238821935	0.37017423652493897	0.02351283871158888	0.022566176940390956	0.02209918015384651
C.1.1.2.3.3.1.3	C.00001.00001.00002.00003.00003.00001.00003	Part 224	-	0.9123147654340137	25.994484685361385	-59.17880036868155	75.86501985788345	0.9567876611695977	0.9558885021706184	0.8850765849763327	0.0030148245862326043	0.03158207208613933	0.01556459289111984	FALSE	0.28909372274994966	28.721044428837228	28.23690002309109	29.057750463592832	0.37074144170588635	0.3723953238821935	0.37017423652493897	0.02351283871158888	0.022566176940390956	0.02209918015384651
C.1.1.2.3.3.1.4	C.00001.00001.00002.00003.00003.00001.00004	Part 225	+	0.9164974176930264	34.91646875627339	90.33616781234741	72.14552643708885	1.1165697394666352	1.1605305403015118	1.2445897060531552	0.05241478792559159	0.07428953166550448	-0.11462705715255231	FALSE	0.28909372274994966	28.721044428837228	28.23690002309109	29.057750463592832	0.37074144170588635	0.3723953238821935	0.37017423652493897	0.02351283871158888	0.022566176940390956	0.02209918015384651
C.1.1.2.3.3.2.1	C.00001.00001.00002.00003.00003.00002.00001	Part 226	-	0.9521157774229069	27.95442072674632	-17.813743744045496	-96.69689703732729	1.371600012959723	1.2419443960559506	1.342665845706661	-0.07520682467824574	-0.007326237124911683	0.04274520311737465	FALSE	0.28909372274994966	28.721044428837228	28.23690002309109	29.057750463592832	0.37074144170588635	0.3723953238821935	0.37017423652493897	0.02351283871158888	0.022566176940390956	0.02209918015384651
C.1.1.2.3.3.2.2	C.00001.00001.00002.00003.00003.00002.00002	Part 227	+	0.9317316875497345	-51.0455621406436	-4.449240770190954	-37.096175737679005	1.2477798228030526	1.1724668222578458	1.2328642761254631	0.020919445093805503	0.032715710235393367	0.07338760775987871	FALSE	0.28909372274994966	28.721044428837228	28.23690002309109	29.057750463592832	0.37074144170588635	0.3723953238821935	0.37017423652493897	0.02351283871158888	0.022566176940390956	0.02209918015384651
C.1.1.2.3.3.2.3	C.00001.00001.00002.00003.00003.00002.00003	Part 228	-	0.6940943061190191	-54.334507742896676	87.44880226440728	-52.77128373272717	0.7778768636204603	0.8285365676523015	0.786388175813045	0.042779019462823	0.05916467742656986	-0.040436065287044694	FALSE	0.28909372274994966	28.721044428837228	28.23690002309109	29.057750463592832	0.37074144170588635	0.3723953238821935	0.37017423652493897	0.02351283871158888	0.022566176940390956	0.02209918015384651
C.1.1.2.3.3.2.4	C.00001.00001.00002.00003.00003.00002.00004	Part 229	-	0.6398391010495834	98.3718675095588	-42.11589437909424	-80.6726023554802	0.8736377868553544	0.8523942566839732	0.8865886617287865	0.007195729646190966	0.0664610558232108	0.03868451980895579	FALSE	0.28909372274994966	28.721044428837228	28.23690002309109	29.057750463592832	0.37074144170588635	0.3723953238821935	0.37017423652493897	0.02351283871158888	0.022566176940390956	0.02209918015384651
C.1.1.2.3.3.3.1	C.00001.00001.00002.00003.00003.00003.00001	Part 230	+	0.4732876319605857	-31.702012661844492	-35.20986712537706	-80.42764598503709	0.5776282630512082	0.612928435004331	0.657295392667476	0.047315951687357305	-0.020987713309808802	-0.025580359002634334	FALSE	0.28909372274994966	28.721044428837228	28.23690002309109	29.057750463592832	0.37074144170588635	0.3723953238821935	0.37017423652493897	0.02351283871158888	0.022566176940390956	0.02209918015384651
C.1.1.2.3.3.3.2	C.00001.00001.00002.00003.00003.00003.00002	Part 231	+	0.5742559182213154	-95.85042209364474	-57.96284284442663	1.2327832635492086	0.6094341659991354	0.5918451796024123	0.5940358472508244	-0.008256612516430856	-0.00900113820804338	-0.0053345997541966	FALSE	0.28909372274994966	28.721044428837228	28.23690002309109	29.057750463592832	0.37074144170588635	0.3723953238821935	0.37017423652493897	0.02351283871158888	0.022566176940390956	0.02209918015384651
C.1.1.2.3.3.4.1	C.00001.00001.00002.00003.00003.00004.00001	Part 232	-	0.04330555290146731	-25.640655355527997	-28.993777837604284	75.9551013354212	0.043565605630665215	0.048302207446119176	0.05053253801369557	0.0033737695972688793	-0.003095254732756547	-7.330748379831833e-4	FALSE	0.28909372274994966	28.721044428837228	28.23690002309109	29.057750463592832	0.37074144170588635	0.3723953238821935	0.37017423652493897	0.02351283871158888	0.022566176940390956	0.02209918015384651
C.1.1.2.3.3.4.2	C.00001.00001.00002.00003.00003.00004.00002	Part 233	+	0.9409028713845182	54.69717029482126	-13.32787531428039	55.245862528681755	1.111065119286856	1.2257314538222586	0.9732723834667619	-0.05047023546156895	-0.0034150040870669952	-2.3428343943622182e-4	FALSE	0.28909372274994966	28.721044428837228	28.23690002309109	29.057750463592832	0.37074144170588635	0.3723953238821935	0.37017423652493897	0.02351283871158888	0.022566176940390956	0.02209918015384651
C.1.1.2.3.4.1.1	C.00001.00001.00002.00003.00004.00001.00001	Part 234	+	0.2811081306487322	-27.522867592051625	59.66183729469776	19.088839506730437	0.4283722611925715	0.4406517655099938	0.4294795600464828	0.013364300055362094	0.007087496858972354	-0.013233216165753982	FALSE	0.28909372274994966	28.721044428837228	28.23690002309109	29.057750463592832	0.37074144170588635	0.3723953238821935	0.37017423652493897	0.02351283871158888	0.022566176940390956	0.02209918015384651
C.1.1.2.3.4.1.2	C.00001.00001.00002.00003.00004.00001.00002	Part 235	-	0.07347928326041438	-94.68974452465773	-51.4374659396708	-27.355687180534005	0.09184769553994289	0.08356440776952441	0.0973344283336313	0.0017784309639501618	-0.001244502880692563	0.004280943903010156	FALSE	0.28909372274994966	28.721044428837228	28.23690002309109	29.057750463592832	0.37074144170588635	0.3723953238821935	0.37017423652493897	0.02351283871158888	0.022566176940390956	0.02209918015384651
C.1.1.2.3.4.1.3	C.00001.00001.00002.00003.00004.00001.00003	Part 236	-	0.862738692422863	94.40713622607291	68.24324573390186	99.64995072223246	1.1817757892294176	1.257720481406359	1.0375093898927759	0.03869749474441674	0.0025811752327822715	0.027866661974746687	FALSE	0.28909372274994966	28.721044428837228	28.23690002309109	29.057750463592832	0.37074144170588635	0.3723953238821935	0.37017423652493897	0.02351283871158888	0.022566176940390956	0.02209918015384651
C.1.1.2.3.4.1.4	C.00001.00001.00002.00003.00004.00001.00004	Part 237	-	0.9244204802676104	-93.82002893835306	28.217578772455454	-48.54828384704888	1.291964255238476	1.2932585161554613	1.4997073295702223	0.006319896740008379	-0.06675934375577333	-0.02549416487631085	FALSE	0.28909372274994966	28.721044428837228	28.23690002309109	29.057750463592832	0.37074144170588635	0.3723953238821935	0.37017423652493897	0.02351283871158888	0.022566176940390956	0.02209918015384651
C.1.1.2.3.4.2.1	C.00001.00001.00002.00003.00004.00002.00001	Part 238	+	0.0019436514207627625	-68.10006583109498	9.63552058674395	98.50059025920928	0.002584144316889135	0.002689371680209796	0.00271806309481121	-8.529725864750898e-5	-3.44165367412081e-5	5.08053796833044e-5	FALSE	0.28909372274994966	28.721044428837228	28.23690002309109	29.057750463592832	0.37074144170588635	0.3723953238821935	0.37017423652493897	0.02351283871158888	0.022566176940390956	0.02209918015384651
C.1.1.2.3.4.2.2	C.00001.00001.00002.00003.00004.00002.00002	Part 239	+	0.9790661035573576	-73.9092618227005	88.23915966786444	3.864906867966056	1.2407586676459126	1.2054609125229616	1.275079346344032	-0.036854777886873635	0.061095103961103514	0.07972386482844457	FALSE	0.28909372274994966	28.721044428837228	28.23690002309109	29.057750463592832	0.37074144170588635	0.3723953238821935	0.37017423652493897	0.02351283871158888	0.022566176940390956	0.02209918015384651
C.1.1.2.3.4.2.3	C.00001.00001.00002.00003.00004.00002.00003	Part 240	-	0.2003024841635488	-93.90502953901887	34.372543124482036	49.69749189913273	0.28662027833267745	0.29221896998465985	0.2688814984333837	0.012961118038136304	0.001663460913538437	0.001974934410863552	FALSE	0.28909372274994966	28.721044428837228	28.23690002309109	29.057750463592832	0.37074144170588635	0.3723953238821935	0.37017423652493897	0.02351283871158888	0.022566176940390956	0.02209918015384651
C.1.1.2.3.5.1.1	C.00001.00001.00002.00003.00005.00001.00001	Part 241	-	0.40747015800722874	60.78723571263254	32.55494451150298	-21.33576483465731	0.4791398664944725	0.4639180009684186	0.4648673295844197	0.026220854424162734	0.031630515653453	0.012390263391158172	FALSE	0.28909372274994966	28.721044428837228	28.23690002309109	29.057750463592832	0.37074144170588635	0.3723953238821935	0.37017423652493897	0.02351283871158888	0.022566176940390956	0.02209918015384651
C.1.1.2.3.5.1.2	C.00001.00001.00002.00003.00005.00001.00002	Part 242	+	0.2652896823133342	63.52602634578943	-85.54996876046062	13.051589811220765	0.3076657600595202	0.2772827945777175	0.32772355994094815	0.007565802376756121	0.003281872609789513	5.56871355465161e-4	FALSE	0.28909372274994966	28.721044428837228	28.23690002309109	29.057750463592832	0.37074144170588635	0.3723953238821935	0.37017423652493897	0.02351283871158888	0.022566176940390956	0.02209918015384651
C.1.1.2.3.5.2.1	C.00001.00001.00002.00003.00005.00002.00001	Part 243	-	0.6740902617666871	6.337791075929999	-39.97856080532074	-41.56942963600159	0.9120442700703385	0.8352067696535924	0.8566534960006296	0.10909237505333497	-0.07060637082347898	-0.0173487109896762	FALSE	0.28909372274994966	28.721044428837228	28.23690002309109	29.057750463592832	0.37074144170588635	0.3723953238821935	0.37017423652493897	0.02351283871158888	0.022566176940390956	0.02209918015384651
C.1.1.2.3.5.2.2	C.00001.00001.00002.00003.00005.00002.00002	Part 244	+	0.5944403135681059	66.01294544525445	-69.33551244437695	-38.90138026326895	0.6950740749304091	0.7852348276637291	0.6884946302404884	0.04391105620897433	0.0010093464096753483	0.047806464977739126	FALSE	0.28909372274994966	28.721044428837228	28.23690002309109	29.057750463592832	0.37074144170588635	0.3723953238821935	0.37017423652493897	0.02351283871158888	0.022566176940390956	0.02209918015384651
C.1.1.2.3.5.2.3	C.00001.00001.00002.00003.00005.00002.00003	Part 245	+	0.5960659829464275	4.4589875265955925	48.273782432079315	16.500426270067692	0.7515715892082144	0.7149020029049378	0.6442586150956495	-0.012609304131748197	-0.027343461633190867	0.06778020234732142	FALSE	0.28909372274994966	28.721044428837228	28.23690002309109	29.057750463592832	0.37074144170588635	0.3723953238821935	0.37017423652493897	0.02351283871158888	0.022566176940390956	0.02209918015384651
C.1.1.2.3.5.3.1	C.00001.00001.00002.00003.00005.00003.00001	Part 246	-	0.426708983233897	54.957071831449866	-26.894796872511506	40.740666817873716	0.5666966112309123	0.45225350431721256	0.5075383730044312	0.03395526593589006	-0.0037670822160265614	-0.024623832317804326	FALSE	0.28909372274994966	28.721044428837228	28.23690002309109	29.057750463592832	0.37074144170588635	0.3723953238821935	0.37017423652493897	0.02351283871158888	0.022566176940390956	0.02209918015384651
C.1.1.2.3.5.3.2	C.00001.00001.00002.00003.00005.00003.00002	Part 247	-	0.03967274279939011	-86.93004208616912	-4.279834823682904	-92.0446497388184	0.052361918914424724	0.05453069445344211	0.05101928682565523	-6.893305535136083e-4	-1.8528774769578868e-4	1.2095919189205661e-4	FALSE	0.28909372274994966	28.721044428837228	28.23690002309109	29.057750463592832	0.37074144170588635	0.3723953238821935	0.37017423652493897	0.02351283871158888	0.022566176940390956	0.02209918015384651
C.1.1.2.3.5.3.3	C.00001.00001.00002.00003.00005.00003.00003	Part 248	+	0.28528343165386466	13.421092322096229	3.1691616401076317	67.5136974081397	0.27782003406544536	0.36603044168395876	0.375824505232686	-0.001901370304835307	0.002387921735145522	-0.015419167725190856	FALSE	0.28909372274994966	28.721044428837228	28.23690002309109	29.057750463592832	0.37074144170588635	0.3723953238821935	0.37017423652493897	0.02351283871158888	0.022566176940390956	0.02209918015384651
C.1.1.2.3.5.3.4	C.00001.00001.00002.00003.00005.00003.00004	Part 249	+	0.7154089570406359	65.5456108506769	3.2566203270107508	-69.9621846433729	0.8590745322381049	0.8258846949842853	0.9410905476130074	-0.03242001221496807	0.005518777833620126	-0.006471231020192947	FALSE	0.28909372274994966	28.721044428837228	28.23690002309109	29.057750463592832	0.37074144170588635	0.3723953238821935	0.37017423652493897	0.02351283871158888	0.022566176940390956	0.02209918015384651
C.1.1.2.3.5.3.5	C.00001.00001.00002.00003.00005.00003.00005	Part 250	+	0.46728085903218014	-42.38130250014365	91.84238146990538	45.81987471319735	0.6514667621166179	0.6869592564301479	0.6054931263830541	-0.03015966653876525	-0.024446808654346737	-0.003821265151584969	FALSE	0.28909372274994966	28.721044428837228	28.23690002309109	29.057750463592832	0.37074144170588635	0.3723953238821935	0.37017423652493897	0.02351283871158888	0.022566176940390956	0.02209918015384651
C.1.1.2.3.5.4.1	C.00001.00001.00002.00003.00005.00004.00001	Part 251	-	0.7736773352290038	55.44500448741019	-67.89552294649184	81.51691113598645	0.9450998219769743	0.9361747651469021	0.9812421124642215	-0.034573533211430515	-0.05875326049368346	0.0049728838083378775	FALSE	0.28909372274994966	28.721044428837228	28.23690002309109	29.057750463592832	0.37074144170588635	0.3723953238821935	0.37017423652493897	0.02351283871158888	0.022566176940390956	0.02209918015384651
C.1.1.2.3.5.4.2	C.00001.00001.00002.00003.00005.00004.00002	Part 252	-	0.8191817951533013	-99.47413657791913	-79.58079921081662	69.34396345168352	1.0165200114908017	0.8619024267732524	0.9045909438979252	-0.04499799537123948	0.05661484550008761	0.050151234001809805	FALSE	0.28909372274994966	28.721044428837228	28.23690002309109	29.057750463592832	0.37074144170588635	0.3723953238821935	0.37017423652493897	0.02351283871158888	0.022566176940390956	0.02209918015384651
C.1.1.3.1.1.1.1	C.00001.00001.00003.00001.00001.00001.00001	Part 253	+	0.35033208354143425	13.602188974618912	-65.77278128825128	-6.666752602905035	0.3451315091971734	0.37349270270549456	0.36684707891031126	0.002415436040320097	-0.027704416596818528	-0.009512960607667983	FALSE	0.28909372274994966	28.721044428837228	28.23690002309109	29.057750463592832	0.37074144170588635	0.3723953238821935	0.37017423652493897	0.02351283871158888	0.022566176940390956	0.02209918015384651
C.1.1.3.1.1.1.2	C.00001.00001.00003.00001.00001.00001.00002	Part 254	+	0.37120659729721955	-62.285100715234876	57.06980703398585	-43.37607226334512	0.49607162528760934	0.4775353950779882	0.4539264988517809	-0.005497845660090447	0.017209049791670917	-0.02672127156081648	FALSE	0.28909372274994966	28.721044428837228	28.23690002309109	29.057750463592832	0.37074144170588635	0.3723953238821935	0.37017423652493897	0.02351283871158888	0.022566176940390956	0.02209918015384651
C.1.1.3.1.1.1.3	C.00001.00001.00003.00001.00001.00001.00003	Part 255	+	0.6543512409906834	-51.047305250540376	64.39496669918299	-63.441044837236404	0.7911021543726762	0.7677910643895419	0.7822651732118955	0.05353398171293455	-0.022248246027141726	0.05630771579297367	FALSE	0.28909372274994966	28.721044428837228	28.23690002309109	29.057750463592832	0.37074144170588635	0.3723953238821935	0.37017423652493897	0.02351283871158888	0.022566176940390956	0.02209918015384651
C.1.1.3.1.1.1.4	C.00001.00001.00003.00001.00001.00001.00004	Part 256	+	0.9333964975576382	83.1282596103847	60.246955370530486	80.36078028380871	1.1941203888105794	0.9467571635607344	1.2086177127420223	-0.10079783510275	0.011651422040814175	-0.06477818727760966	FALSE	0.28909372274994966	28.721044428837228	28.23690002309109	29.057750463592832	0.37074144170588635	0.3723953238821935	0.37017423652493897	0.02351283871158888	0.022566176940390956	0.02209918015384651
C.1.1.3.1.1.1.5	C.00001.00001.00003.00001.00001.00001.00005	Part 257	+	0.3324100978076458	8.922457927837968	-24.73820853047073	6.15625623613596	0.4767158223678171	0.4287285618635684	0.4339084575214057	0.006328744820123114	0.01758982153966447	-0.02893292084444509	FALSE	0.28909372274994966	28.721044428837228	28.23690002309109	29.057750463592832	0.37074144170588635	0.3723953238821935	0.37017423652493897	0.02351283871158888	0.022566176940390956	0.02209918015384651
C.1.1.3.1.1.2.1	C.00001.00001.00003.00001.00001.00002.00001	Part 258	-	0.9713401052930858	11.97202461771667	19.448707485571504	-68.73131752945483	1.030563715857309	1.0010890770162502	1.147349795278835	0.030591710421028935	-0.0042139216655627115	0.040984992218540586	FALSE	0.28909372274994966	28.721044428837228	28.23690002309109	29.057750463592832	0.37074144170588635	0.3723953238821935	0.37017423652493897	0.02351283871158888	0.022566176940390956	0.02209918015384651
C.1.1.3.1.1.2.2	C.00001.00001.00003.00001.00001.00002.00002	Part 259	+	0.6721225370683241	-55.15542821958661	68.07067100889981	75.01546856947243	0.6224034653634422	0.6288802860472109	0.6216715156389743	-0.002980722553823145	0.0012678343995902587	-0.012983322297216344	FALSE	0.28909372274994966	28.721044428837228	28.23690002309109	29.057750463592832	0.37074144170588635	0.3723953238821935	0.37017423652493897	0.02351283871158888	0.022566176940390956	0.02209918015384651
C.1.1.3.1.1.2.3	C.00001.00001.00003.00001.00001.00002.00003	Part 260	+	0.4500112885322887	-35.49824417568743	91.78482885472476	-75.32815379090607	0.568529815188794	0.5043313559220088	0.5860855112191878	0.023967253528599523	0.0053934726510995795	0.016128148044183502	FALSE	0.28909372274994966	28.721044428837228	28.23690002309109	29.057750463592832	0.37074144170588635	0.3723953238821935	0.37017423652493897	0.02351283871158888	0.022566176940390956	0.02209918015384651
C.1.1.3.1.2.1.1	C.00001.00001.00003.00001.00002.00001.00001	Part 261	-	0.9208727725881618	96.02795224636793	25.754825212061405	-44.89626814611256	1.1780845293487074	1.468029121522247	1.1407529997326853	-0.04012158849002713	0.010713916873302944	0.002397577920364697	FALSE	0.28909372274994966	28.721044428837228	28.23690002309109	29.057750463592832	0.37074144170588635	0.3723953238821935	0.37017423652493897	0.02351283871158888	0.022566176940390956	0.02209918015384651
C.1.1.3.1.2.1.2	C.00001.00001.00003.00001.00002.00001.00002	Part 262	+	0.6900958022463601	33.805982908234	22.227299585938454	-27.14954554103315	0.7588880408306196	0.8862795417196262	0.9004089994697978	0.014127457032560888	0.027891246430802874	-0.01039358433194291	FALSE	0.28909372274994966	28.721044428837228	28.23690002309109	29.057750463592832	0.37074144170588635	0.3723953238821935	0.37017423652493897	0.02351283871158888	0.022566176940390956	0.02209918015384651
C.1.1.3.1.2.2.1	C.00001.00001.00003.00001.00002.00002.00001	Part 263	+	0.9413825466895942	-84.61358374916017	45.72876738384366	-69.54333679750562	1.2695341479387285	1.2036281343311614	1.1547955480858163	-0.06875479925575317	-0.010738434992778009	0.039220520668120984	FALSE	0.28909372274994966	28.721044428837228	28.23690002309109	29.057750463592832	0.37074144170588635	0.3723953238821935	0.37017423652493897	0.02351283871158888	0.022566176940390956	0.02209918015384651
C.1.1.3.1.2.2.2	C.00001.00001.00003.00001.00002.00002.00002	Part 264	+	0.953823660824215	-55.915615474805236	-53.96787775680423	-85.33980087377131	0.9618780277315447	0.9508211853745024	0.9059315953604018	0.0346433284407284	0.024045305289706928	-0.013406080941731473	FALSE	0.28909372274994966	28.721044428837228	28.23690002309109	29.057750463592832	0.37074144170588635	0.3723953238821935	0.37017423652493897	0.02351283871158888	0.022566176940390956	0.02209918015384651
C.1.1.3.1.2.2.3	C.00001.00001.00003.00001.00002.00002.00003	Part 265	-	0.9507657685515005	-88.23057794943452	62.856541480869055	73.85254860855639	1.245257917211919	1.1715836147943077	1.088693176443494	-0.023702967493313847	0.06826779494755832	-0.0012854224717464267	FALSE	0.28909372274994966	28.721044428837228	28.23690002309109	29.057750463592832	0.37074144170588635	0.3723953238821935	0.37017423652493897	0.02351283871158888	0.022566176940390956	0.02209918015384651
C.1.1.3.1.2.2.4	C.00001.00001.00003.00001.00002.00002.00004	Part 266	+	0.8449993459808175	-35.575941717252135	41.66119294241071	-41.5553062222898	1.000740602264269	1.0098566950774743	0.8955893944788258	-0.07052705647277463	-0.02726766454590198	-0.029959999045877584	FALSE	0.28909372274994966	28.721044428837228	28.23690002309109	29.057750463592832	0.37074144170588635	0.3723953238821935	0.37017423652493897	0.02351283871158888	0.022566176940390956	0.02209918015384651
C.1.1.3.1.2.3.1	C.00001.00001.00003.00001.00002.00003.00001	Part 267	-	0.3990789232524112	-87.92814319022	33.370931120589375	4.518514405936003	0.4993905052332954	0.4680890662663117	0.5236262643573312	0.035250958535723916	-0.01848529808548552	-0.007443518717315208	FALSE	0.28909372274994966	28.721044428837228	28.23690002309109	29.057750463592832	0.37074144170588635	0.3723953238821935	0.37017423652493897	0.02351283871158888	0.022566176940390956	0.02209918015384651
C.1.1.3.1.2.3.2	C.00001.00001.00003.00001.00002.00003.00002	Part 268	-	0.7574910641552415	-9.028540784493089	37.34443890862167	38.036530604586005	1.085988324908633	0.9411251785101542	0.8765610911194566	-0.036515027284567736	0.08152323760279603	-0.008338097411659216	FALSE	0.28909372274994966	28.721044428837228	28.23690002309109	29.057750463592832	0.37074144170588635	0.3723953238821935	0.37017423652493897	0.02351283871158888	0.022566176940390956	0.02209918015384651
C.1.1.3.1.3.1.1	C.00001.00001.00003.00001.00003.00001.00001	Part 269	-	0.7552149838383775	16.30487642250955	41.70290273614228	-96.58639398403466	0.9806093264436713	1.0074705016244765	0.9560956446860153	-0.08405008993904409	-0.08412041250075607	0.03650060023863229	FALSE	0.28909372274994966	28.721044428837228	28.23690002309109	29.057750463592832	0.37074144170588635	0.3723953238821935	0.37017423652493897	0.02351283871158888	0.022566176940390956	0.02209918015384651
C.1.1.3.1.3.1.2	C.00001.00001.00003.00001.00003.00001.00002	Part 270	-	0.6606783553028945	86.63584208115935	12.109112739562988	-7.506129052489996	0.9930458614088498	0.991372570388312	0.9812374841152306	0.0025908724554307046	1.8148602731744411e-4	1.964727865071506e-4	FALSE	0.28909372274994966	28.721044428837228	28.23690002309109	29.057750463592832	0.37074144170588635	0.3723953238821935	0.37017423652493897	0.02351283871158888	0.022566176940390956	0.02209918015384651
C.1.1.3.1.3.1.3	C.00001.00001.00003.00001.00003.00001.00003	Part 271	+	0.6912593172150664	88.21610664017498	-17.485354654490948	-65.57553191669285	0.6100052526675863	0.6529572923972892	0.678571295636607	0.04316205983161274	0.008023826489047753	0.004693404630064313	FALSE	0.28909372274994966	28.721044428837228	28.23690002309109	29.057750463592832	0.37074144170588635	0.3723953238821935	0.37017423652493897	0.02351283871158888	0.022566176940390956	0.02209918015384651
C.1.1.3.1.3.1.4	C.00001.00001.00003.00001.00003.00001.00004	Part 272	-	0.788352834661724	86.8435769341886	39.96409913524985	-99.45053015835583	1.0525254060784688	1.0648584150233433	1.0924118762277755	0.041606553373961644	-0.0031064086413085355	-3.8925071180354693e-4	FALSE	0.28909372274994966	28.721044428837228	28.23690002309109	29.057750463592832	0.37074144170588635	0.3723953238821935	0.37017423652493897	0.02351283871158888	0.022566176940390956	0.02209918015384651
C.1.1.3.1.3.2.1	C.00001.00001.00003.00001.00003.00002.00001	Part 273	-	0.9768240581154823	-47.41086442954838	73.20753554813564	-31.987325195223093	0.8800924858894497	0.9159050114096706	0.9523200161105341	0.001086591242318731	-0.012586614579215042	0.012104638069395893	FALSE	0.28909372274994966	28.721044428837228	28.23690002309109	29.057750463592832	0.37074144170588635	0.3723953238821935	0.37017423652493897	0.02351283871158888	0.022566176940390956	0.02209918015384651
C.1.1.3.1.3.2.2	C.00001.00001.00003.00001.00003.00002.00002	Part 274	+	0.25537284385273235	58.97910385392606	25.44229393824935	81.1688160058111	0.29186901986818004	0.29349861922566334	0.3122881687375152	0.014870443509481166	0.0016174942667759751	0.0016197103779840784	FALSE	0.28909372274994966	28.721044428837228	28.23690002309109	29.057750463592832	0.37074144170588635	0.3723953238821935	0.37017423652493897	0.02351283871158888	0.022566176940390956	0.02209918015384651
C.1.1.3.1.3.2.3	C.00001.00001.00003.00001.00003.00002.00003	Part 275	+	0.477546617006883	72.51322655938566	-13.688563043251634	-1.2842373922467232	0.603187338049231	0.6019458182092132	0.5841928516360604	0.0018082758596553341	0.003778141957881892	0.0010040443577650823	FALSE	0.28909372274994966	28.721044428837228	28.23690002309109	29.057750463592832	0.37074144170588635	0.3723953238821935	0.37017423652493897	0.02351283871158888	0.022566176940390956	0.02209918015384651
C.1.1.3.1.3.3.1	C.00001.00001.00003.00001.00003.00003.00001	Part 276	+	0.3882750416311901	82.98041033558547	46.63001396693289	68.63532420247793	0.5134519744349403	0.5266967115668738	0.4363105052574482	-0.002509714717017153	-0.0364854809768939	0.0028371410191746927	FALSE	0.28909372274994966	28.721044428837228	28.23690002309109	29.057750463592832	0.37074144170588635	0.3723953238821935	0.37017423652493897	0.02351283871158888	0.022566176940390956	0.02209918015384651
C.1.1.3.1.3.3.2	C.00001.00001.00003.00001.00003.00003.00002	Part 277	-	0.26259506153757683	78.57895875349641	18.341201590374112	-74.68567094765604	0.3317300256891948	0.3187521032327962	0.31066051621656837	0.005221628987863486	0.005274844018927083	-0.012544664523111773	FALSE	0.28909372274994966	28.721044428837228	28.23690002309109	29.057750463592832	0.37074144170588635	0.3723953238821935	0.37017423652493897	0.02351283871158888	0.022566176940390956	0.02209918015384651
C.1.1.3.1.3.3.3	C.00001.00001.00003.00001.00003.00003.00003	Part 278	+	0.21215892461873592	-82.1514209266752	58.627963392063975	66.21389323845506	0.29804026080744483	0.28662850783559407	0.28576333851084784	-0.023939250208943632	0.021341632877149998	7.780960577164109e-4	FALSE	0.28909372274994966	28.721044428837228	28.23690002309109	29.057750463592832	0.37074144170588635	0.3723953238821935	0.37017423652493897	0.02351283871158888	0.022566176940390956	0.02209918015384651
C.1.1.3.1.3.4.1	C.00001.00001.00003.00001.00003.00004.00001	Part 279	-	0.0796404043759685	-20.937465084716678	69.190364331007	86.66236279532313	0.10368158308599461	0.11016089598137602	0.10466910909698864	-0.005090819739572896	-0.0018534140864118255	1.970398635431634e-4	FALSE	0.28909372274994966	28.721044428837228	28.23690002309109	29.057750463592832	0.37074144170588635	0.3723953238821935	0.37017423652493897	0.02351283871158888	0.022566176940390956	0.02209918015384651
C.1.1.3.1.3.4.2	C.00001.00001.00003.00001.00003.00004.00002	Part 280	-	0.5992493163826875	33.10775747522712	-17.123185843229294	97.63681297190487	0.7468408203521136	0.7708896742742051	0.7961123529012294	0.008264479374425884	-0.02350251201482062	0.01888485359550897	FALSE	0.28909372274994966	28.721044428837228	28.23690002309109	29.057750463592832	0.37074144170588635	0.3723953238821935	0.37017423652493897	0.02351283871158888	0.022566176940390956	0.02209918015384651
C.1.1.3.1.3.4.3	C.00001.00001.00003.00001.00003.00004.00003	Part 281	+	0.33510842293617316	36.76092238165438	67.45433560572565	-56.81755640543997	0.36463873443370753	0.4309386004329424	0.37829257303458796	-0.004504852986252152	0.038181641686040435	-0.012584964318461352	FALSE	0.28909372274994966	28.721044428837228	28.23690002309109	29.057750463592832	0.37074144170588635	0.3723953238821935	0.37017423652493897	0.02351283871158888	0.022566176940390956	0.02209918015384651
C.1.1.3.1.3.4.4	C.00001.00001.00003.00001.00003.00004.00004	Part 282	-	0.6965594651980791	32.12253162637353	5.608240840956569	-42.93682421557605	0.9499373043627023	0.8691069344418099	0.949128355553683	-0.01117247453881469	-2.0040106540835425e-4	-9.360542018633984e-4	FALSE	0.28909372274994966	28.721044428837228	28.23690002309109	29.057750463592832	0.37074144170588635	0.3723953238821935	0.37017423652493897	0.02351283871158888	0.022566176940390956	0.02209918015384651
C.1.1.3.1.4.1.1	C.00001.00001.00003.00001.00004.00001.00001	Part 283	-	0.2084483498572372	-96.01093241944909	-81.30620876327157	1.0111707728356123	0.26681576158109216	0.2376899871101428	0.27077906223512227	-0.012964369702082378	0.019659304800306393	0.017664549741799974	FALSE	0.28909372274994966	28.721044428837228	28.23690002309109	29.057750463592832	0.37074144170588635	0.3723953238821935	0.37017423652493897	0.02351283871158888	0.022566176940390956	0.02209918015384651
C.1.1.3.1.4.1.2	C.00001.00001.00003.00001.00004.00001.00002	Part 284	-	0.7113561106431298	13.984119845554233	31.972823245450854	11.656727455556393	0.8858934281676961	0.9918782537469021	0.9695064216949099	0.004187664518983513	-0.03440105526948157	-1.6293245020117535e-4	FALSE	0.28909372274994966	28.721044428837228	28.23690002309109	29.057750463592832	0.37074144170588635	0.3723953238821935	0.37017423652493897	0.02351283871158888	0.022566176940390956	0.02209918015384651
C.1.1.3.1.4.2.1	C.00001.00001.00003.00001.00004.00002.00001	Part 285	+	0.5259021329942625	-17.64671364799142	89.54165210016072	43.38798294775188	0.5699289325638927	0.5951089484357659	0.601127148301748	0.022493407523167995	0.019144821259585804	0.01057045903422532	FALSE	0.28909372274994966	28.721044428837228	28.23690002309109	29.057750463592832	0.37074144170588635	0.3723953238821935	0.37017423652493897	0.02351283871158888	0.022566176940390956	0.02209918015384651
C.1.1.3.1.4.2.2	C.00001.00001.00003.00001.00004.00002.00002	Part 286	+	0.02628880715300329	0.01230696216225624	62.76070298627019	-53.94966620951891	0.029127629948469222	0.026762449049083932	0.027475363535445323	-2.1024904939354158e-4	0.0016200013543922697	6.147594074536535e-4	FALSE	0.28909372274994966	28.721044428837228	28.23690002309109	29.057750463592832	0.37074144170588635	0.3723953238821935	0.37017423652493897	0.02351283871158888	0.022566176940390956	0.02209918015384651
C.1.1.3.1.4.2.3	C.00001.00001.00003.00001.00004.00002.00003	Part 287	+	0.7893841061438434	66.85028658248484	48.17043375223875	-42.84108933061361	1.091784143986187	1.067747839567025	0.9870523454670007	-0.018251024293104035	-0.03305758531602982	0.06358601399355998	FALSE	0.28909372274994966	28.721044428837228	28.23690002309109	29.057750463592832	0.37074144170588635	0.3723953238821935	0.37017423652493897	0.02351283871158888	0.022566176940390956	0.02209918015384651
C.1.1.3.1.4.2.4	C.00001.00001.00003.00001.00004.00002.00004	Part 288	-	0.5997321608329658	-60.982941929250956	81.23541325330734	78.97178935818374	0.5724571920338896	0.602166344081884	0.6050067643493143	-0.004557661028207018	-0.007580448849620853	0.028612424439612358	FALSE	0.28909372274994966	28.721044428837228	28.23690002309109	29.057750463592832	0.37074144170588635	0.3723953238821935	0.37017423652493897	0.02351283871158888	0.022566176940390956	0.02209918015384651
C.1.1.3.1.4.3.1	C.00001.00001.00003.00001.00004.00003.00001	Part 289	+	0.5838619578559883	-44.54403277486563	-15.438520535826683	1.3942868448793888	0.5610682329908524	0.6361642061100627	0.6411788066437182	-0.043219678325177244	-0.03578488802047932	0.02160606419841678	FALSE	0.28909372274994966	28.721044428837228	28.23690002309109	29.057750463592832	0.37074144170588635	0.3723953238821935	0.37017423652493897	0.02351283871158888	0.022566176940390956	0.02209918015384651
C.1.1.3.1.4.3.2	C.00001.00001.00003.00001.00004.00003.00002	Part 290	+	0.1373074025469832	49.899795511737466	52.46009826660156	-45.36074777133763	0.14359605070649073	0.16375187259050455	0.15566337197996727	-0.010840928079334247	0.0013230675657378201	0.008099615278531801	FALSE	0.28909372274994966	28.721044428837228	28.23690002309109	29.057750463592832	0.37074144170588635	0.3723953238821935	0.37017423652493897	0.02351283871158888	0.022566176940390956	0.02209918015384651
C.1.1.3.2.1.1.1	C.00001.00001.00003.00002.00001.00001.00001	Part 291	+	0.20872391965100542	-42.453552316874266	-91.48890930227935	-1.6845434438437223	0.3030029730743317	0.30041611316587397	0.2710764406007241	0.021860966315056476	0.0015074379416920045	-0.0018500085562770416	FALSE	0.28909372274994966	28.721044428837228	28.23690002309109	29.057750463592832	0.37074144170588635	0.3723953238821935	0.37017423652493897	0.02351283871158888	0.022566176940390956	0.02209918015384651
C.1.1.3.2.1.1.2	C.00001.00001.00003.00002.00001.00001.00002	Part 292	+	0.09709896455309354	-63.63059016875923	-33.34314785897732	-29.783048667013645	0.12761271868433127	0.1259134873340282	0.15196374709935354	-3.372534402745728e-4	-0.0023482677694220333	-4.0643321109515175e-5	FALSE	0.28909372274994966	28.721044428837228	28.23690002309109	29.057750463592832	0.37074144170588635	0.3723953238821935	0.37017423652493897	0.02351283871158888	0.022566176940390956	0.02209918015384651
C.1.1.3.2.1.1.3	C.00001.00001.00003.00002.00001.00001.00003	Part 293	+	0.1320042049740441	-51.368594728410244	6.137400772422552	5.860640527680516	0.1403687501784012	0.13532897377185216	0.15687191133581685	0.0014135462505616815	-0.0029205264864954673	-1.900350111307211e-4	FALSE	0.28909372274994966	28.721044428837228	28.23690002309109	29.057750463592832	0.37074144170588635	0.3723953238821935	0.37017423652493897	0.02351283871158888	0.022566176940390956	0.02209918015384651
C.1.1.3.2.1.1.4	C.00001.00001.00003.00002.00001.00001.00004	Part 294	+	0.5710190714714117	-93.14301228150725	-59.18976194225252	-7.19731543213129	0.7935785843580989	0.797762672320005	0.7653546626028505	9.849175668522937e-4	0.007588358096666954	-0.0010469011182626	FALSE	0.28909372274994966	28.721044428837228	28.23690002309109	29.057750463592832	0.37074144170588635	0.3723953238821935	0.37017423652493897	0.02351283871158888	0.022566176940390956	0.02209918015384651
C.1.1.3.2.1.1.5	C.00001.00001.00003.00002.00001.00001.00005	Part 295	-	0.5509190735432785	-8.113324595615268	35.629220586270094	22.592925187200308	0.6620054601795933	0.6585418270075559	0.6926666756982013	0.015376956555522788	-0.006891601694035384	-6.528032837741772e-4	FALSE	0.28909372274994966	28.721044428837228	28.23690002309109	29.057750463592832	0.37074144170588635	0.3723953238821935	0.37017423652493897	0.02351283871158888	0.022566176940390956	0.02209918015384651
C.1.1.3.2.1.2.1	C.00001.00001.00003.00002.00001.00002.00001	Part 296	-	0.7267857742926571	17.65443291515112	-99.3824243079871	7.7377688605338335	1.0189699300613975	1.011737945280532	1.1016671032062197	0.01032309855838883	-0.0376202693240189	-0.026749786745504305	FALSE	0.28909372274994966	28.721044428837228	28.23690002309109	29.057750463592832	0.37074144170588635	0.3723953238821935	0.37017423652493897	0.02351283871158888	0.022566176940390956	0.02209918015384651
C.1.1.3.2.1.2.2	C.00001.00001.00003.00002.00001.00002.00002	Part 297	+	0.6219178375320044	-62.12940663099289	-75.98449559882283	68.68572356179357	0.7294250165007358	0.7688521813045557	0.8059909878297835	0.0014787089402329059	-0.011753972019579508	-0.012296948840622305	FALSE	0.28909372274994966	28.721044428837228	28.23690002309109	29.057750463592832	0.37074144170588635	0.3723953238821935	0.37017423652493897	0.02351283871158888	0.022566176940390956	0.02209918015384651
C.1.1.3.2.1.2.3	C.00001.00001.00003.00002.00001.00002.00003	Part 298	-	0.9906643488102127	-5.472022807225585	23.642810713499784	-93.32370357587934	1.3695070907128233	1.5401452426070448	1.3913389016039324	-0.0515723913759841	0.010653319753149162	-0.007955411765144669	FALSE	0.28909372274994966	28.721044428837228	28.23690002309109	29.057750463592832	0.37074144170588635	0.3723953238821935	0.37017423652493897	0.02351283871158888	0.022566176940390956	0.02209918015384651
C.1.1.3.2.1.2.4	C.00001.00001.00003.00002.00001.00002.00004	Part 299	-	0.5965689031465444	19.347883528098464	-51.34479599073529	-20.803561015054584	0.7892307138756195	0.7601693816530307	0.8082400186559422	0.023249749580558605	-0.021664098105181082	0.044985378330058015	FALSE	0.28909372274994966	28.721044428837228	28.23690002309109	29.057750463592832	0.37074144170588635	0.3723953238821935	0.37017423652493897	0.02351283871158888	0.022566176940390956	0.02209918015384651
C.1.1.3.2.1.3.1	C.00001.00001.00003.00002.00001.00003.00001	Part 300	-	0.3302818592193071	18.362718960270286	-49.72509811632335	-7.727361470460892	0.469462949777523	0.4981432648281274	0.4917618774933188	-0.010115855753077836	-0.02150208003476731	-8.7923625547887e-4	FALSE	0.28909372274994966	28.721044428837228	28.23690002309109	29.057750463592832	0.37074144170588635	0.3723953238821935	0.37017423652493897	0.02351283871158888	0.022566176940390956	0.02209918015384651
C.1.1.3.2.1.3.2	C.00001.00001.00003.00002.00001.00003.00002	Part 301	-	0.3170500951097347	39.879792649298906	49.74324256181717	-16.910056164488196	0.3868403339358573	0.4332074035148762	0.3714825106179182	0.016979672110440942	3.085962524271642e-5	5.943747919141626e-4	FALSE	0.28909372274994966	28.721044428837228	28.23690002309109	29.057750463592832	0.37074144170588635	0.3723953238821935	0.37017423652493897	0.02351283871158888	0.022566176940390956	0.02209918015384651
C.1.1.3.2.1.3.3	C.00001.00001.00003.00002.00001.00003.00003	Part 302	-	0.004349761590827257	-88.5775972623378	85.53621731698513	-5.550558585673571	0.005913005331301421	0.005501464960847597	0.0052591730843552	4.279151971362525e-4	2.36131770010035e-5	2.209161769528973e-4	FALSE	0.28909372274994966	28.721044428837228	28.23690002309109	29.057750463592832	0.37074144170588635	0.3723953238821935	0.37017423652493897	0.02351283871158888	0.022566176940390956	0.02209918015384651
C.1.1.3.2.1.3.4	C.00001.00001.00003.00002.00001.00003.00004	Part 303	-	0.42648385343886913	86.82163748890162	49.98750961385667	-4.82497401535511	0.6509581627977518	0.6067174619344557	0.6184371040711442	-0.022935411706845953	-0.029081380340360178	0.013408712220088409	FALSE	0.28909372274994966	28.721044428837228	28.23690002309109	29.057750463592832	0.37074144170588635	0.3723953238821935	0.37017423652493897	0.02351283871158888	0.022566176940390956	0.02209918015384651
C.1.1.3.2.1.4.1	C.00001.00001.00003.00002.00001.00004.00001	Part 304	+	0.7463409944160376	-26.504614809527993	62.05139560624957	61.13782003521919	1.0452339481371151	1.1456713743509077	0.9965550771022512	-0.0037844778312448903	-0.018690386601199538	-0.0353752081346525	FALSE	0.28909372274994966	28.721044428837228	28.23690002309109	29.057750463592832	0.37074144170588635	0.3723953238821935	0.37017423652493897	0.02351283871158888	0.022566176940390956	0.02209918015384651
C.1.1.3.2.1.4.2	C.00001.00001.00003.00002.00001.00004.00002	Part 305	-	0.07366071792808361	-79.16469965130091	81.36048577725887	63.619013130664825	0.07950071933095791	0.08860937141400956	0.08804109037191804	-0.008543395605583287	0.00783892662881568	0.002312820694277688	FALSE	0.28909372274994966	28.721044428837228	28.23690002309109	29.057750463592832	0.37074144170588635	0.3723953238821935	0.37017423652493897	0.02351283871158888	0.022566176940390956	0.02209918015384651
C.1.1.3.2.1.4.3	C.00001.00001.00003.00002.00001.00004.00003	Part 306	+	0.7772379204537719	-19.621654599905014	-78.24674462899566	89.25165296532214	0.9711164702176183	0.9466826681114774	0.8791674095456459	0.0035185979756948505	0.0022976645382708125	0.0030417589459110278	FALSE	0.28909372274994966	28.721044428837228	28.23690002309109	29.057750463592832	0.37074144170588635	0.3723953238821935	0.37017423652493897	0.02351283871158888	0.022566176940390956	0.02209918015384651
C.1.1.3.2.1.4.4	C.00001.00001.00003.00002.00001.00004.00004	Part 307	-	0.8501022058944218	-51.454595290124416	25.23170718923211	21.931632049381733	0.9203361436659883	1.0513699248062658	1.0125844164820472	0.03954797218949646	-0.0855337919866877	0.019948801103531054	FALSE	0.28909372274994966	28.721044428837228	28.23690002309109	29.057750463592832	0.37074144170588635	0.3723953238821935	0.37017423652493897	0.02351283871158888	0.022566176940390956	0.02209918015384651
C.1.1.3.2.2.1.1	C.00001.00001.00003.00002.00002.00001.00001	Part 308	-	0.9628821893972345	-67.02563893049955	38.92446053214371	-91.79585943929851	1.325991570317825	1.3767848150268163	1.331913580574206	-0.08235468955166947	-0.005362268663962171	-0.08305653325092678	FALSE	0.28909372274994966	28.721044428837228	28.23690002309109	29.057750463592832	0.37074144170588635	0.3723953238821935	0.37017423652493897	0.02351283871158888	0.022566176940390956	0.02209918015384651
C.1.1.3.2.2.1.2	C.00001.00001.00003.00002.00002.00001.00002	Part 309	+	0.5805594417655375	79.54693427309394	65.67559484392405	-44.329586112871766	0.7634266870756968	0.7509323257853486	0.7493895127889785	-7.868340243789797e-4	-0.003883483413904091	0.014998158225549642	FALSE	0.28909372274994966	28.721044428837228	28.23690002309109	29.057750463592832	0.37074144170588635	0.3723953238821935	0.37017423652493897	0.02351283871158888	0.022566176940390956	0.02209918015384651
C.1.1.3.2.2.1.3	C.00001.00001.00003.00002.00002.00001.00003	Part 310	+	0.006278796201571822	-87.68620318733156	66.55258950777352	70.25857497937977	0.009083717793138048	0.00852770142378268	0.007307598921316748	-7.172538256833759e-4	-2.211488279135332e-4	-2.006876692919036e-5	FALSE	0.28909372274994966	28.721044428837228	28.23690002309109	29.057750463592832	0.37074144170588635	0.3723953238821935	0.37017423652493897	0.02351283871158888	0.022566176940390956	0.02209918015384651
C.1.1.3.2.2.2.1	C.00001.00001.00003.00002.00002.00002.00001	Part 311	-	0.507306068098871	51.52768441475928	-43.57835128903389	-80.80584607087076	0.5182907025904251	0.6396566292883058	0.60675846262782	0.027774789788406237	-0.05421418779891808	0.013214062933677433	FALSE	0.28909372274994966	28.721044428837228	28.23690002309109	29.057750463592832	0.37074144170588635	0.3723953238821935	0.37017423652493897	0.02351283871158888	0.022566176940390956	0.02209918015384651
C.1.1.3.2.2.2.2	C.00001.00001.00003.00002.00002.00002.00002	Part 312	-	0.27923376768874003	-58.8215580675751	-27.714911568909883	39.66203657910228	0.3003349372228094	0.30397909106428844	0.3530848292248687	-0.0016256423900652857	-0.004426881182763229	0.01567681694051682	FALSE	0.28909372274994966	28.721044428837228	28.23690002309109	29.057750463592832	0.37074144170588635	0.3723953238821935	0.37017423652493897	0.02351283871158888	0.022566176940390956	0.02209918015384651
C.1.1.3.2.2.2.3	C.00001.00001.00003.00002.00002.00002.00003	Part 313	+	0.053065631135599686	74.80520722456276	-99.91779676638544	72.3065145779401	0.06803522128108468	0.06849965363191944	0.07269471227138315	1.5071735385599846e-4	-7.294193082956819e-4	-0.0010525329059136177	FALSE	0.28909372274994966	28.721044428837228	28.23690002309109	29.057750463592832	0.37074144170588635	0.3723953238821935	0.37017423652493897	0.02351283871158888	0.022566176940390956	0.02209918015384651
C.1.1.3.2.2.2.4	C.00001.00001.00003.00002.00002.00002.00004	Part 314	+	0.025723440255038442	-56.83076097629964	49.14056593552232	-59.64905023574829	0.03401345992686182	0.03412561256690141	0.03451290554819782	-3.071215644418075e-4	8.896193491510361e-4	-7.108032788825308e-4	FALSE	0.28909372274994966	28.721044428837228	28.23690002309109	29.057750463592832	0.37074144170588635	0.3723953238821935	0.37017423652493897	0.02351283871158888	0.022566176940390956	0.02209918015384651
C.1.1.3.2.2.3.1	C.00001.00001.00003.00002.00002.00003.00001	Part 315	+	0.8841884749981109	-2.67761186696589	69.39258752390742	46.854346012696624	1.189376320613317	1.205941083905937	1.1648997578996236	0.014061573413145526	-0.013567785908019301	-0.03654059910570495	FALSE	0.28909372274994966	28.721044428837228	28.23690002309109	29.057750463592832	0.37074144170588635	0.3723953238821935	0.37017423652493897	0.02351283871158888	0.022566176940390956	0.02209918015384651
C.1.1.3.2.2.3.2	C.00001.00001.00003.00002.00002.00003.00002	Part 316	+	0.05425436808075756	-33.90569421462715	-9.006574749946594	-83.4563790820539	0.06582503402006419	0.0727462769581792	0.07228960061863357	-0.004232131433138974	-2.3667541681533072e-4	-0.0045218793984314505	FALSE	0.28909372274994966	28.721044428837228	28.23690002309109	29.057750463592832	0.37074144170588635	0.3723953238821935	0.37017423652493897	0.02351283871158888	0.022566176940390956	0.02209918015384651
C.1.1.3.2.2.3.3	C.00001.00001.00003.00002.00002.00003.00003	Part 317	-	0.7166010126913898	56.1417390126735	47.701892303302884	-75.77182915993035	0.8076271387470669	0.986578090013967	0.7817123876828004	-0.0071684844781875045	-7.451193538291595e-4	-0.007232231292846808	FALSE	0.28909372274994966	28.721044428837228	28.23690002309109	29.057750463592832	0.37074144170588635	0.3723953238821935	0.37017423652493897	0.02351283871158888	0.022566176940390956	0.02209918015384651
C.1.1.3.2.2.4.1	C.00001.00001.00003.00002.00002.00004.00001	Part 318	+	0.88897562152659515	-32.88555843755603	-45.80324599519372	42.835584888234735	1.1406320663721565	1.3118710687285449	1.218674073820137	0.07079337227403804	0.02208765741710296	0.05792516059510751	FALSE	0.28909372274994966	28.721044428837228	28.23690002309109	29.057750463592832	0.37074144170588635	0.3723953238821935	0.37017423652493897	0.02351283871158888	0.022566176940390956	0.02209918015384651
C.1.1.3.2.2.4.2	C.00001.00001.00003.00002.00002.00004.00002	Part 319	+	0.9409341678854544	97.86626021377742	-19.441911624744534	-32.84712606109679	1.3635594218624387	1.25727050418053	1.1556787094732983	0.10141737961065309	-0.016584724243580835	0.0080741474919051575	FALSE	0.28909372274994966	28.721044428837228	28.23690002309109	29.057750463592832	0.37074144170588635	0.3723953238821935	0.37017423652493897	0.02351283871158888	0.022566176940390956	0.02209918015384651
C.1.1.3.2.2.4.3	C.00001.00001.00003.00002.00002.00004.00003	Part 320	-	0.9677422760413028	54.965718602761626	39.3487214576453	40.10970429517329	0.9196409710813536	0.940467217425216	0.9065334421784903	-0.005298217016151351	-0.021174314867082475	0.010126942005534816	FALSE	0.28909372274994966	28.721044428837228	28.23690002309109	29.057750463592832	0.37074144170588635	0.3723953238821935	0.37017423652493897	0.02351283871158888	0.022566176940390956	0.02209918015384651
C.1.1.3.2.2.5.1	C.00001.00001.00003.00002.00002.00005.00001	Part 321	+	0.38982657161960377	10.995585890486836	55.75889269821346	4.62368200533092	0.593875336164907	0.570095051626122	0.5977647188323771	-0.008331680534444092	-0.0018383308505807877	-0.00862451112800756	FALSE	0.28909372274994966	28.721044428837228	28.23690002309109	29.057750463592832	0.37074144170588635	0.3723953238821935	0.37017423652493897	0.02351283871158888	0.022566176940390956	0.02209918015384651
C.1.1.3.2.2.5.2	C.00001.00001.00003.00002.00002.00005.00002	Part 322	-	0.7070334905567579	49.39921302720904	-95.53828649222851	-34.6599371638149	0.8683287334960428	0.8252912129048904	0.8172652405743035	-0.04404569806229386	-0.052528960149597084	0.02704553983832496	FALSE	0.28909372274994966	28.721044428837228	28.23690002309109	29.057750463592832	0.37074144170588635	0.3723953238821935	0.37017423652493897	0.02351283871158888	0.022566176940390956	0.02209918015384651
C.1.1.3.2.3.1.1	C.00001.00001.00003.00002.00003.00001.00001	Part 323	+	0.3878688797953073	-43.5926400590688	-91.387655492872	-48.86414282955229	0.42184964004594716	0.41817877777390067	0.4444434323184965	-0.005996255359739961	-0.001913937062915384	0.002494752411062521	FALSE	0.28909372274994966	28.721044428837228	28.23690002309109	29.057750463592832	0.37074144170588635	0.3723953238821935	0.37017423652493897	0.02351283871158888	0.022566176940390956	0.02209918015384651
C.1.1.3.2.3.1.2	C.00001.00001.00003.00002.00003.00001.00002	Part 324	+	0.13268335476797075	8.055883552879095	10.273663187399507	-61.78037249483168	0.14959516876052975	0.15794006943016725	0.17241936283603132	-0.004380634094447134	-0.004021442459459437	-0.01596463004876237	FALSE	0.28909372274994966	28.721044428837228	28.23690002309109	29.057750463592832	0.37074144170588635	0.3723953238821935	0.37017423652493897	0.02351283871158888	0.022566176940390956	0.02209918015384651
C.1.1.3.2.3.2.1	C.00001.00001.00003.00002.00003.00002.00001	Part 325	+	0.5126135343068745	-88.23857898823917	62.4933329410851	-67.9025755263865	0.48396662788528616	0.5335215442545749	0.479101358373085	0.001507180322832044	0.03241985306728057	2.4370241434969285e-5	FALSE	0.28909372274994966	28.721044428837228	28.23690002309109	29.057750463592832	0.37074144170588635	0.3723953238821935	0.37017423652493897	0.02351283871158888	0.022566176940390956	0.02209918015384651
C.1.1.3.2.3.2.2	C.00001.00001.00003.00002.00003.00002.00002	Part 326	+	0.534949642943684	52.64794761314988	46.47494424134493	28.902780450880527	0.7796976661674203	0.7908133779174921	0.8014815913535941	-0.01290336293397582	8.880044080371539e-4	0.017782637268793578	FALSE	0.28909372274994966	28.721044428837228	28.23690002309109	29.057750463592832	0.37074144170588635	0.3723953238821935	0.37017423652493897	0.02351283871158888	0.022566176940390956	0.02209918015384651
C.1.1.3.2.3.3.1	C.00001.00001.00003.00002.00003.00003.00001	Part 327	-	0.829036572795827	46.66926125064492	90.90984002687037	-97.02342553064227	0.792048226688685	0.9074065093255873	0.8705383520500798	-0.002907549974660929	-0.004094885363753678	0.024382285112802046	FALSE	0.28909372274994966	28.721044428837228	28.23690002309109	29.057750463592832	0.37074144170588635	0.3723953238821935	0.37017423652493897	0.02351283871158888	0.022566176940390956	0.02209918015384651
C.1.1.3.2.3.3.2	C.00001.00001.00003.00002.00003.00003.00002	Part 328	+	0.17266600727359765	32.73006435483694	25.773396529257298	-6.840196717530489	0.18975978613601396	0.16764062792869464	0.18417335811917462	0.004465007722107403	-0.007410885440029033	-0.006391626421596712	FALSE	0.28909372274994966	28.721044428837228	28.23690002309109	29.057750463592832	0.37074144170588635	0.3723953238821935	0.37017423652493897	0.02351283871158888	0.022566176940390956	0.02209918015384651
C.1.1.3.2.4.1.1	C.00001.00001.00003.00002.00004.00001.00001	Part 329	-	0.1287167886684183	87.03090269118547	-30.540409218519926	90.15979957766831	0.16228324661940166	0.18592483896238873	0.169379665314911	-0.005206167910981763	-3.557462758003533e-4	-0.012137712710591424	FALSE	0.28909372274994966	28.721044428837228	28.23690002309109	29.057750463592832	0.37074144170588635	0.3723953238821935	0.37017423652493897	0.02351283871158888	0.022566176940390956	0.02209918015384651
C.1.1.3.2.4.1.2	C.00001.00001.00003.00002.00004.00001.00002	Part 330	-	0.7194973043771461	-5.321806250140071	5.8911309111863375	64.91381684318185	0.7433649994239266	0.7614583436374497	0.7599770598861778	-0.0073631579731272675	0.01065898338305345	0.010820393022586878	FALSE	0.28909372274994966	28.721044428837228	28.23690002309109	29.057750463592832	0.37074144170588635	0.3723953238821935	0.37017423652493897	0.02351283871158888	0.022566176940390956	0.02209918015384651
C.1.1.3.2.4.1.3	C.00001.00001.00003.00002.00004.00001.00003	Part 331	+	0.9811546714256983	-26.812841603532434	52.877956395968795	-78.44380689784884	1.1952775255256611	1.1333585747959691	1.2088887158634742	0.04448588940602053	0.014076505407049527	0.030402675473276016	FALSE	0.28909372274994966	28.721044428837228	28.23690002309109	29.057750463592832	0.37074144170588635	0.3723953238821935	0.37017423652493897	0.02351283871158888	0.022566176940390956	0.02209918015384651
C.1.1.3.2.4.2.1	C.00001.00001.00003.00002.00004.00002.00001	Part 332	+	0.8908846303960308	6.145137874409556	30.200060736387968	86.38933976180851	1.1732807924076296	1.2262073962193647	1.1639888072078595	0.08138156012891873	-0.06547237091048538	0.016495638048970227	FALSE	0.28909372274994966	28.721044428837228	28.23690002309109	29.057750463592832	0.37074144170588635	0.3723953238821935	0.37017423652493897	0.02351283871158888	0.022566176940390956	0.02209918015384651
C.1.1.3.2.4.2.2	C.00001.00001.00003.00002.00004.00002.00002	Part 333	-	0.10032512529427186	92.65729235485196	-89.4319798797369	25.90523068793118	0.11913864855595321	0.134912528368046	0.12936075126750263	0.0073934246424274975	-0.007472614650957768	-0.006519047686285644	FALSE	0.28909372274994966	28.721044428837228	28.23690002309109	29.057750463592832	0.37074144170588635	0.3723953238821935	0.37017423652493897	0.02351283871158888	0.022566176940390956	0.02209918015384651
C.1.1.3.2.4.2.3	C.00001.00001.00003.00002.00004.00002.00003	Part 334	-	0.12425316546182148	43.277207762002945	40.1331914588809	45.36066073924303	0.16995944008708636	0.1719286949193182	0.1619421745124618	3.326645094867894e-5	0.0014322597037123236	-0.001125542427615782	FALSE	0.28909372274994966	28.721044428837228	28.23690002309109	29.057750463592832	0.37074144170588635	0.3723953238821935	0.37017423652493897	0.02351283871158888	0.022566176940390956	0.02209918015384651
C.1.1.3.2.4.3.1	C.00001.00001.00003.00002.00004.00003.00001	Part 335	-	0.8138346412456594	-19.35315211303532	-9.34449820779264	11.100184358656406	1.254307671626655	1.2892499073621049	1.2123385561143551	0.00475683828348402	-0.005411595769007989	0.030432322462455426	FALSE	0.28909372274994966	28.721044428837228	28.23690002309109	29.057750463592832	0.37074144170588635	0.3723953238821935	0.37017423652493897	0.02351283871158888	0.022566176940390956	0.02209918015384651
C.1.1.3.2.4.3.2	C.00001.00001.00003.00002.00004.00003.00002	Part 336	-	0.44453583809034897	-38.185068173334	-54.80590360239148	76.77488313056529	0.5605673530624556	0.5885100498271254	0.4944968784011927	0.0011743317180756795	0.017871565634935114	-0.0019844118834329845	FALSE	0.28909372274994966	28.721044428837228	28.23690002309109	29.057750463592832	0.37074144170588635	0.3723953238821935	0.37017423652493897	0.02351283871158888	0.022566176940390956	0.02209918015384651
C.1.1.3.2.4.4.1	C.00001.00001.00003.00002.00004.00004.00001	Part 337	+	0.9935060153647791	99.54300043173134	52.90783024393022	-3.098144009709358	1.2726673316890742	1.104507471678157	1.2862151596833427	0.113966584528572	-0.06579783463571051	0.04940191283725343	FALSE	0.28909372274994966	28.721044428837228	28.23690002309109	29.057750463592832	0.37074144170588635	0.3723953238821935	0.37017423652493897	0.02351283871158888	0.022566176940390956	0.02209918015384651
C.1.1.3.2.4.4.2	C.00001.00001.00003.00002.00004.00004.00002	Part 338	+	0.831485853352584	-83.13076198101044	-7.2145487647503614	24.929682817310095	1.1061638413519386	0.9906589384755864	1.1828486285053241	-0.024591749429249916	-0.027798027141805084	-0.06585028412634386	FALSE	0.28909372274994966	28.721044428837228	28.23690002309109	29.057750463592832	0.37074144170588635	0.3723953238821935	0.37017423652493897	0.02351283871158888	0.022566176940390956	0.02209918015384651
C.1.1.3.3.1.1.1	C.00001.00001.00003.00003.00001.00001.00001	Part 339	+	0.17296256762440315	-14.564425311982632	-26.097243139520288	68.29932532273233	0.23515190848664183	0.24636589810555753	0.23377505428179532	9.190094128724061e-4	-0.010515800318927333	0.002593748427671645	FALSE	0.28909372274994966	28.721044428837228	28.23690002309109	29.057750463592832	0.37074144170588635	0.3723953238821935	0.37017423652493897	0.02351283871158888	0.022566176940390956	0.02209918015384651
C.1.1.3.3.1.1.2	C.00001.00001.00003.00003.00001.00001.00002	Part 340	+	0.9838198948616628	-14.145324239507318	-73.95228827372193	-77.64726332388818	1.272949086677975	1.1470384580883433	1.2795345707875208	-0.06831570111704816	-0.030336452443956587	0.1408859925617021	FALSE	0.28909372274994966	28.721044428837228	28.23690002309109	29.057750463592832	0.37074144170588635	0.3723953238821935	0.37017423652493897	0.02351283871158888	0.022566176940390956	0.02209918015384651
C.1.1.3.3.1.2.1	C.00001.00001.00003.00003.00001.00002.00001	Part 341	-	0.5552727924224455	45.22345131263137	99.64423952624202	-92.10035386495292	0.6266058186470491	0.6183279141637241	0.6721429327674253	0.014988545156790763	-0.042082998472465646	-0.0326383529731137	FALSE	0.28909372274994966	28.721044428837228	28.23690002309109	29.057750463592832	0.37074144170588635	0.3723953238821935	0.37017423652493897	0.02351283871158888	0.022566176940390956	0.02209918015384651
C.1.1.3.3.1.2.2	C.00001.00001.00003.00003.00001.00002.00002	Part 342	+	0.6642862837191206	-0.12150341644883156	-22.469228319823742	3.6420139484107494	0.788842049384512	0.8668521507371356	0.7379916356314895	-0.010146073839353233	-7.11125070657171e-4	0.0012417534232498	FALSE	0.28909372274994966	28.721044428837228	28.23690002309109	29.057750463592832	0.37074144170588635	0.3723953238821935	0.37017423652493897	0.02351283871158888	0.022566176940390956	0.02209918015384651
C.1.1.3.3.1.2.3	C.00001.00001.00003.00003.00001.00002.00003	Part 343	-	0.4971872412322555	68.30497281625867	-64.88379389047623	71.64839040488005	0.7390924411943168	0.6412912874456442	0.5967274879637402	-0.007283921236905591	0.0013296151538236527	0.010705195410016874	FALSE	0.28909372274994966	28.721044428837228	28.23690002309109	29.057750463592832	0.37074144170588635	0.3723953238821935	0.37017423652493897	0.02351283871158888	0.022566176940390956	0.02209918015384651
C.1.1.3.3.1.3.1	C.00001.00001.00003.00003.00001.00003.00001	Part 344	+	0.7082670163041912	-7.923644687980413	-49.34416888281703	-5.094885872676969	0.8310048517949346	0.8171105974087458	0.9152684446968447	-0.006635538494853262	0.004183277509689184	-0.04061732463389712	FALSE	0.28909372274994966	28.721044428837228	28.23690002309109	29.057750463592832	0.37074144170588635	0.3723953238821935	0.37017423652493897	0.02351283871158888	0.022566176940390956	0.02209918015384651
C.1.1.3.3.1.3.2	C.00001.00001.00003.00003.00001.00003.00002	Part 345	+	0.7039202037192881	77.4934052489698	77.67855464480817	-36.64542925544083	0.8978087242555083	0.9427405973278487	0.9582910226102995	0.047254869640635154	-0.003307730206997259	-0.002696946277858248	FALSE	0.28909372274994966	28.721044428837228	28.23690002309109	29.057750463592832	0.37074144170588635	0.3723953238821935	0.37017423652493897	0.02351283871158888	0.022566176940390956	0.02209918015384651
C.1.1.3.3.1.3.3	C.00001.00001.00003.00003.00001.00003.00003	Part 346	+	0.5958952019563876	44.66969342902303	85.3391538374126	24.265004228800535	0.7713652964993101	0.6968887104444396	0.7985076519388641	-0.017454868630698374	0.09199885539149083	0.02230476182137807	FALSE	0.28909372274994966	28.721044428837228	28.23690002309109	29.057750463592832	0.37074144170588635	0.3723953238821935	0.37017423652493897	0.02351283871158888	0.022566176940390956	0.02209918015384651
C.1.1.3.3.1.3.4	C.00001.00001.00003.00003.00001.00003.00004	Part 347	+	0.8632667303956114	30.22816083393991	19.483605585992336	65.16060717403889	1.310280276323307	1.3092027430011184	1.219558064498851	0.004857887101179674	-0.002589224195977213	-0.001204902973619892	FALSE	0.28909372274994966	28.721044428837228	28.23690002309109	29.057750463592832	0.37074144170588635	0.3723953238821935	0.37017423652493897	0.02351283871158888	0.022566176940390956	0.02209918015384651
C.1.1.3.3.1.3.5	C.00001.00001.00003.00003.00001.00003.00005	Part 348	-	0.8072724089231342	-36.79119385778904	-37.78122067451477	-57.85218561068177	0.8511451997168983	0.9283186293498258	0.8772118188480884	0.024868290144069972	0.038762012521037545	0.05005484338480435	FALSE	0.28909372274994966	28.721044428837228	28.23690002309109	29.057750463592832	0.37074144170588635	0.3723953238821935	0.37017423652493897	0.02351283871158888	0.022566176940390956	0.02209918015384651
C.1.1.3.3.1.4.1	C.00001.00001.00003.00003.00001.00004.00001	Part 349	-	0.48454553055693395	76.3405176345259	-19.746251730248332	-40.3416823130101	0.4435015590057802	0.5665401783028494	0.5595896048069	-0.026817732010076874	-0.012258042220934025	-0.004432627929189525	FALSE	0.28909372274994966	28.721044428837228	28.23690002309109	29.057750463592832	0.37074144170588635	0.3723953238821935	0.37017423652493897	0.02351283871158888	0.022566176940390956	0.02209918015384651
C.1.1.3.3.1.4.2	C.00001.00001.00003.00003.00001.00004.00002	Part 350	+	0.10636566165601835	99.09410011023283	12.152099749073386	41.56476310454309	0.12124309108592712	0.11976485657182949	0.1381998386436675	0.0031644404808769274	-6.34067392692426e-5	-0.001641676819240469	FALSE	0.28909372274994966	28.721044428837228	28.23690002309109	29.057750463592832	0.37074144170588635	0.3723953238821935	0.37017423652493897	0.02351283871158888	0.022566176940390956	0.02209918015384651
C.1.1.3.3.2.1.1	C.00001.00001.00003.00003.00002.00001.00001	Part 351	-	0.77704927199753	70.05582912825048	-90.65169123932719	-53.16146709956229	0.9895311238446165	0.84551021282698	0.9724325137632895	-0.036116724543611714	-0.0013055538886287076	-0.020873950018523157	FALSE	0.28909372274994966	28.721044428837228	28.23690002309109	29.057750463592832	0.37074144170588635	0.3723953238821935	0.37017423652493897	0.02351283871158888	0.022566176940390956	0.02209918015384651
C.1.1.3.3.2.1.2	C.00001.00001.00003.00003.00002.00001.00002	Part 352	-	0.34672079734317957	90.2286637108773	-14.014111133292317	10.395548678934574	0.4724925320319602	0.4765015014220238	0.48873816688708965	-0.014557722872197195	-0.03173305962860533	1.3034053223681666e-4	FALSE	0.28909372274994966	28.721044428837228	28.23690002309109	29.057750463592832	0.37074144170588635	0.3723953238821935	0.37017423652493897	0.02351283871158888	0.022566176940390956	0.02209918015384651
C.1.1.3.3.2.1.3	C.00001.00001.00003.00003.00002.00001.00003	Part 353	+	0.8570563166863285	-77.57854368537664	27.805724507197738	38.91883506439626	1.1371704390374393	1.1473445203900074	1.0822245381959128	0.021969742746294284	0.08954292109316597	-0.09571725841884535	FALSE	0.28909372274994966	28.721044428837228	28.23690002309109	29.057750463592832	0.37074144170588635	0.3723953238821935	0.37017423652493897	0.02351283871158888	0.022566176940390956	0.02209918015384651
C.1.1.3.3.2.1.4	C.00001.00001.00003.00003.00002.00001.00004	Part 354	+	0.8075060287709348	95.47860003076494	-29.560013441368937	87.90220720693469	1.0222307270645512	1.0425468890200875	1.0088720804606368	0.06613813756534859	-0.051207983586662245	0.056839000670519446	FALSE	0.28909372274994966	28.721044428837228	28.23690002309109	29.057750463592832	0.37074144170588635	0.3723953238821935	0.37017423652493897	0.02351283871158888	0.022566176940390956	0.02209918015384651
C.1.1.3.3.2.1.5	C.00001.00001.00003.00003.00002.00001.00005	Part 355	-	0.20572458224953152	-30.770735954865813	47.99015307798982	51.574612967669964	0.2839137586999741	0.2687665489168035	0.27125756260417366	0.0027132013043448767	-0.005324956905221535	-0.00343109518570215	FALSE	0.28909372274994966	28.721044428837228	28.23690002309109	29.057750463592832	0.37074144170588635	0.3723953238821935	0.37017423652493897	0.02351283871158888	0.022566176940390956	0.02209918015384651
C.1.1.3.3.2.2.1	C.00001.00001.00003.00003.00002.00002.00001	Part 356	-	0.2372182305334136	-25.50076711922884	37.69216509535909	1.8723068293184042	0.29134553987413647	0.3015563682877139	0.3665896343791621	-0.008189519011996816	0.012289423546843217	-0.02760671114873288	FALSE	0.28909372274994966	28.721044428837228	28.23690002309109	29.057750463592832	0.37074144170588635	0.3723953238821935	0.37017423652493897	0.02351283871158888	0.022566176940390956	0.02209918015384651
C.1.1.3.3.2.2.2	C.00001.00001.00003.00003.00002.00002.00002	Part 357	-	0.04752086375420913	66.05742904357612	-46.46932524628937	28.583692107349634	0.057919704634129085	0.054995967699237265	0.0649351684678988	-0.004256242558669406	0.001327113246219507	-0.004210082649598986	FALSE	0.28909372274994966	28.721044428837228	28.23690002309109	29.057750463592832	0.37074144170588635	0.3723953238821935	0.37017423652493897	0.02351283871158888	0.022566176940390956	0.02209918015384651
C.1.1.3.3.2.2.3	C.00001.00001.00003.00003.00002.00002.00003	Part 358	-	0.7245376036199741	35.23866543546319	34.217194048687816	-11.421308340504766	0.9112260261089657	0.9854030878342958	0.9851808842484352	-0.03404675019815247	-0.03454329038095409	-0.012396529647119573	FALSE	0.28909372274994966	28.721044428837228	28.23690002309109	29.057750463592832	0.37074144170588635	0.3723953238821935	0.37017423652493897	0.02351283871158888	0.022566176940390956	0.02209918015384651
C.1.1.3.3.3.1.1	C.00001.00001.00003.00003.00003.00001.00001	Part 359	+	0.8504522860716097	-49.115600530058146	44.19183866120875	-43.12542281113565	1.2859925581689495	1.2703321565005177	1.2792177094362849	-0.012581350744978818	0.017977905440962234	0.011617879109940707	FALSE	0.28909372274994966	28.721044428837228	28.23690002309109	29.057750463592832	0.37074144170588635	0.3723953238821935	0.37017423652493897	0.02351283871158888	0.022566176940390956	0.02209918015384651
C.1.1.3.3.3.1.2	C.00001.00001.00003.00003.00003.00001.00002	Part 360	-	0.6315701652944553	-83.37428821250796	1.954424660652876	72.82711169682443	0.7236730051605913	0.7205043949279477	0.8530657457063536	0.016007201976327993	0.06380973638404938	-0.02362741773822745	FALSE	0.28909372274994966	28.721044428837228	28.23690002309109	29.057750463592832	0.37074144170588635	0.3723953238821935	0.37017423652493897	0.02351283871158888	0.022566176940390956	0.02209918015384651
C.1.1.3.3.3.1.3	C.00001.00001.00003.00003.00003.00001.00003	Part 361	+	0.6996143925464712	-63.59420269727707	-88.62598459236324	-22.760992124676704	0.9098811334073331	0.8575401273555749	0.8742757121999164	-0.04562700392134493	-0.022545919239275007	-0.0021049229370553877	FALSE	0.28909372274994966	28.721044428837228	28.23690002309109	29.057750463592832	0.37074144170588635	0.3723953238821935	0.37017423652493897	0.02351283871158888	0.022566176940390956	0.02209918015384651
C.1.1.3.3.3.1.4	C.00001.00001.00003.00003.00003.00001.00004	Part 362	+	0.8161346968146972	-50.07086815312505	-15.8969531301409	58.48685218952596	0.9474334592935165	0.9142407891330531	0.9510547762293589	0.004616361332841578	-0.0045825795372115685	-0.015149540630757522	FALSE	0.28909372274994966	28.721044428837228	28.23690002309109	29.057750463592832	0.37074144170588635	0.3723953238821935	0.37017423652493897	0.02351283871158888	0.022566176940390956	0.02209918015384651
C.1.1.3.3.3.2.1	C.00001.00001.00003.00003.00003.00002.00001	Part 363	-	0.44449189454852606	73.33115013316274	3.464101580902934	-44.381224643439054	0.6340587886663713	0.6257638950324168	0.6074280828308877	-0.011954897470110134	-0.01721122078046567	0.011125900437416226	FALSE	0.28909372274994966	28.721044428837228	28.23690002309109	29.057750463592832	0.37074144170588635	0.3723953238821935	0.37017423652493897	0.02351283871158888	0.022566176940390956	0.02209918015384651
C.1.1.3.3.3.2.2	C.00001.00001.00003.00003.00003.00002.00002	Part 364	-	0.6195363764499779	-51.22993038967252	5.6061300449073315	60.55085202679038	0.766592003874242	0.8736708767852546	0.8176724382256669	0.01026958985554561	-0.015242290774441194	0.04479842730099822	FALSE	0.28909372274994966	28.721044428837228	28.23690002309109	29.057750463592832	0.37074144170588635	0.3723953238821935	0.37017423652493897	0.02351283871158888	0.022566176940390956	0.02209918015384651
C.1.1.3.3.3.3.1	C.00001.00001.00003.00003.00003.00003.00001	Part 365	+	0.6631013120673597	-26.361875887960196	-91.08197679743171	32.93327162973583	0.8681920304754445	0.8343259704647652	0.9656238455132924	0.010485765311351203	0.07894198419442901	-0.006375601374078912	FALSE	0.28909372274994966	28.721044428837228	28.23690002309109	29.057750463592832	0.37074144170588635	0.3723953238821935	0.37017423652493897	0.02351283871158888	0.022566176940390956	0.02209918015384651
C.1.1.3.3.3.3.2	C.00001.00001.00003.00003.00003.00003.00002	Part 366	-	0.43639439152251	60.67314734682441	51.530647557228804	34.53284106217325	0.5965071925441982	0.6196004966756115	0.6755973245670407	0.019010842469309133	1.3449155068283064e-4	-2.0597936091259472e-4	FALSE	0.28909372274994966	28.721044428837228	28.23690002309109	29.057750463592832	0.37074144170588635	0.3723953238821935	0.37017423652493897	0.02351283871158888	0.022566176940390956	0.02209918015384651
C.1.1.3.3.3.3.3	C.00001.00001.00003.00003.00003.00003.00003	Part 367	-	0.29280219084909187	51.96624989621341	20.35210942849517	-84.27569982595742	0.38775073085315237	0.37682545416182517	0.41072470042932147	-0.030480396750700398	0.021042182170702382	4.046926077895442e-4	FALSE	0.28909372274994966	28.721044428837228	28.23690002309109	29.057750463592832	0.37074144170588635	0.3723953238821935	0.37017423652493897	0.02351283871158888	0.022566176940390956	0.02209918015384651
C.1.1.3.3.3.3.4	C.00001.00001.00003.00003.00003.00003.00004	Part 368	-	0.7366351738085505	61.88151203095913	62.26568752899766	-88.20957448333502	0.8327232536244488	0.7531982390595652	0.8055498768810735	0.009441943800766153	-4.412399267944972e-4	-0.0024008129387950152	FALSE	0.28909372274994966	28.721044428837228	28.23690002309109	29.057750463592832	0.37074144170588635	0.3723953238821935	0.37017423652493897	0.02351283871158888	0.022566176940390956	0.02209918015384651
C.1.1.3.3.3.3.5	C.00001.00001.00003.00003.00003.00003.00005	Part 369	+	0.2715729317017831	-70.55536163970828	-30.49886655062437	-64.20878088101745	0.3161118053732044	0.36828978337773255	0.3312912321796915	-0.00846343292733176	-0.033531751516162125	-0.009268383138734036	FALSE	0.28909372274994966	28.721044428837228	28.23690002309109	29.057750463592832	0.37074144170588635	0.3723953238821935	0.37017423652493897	0.02351283871158888	0.022566176940390956	0.02209918015384651
C.1.1.3.3.3.4.1	C.00001.00001.00003.00003.00003.00004.00001	Part 370	-	0.9836174107897095	-11.059313593432307	65.70983855053782	23.10982048511505	1.5057223389342758	1.53427055622812	1.5314362347455965	-0.012060290262935716	-0.01515338425031792	-0.0058937719634679555	FALSE	0.28909372274994966	28.721044428837228	28.23690002309109	29.057750463592832	0.37074144170588635	0.3723953238821935	0.37017423652493897	0.02351283871158888	0.022566176940390956	0.02209918015384651
C.1.1.3.3.3.4.2	C.00001.00001.00003.00003.00003.00004.00002	Part 371	+	0.7890587515793741	53.98680209182203	95.98496975377202	-39.544238056987524	1.1721711015514373	1.0951211235738731	1.1008474308553882	-0.07280050465536486	0.05799694573055922	0.011487199058910876	FALSE	0.28909372274994966	28.721044428837228	28.23690002309109	29.057750463592832	0.37074144170588635	0.3723953238821935	0.37017423652493897	0.02351283871158888	0.022566176940390956	0.02209918015384651
C.1.1.3.3.3.4.3	C.00001.00001.00003.00003.00003.00004.00003	Part 372	+	0.38300722730276177	52.177726570516825	-3.9107633754611015	-59.45711024105549	0.38422021901327974	0.4476683081339953	0.4538802454009414	0.027468949864668555	0.039544325396093476	0.011665527210420832	FALSE	0.28909372274994966	28.721044428837228	28.23690002309109	29.057750463592832	0.37074144170588635	0.3723953238821935	0.37017423652493897	0.02351283871158888	0.022566176940390956	0.02209918015384651
C.1.1.3.3.3.5.1	C.00001.00001.00003.00003.00003.00005.00001	Part 373	-	0.4930017203444149	48.9634505007416	-30.859337421134114	-24.25348130054772	0.7428852804728492	0.7512146991308191	0.7529417182912935	0.013259708736063101	0.012344322066848802	-0.008900075135714076	FALSE	0.28909372274994966	28.721044428837228	28.23690002309109	29.057750463592832	0.37074144170588635	0.3723953238821935	0.37017423652493897	0.02351283871158888	0.022566176940390956	0.02209918015384651
C.1.1.3.3.3.5.2	C.00001.00001.00003.00003.00003.00005.00002	Part 374	+	0.49086345958150923	-71.60062612965703	56.60618063993752	-78.87534759938717	0.6061484588404196	0.554689354793227	0.679233732908539	0.026031544239559713	-0.008043975478040356	-0.059851779504421804	FALSE	0.28909372274994966	28.721044428837228	28.23690002309109	29.057750463592832	0.37074144170588635	0.3723953238821935	0.37017423652493897	0.02351283871158888	0.022566176940390956	0.02209918015384651
C.1.1.3.3.3.5.3	C.00001.00001.00003.00003.00003.00005.00003	Part 375	-	0.24642546586622485	-84.09838699735701	-18.07793523184955	1.7397694289684296	0.30882200594334985	0.3082591801718887	0.29144252165497686	0.014654766119721687	-0.021475599004901584	0.02084967314682651	FALSE	0.28909372274994966	28.721044428837228	28.23690002309109	29.057750463592832	0.37074144170588635	0.3723953238821935	0.37017423652493897	0.02351283871158888	0.022566176940390956	0.02209918015384651
C.1.1.3.3.3.5.4	C.00001.00001.00003.00003.00003.00005.00004	Part 376	-	0.6667201521121897	-79.02822960168123	56.081335339695215	24.90436127409339	0.8349685941386452	0.8474066305350284	0.7989530974833681	0.009647740900007574	-0.03165659888702023	0.01557464612257966	FALSE	0.28909372274994966	28.721044428837228	28.23690002309109	29.057750463592832	0.37074144170588635	0.3723953238821935	0.37017423652493897	0.02351283871158888	0.022566176940390956	0.02209918015384651
C.1.1.3.3.4.1.1	C.00001.00001.00003.00003.00004.00001.00001	Part 377	-	0.16786196228140035	85.8563244342804	16.847784537822008	68.2447683531791	0.18772929224369217	0.16351796613933164	0.18264884543448073	0.002366922563690748	-7.671349051615627e-5	-0.013367497632409162	FALSE	0.28909372274994966	28.721044428837228	28.23690002309109	29.057750463592832	0.37074144170588635	0.3723953238821935	0.37017423652493897	0.02351283871158888	0.022566176940390956	0.02209918015384651
C.1.1.3.3.4.1.2	C.00001.00001.00003.00003.00004.00001.00002	Part 378	+	0.7761300614897627	-40.10105608031154	-18.691003043204546	82.37731056287885	0.8337004375924344	0.8948591043860825	0.9861817588244333	-0.0727409255035611	0.05749437187098973	-0.010528134551486382	FALSE	0.28909372274994966	28.721044428837228	28.23690002309109	29.057750463592832	0.37074144170588635	0.3723953238821935	0.37017423652493897	0.02351283871158888	0.022566176940390956	0.02209918015384651
C.1.1.3.3.4.1.3	C.00001.00001.00003.00003.00004.00001.00003	Part 379	+	0.3677954891961999	6.675472250208259	-64.9044412188232	6.5065456088632345	0.45608195124425166	0.4488835622870266	0.5122677597952316	-0.028238561556379542	-0.003921683895963335	0.046778849140629394	FALSE	0.28909372274994966	28.721044428837228	28.23690002309109	29.057750463592832	0.37074144170588635	0.3723953238821935	0.37017423652493897	0.02351283871158888	0.022566176940390956	0.02209918015384651
C.1.1.3.3.4.1.4	C.00001.00001.00003.00003.00004.00001.00004	Part 380	-	0.35258977467520164	-42.390523571521044	19.009209191426635	34.90069201216102	0.35212763824570303	0.3520464040277288	0.3167711626335207	0.004601997288405874	0.0049188604272641405	-0.018591595479338606	FALSE	0.28909372274994966	28.721044428837228	28.23690002309109	29.057750463592832	0.37074144170588635	0.3723953238821935	0.37017423652493897	0.02351283871158888	0.022566176940390956	0.02209918015384651
C.1.1.3.3.4.1.5	C.00001.00001.00003.00003.00004.00001.00005	Part 381	-	0.7519982337721158	93.94692704081535	60.78961477614939	78.5638467874378	1.0658366598083429	1.0515183722742143	0.9352413116792168	-0.03138950107287084	-0.049741399104252855	0.028469702048991283	FALSE	0.28909372274994966	28.721044428837228	28.23690002309109	29.057750463592832	0.37074144170588635	0.3723953238821935	0.37017423652493897	0.02351283871158888	0.022566176940390956	0.02209918015384651
C.1.1.3.3.4.2.1	C.00001.00001.00003.00003.00004.00002.00001	Part 382	-	0.62546605390287	2.355882665142417	-3.5654504783451557	25.43421327136457	0.6564305318742797	0.7143324744289306	0.7175145145447938	-0.0146954903636636	-0.01780526800032754	-0.025956038590863963	FALSE	0.28909372274994966	28.721044428837228	28.23690002309109	29.057750463592832	0.37074144170588635	0.3723953238821935	0.37017423652493897	0.02351283871158888	0.022566176940390956	0.02209918015384651
C.1.1.3.3.4.2.2	C.00001.00001.00003.00003.00004.00002.00002	Part 383	-	0.14246590520720928	-13.453342951834202	-45.40736894123256	-40.9826572984457	0.16077365099943794	0.15703020875757595	0.15542495318233188	5.4811923751243034e-5	-0.0028249315988940864	0.00194954496673525	FALSE	0.28909372274994966	28.721044428837228	28.23690002309109	29.057750463592832	0.37074144170588635	0.3723953238821935	0.37017423652493897	0.02351283871158888	0.022566176940390956	0.02209918015384651
C.1.1.3.3.4.2.3	C.00001.00001.00003.00003.00004.00002.00003	Part 384	+	0.30736152279307133	64.03149636462331	38.015674659982324	99.04580633156002	0.36714965255547966	0.4088369471696716	0.3272964155798288	-0.004865696717759781	0.04523094933536531	0.010244793744234936	FALSE	0.28909372274994966	28.721044428837228	28.23690002309109	29.057750463592832	0.37074144170588635	0.3723953238821935	0.37017423652493897	0.02351283871158888	0.022566176940390956	0.02209918015384651
C.1.1.3.3.4.2.4	C.00001.00001.00003.00003.00004.00002.00004	Part 385	-	0.8813279117320199	-53.15743167884648	10.442890552803874	-68.36772146634758	1.1694444186108524	1.2350173669635875	1.221708662038103	0.03883823840806931	0.021780530814033063	0.03573074102659063	FALSE	0.28909372274994966	28.721044428837228	28.23690002309109	29.057750463592832	0.37074144170588635	0.3723953238821935	0.37017423652493897	0.02351283871158888	0.022566176940390956	0.02209918015384651
C.1.1.3.3.4.2.5	C.00001.00001.00003.00003.00004.00002.00005	Part 386	+	0.10937700319802389	42.76658818125725	45.61534714885056	81.8830500356853	0.13144777401524757	0.1344541654665131	0.16944041406185276	-0.004704860740521314	-0.005551590956860193	-0.004846641111376362	FALSE	0.28909372274994966	28.721044428837228	28.23690002309109	29.057750463592832	0.37074144170588635	0.3723953238821935	0.37017423652493897	0.02351283871158888	0.022566176940390956	0.02209918015384651
C.1.1.3.3.4.3.1	C.00001.00001.00003.00003.00004.00003.00001	Part 387	-	0.1324007549379021	-75.64562722109258	-14.837086573243141	-84.6807558555156	0.17553472010336704	0.14803501730536697	0.16591079093823602	0.015232586893970855	-9.567312334899193e-4	-0.01238921084133365	FALSE	0.28909372274994966	28.721044428837228	28.23690002309109	29.057750463592832	0.37074144170588635	0.3723953238821935	0.37017423652493897	0.02351283871158888	0.022566176940390956	0.02209918015384651
C.1.1.3.3.4.3.2	C.00001.00001.00003.00003.00004.00003.00002	Part 388	+	0.807151144518517	7.701417431235313	-10.22597891278565	24.476659391075373	0.8202455337025117	0.8113282285181346	0.7152272549742393	-0.00677213545481405	-0.005947729133492619	0.011259169536033297	FALSE	0.28909372274994966	28.721044428837228	28.23690002309109	29.057750463592832	0.37074144170588635	0.3723953238821935	0.37017423652493897	0.02351283871158888	0.022566176940390956	0.02209918015384651
C.1.1.3.3.4.4.1	C.00001.00001.00003.00003.00004.00004.00001	Part 389	-	0.7139046251026447	-87.40574680268764	-17.880180245265365	39.53604926355183	1.0309447711844637	0.9377386227914168	1.030668584191264	-0.004976498780813686	0.003565080235109526	0.011396028594465521	FALSE	0.28909372274994966	28.721044428837228	28.23690002309109	29.057750463592832	0.37074144170588635	0.3723953238821935	0.37017423652493897	0.02351283871158888	0.022566176940390956	0.02209918015384651
C.1.1.3.3.4.4.2	C.00001.00001.00003.00003.00004.00004.00002	Part 390	-	0.295551092278678	-33.12367140315473	-65.27239489369094	51.6985178925097	0.37477406366690624	0.39944932687267626	0.31260582175360674	-0.014740451163008633	0.006089068610954781	-0.00154250272482289	FALSE	0.28909372274994966	28.721044428837228	28.23690002309109	29.057750463592832	0.37074144170588635	0.3723953238821935	0.37017423652493897	0.02351283871158888	0.022566176940390956	0.02209918015384651
C.1.1.3.3.4.4.3	C.00001.00001.00003.00003.00004.00004.00003	Part 391	-	0.817310900226701	-47.937864949926734	-48.670189175754786	29.171191062778234	0.8674163361629236	0.9735490142799794	0.9580039967475	-0.07595666677287743	0.0028398898663351073	0.0013683141854874232	FALSE	0.28909372274994966	28.721044428837228	28.23690002309109	29.057750463592832	0.37074144170588635	0.3723953238821935	0.37017423652493897	0.02351283871158888	0.022566176940390956	0.02209918015384651
C.1.1.3.3.4.5.1	C.00001.00001.00003.00003.00004.00005.00001	Part 392	+	0.12312743554264308	-13.61965243704617	-58.821651339530945	66.03744337335229	0.11273701249619117	0.1339467200102361	0.12687587134572648	-0.0019741660899585184	-0.0029936174079168154	-0.0028560964563378696	FALSE	0.28909372274994966	28.721044428837228	28.23690002309109	29.057750463592832	0.37074144170588635	0.3723953238821935	0.37017423652493897	0.02351283871158888	0.022566176940390956	0.02209918015384651
C.1.1.3.3.4.5.2	C.00001.00001.00003.00003.00004.00005.00002	Part 393	-	0.6775872212552931	91.47244468331337	-54.22576982527971	22.372767562046647	0.9057019679536699	0.9133459686867721	0.8425530044257208	0.036452692810385504	0.008803544887606823	0.007259635117751276	FALSE	0.28909372274994966	28.721044428837228	28.23690002309109	29.057750463592832	0.37074144170588635	0.3723953238821935	0.37017423652493897	0.02351283871158888	0.022566176940390956	0.02209918015384651
C.1.1.3.3.4.5.3	C.00001.00001.00003.00003.00004.00005.00003	Part 394	-	0.0985529834907502	-87.99872137606144	89.85906043089926	-32.657551718875766	0.13685297609509237	0.11839772132804591	0.12420754512393485	-0.007056821975560023	0.0011114850167873698	1.008320147939265e-4	FALSE	0.28909372274994966	28.721044428837228	28.23690002309109	29.057750463592832	0.37074144170588635	0.3723953238821935	0.37017423652493897	0.02351283871158888	0.022566176940390956	0.02209918015384651
C.1.1.3.3.4.5.4	C.00001.00001.00003.00003.00004.00005.00004	Part 395	+	0.8121832358497195	-30.786744970828295	-77.6023690123111	-77.66235861927271	1.0780461154567795	1.078477733319452	1.1877220575344243	0.014635663293714646	0.08743197372177619	-0.03052663406862784	FALSE	0.28909372274994966	28.721044428837228	28.23690002309109	29.057750463592832	0.37074144170588635	0.3723953238821935	0.37017423652493897	0.02351283871158888	0.022566176940390956	0.02209918015384651
C.1.1.3.3.4.5.5	C.00001.00001.00003.00003.00004.00005.00005	Part 396	+	0.4214078771804925	92.66907656565309	54.915151139721274	-37.03661574982107	0.6136963861147711	0.6108861521766994	0.617636003029593	0.009244017657946283	-0.009184020189321615	0.0013082082895758164	FALSE	0.28909372274994966	28.721044428837228	28.23690002309109	29.057750463592832	0.37074144170588635	0.3723953238821935	0.37017423652493897	0.02351283871158888	0.022566176940390956	0.02209918015384651
C.1.1.3.4.1.1.1	C.00001.00001.00003.00004.00001.00001.00001	Part 397	-	0.02372396921156906	-89.363680081442	35.44211769476533	-89.64144736528397	0.033405870504254906	0.02913846666516851	0.03283746375896864	5.528425961646448e-4	3.479115362449733e-5	0.0013328242043395139	FALSE	0.28909372274994966	28.721044428837228	28.23690002309109	29.057750463592832	0.37074144170588635	0.3723953238821935	0.37017423652493897	0.02351283871158888	0.022566176940390956	0.02209918015384651
C.1.1.3.4.1.1.2	C.00001.00001.00003.00004.00001.00001.00002	Part 398	+	0.5919234012430534	75.93101593665779	9.600986959412694	-26.528398552909493	0.770352850091484	0.7259125163010768	0.7313072816393326	0.032472403891672996	0.0302403569417911	0.06243446399647014	FALSE	0.28909372274994966	28.721044428837228	28.23690002309109	29.057750463592832	0.37074144170588635	0.3723953238821935	0.37017423652493897	0.02351283871158888	0.022566176940390956	0.02209918015384651
C.1.1.3.4.1.2.1	C.00001.00001.00003.00004.00001.00002.00001	Part 399	+	0.523581439486472	50.42078816331923	17.9677443113178	-72.7757129818201	0.6823414106800034	0.6193806633975562	0.7157345643301456	0.009529132218344998	0.00633316435621075	0.03633333192775019	FALSE	0.28909372274994966	28.721044428837228	28.23690002309109	29.057750463592832	0.37074144170588635	0.3723953238821935	0.37017423652493897	0.02351283871158888	0.022566176940390956	0.02209918015384651
C.1.1.3.4.1.2.2	C.00001.00001.00003.00004.00001.00002.00002	Part 400	-	0.8158563330559991	24.250193033367395	15.537180751562119	39.37647631391883	1.0297092509290482	0.9790000251639716	1.1612455427057145	-0.008917556040880119	0.0040147945059103	0.04399860010379668	FALSE	0.28909372274994966	28.721044428837228	28.23690002309109	29.057750463592832	0.37074144170588635	0.3723953238821935	0.37017423652493897	0.02351283871158888	0.022566176940390956	0.02209918015384651
C.1.1.3.4.1.2.3	C.00001.00001.00003.00004.00001.00002.00003	Part 401	-	0.2222717572071124	-13.808929780498147	20.651404466480017	72.60958417318761	0.2632585799068577	0.2820702391516388	0.28973382773890394	0.02805320581064509	-0.006327180711395032	-0.02744353798096605	FALSE	0.28909372274994966	28.721044428837228	28.23690002309109	29.057750463592832	0.37074144170588635	0.3723953238821935	0.37017423652493897	0.02351283871158888	0.022566176940390956	0.02209918015384651
C.1.1.3.4.1.2.4	C.00001.00001.00003.00004.00001.00002.00004	Part 402	-	0.9888013822126668	25.683790165930986	47.29431327432394	-33.63154106773436	1.0904188596546653	1.0730393353960321	1.2771831703843701	-0.031710692012962435	-0.015609301703289464	-0.018873175179580544	FALSE	0.28909372274994966	28.721044428837228	28.23690002309109	29.057750463592832	0.37074144170588635	0.3723953238821935	0.37017423652493897	0.02351283871158888	0.022566176940390956	0.02209918015384651
C.1.1.3.4.1.2.5	C.00001.00001.00003.00004.00001.00002.00005	Part 403	+	0.794274276291253	72.8743418585509	39.760535676032305	-16.46910044364631	1.141200087811568	1.0508460947210099	1.045731743840879	0.008551433170079208	-0.025862813057664028	-0.02199402020909095	FALSE	0.28909372274994966	28.721044428837228	28.23690002309109	29.057750463592832	0.37074144170588635	0.3723953238821935	0.37017423652493897	0.02351283871158888	0.022566176940390956	0.02209918015384651
C.1.1.3.4.1.3.1	C.00001.00001.00003.00004.00001.00003.00001	Part 404	-	0.9421622136284131	-47.65594904311001	-53.82715044543147	36.67666702531278	1.0437591953727015	0.9793043709895538	0.9745845104575208	0.035738875647215035	0.021095684951311106	-0.045095875833028244	FALSE	0.28909372274994966	28.721044428837228	28.23690002309109	29.057750463592832	0.37074144170588635	0.3723953238821935	0.37017423652493897	0.02351283871158888	0.022566176940390956	0.02209918015384651
C.1.1.3.4.1.3.2	C.00001.00001.00003.00004.00001.00003.00002	Part 405	-	0.648505211758893	31.843072921037674	-76.02740949951112	67.62630278244615	0.9037261117087232	0.8829578768385948	0.8634103312708705	-0.034788890906275086	0.007737350664627605	-0.006804706602077034	FALSE	0.28909372274994966	28.721044428837228	28.23690002309109	29.057750463592832	0.37074144170588635	0.3723953238821935	0.37017423652493897	0.02351283871158888	0.022566176940390956	0.02209918015384651
C.1.1.3.4.1.3.3	C.00001.00001.00003.00004.00001.00003.00003	Part 406	+	0.6997341790245846	79.95043797418475	-88.08560236357152	85.12953044846654	0.9176902665123767	0.8563765098178954	0.9557048970472372	0.04706473445192353	-0.03542613242964024	-0.042300210842502545	FALSE	0.28909372274994966	28.721044428837228	28.23690002309109	29.057750463592832	0.37074144170588635	0.3723953238821935	0.37017423652493897	0.02351283871158888	0.022566176940390956	0.02209918015384651
C.1.1.3.4.1.3.4	C.00001.00001.00003.00004.00001.00003.00004	Part 407	-	0.5625381837503519	89.76080897264183	27.479560999199748	75.29244753532112	0.6565068204623983	0.6586151501643953	0.5456336650326229	0.010321119441103366	-0.03817678724386985	0.03758965539000718	FALSE	0.28909372274994966	28.721044428837228	28.23690002309109	29.057750463592832	0.37074144170588635	0.3723953238821935	0.37017423652493897	0.02351283871158888	0.022566176940390956	0.02209918015384651
C.1.1.3.4.2.1.1	C.00001.00001.00003.00004.00002.00001.00001	Part 408	+	0.18278025591745972	55.44453551992774	-0.27556465938687325	-70.84898184984922	0.2230402212027222	0.21958040602385492	0.21344178653409862	0.021819800609497612	8.911287761991166e-4	-0.0186394999023912	FALSE	0.28909372274994966	28.721044428837228	28.23690002309109	29.057750463592832	0.37074144170588635	0.3723953238821935	0.37017423652493897	0.02351283871158888	0.022566176940390956	0.02209918015384651
C.1.1.3.4.2.1.2	C.00001.00001.00003.00004.00002.00001.00002	Part 409	-	0.43897415247443133	-18.61683363094926	72.86121970973909	23.037515114992857	0.44605191823287443	0.423119749996979	0.4591348811002982	-0.009507339906636107	0.016389828073156927	-0.005493112804234082	FALSE	0.28909372274994966	28.721044428837228	28.23690002309109	29.057750463592832	0.37074144170588635	0.3723953238821935	0.37017423652493897	0.02351283871158888	0.022566176940390956	0.02209918015384651
C.1.1.3.4.2.1.3	C.00001.00001.00003.00004.00002.00001.00003	Part 410	+	0.4230969448143151	-72.17906429432333	23.088056361302733	45.48424556851387	0.47713580324547084	0.5160729656899032	0.5112368028958486	0.005362689733715618	-0.013146447500463534	0.024373738886708192	FALSE	0.28909372274994966	28.721044428837228	28.23690002309109	29.057750463592832	0.37074144170588635	0.3723953238821935	0.37017423652493897	0.02351283871158888	0.022566176940390956	0.02209918015384651
C.1.1.3.4.2.1.4	C.00001.00001.00003.00004.00002.00001.00004	Part 411	-	0.8920250170012005	37.23470354452729	-52.53887167200446	-28.632713202387094	1.0363791732454524	1.1797234902122078	1.1593994525113964	0.016031035594379205	-0.04507704927717492	0.02967864631956357	FALSE	0.28909372274994966	28.721044428837228	28.23690002309109	29.057750463592832	0.37074144170588635	0.3723953238821935	0.37017423652493897	0.02351283871158888	0.022566176940390956	0.02209918015384651
C.1.1.3.4.2.1.5	C.00001.00001.00003.00004.00002.00001.00005	Part 412	+	0.29362692803354	2.241061720997095	78.95983019843698	-95.49570959061384	0.38827923413755033	0.37646143764130113	0.3405159154270556	-0.017483453178526016	-0.027673259923126595	-0.0037475097195479373	FALSE	0.28909372274994966	28.721044428837228	28.23690002309109	29.057750463592832	0.37074144170588635	0.3723953238821935	0.37017423652493897	0.02351283871158888	0.022566176940390956	0.02209918015384651
C.1.1.3.4.2.2.1	C.00001.00001.00003.00004.00002.00002.00001	Part 413	+	0.024139781995909288	36.310502188280225	-40.669127414003015	62.32147407718003	0.02725767100247586	0.028449406874629875	0.029119918900478353	-0.0011269054922727296	9.569078179064694e-4	-5.473443458944047e-4	FALSE	0.28909372274994966	28.721044428837228	28.23690002309109	29.057750463592832	0.37074144170588635	0.3723953238821935	0.37017423652493897	0.02351283871158888	0.022566176940390956	0.02209918015384651
C.1.1.3.4.2.2.2	C.00001.00001.00003.00004.00002.00002.00002	Part 414	-	0.14478296251338907	-77.49893115833402	22.258880455046892	52.422992466017604	0.23362975257959445	0.23358908022952157	0.22890509317639687	-0.003198497675131393	6.681676007187626e-4	-0.0010659668910849155	FALSE	0.28909372274994966	28.721044428837228	28.23690002309109	29.057750463592832	0.37074144170588635	0.3723953238821935	0.37017423652493897	0.02351283871158888	0.022566176940390956	0.02209918015384651
C.1.1.3.4.2.3.1	C.00001.00001.00003.00004.00002.00003.00001	Part 415	+	0.06433200815482996	-62.4487120192498	13.181356946006417	-18.05400256998837	0.08566464022186969	0.07957924592555442	0.07906301086929615	-3.6168274917020086e-4	0.002018733544854123	5.957072987563077e-4	FALSE	0.28909372274994966	28.721044428837228	28.23690002309109	29.057750463592832	0.37074144170588635	0.3723953238821935	0.37017423652493897	0.02351283871158888	0.022566176940390956	0.02209918015384651
C.1.1.3.4.2.3.2	C.00001.00001.00003.00004.00002.00003.00002	Part 416	-	0.10031190048041753	71.95553602650762	82.88714457303286	8.078076411038637	0.10514094988994091	0.11587802145332216	0.11635948471954839	0.00845071023177046	0.003539751587460147	-0.001929995543931993	FALSE	0.28909372274994966	28.721044428837228	28.23690002309109	29.057750463592832	0.37074144170588635	0.3723953238821935	0.37017423652493897	0.02351283871158888	0.022566176940390956	0.02209918015384651
C.1.1.3.4.2.3.3	C.00001.00001.00003.00004.00002.00003.00003	Part 417	-	0.5723079992267304	-66.13396527245641	-49.28406924009323	-25.011775083839893	0.6609021357116578	0.6154983600102096	0.6562060659766807	0.020567430151987084	0.01615066952888317	-0.01762408074186115	FALSE	0.28909372274994966	28.721044428837228	28.23690002309109	29.057750463592832	0.37074144170588635	0.3723953238821935	0.37017423652493897	0.02351283871158888	0.022566176940390956	0.02209918015384651
C.1.1.3.4.2.3.4	C.00001.00001.00003.00004.00002.00003.00004	Part 418	-	0.2637710998051334	-79.26640072837472	64.68511871062219	4.939874680712819	0.3782530263720684	0.41130659593939833	0.3772507662053588	0.007664042749313265	-4.993204632608903e-4	-0.006820167317350705	FALSE	0.28909372274994966	28.721044428837228	28.23690002309109	29.057750463592832	0.37074144170588635	0.3723953238821935	0.37017423652493897	0.02351283871158888	0.022566176940390956	0.02209918015384651
C.1.1.3.4.3.1.1	C.00001.00001.00003.00004.00003.00001.00001	Part 419	-	0.9094892434936482	31.119699776172638	2.8392952401190996	69.49903233908117	1.1504223119759562	1.1416502130204527	1.1305561568253273	0.012050616902505026	-0.05505218775244497	0.14646742835867904	FALSE	0.28909372274994966	28.721044428837228	28.23690002309109	29.057750463592832	0.37074144170588635	0.3723953238821935	0.37017423652493897	0.02351283871158888	0.022566176940390956	0.02209918015384651
C.1.1.3.4.3.1.2	C.00001.00001.00003.00004.00003.00001.00002	Part 420	+	0.056092325994046406	-42.156867450103164	56.02856012992561	5.715644173324108	0.06504277006679979	0.06544339871914866	0.06000423625942878	-0.005251276244350761	2.3519043571815527e-4	3.1209772740813774e-4	FALSE	0.28909372274994966	28.721044428837228	28.23690002309109	29.057750463592832	0.37074144170588635	0.3723953238821935	0.37017423652493897	0.02351283871158888	0.022566176940390956	0.02209918015384651
C.1.1.3.4.3.1.3	C.00001.00001.00003.00004.00003.00001.00003	Part 421	+	0.7712667896512431	50.49127829261124	34.31079708971083	-74.79756544344127	0.9871082772418219	1.135314894551172	0.958963437482463	-0.015573484141639272	0.03863617195036039	0.006372216276006405	FALSE	0.28909372274994966	28.721044428837228	28.23690002309109	29.057750463592832	0.37074144170588635	0.3723953238821935	0.37017423652493897	0.02351283871158888	0.022566176940390956	0.02209918015384651
C.1.1.3.4.3.1.4	C.00001.00001.00003.00004.00003.00001.00004	Part 422	+	0.004991268917685375	-87.43514423258603	54.64492975734174	46.778071066364646	0.006088800972864968	0.007678660092115591	0.0059435410288471505	1.31165732127468e-4	8.949518996066784e-6	-8.833961850856149e-5	FALSE	0.28909372274994966	28.721044428837228	28.23690002309109	29.057750463592832	0.37074144170588635	0.3723953238821935	0.37017423652493897	0.02351283871158888	0.022566176940390956	0.02209918015384651
C.1.1.3.4.3.1.5	C.00001.00001.00003.00004.00003.00001.00005	Part 423	+	0.20979108423204162	-35.78577642329037	-25.91273649595678	14.792789099738002	0.22360810381027588	0.27521734285092225	0.24899191416365518	0.0072782882331234805	0.0041285929694535465	-0.013297867711905137	FALSE	0.28909372274994966	28.721044428837228	28.23690002309109	29.057750463592832	0.37074144170588635	0.3723953238821935	0.37017423652493897	0.02351283871158888	0.022566176940390956	0.02209918015384651
C.1.1.3.4.3.2.1	C.00001.00001.00003.00004.00003.00002.00001	Part 424	-	0.7085896115608048	50.68416763097048	82.89898103103042	71.7518663033843	0.9043909380336036	1.0121323017280928	0.8309264105436839	0.021018447601426845	0.01599300158227033	0.020155343136182443	FALSE	0.28909372274994966	28.721044428837228	28.23690002309109	29.057750463592832	0.37074144170588635	0.3723953238821935	0.37017423652493897	0.02351283871158888	0.022566176940390956	0.02209918015384651
C.1.1.3.4.3.2.2	C.00001.00001.00003.00004.00003.00002.00002	Part 425	-	0.6071510485748295	51.124310214072466	-40.69296699017286	-34.6518465783447	0.9696378865536255	0.7297743049644179	0.7529669742050189	-0.00981735626742393	-0.010655605892752287	1.062941215031453e-4	FALSE	0.28909372274994966	28.721044428837228	28.23690002309109	29.057750463592832	0.37074144170588635	0.3723953238821935	0.37017423652493897	0.02351283871158888	0.022566176940390956	0.02209918015384651
C.1.1.3.4.3.2.3	C.00001.00001.00003.00004.00003.00002.00003	Part 426	-	0.3420617082384415	55.06562381051481	-19.12492853589356	-51.139960857108235	0.4226112484799215	0.4280910250588482	0.5254632884728919	0.013279943992562025	-0.00445438574511089	-5.948309692246035e-4	FALSE	0.28909372274994966	28.721044428837228	28.23690002309109	29.057750463592832	0.37074144170588635	0.3723953238821935	0.37017423652493897	0.02351283871158888	0.022566176940390956	0.02209918015384651
C.1.1.3.4.3.3.1	C.00001.00001.00003.00004.00003.00003.00001	Part 427	+	0.1619111926262267	39.433434093371034	77.78569520451128	40.61036272905767	0.24154281886653436	0.22907819321482933	0.21653905545625635	0.0021217997868077194	0.0022567388079550985	0.006999220167089734	FALSE	0.28909372274994966	28.721044428837228	28.23690002309109	29.057750463592832	0.37074144170588635	0.3723953238821935	0.37017423652493897	0.02351283871158888	0.022566176940390956	0.02209918015384651
C.1.1.3.4.3.3.2	C.00001.00001.00003.00004.00003.00003.00002	Part 428	+	0.11763801411306486	38.77464202232659	95.31572475098073	-95.81605116836727	0.1643331654313929	0.16215992295845438	0.1714428350223776	0.010306780963460351	-0.0025066130310973473	-0.005056696363882812	FALSE	0.28909372274994966	28.721044428837228	28.23690002309109	29.057750463592832	0.37074144170588635	0.3723953238821935	0.37017423652493897	0.02351283871158888	0.022566176940390956	0.02209918015384651
C.1.1.3.4.3.4.1	C.00001.00001.00003.00004.00003.00004.00001	Part 429	-	0.029794306237716228	45.429380843415856	26.719054905697703	-94.2824135068804	0.0351440098797554	0.03770904454056056	0.034440097297161784	1.6006458800752843e-4	0.002924436136549487	-1.7606686273497803e-4	FALSE	0.28909372274994966	28.721044428837228	28.23690002309109	29.057750463592832	0.37074144170588635	0.3723953238821935	0.37017423652493897	0.02351283871158888	0.022566176940390956	0.02209918015384651
C.1.1.3.4.3.4.2	C.00001.00001.00003.00004.00003.00004.00002	Part 430	+	0.5003303071025293	59.56250415183604	-30.107643827795982	59.00630345568061	0.6510155006328452	0.7674421556152697	0.6215946714821855	0.03319655461440689	0.01838404888949848	-0.03798131030457702	FALSE	0.28909372274994966	28.721044428837228	28.23690002309109	29.057750463592832	0.37074144170588635	0.3723953238821935	0.37017423652493897	0.02351283871158888	0.022566176940390956	0.02209918015384651
C.1.1.3.4.3.4.3	C.00001.00001.00003.00004.00003.00004.00003	Part 431	+	0.9400139372036792	70.35587434656918	-78.75907151028514	-2.960251597687602	1.1048786939949125	1.1028865908242194	0.9030065288808734	0.056158234996003656	-0.10483425118501807	-0.08826017583415448	FALSE	0.28909372274994966	28.721044428837228	28.23690002309109	29.057750463592832	0.37074144170588635	0.3723953238821935	0.37017423652493897	0.02351283871158888	0.022566176940390956	0.02209918015384651
C.1.1.3.4.3.4.4	C.00001.00001.00003.00004.00003.00004.00004	Part 432	-	0.158609783468768	-44.00008297525346	40.450009098276496	-39.13062531501055	0.21768747069022196	0.21859048473007575	0.21110189911333235	-0.016849790326129516	0.0037306280567339623	0.007845058481487095	FALSE	0.28909372274994966	28.721044428837228	28.23690002309109	29.057750463592832	0.37074144170588635	0.3723953238821935	0.37017423652493897	0.02351283871158888	0.022566176940390956	0.02209918015384651
C.1.1.3.4.3.4.5	C.00001.00001.00003.00004.00003.00004.00005	Part 433	+	0.7424533020022791	-60.69240141659975	48.528230749070644	12.667262274771929	1.1081461745810353	0.949089420021869	0.9982687442612806	-0.0056058837701114155	0.007615769199301767	-0.03573553233987374	FALSE	0.28909372274994966	28.721044428837228	28.23690002309109	29.057750463592832	0.37074144170588635	0.3723953238821935	0.37017423652493897	0.02351283871158888	0.022566176940390956	0.02209918015384651
C.1.1.3.4.3.5.1	C.00001.00001.00003.00004.00003.00005.00001	Part 434	-	0.48597481388016606	53.43048204667866	3.8660902995616198	-64.58254107274115	0.5813709162591114	0.5370018953907398	0.573491080162924	-0.006438100087433812	-0.04174474211502744	0.004643443325828774	FALSE	0.28909372274994966	28.721044428837228	28.23690002309109	29.057750463592832	0.37074144170588635	0.3723953238821935	0.37017423652493897	0.02351283871158888	0.022566176940390956	0.02209918015384651
C.1.1.3.4.3.5.2	C.00001.00001.00003.00004.00003.00005.00002	Part 435	+	0.024395917544607074	-59.11577641963959	-4.303654516115785	-57.07873138599098	0.032565620792309596	0.03232860716542206	0.030758970733119513	4.5978983486391015e-4	-0.0021135067278569243	1.8526442473190197e-4	FALSE	0.28909372274994966	28.721044428837228	28.23690002309109	29.057750463592832	0.37074144170588635	0.3723953238821935	0.37017423652493897	0.02351283871158888	0.022566176940390956	0.02209918015384651
C.1.1.3.4.4.1.1	C.00001.00001.00003.00004.00004.00001.00001	Part 436	+	0.3480424385853112	57.54070375114679	14.480746164917946	-30.676222499459982	0.37923024432900126	0.42781526515126506	0.4651090471883633	-0.023435525630714237	0.024135619321135737	0.005961486876783505	FALSE	0.28909372274994966	28.721044428837228	28.23690002309109	29.057750463592832	0.37074144170588635	0.3723953238821935	0.37017423652493897	0.02351283871158888	0.022566176940390956	0.02209918015384651
C.1.1.3.4.4.1.2	C.00001.00001.00003.00004.00004.00001.00002	Part 437	-	0.08925935830641538	-94.65510570444167	77.24496074952185	93.67089378647506	0.11339744422302175	0.11186144820662926	0.10909778118314283	-0.008898110007961358	-2.2610005020483852e-4	-6.522884395466499e-4	FALSE	0.28909372274994966	28.721044428837228	28.23690002309109	29.057750463592832	0.37074144170588635	0.3723953238821935	0.37017423652493897	0.02351283871158888	0.022566176940390956	0.02209918015384651
C.1.1.3.4.4.1.3	C.00001.00001.00003.00004.00004.00001.00003	Part 438	-	0.9642336119981483	-0.4992638248950243	1.2513617053627968	-85.95239333808422	0.9699863062211797	1.2079574364458971	1.2376753762277009	-0.1174213643025402	-0.026273893843116708	-0.009570120433749545	FALSE	0.28909372274994966	28.721044428837228	28.23690002309109	29.057750463592832	0.37074144170588635	0.3723953238821935	0.37017423652493897	0.02351283871158888	0.022566176940390956	0.02209918015384651
C.1.1.3.4.4.2.1	C.00001.00001.00003.00004.00004.00002.00001	Part 439	-	0.3171077902994584	11.465211166068912	96.86811096034944	-73.75914030708373	0.45994550420763664	0.44076294215537776	0.4131652531219322	5.199851554080533e-4	0.02852347871642939	0.002980288698795897	FALSE	0.28909372274994966	28.721044428837228	28.23690002309109	29.057750463592832	0.37074144170588635	0.3723953238821935	0.37017423652493897	0.02351283871158888	0.022566176940390956	0.02209918015384651
C.1.1.3.4.4.2.2	C.00001.00001.00003.00004.00004.00002.00002	Part 440	+	0.5156767961001024	-40.47277043573558	89.64092768728733	-10.617992747575045	0.7028248822518219	0.7517963562676144	0.6639416659528959	0.01839627751161948	0.0070630304703299274	-0.046866808845210245	FALSE	0.28909372274994966	28.721044428837228	28.23690002309109	29.057750463592832	0.37074144170588635	0.3723953238821935	0.37017423652493897	0.02351283871158888	0.022566176940390956	0.02209918015384651
C.1.1.3.4.4.2.3	C.00001.00001.00003.00004.00004.00002.00003	Part 441	-	0.5690418751575053	-52.35967915505171	-54.447084898129106	67.87704508751631	0.7701473592136892	0.8540617134153161	0.8592896575430501	-0.001201587182770149	0.006131234676026237	0.0017456708924400858	FALSE	0.28909372274994966	28.721044428837228	28.23690002309109	29.057750463592832	0.37074144170588635	0.3723953238821935	0.37017423652493897	0.02351283871158888	0.022566176940390956	0.02209918015384651
C.1.1.3.4.4.2.4	C.00001.00001.00003.00004.00004.00002.00004	Part 442	+	0.1152762261540629	16.47229455411434	-3.7976374849677086	22.08794029429555	0.11423274068471265	0.13817641051214025	0.1327594593317718	-1.1505759661113631e-4	0.013558168601432892	0.0020041304356723266	FALSE	0.28909372274994966	28.721044428837228	28.23690002309109	29.057750463592832	0.37074144170588635	0.3723953238821935	0.37017423652493897	0.02351283871158888	0.022566176940390956	0.02209918015384651
C.1.1.3.4.4.2.5	C.00001.00001.00003.00004.00004.00002.00005	Part 443	+	0.2899878854730632	-45.86069555953145	34.7590456251055	3.96183580160141	0.34044218780609325	0.34216827779801307	0.35013035150955424	0.005067793697219284	-0.018874089907912697	-6.734550510073482e-4	FALSE	0.28909372274994966	28.721044428837228	28.23690002309109	29.057750463592832	0.37074144170588635	0.3723953238821935	0.37017423652493897	0.02351283871158888	0.022566176940390956	0.02209918015384651
C.1.1.3.4.5.1.1	C.00001.00001.00003.00004.00005.00001.00001	Part 444	+	0.31187800780683755	78.36190196685493	2.548074722290039	-71.03986721485853	0.358766294052545	0.45850768320580665	0.40571701567283897	-0.002981333229521103	0.018479235800641595	0.009529533846192696	FALSE	0.28909372274994966	28.721044428837228	28.23690002309109	29.057750463592832	0.37074144170588635	0.3723953238821935	0.37017423652493897	0.02351283871158888	0.022566176940390956	0.02209918015384651
C.1.1.3.4.5.1.2	C.00001.00001.00003.00004.00005.00001.00002	Part 445	-	0.5814956205163617	-36.133529618382454	29.13050758652389	-6.6150621976703405	0.8092511598099693	0.7007570977343255	0.7050345016199404	-0.016192925273277113	0.04886802956799248	-0.01641922366939069	FALSE	0.28909372274994966	28.721044428837228	28.23690002309109	29.057750463592832	0.37074144170588635	0.3723953238821935	0.37017423652493897	0.02351283871158888	0.022566176940390956	0.02209918015384651
C.1.1.3.4.5.2.1	C.00001.00001.00003.00004.00005.00002.00001	Part 446	-	0.5228137397051323	-60.0142742972821	-16.18464714847505	9.75523549132049	0.6790532206009162	0.607793780746232	0.676490130055023	-0.023595526019412574	0.0196178674439043	0.030465135507161373	FALSE	0.28909372274994966	28.721044428837228	28.23690002309109	29.057750463592832	0.37074144170588635	0.3723953238821935	0.37017423652493897	0.02351283871158888	0.022566176940390956	0.02209918015384651
C.1.1.3.4.5.2.2	C.00001.00001.00003.00004.00005.00002.00002	Part 447	+	0.22894971508253364	5.651916330680251	83.51241177879274	71.98789604008198	0.29055284631210637	0.27634499498260595	0.294995404497698	0.01634544882887808	0.007249188140548639	0.014629235826602624	FALSE	0.28909372274994966	28.721044428837228	28.23690002309109	29.057750463592832	0.37074144170588635	0.3723953238821935	0.37017423652493897	0.02351283871158888	0.022566176940390956	0.02209918015384651
C.1.1.3.4.5.2.3	C.00001.00001.00003.00004.00005.00002.00003	Part 448	+	0.6893118706266396	-1.1883747298270464	24.5611316524446	12.492801202461123	0.831046085691071	0.8274859558897861	1.0029565028532625	0.009048756782681747	0.053072462305126036	-0.006702095873235189	FALSE	0.28909372274994966	28.721044428837228	28.23690002309109	29.057750463592832	0.37074144170588635	0.3723953238821935	0.37017423652493897	0.02351283871158888	0.022566176940390956	0.02209918015384651
C.1.1.3.4.5.2.4	C.00001.00001.00003.00004.00005.00002.00004	Part 449	+	0.9115084869794082	85.71678870357573	-94.70810191705823	64.41936157643795	1.2669812039375097	1.3069677950158685	1.148769429126702	0.004238102117325041	0.08339448320902551	0.014340104925734794	FALSE	0.28909372274994966	28.721044428837228	28.23690002309109	29.057750463592832	0.37074144170588635	0.3723953238821935	0.37017423652493897	0.02351283871158888	0.022566176940390956	0.02209918015384651
C.1.1.3.4.5.2.5	C.00001.00001.00003.00004.00005.00002.00005	Part 450	-	0.10621902362117544	67.53291697241366	-80.77259813435376	-33.73766173608601	0.16656362489037033	0.16463505561182337	0.17058897977468665	9.354398285409536e-4	-6.876906624152896e-5	-8.291113670801317e-4	FALSE	0.28909372274994966	28.721044428837228	28.23690002309109	29.057750463592832	0.37074144170588635	0.3723953238821935	0.37017423652493897	0.02351283871158888	0.022566176940390956	0.02209918015384651
C.1.1.3.4.5.3.1	C.00001.00001.00003.00004.00005.00003.00001	Part 451	-	0.24806270349677653	38.488904014229774	1.7818327993154526	-5.157064041122794	0.3199103766104747	0.3451475932042683	0.3430850202777122	0.008357385415948465	0.021948817821131273	0.009556949759083316	FALSE	0.28909372274994966	28.721044428837228	28.23690002309109	29.057750463592832	0.37074144170588635	0.3723953238821935	0.37017423652493897	0.02351283871158888	0.022566176940390956	0.02209918015384651
C.1.1.3.4.5.3.2	C.00001.00001.00003.00004.00005.00003.00002	Part 452	+	0.6117523147936444	65.18396865576506	-89.62902100756764	-73.56894188560545	0.7836475243013408	0.7817376337627282	0.936314847512146	-0.002231534834657638	-0.010654113709594425	-0.018593174876273544	FALSE	0.28909372274994966	28.721044428837228	28.23690002309109	29.057750463592832	0.37074144170588635	0.3723953238821935	0.37017423652493897	0.02351283871158888	0.022566176940390956	0.02209918015384651
C.1.1.3.4.5.3.3	C.00001.00001.00003.00004.00005.00003.00003	Part 453	-	0.9453501234266442	9.240136854350567	84.18410453014076	71.61254864186049	1.0073219362129149	1.012171959304027	1.1000265940111011	0.08542130311730473	0.012987189307802322	0.004717362666225057	FALSE	0.28909372274994966	28.721044428837228	28.23690002309109	29.057750463592832	0.37074144170588635	0.3723953238821935	0.37017423652493897	0.02351283871158888	0.022566176940390956	0.02209918015384651
C.1.1.3.4.5.3.4	C.00001.00001.00003.00004.00005.00003.00004	Part 454	+	0.26768360412539915	-36.51109477505088	40.45621561817825	8.196037355810404	0.32781616604180586	0.3053052767812128	0.33856274027143235	-0.007622666768213576	-0.0045914575573862745	0.007794474606989081	FALSE	0.28909372274994966	28.721044428837228	28.23690002309109	29.057750463592832	0.37074144170588635	0.3723953238821935	0.37017423652493897	0.02351283871158888	0.022566176940390956	0.02209918015384651
C.1.1.3.4.5.4.1	C.00001.00001.00003.00004.00005.00004.00001	Part 455	+	0.06650748666119762	-61.92862228490412	78.5804741550237	-86.9897248223424	0.06838749864555303	0.06293185525826493	0.06802642825942584	0.002605432892014207	0.001118479906078592	0.0012674500604080187	FALSE	0.28909372274994966	28.721044428837228	28.23690002309109	29.057750463592832	0.37074144170588635	0.3723953238821935	0.37017423652493897	0.02351283871158888	0.022566176940390956	0.02209918015384651
C.1.1.3.4.5.4.2	C.00001.00001.00003.00004.00005.00004.00002	Part 456	+	0.4733419907672796	30.664983857423067	57.449891325086355	40.5304794665426	0.556845090183731	0.5164760257118595	0.6222203837491571	-0.054850706093484684	0.0328379128277422	-0.03399197839457565	FALSE	0.28909372274994966	28.721044428837228	28.23690002309109	29.057750463592832	0.37074144170588635	0.3723953238821935	0.37017423652493897	0.02351283871158888	0.022566176940390956	0.02209918015384651
C.1.1.3.4.5.4.3	C.00001.00001.00003.00004.00005.00004.00003	Part 457	+	0.24055804438097403	77.79106409288943	43.82191188633442	-59.58506497554481	0.3306170994872622	0.30516438737166784	0.32654242627407176	-0.015590895501857945	0.00918350599806595	-0.01889154217104471	FALSE	0.28909372274994966	28.721044428837228	28.23690002309109	29.057750463592832	0.37074144170588635	0.3723953238821935	0.37017423652493897	0.02351283871158888	0.022566176940390956	0.02209918015384651
C.1.1.3.5.1.1.1	C.00001.00001.00003.00005.00001.00001.00001	Part 458	+	0.852228607890429	11.89677082002163	78.33172748796642	78.24640246108174	1.0191807238627326	0.9027187720533281	1.0860216896509165	0.0816520581507543	0.013254648772264083	0.01379489756306939	FALSE	0.28909372274994966	28.721044428837228	28.23690002309109	29.057750463592832	0.37074144170588635	0.3723953238821935	0.37017423652493897	0.02351283871158888	0.022566176940390956	0.02209918015384651
C.1.1.3.5.1.1.2	C.00001.00001.00003.00005.00001.00001.00002	Part 459	+	0.9781517378294374	-85.21695537492633	-35.638842917978764	96.02976464666426	1.1894279637885954	1.133324540379323	1.2133297388067426	0.023528587805677785	-0.0757935796150287	0.020193049044117204	FALSE	0.28909372274994966	28.721044428837228	28.23690002309109	29.057750463592832	0.37074144170588635	0.3723953238821935	0.37017423652493897	0.02351283871158888	0.022566176940390956	0.02209918015384651
C.1.1.3.5.1.1.3	C.00001.00001.00003.00005.00001.00001.00003	Part 460	+	0.7059542618249544	-95.21634955890477	19.21276869252324	86.51930494233966	0.7967217870028317	0.7171490701438248	0.7711234643088769	0.016859116287476	0.00723925450695739	-0.017748259546424717	FALSE	0.28909372274994966	28.721044428837228	28.23690002309109	29.057750463592832	0.37074144170588635	0.3723953238821935	0.37017423652493897	0.02351283871158888	0.022566176940390956	0.02209918015384651
C.1.1.3.5.1.1.4	C.00001.00001.00003.00005.00001.00001.00004	Part 461	-	0.1611299698406365	-44.13274098187685	29.771981993690133	22.40537218749523	0.16725321386047218	0.1686967579328828	0.17814873261443437	-0.010627065479733437	-0.008583138368446852	-0.0069019785610489335	FALSE	0.28909372274994966	28.721044428837228	28.23690002309109	29.057750463592832	0.37074144170588635	0.3723953238821935	0.37017423652493897	0.02351283871158888	0.022566176940390956	0.02209918015384651
C.1.1.3.5.1.1.5	C.00001.00001.00003.00005.00001.00001.00005	Part 462	+	0.5686922087718267	92.41948639973998	-13.74738677404821	-23.76479711383581	0.7716076793871112	0.7763645387377982	0.8898418486430881	8.876595156627811e-4	-7.235803758987441e-4	2.0708640397413224e-4	FALSE	0.28909372274994966	28.721044428837228	28.23690002309109	29.057750463592832	0.37074144170588635	0.3723953238821935	0.37017423652493897	0.02351283871158888	0.022566176940390956	0.02209918015384651
C.1.1.3.5.1.2.1	C.00001.00001.00003.00005.00001.00002.00001	Part 463	+	0.24279296651482582	-33.822951605543494	65.04495250992477	72.46500812470913	0.31572226114769975	0.29345039114185656	0.311584443280575	0.02740623490253343	0.01565162285770408	0.02542376696352857	FALSE	0.28909372274994966	28.721044428837228	28.23690002309109	29.057750463592832	0.37074144170588635	0.3723953238821935	0.37017423652493897	0.02351283871158888	0.022566176940390956	0.02209918015384651
C.1.1.3.5.1.2.2	C.00001.00001.00003.00005.00001.00002.00002	Part 464	-	0.6697904606887605	-66.57535820268095	-64.48161150328815	-45.590148493647575	0.9672626224717293	0.9701426491373292	0.893705853556378	0.0456289932356362	0.02610961099341013	-0.01801196703694679	FALSE	0.28909372274994966	28.721044428837228	28.23690002309109	29.057750463592832	0.37074144170588635	0.3723953238821935	0.37017423652493897	0.02351283871158888	0.022566176940390956	0.02209918015384651
C.1.1.3.5.1.2.3	C.00001.00001.00003.00005.00001.00002.00003	Part 465	-	0.2393716145735234	-51.6263282392174	-46.496111154556274	-58.52593225426972	0.2845513937057712	0.28235374934067803	0.2431978331049264	0.017268125739333035	-8.433170627217269e-4	-8.812957676617741e-4	FALSE	0.28909372274994966	28.721044428837228	28.23690002309109	29.057750463592832	0.37074144170588635	0.3723953238821935	0.37017423652493897	0.02351283871158888	0.022566176940390956	0.02209918015384651
C.1.1.3.5.1.3.1	C.00001.00001.00003.00005.00001.00003.00001	Part 466	+	0.7402364585334436	-44.25944513641298	-48.235469264909625	-18.56502965092659	0.938604890194411	0.961304647707503	0.6908370035330155	0.0025464797714238735	-0.02604349214569731	0.0040440490153330465	FALSE	0.28909372274994966	28.721044428837228	28.23690002309109	29.057750463592832	0.37074144170588635	0.3723953238821935	0.37017423652493897	0.02351283871158888	0.022566176940390956	0.02209918015384651
C.1.1.3.5.1.3.2	C.00001.00001.00003.00005.00001.00003.00002	Part 467	+	0.43324308657250366	-55.33792055211961	-58.96467235870659	-30.408555176109076	0.5624938775724406	0.5999818993347447	0.6101723224944161	0.003481346388634529	-0.005472061181803927	0.05298425613091419	FALSE	0.28909372274994966	28.721044428837228	28.23690002309109	29.057750463592832	0.37074144170588635	0.3723953238821935	0.37017423652493897	0.02351283871158888	0.022566176940390956	0.02209918015384651
C.1.1.3.5.1.3.3	C.00001.00001.00003.00005.00001.00003.00003	Part 468	-	0.7111286660346668	88.6565619148314	-60.5176470708102	-52.8477877844125	0.976328887157829	0.9515660805855486	1.0701742767975397	0.0013663381044850594	-0.012915727076441598	-0.011604368292494206	FALSE	0.28909372274994966	28.721044428837228	28.23690002309109	29.057750463592832	0.37074144170588635	0.3723953238821935	0.37017423652493897	0.02351283871158888	0.022566176940390956	0.02209918015384651
C.1.1.3.5.1.3.4	C.00001.00001.00003.00005.00001.00003.00004	Part 469	-	0.2665399281219579	-39.35285075567663	79.23190207220614	-98.87194382026792	0.36533245129072295	0.38399999003229224	0.3304229946885984	-0.014928380362488308	-3.4931409991713184e-4	6.385616678204783e-4	FALSE	0.28909372274994966	28.721044428837228	28.23690002309109	29.057750463592832	0.37074144170588635	0.3723953238821935	0.37017423652493897	0.02351283871158888	0.022566176940390956	0.02209918015384651
C.1.1.3.5.1.4.1	C.00001.00001.00003.00005.00001.00004.00001	Part 470	+	0.05379393326677382	3.362171445041895	-19.867231836542487	78.27592073008418	0.059512283110862194	0.057284198431538993	0.06422225600541613	0.0021444276580470847	-0.0018989226702066705	-0.0025391449245142925	FALSE	0.28909372274994966	28.721044428837228	28.23690002309109	29.057750463592832	0.37074144170588635	0.3723953238821935	0.37017423652493897	0.02351283871158888	0.022566176940390956	0.02209918015384651
C.1.1.3.5.1.4.2	C.00001.00001.00003.00005.00001.00004.00002	Part 471	-	0.2673411031479482	63.81350485607982	-45.22587857209146	28.4212589263916	0.3347281847176712	0.31812458275417416	0.3747686086436962	0.01267528623893561	-0.024089665931105612	0.006258429926214659	FALSE	0.28909372274994966	28.721044428837228	28.23690002309109	29.057750463592832	0.37074144170588635	0.3723953238821935	0.37017423652493897	0.02351283871158888	0.022566176940390956	0.02209918015384651
C.1.1.3.5.1.4.3	C.00001.00001.00003.00005.00001.00004.00003	Part 472	+	0.4736474926432129	-17.277435772120953	0.4694958683103323	24.28442914970219	0.6336127418221724	0.6260988087031966	0.5526634153011218	0.005648930516605661	0.025454765069569403	0.049651689126243986	FALSE	0.28909372274994966	28.721044428837228	28.23690002309109	29.057750463592832	0.37074144170588635	0.3723953238821935	0.37017423652493897	0.02351283871158888	0.022566176940390956	0.02209918015384651
C.1.1.3.5.1.4.4	C.00001.00001.00003.00005.00001.00004.00004	Part 473	-	0.5239523157689254	-74.857531581074	29.496061708778143	32.513055205345154	0.6408368683918888	0.6260877703208927	0.7139552121810759	0.010740171506611605	-0.0326633502036774	0.030185392793024807	FALSE	0.28909372274994966	28.721044428837228	28.23690002309109	29.057750463592832	0.37074144170588635	0.3723953238821935	0.37017423652493897	0.02351283871158888	0.022566176940390956	0.02209918015384651
C.1.1.3.5.1.5.1	C.00001.00001.00003.00005.00001.00005.00001	Part 474	+	0.4162971959328279	-67.05261403694749	-83.46742051653564	-78.02020902745426	0.5308111760083822	0.43273314828348447	0.5073523344840073	-0.02496227537438398	-0.013729279060180961	0.05013582958418038	FALSE	0.28909372274994966	28.721044428837228	28.23690002309109	29.057750463592832	0.37074144170588635	0.3723953238821935	0.37017423652493897	0.02351283871158888	0.022566176940390956	0.02209918015384651
C.1.1.3.5.1.5.2	C.00001.00001.00003.00005.00001.00005.00002	Part 475	-	0.9462330949625466	1.4871512539684772	24.242468737065792	38.80391982384026	1.316600994963291	1.0914832897109266	1.2902879760838417	-0.007844296853939715	0.01978579195004356	-0.08401086901832105	FALSE	0.28909372274994966	28.721044428837228	28.23690002309109	29.057750463592832	0.37074144170588635	0.3723953238821935	0.37017423652493897	0.02351283871158888	0.022566176940390956	0.02209918015384651
C.1.1.3.5.2.1.1	C.00001.00001.00003.00005.00002.00001.00001	Part 476	+	0.2124007968043443	-25.68104132078588	54.07387805171311	-76.66985411196947	0.2732004462099619	0.24200968129454017	0.2720603545976912	-0.011968646694734547	-0.016712456410657356	-0.002182925168597428	FALSE	0.28909372274994966	28.721044428837228	28.23690002309109	29.057750463592832	0.37074144170588635	0.3723953238821935	0.37017423652493897	0.02351283871158888	0.022566176940390956	0.02209918015384651
C.1.1.3.5.2.1.2	C.00001.00001.00003.00005.00002.00001.00002	Part 477	-	0.8352115565084387	34.49557917192578	-26.44871873781085	25.456016091629863	0.7302139381672937	0.9761035480191154	0.9920480510142249	-0.05799103773509501	0.009734387723880848	0.009602784364827175	FALSE	0.28909372274994966	28.721044428837228	28.23690002309109	29.057750463592832	0.37074144170588635	0.3723953238821935	0.37017423652493897	0.02351283871158888	0.022566176940390956	0.02209918015384651
C.1.1.3.5.2.1.3	C.00001.00001.00003.00005.00002.00001.00003	Part 478	-	0.24205635552457533	76.53168644756079	70.73780265636742	30.486800195649266	0.32464668902420013	0.27978398643442925	0.263055836639231	0.016614713241331548	0.01399782298102264	-0.018957547240597266	FALSE	0.28909372274994966	28.721044428837228	28.23690002309109	29.057750463592832	0.37074144170588635	0.3723953238821935	0.37017423652493897	0.02351283871158888	0.022566176940390956	0.02209918015384651
C.1.1.3.5.2.1.4	C.00001.00001.00003.00005.00002.00001.00004	Part 479	-	0.5823844344441313	58.873468451201916	-71.7826466076076	-11.469634529203176	0.6441668946195129	0.7186646275515615	0.7793213298717644	0.05129219420828757	-0.0067679140619685395	0.020065684329194835	FALSE	0.28909372274994966	28.721044428837228	28.23690002309109	29.057750463592832	0.37074144170588635	0.3723953238821935	0.37017423652493897	0.02351283871158888	0.022566176940390956	0.02209918015384651
C.1.1.3.5.2.1.5	C.00001.00001.00003.00005.00002.00001.00005	Part 480	+	0.08522757619945333	29.49779937043786	-25.121706956997514	-98.24852924793959	0.09295107987150189	0.09363749449332734	0.09665229984110107	3.1482721439296025e-4	-7.078397963966121e-4	-0.0013766801883652617	FALSE	0.28909372274994966	28.721044428837228	28.23690002309109	29.057750463592832	0.37074144170588635	0.3723953238821935	0.37017423652493897	0.02351283871158888	0.022566176940390956	0.02209918015384651
C.1.1.3.5.2.2.1	C.00001.00001.00003.00005.00002.00002.00001	Part 481	+	0.16374995881691576	-67.04862541519105	-67.478201771155	-82.33389533124864	0.1898077490849003	0.20152880244461618	0.16429627004527667	0.00561605382337779	0.02384162093817892	0.010141324329997838	FALSE	0.28909372274994966	28.721044428837228	28.23690002309109	29.057750463592832	0.37074144170588635	0.3723953238821935	0.37017423652493897	0.02351283871158888	0.022566176940390956	0.02209918015384651
C.1.1.3.5.2.2.2	C.00001.00001.00003.00005.00002.00002.00002	Part 482	-	0.4507169040031731	-83.87389783747494	-81.38862894847989	12.456491077318788	0.6158056778280808	0.5796172556689609	0.5051401470904547	0.009343448528794547	0.005082597909516647	0.04005551617207841	FALSE	0.28909372274994966	28.721044428837228	28.23690002309109	29.057750463592832	0.37074144170588635	0.3723953238821935	0.37017423652493897	0.02351283871158888	0.022566176940390956	0.02209918015384651
C.1.1.3.5.2.2.3	C.00001.00001.00003.00005.00002.00002.00003	Part 483	+	0.4128554402787704	56.88019213266671	41.18983414955437	-27.11042449809611	0.5251657863510354	0.5873546373931822	0.5157196977397867	-0.005497476757732408	-0.029968072992941602	-2.7002658520572744e-4	FALSE	0.28909372274994966	28.721044428837228	28.23690002309109	29.057750463592832	0.37074144170588635	0.3723953238821935	0.37017423652493897	0.02351283871158888	0.022566176940390956	0.02209918015384651
C.1.1.3.5.2.3.1	C.00001.00001.00003.00005.00002.00003.00001	Part 484	+	0.16437632891070098	-87.94091385789216	8.840931532904506	-3.924263082444668	0.19322989172315935	0.18117497347683426	0.1639870371480213	-0.005156382773976093	-0.010925383719903361	0.02123519131864228	FALSE	0.28909372274994966	28.721044428837228	28.23690002309109	29.057750463592832	0.37074144170588635	0.3723953238821935	0.37017423652493897	0.02351283871158888	0.022566176940390956	0.02209918015384651
C.1.1.3.5.2.3.2	C.00001.00001.00003.00005.00002.00003.00002	Part 485	+	0.24464886306924746	51.770894788205624	-38.410535361617804	81.0674368403852	0.35059562263245053	0.35202187162961696	0.3586053470740151	-0.008559046326059546	0.0021574451421087866	-0.0018875008007492736	FALSE	0.28909372274994966	28.721044428837228	28.23690002309109	29.057750463592832	0.37074144170588635	0.3723953238821935	0.37017423652493897	0.02351283871158888	0.022566176940390956	0.02209918015384651
C.1.1.3.5.2.3.3	C.00001.00001.00003.00005.00002.00003.00003	Part 486	-	0.4945702078763861	-45.98975325934589	19.607096491381526	57.24931266158819	0.6302831230563763	0.5453448119334797	0.7254060587094954	-0.008412597573371964	0.0027969856382327298	0.03360699727518125	FALSE	0.28909372274994966	28.721044428837228	28.23690002309109	29.057750463592832	0.37074144170588635	0.3723953238821935	0.37017423652493897	0.02351283871158888	0.022566176940390956	0.02209918015384651
C.1.1.3.5.2.3.4	C.00001.00001.00003.00005.00002.00003.00004	Part 487	-	0.11192142649460585	84.71009056083858	-47.43609852157533	-23.268806701526046	0.1373412624547402	0.13942781677990032	0.11985992298820253	0.006348304676403214	-0.002555814129702577	7.607875565043727e-4	FALSE	0.28909372274994966	28.721044428837228	28.23690002309109	29.057750463592832	0.37074144170588635	0.3723953238821935	0.37017423652493897	0.02351283871158888	0.022566176940390956	0.02209918015384651
C.1.1.3.5.2.3.5	C.00001.00001.00003.00005.00002.00003.00005	Part 488	+	0.21789468341413887	-96.10573016107082	-69.69127939082682	-59.55826546996832	0.2775584631756365	0.2794096157926723	0.3019541112248354	-8.468145558568571e-4	-0.0026579386579302193	-0.007667960070206363	FALSE	0.28909372274994966	28.721044428837228	28.23690002309109	29.057750463592832	0.37074144170588635	0.3723953238821935	0.37017423652493897	0.02351283871158888	0.022566176940390956	0.02209918015384651
C.1.1.3.5.2.4.1	C.00001.00001.00003.00005.00002.00004.00001	Part 489	+	0.9797311544348486	24.184934701770544	99.54050313681364	43.70176154188812	1.2733607291849118	1.1688262813881496	1.3946195222107354	0.015571141618372022	-0.019751431039975308	0.09809058418986746	FALSE	0.28909372274994966	28.721044428837228	28.23690002309109	29.057750463592832	0.37074144170588635	0.3723953238821935	0.37017423652493897	0.02351283871158888	0.022566176940390956	0.02209918015384651
C.1.1.3.5.2.4.2	C.00001.00001.00003.00005.00002.00004.00002	Part 490	+	0.10377336461236701	-14.816736988723278	-10.649866750463843	-99.30578176863492	0.15507165814899845	0.1568864109492887	0.15828423479637294	0.006754056841802575	1.9768165558448663e-4	-1.8422986073554073e-4	FALSE	0.28909372274994966	28.721044428837228	28.23690002309109	29.057750463592832	0.37074144170588635	0.3723953238821935	0.37017423652493897	0.02351283871158888	0.022566176940390956	0.02209918015384651
C.1.1.3.5.2.4.3	C.00001.00001.00003.00005.00002.00004.00003	Part 491	+	0.8821552607573103	-31.448619114235044	61.20740743353963	-10.734829911962152	1.0604167900272277	1.0755883193522682	1.0431785297335203	-0.014324567936260912	-0.012068091469857777	0.004789550252911379	FALSE	0.28909372274994966	28.721044428837228	28.23690002309109	29.057750463592832	0.37074144170588635	0.3723953238821935	0.37017423652493897	0.02351283871158888	0.022566176940390956	0.02209918015384651
C.1.1.3.5.3.1.1	C.00001.00001.00003.00005.00003.00001.00001	Part 492	-	0.456779734400101	-65.07756817154586	-20.718311425298452	66.25896566547453	0.5219499861603093	0.5240345911279958	0.6072828593849432	0.003379810394848723	-0.0015570557014130606	-0.013852493918282666	FALSE	0.28909372274994966	28.721044428837228	28.23690002309109	29.057750463592832	0.37074144170588635	0.3723953238821935	0.37017423652493897	0.02351283871158888	0.022566176940390956	0.02209918015384651
C.1.1.3.5.3.1.2	C.00001.00001.00003.00005.00003.00001.00002	Part 493	-	0.8545161055035424	14.27876208908856	-52.957221725955606	37.10089614614844	1.1733830730280859	1.1396127012612223	1.1478849656533123	-0.022730525926512812	0.0068739508055629985	0.02347491269355722	FALSE	0.28909372274994966	28.721044428837228	28.23690002309109	29.057750463592832	0.37074144170588635	0.3723953238821935	0.37017423652493897	0.02351283871158888	0.022566176940390956	0.02209918015384651
C.1.1.3.5.3.1.3	C.00001.00001.00003.00005.00003.00001.00003	Part 494	-	0.5874680392129812	22.739250352606177	83.20324965752661	11.894957395270467	0.6274487930061973	0.7727533694797315	0.7970727530554764	-0.0432451684166896	0.029962829448293787	0.005769132986700421	FALSE	0.28909372274994966	28.721044428837228	28.23690002309109	29.057750463592832	0.37074144170588635	0.3723953238821935	0.37017423652493897	0.02351283871158888	0.022566176940390956	0.02209918015384651
C.1.1.3.5.3.2.1	C.00001.00001.00003.00005.00003.00002.00001	Part 495	-	0.7315342742293142	-27.083597285673022	59.81912002898753	54.87254145555198	0.9046982971158939	0.9475187028309325	0.7458865510366658	-0.01280273458091544	0.004567230542952156	0.005248098682998648	FALSE	0.28909372274994966	28.721044428837228	28.23690002309109	29.057750463592832	0.37074144170588635	0.3723953238821935	0.37017423652493897	0.02351283871158888	0.022566176940390956	0.02209918015384651
C.1.1.3.5.3.2.2	C.00001.00001.00003.00005.00003.00002.00002	Part 496	-	0.9129071567088831	-8.936004992574453	-19.17416276410222	-72.87885313853621	1.1025994208789753	1.12154690615921	0.9919616068567793	-0.0908055245648895	-0.06132027589368768	-0.026988278481022074	FALSE	0.28909372274994966	28.721044428837228	28.23690002309109	29.057750463592832	0.37074144170588635	0.3723953238821935	0.37017423652493897	0.02351283871158888	0.022566176940390956	0.02209918015384651
C.1.1.3.5.3.2.3	C.00001.00001.00003.00005.00003.00002.00003	Part 497	+	0.33162104671006093	36.28541943617165	58.1856410484761	12.509159417822957	0.4775281663408432	0.42359904073673266	0.462655986295135	-0.028136388917012176	0.02027832792366263	0.001679733290880705	FALSE	0.28909372274994966	28.721044428837228	28.23690002309109	29.057750463592832	0.37074144170588635	0.3723953238821935	0.37017423652493897	0.02351283871158888	0.022566176940390956	0.02209918015384651
C.1.1.3.5.3.2.4	C.00001.00001.00003.00005.00003.00002.00004	Part 498	+	0.924418632277986	-40.1994860265404	-32.75319938547909	-2.436229260638356	1.4455758152316664	1.4260410003644974	1.4127503014989167	0.020105404962665264	0.01913291002739733	0.02229040833634502	FALSE	0.28909372274994966	28.721044428837228	28.23690002309109	29.057750463592832	0.37074144170588635	0.3723953238821935	0.37017423652493897	0.02351283871158888	0.022566176940390956	0.02209918015384651
C.1.1.4.1.1.1.1	C.00001.00001.00004.00001.00001.00001.00001	Part 499	-	0.10599838715069927	-84.07895197160542	-47.38326636143029	6.345878820866346	0.15278704907736385	0.15308000367046964	0.15540248025267547	0.00398034431935545	0.0052492795259989795	0.0026196613458009067	FALSE	0.28909372274994966	28.721044428837228	28.23690002309109	29.057750463592832	0.37074144170588635	0.3723953238821935	0.37017423652493897	0.02351283871158888	0.022566176940390956	0.02209918015384651
C.1.1.4.1.1.1.2	C.00001.00001.00004.00001.00001.00001.00002	Part 500	-	0.6371688674567267	19.163903687149286	37.46871817857027	-88.84721449576318	0.9004757441134695	0.9801932116768823	0.8920301554460848	-0.012147946118455318	-0.0075942226184956794	-0.007629964553041381	FALSE	0.28909372274994966	28.721044428837228	28.23690002309109	29.057750463592832	0.37074144170588635	0.3723953238821935	0.37017423652493897	0.02351283871158888	0.022566176940390956	0.02209918015384651
C.1.1.4.1.1.1.3	C.00001.00001.00004.00001.00001.00001.00003	Part 501	+	0.8959677613631356	-42.340896278619766	59.6509097609669	-28.858464350923896	1.259001407422434	1.1515209076494384	1.3046469321727268	0.027184001078134335	0.049499085633612785	0.0470255881304107	FALSE	0.28909372274994966	28.721044428837228	28.23690002309109	29.057750463592832	0.37074144170588635	0.3723953238821935	0.37017423652493897	0.02351283871158888	0.022566176940390956	0.02209918015384651
C.1.1.4.1.1.1.4	C.00001.00001.00004.00001.00001.00001.00004	Part 502	-	0.5450401575393043	-93.46640505827963	-38.00572855398059	-38.63285589031875	0.6172863254542152	0.6575374937140223	0.5697219682827084	-0.038603057131318154	-0.032253717968582854	-0.025629205204220074	FALSE	0.28909372274994966	28.721044428837228	28.23690002309109	29.057750463592832	0.37074144170588635	0.3723953238821935	0.37017423652493897	0.02351283871158888	0.022566176940390956	0.02209918015384651
C.1.1.4.1.1.2.1	C.00001.00001.00004.00001.00001.00002.00001	Part 503	+	0.2985605688514188	42.47858445160091	-72.608512500301	-14.873924944549799	0.39686811994325477	0.4186613130472625	0.41960603939966684	0.008888219400596102	-0.0070280152672081014	-0.004296165015230066	FALSE	0.28909372274994966	28.721044428837228	28.23690002309109	29.057750463592832	0.37074144170588635	0.3723953238821935	0.37017423652493897	0.02351283871158888	0.022566176940390956	0.02209918015384651
C.1.1.4.1.1.2.2	C.00001.00001.00004.00001.00001.00002.00002	Part 504	+	0.37265111112524757	-54.33716285042465	-96.24383323825896	-84.89596317522228	0.48709901323801563	0.520270368495399	0.4647380356074044	-0.05488208152097072	-0.023222607450379754	-0.022944397091971838	FALSE	0.28909372274994966	28.721044428837228	28.23690002309109	29.057750463592832	0.37074144170588635	0.3723953238821935	0.37017423652493897	0.02351283871158888	0.022566176940390956	0.02209918015384651
C.1.1.4.1.1.2.3	C.00001.00001.00004.00001.00001.00002.00003	Part 505	+	0.7397677671948913	23.455810546875	-45.0782778672874	73.02248226478696	1.0063665260534227	0.8706827870985145	0.9042224637998537	-0.0070543235260011865	0.06793677252515268	0.0035243387354903333	FALSE	0.28909372274994966	28.721044428837228	28.23690002309109	29.057750463592832	0.37074144170588635	0.3723953238821935	0.37017423652493897	0.02351283871158888	0.022566176940390956	0.02209918015384651
C.1.1.4.1.1.2.4	C.00001.00001.00004.00001.00001.00002.00004	Part 506	-	0.2884733271396253	-50.3648157697171	-88.31648114137352	90.19211665727198	0.36546593879405004	0.3823836746117036	0.35777025923503464	0.03321225145191976	-9.27428305742713e-6	-3.258799532586333e-5	FALSE	0.28909372274994966	28.721044428837228	28.23690002309109	29.057750463592832	0.37074144170588635	0.3723953238821935	0.37017423652493897	0.02351283871158888	0.022566176940390956	0.02209918015384651
C.1.1.4.1.1.3.1	C.00001.00001.00004.00001.00001.00003.00001	Part 507	-	0.6799589239286724	-23.37936842814088	71.64420271292329	19.454904785379767	0.9396641733695398	0.8836162410866945	0.9031940903405005	0.05485065543238274	-0.03919145476472046	0.002945385441951963	FALSE	0.28909372274994966	28.721044428837228	28.23690002309109	29.057750463592832	0.37074144170588635	0.3723953238821935	0.37017423652493897	0.02351283871158888	0.022566176940390956	0.02209918015384651
C.1.1.4.1.1.3.2	C.00001.00001.00004.00001.00001.00003.00002	Part 508	-	0.34927724362071605	-55.54687618277967	-34.929734002798796	56.43384549766779	0.45713847653811635	0.42781133169479196	0.4328969177629292	-0.01961816360575059	0.014412363623219269	0.025370042095948682	FALSE	0.28909372274994966	28.721044428837228	28.23690002309109	29.057750463592832	0.37074144170588635	0.3723953238821935	0.37017423652493897	0.02351283871158888	0.022566176940390956	0.02209918015384651
C.1.1.4.1.1.4.1	C.00001.00001.00004.00001.00001.00004.00001	Part 509	+	0.8177969777865801	63.316851714625955	-93.38567056693137	-99.15952100418508	0.9374087253379887	0.9514757553391375	0.8685434771771978	0.0643372036197539	-0.04455661814485534	0.01916930260284995	FALSE	0.28909372274994966	28.721044428837228	28.23690002309109	29.057750463592832	0.37074144170588635	0.3723953238821935	0.37017423652493897	0.02351283871158888	0.022566176940390956	0.02209918015384651
C.1.1.4.1.1.4.2	C.00001.00001.00004.00001.00001.00004.00002	Part 510	+	0.9193144191103056	-81.98665287345648	45.633562095463276	-91.58319300040603	0.9433558125814777	1.195947309742223	1.2085314562068112	-0.1005473448582731	-0.0029584935395142887	0.003047434934544749	FALSE	0.28909372274994966	28.721044428837228	28.23690002309109	29.057750463592832	0.37074144170588635	0.3723953238821935	0.37017423652493897	0.02351283871158888	0.022566176940390956	0.02209918015384651
C.1.1.4.1.1.4.3	C.00001.00001.00004.00001.00001.00004.00003	Part 511	+	0.7343257454780396	-60.674673644825816	-71.01439191028476	-43.64943685941398	0.9768430900978795	0.9807778606629555	1.0248103057913742	-0.02571439581950459	0.05819663789954853	0.06701639868147345	FALSE	0.28909372274994966	28.721044428837228	28.23690002309109	29.057750463592832	0.37074144170588635	0.3723953238821935	0.37017423652493897	0.02351283871158888	0.022566176940390956	0.02209918015384651
C.1.1.4.1.1.5.1	C.00001.00001.00004.00001.00001.00005.00001	Part 512	+	0.9244312414054293	-89.39456627704203	-72.10332262329757	-11.877620220184326	0.9625880694857643	0.9995136022350133	0.931533633211416	0.0319529691275307	-7.976356947282433e-4	0.0019611538758315767	FALSE	0.28909372274994966	28.721044428837228	28.23690002309109	29.057750463592832	0.37074144170588635	0.3723953238821935	0.37017423652493897	0.02351283871158888	0.022566176940390956	0.02209918015384651
C.1.1.4.1.1.5.2	C.00001.00001.00004.00001.00001.00005.00002	Part 513	+	0.9096533798619639	14.317942783236504	23.003308288753033	11.833685915917158	1.1503000977823834	1.352556402018026	1.1871868457136197	0.06340178962361812	-0.03235343579978285	0.024507867845197238	FALSE	0.28909372274994966	28.721044428837228	28.23690002309109	29.057750463592832	0.37074144170588635	0.3723953238821935	0.37017423652493897	0.02351283871158888	0.022566176940390956	0.02209918015384651
C.1.1.4.1.1.5.3	C.00001.00001.00004.00001.00001.00005.00003	Part 514	+	0.6854223290602677	-81.22497540898621	61.280407942831516	91.70466652140021	0.840288786584783	0.765126331573571	0.9136166916816478	-0.031214598633100672	-0.06336153824575526	0.01069291073437795	FALSE	0.28909372274994966	28.721044428837228	28.23690002309109	29.057750463592832	0.37074144170588635	0.3723953238821935	0.37017423652493897	0.02351283871158888	0.022566176940390956	0.02209918015384651
C.1.1.4.1.1.5.4	C.00001.00001.00004.00001.00001.00005.00004	Part 515	-	0.49952153636235747	72.25212324410677	-92.67154415138066	62.323373928666115	0.5346172155904334	0.5911417852422811	0.6126056555355612	-0.03708017841672464	0.020139354272028558	0.010303087585634347	FALSE	0.28909372274994966	28.721044428837228	28.23690002309109	29.057750463592832	0.37074144170588635	0.3723953238821935	0.37017423652493897	0.02351283871158888	0.022566176940390956	0.02209918015384651
C.1.1.4.1.1.5.5	C.00001.00001.00004.00001.00001.00005.00005	Part 516	-	0.6596559043950401	96.07480685226619	-32.71956550888717	-23.496990418061614	1.0029103028587736	0.8145827853681636	0.7839846645719909	-0.015701094904586873	0.05128851210941665	0.018949446427329923	FALSE	0.28909372274994966	28.721044428837228	28.23690002309109	29.057750463592832	0.37074144170588635	0.3723953238821935	0.37017423652493897	0.02351283871158888	0.022566176940390956	0.02209918015384651
C.1.1.4.1.2.1.1	C.00001.00001.00004.00001.00002.00001.00001	Part 517	-	0.41000311004486867	16.853980906307697	-6.128946784883738	14.10215892829001	0.47778954938366125	0.5714028656326395	0.48031025401157584	-0.004502894132199777	-0.018596824840074997	-0.02018899642869716	FALSE	0.28909372274994966	28.721044428837228	28.23690002309109	29.057750463592832	0.37074144170588635	0.3723953238821935	0.37017423652493897	0.02351283871158888	0.022566176940390956	0.02209918015384651
C.1.1.4.1.2.1.2	C.00001.00001.00004.00001.00002.00001.00002	Part 518	+	0.8653529129733797	99.6475457213819	17.19916225410998	-21.90756555646658	0.9645578906122143	0.8943157698886668	0.9146077309781221	-0.04379352077068726	0.021122798752214622	0.024274443940810565	FALSE	0.28909372274994966	28.721044428837228	28.23690002309109	29.057750463592832	0.37074144170588635	0.3723953238821935	0.37017423652493897	0.02351283871158888	0.022566176940390956	0.02209918015384651
C.1.1.4.1.2.2.1	C.00001.00001.00004.00001.00002.00002.00001	Part 519	+	0.6837532957738731	-56.20675147511065	55.573108745738864	66.8166727758944	0.8410994866521762	0.8097497730051931	0.718105479632145	0.021607717832973276	-0.028564621897542386	0.003961467486292775	FALSE	0.28909372274994966	28.721044428837228	28.23690002309109	29.057750463592832	0.37074144170588635	0.3723953238821935	0.37017423652493897	0.02351283871158888	0.022566176940390956	0.02209918015384651
C.1.1.4.1.2.2.2	C.00001.00001.00004.00001.00002.00002.00002	Part 520	-	0.39166785358823836	94.9291265103966	-66.76699281670153	-53.59317106194794	0.43534843491940195	0.380285334329808	0.4248309822193187	0.007679311515031858	0.003376428021013025	-0.011841042450287682	FALSE	0.28909372274994966	28.721044428837228	28.23690002309109	29.057750463592832	0.37074144170588635	0.3723953238821935	0.37017423652493897	0.02351283871158888	0.022566176940390956	0.02209918015384651
C.1.1.4.1.2.2.3	C.00001.00001.00004.00001.00002.00002.00003	Part 521	-	0.3471679254688788	-46.54039852321148	97.59303494356573	-0.3798075020313263	0.38467490654491604	0.4135284416805727	0.42745379410190576	0.01747201067888183	0.004078329259058244	-0.003093103025726222	FALSE	0.28909372274994966	28.721044428837228	28.23690002309109	29.057750463592832	0.37074144170588635	0.3723953238821935	0.37017423652493897	0.02351283871158888	0.022566176940390956	0.02209918015384651
C.1.1.4.1.2.2.4	C.00001.00001.00004.00001.00002.00002.00004	Part 522	+	0.18107663277769462	-48.79382927902043	-37.45818850584328	5.572905112057924	0.2328714827508313	0.2604739659824552	0.23155667554441034	-0.01654653336893626	0.012686905446272614	-0.006469262526130462	FALSE	0.28909372274994966	28.721044428837228	28.23690002309109	29.057750463592832	0.37074144170588635	0.3723953238821935	0.37017423652493897	0.02351283871158888	0.022566176940390956	0.02209918015384651
C.1.1.4.1.2.2.5	C.00001.00001.00004.00001.00002.00002.00005	Part 523	+	0.3826614941461012	-64.55197799950838	-44.15359911508858	-27.46795155107975	0.5602413092688002	0.5295045602444619	0.5264923557380612	0.03884203471140327	0.026965996211844034	-0.01463950706222535	FALSE	0.28909372274994966	28.721044428837228	28.23690002309109	29.057750463592832	0.37074144170588635	0.3723953238821935	0.37017423652493897	0.02351283871158888	0.022566176940390956	0.02209918015384651
C.1.1.4.1.2.3.1	C.00001.00001.00004.00001.00002.00003.00001	Part 524	+	0.6760756892520003	-48.60744355246425	1.9151626620441675	-81.41932506114244	0.7201907668695394	0.922481063063426	0.8243393060295088	-0.005033514329887098	0.00998159031917946	0.002482970801378602	FALSE	0.28909372274994966	28.721044428837228	28.23690002309109	29.057750463592832	0.37074144170588635	0.3723953238821935	0.37017423652493897	0.02351283871158888	0.022566176940390956	0.02209918015384651
C.1.1.4.1.2.3.2	C.00001.00001.00004.00001.00002.00003.00002	Part 525	+	0.7991010712103452	33.9585923589766	17.71317757666111	22.58733408525586	0.9998229199778262	0.8945321315626844	0.8637840937328598	0.009636668893692189	-0.05779031517671056	-0.018506995438087405	FALSE	0.28909372274994966	28.721044428837228	28.23690002309109	29.057750463592832	0.37074144170588635	0.3723953238821935	0.37017423652493897	0.02351283871158888	0.022566176940390956	0.02209918015384651
C.1.1.4.1.2.3.3	C.00001.00001.00004.00001.00002.00003.00003	Part 526	-	0.9110064355321229	-94.47562443092465	-90.03030015155673	-1.1231498327106237	1.096439154251778	0.8712155216492115	1.0668016034817485	-0.038325947877435616	-0.03377123354790197	-0.08827234052661215	FALSE	0.28909372274994966	28.721044428837228	28.23690002309109	29.057750463592832	0.37074144170588635	0.3723953238821935	0.37017423652493897	0.02351283871158888	0.022566176940390956	0.02209918015384651
C.1.1.4.1.2.3.4	C.00001.00001.00004.00001.00002.00003.00004	Part 527	+	0.8071762318208348	-37.0194410905242	76.13122160546482	0.8116914425045252	1.1201184169649436	1.1614061531548077	1.1666480153913994	-0.036721524236853285	0.024626946470446755	0.03349693345283089	FALSE	0.28909372274994966	28.721044428837228	28.23690002309109	29.057750463592832	0.37074144170588635	0.3723953238821935	0.37017423652493897	0.02351283871158888	0.022566176940390956	0.02209918015384651
C.1.1.4.1.2.3.5	C.00001.00001.00004.00001.00002.00003.00005	Part 528	+	0.7612705053142272	2.145552961155772	-39.47928776033223	-83.39385520666838	1.1552668000444546	1.206785808894924	1.1756614795846687	0.01825743615970654	-0.007411964907153561	0.007563782476518617	FALSE	0.28909372274994966	28.721044428837228	28.23690002309109	29.057750463592832	0.37074144170588635	0.3723953238821935	0.37017423652493897	0.02351283871158888	0.022566176940390956	0.02209918015384651
C.1.1.4.2.1.1.1	C.00001.00001.00004.00002.00001.00001.00001	Part 529	+	0.6284591646608897	-83.70220358483493	22.98341770656407	-77.08602547645569	0.7289515272536714	0.8334239015420141	0.7199228073363848	0.07553193767996923	0.001305894580315578	-0.014377140353095685	FALSE	0.28909372274994966	28.721044428837228	28.23690002309109	29.057750463592832	0.37074144170588635	0.3723953238821935	0.37017423652493897	0.02351283871158888	0.022566176940390956	0.02209918015384651
C.1.1.4.2.1.1.2	C.00001.00001.00004.00002.00001.00001.00002	Part 530	-	0.9020827550760004	-20.45930097810924	68.3692891150713	-39.147092029452324	1.046361233998187	1.0315495523945122	0.9627952470400111	0.010770943595708456	0.05680548400965103	0.04825170812887449	FALSE	0.28909372274994966	28.721044428837228	28.23690002309109	29.057750463592832	0.37074144170588635	0.3723953238821935	0.37017423652493897	0.02351283871158888	0.022566176940390956	0.02209918015384651
C.1.1.4.2.1.1.3	C.00001.00001.00004.00002.00001.00001.00003	Part 531	+	0.6377317892864812	-38.39931106194854	91.98016212321818	57.15541415847838	0.9075033494396808	0.9017053980353069	0.8867787444231682	0.002319907716101171	0.0016200842797732954	0.003408526271620471	FALSE	0.28909372274994966	28.721044428837228	28.23690002309109	29.057750463592832	0.37074144170588635	0.3723953238821935	0.37017423652493897	0.02351283871158888	0.022566176940390956	0.02209918015384651
C.1.1.4.2.1.1.4	C.00001.00001.00004.00002.00001.00001.00004	Part 532	+	0.462340191899566	22.843413753435016	-74.99502301216125	63.385929726064205	0.6094834430086261	0.6522789903461221	0.6532951422963912	-6.806878436304592e-4	0.016704705983983804	0.02231075947651505	FALSE	0.28909372274994966	28.721044428837228	28.23690002309109	29.057750463592832	0.37074144170588635	0.3723953238821935	0.37017423652493897	0.02351283871158888	0.022566176940390956	0.02209918015384651
C.1.1.4.2.1.1.5	C.00001.00001.00004.00002.00001.00001.00005	Part 533	+	0.1210092596008908	-82.14233331382275	-7.761460728943348	-37.70593642257154	0.14621557235676333	0.15875580355933167	0.1598558902233007	-0.0013767401604286532	-0.006732267851022406	0.0042305014789834694	FALSE	0.28909372274994966	28.721044428837228	28.23690002309109	29.057750463592832	0.37074144170588635	0.3723953238821935	0.37017423652493897	0.02351283871158888	0.022566176940390956	0.02209918015384651
C.1.1.4.2.1.2.1	C.00001.00001.00004.00002.00001.00002.00001	Part 534	+	0.4657461544717662	5.800252268090844	-72.93368326500058	-25.423532770946622	0.5480583530158745	0.5033229840496285	0.523754412413112	-0.02342975070662707	-0.02320241428108455	0.059725708379910356	FALSE	0.28909372274994966	28.721044428837228	28.23690002309109	29.057750463592832	0.37074144170588635	0.3723953238821935	0.37017423652493897	0.02351283871158888	0.022566176940390956	0.02209918015384651
C.1.1.4.2.1.2.2	C.00001.00001.00004.00002.00001.00002.00002	Part 535	-	0.708368724582484	-2.962869079783559	-18.834841949865222	84.76543403230608	0.9557488699156569	0.9478724504228753	0.8907177825407292	0.0715800352531528	0.07652906918950679	-0.011895995890804813	FALSE	0.28909372274994966	28.721044428837228	28.23690002309109	29.057750463592832	0.37074144170588635	0.3723953238821935	0.37017423652493897	0.02351283871158888	0.022566176940390956	0.02209918015384651
C.1.1.4.2.1.2.3	C.00001.00001.00004.00002.00001.00002.00003	Part 536	+	0.6628257029645611	35.52412101998925	-21.8517092987895	-98.48964870907366	0.9830451768702235	0.9849088532831146	0.9842174754763611	0.003545144513851524	-5.210878980795506e-4	-0.0015091910428400648	FALSE	0.28909372274994966	28.721044428837228	28.23690002309109	29.057750463592832	0.37074144170588635	0.3723953238821935	0.37017423652493897	0.02351283871158888	0.022566176940390956	0.02209918015384651
C.1.1.4.2.1.2.4	C.00001.00001.00004.00002.00001.00002.00004	Part 537	+	0.9399353961327579	25.65035130828619	-68.08663532137871	-2.2828385699540377	1.097678129085793	1.1465270037558788	0.9542284492203658	-0.02442688857373019	-0.055751840769548214	-0.046223090685541104	FALSE	0.28909372274994966	28.721044428837228	28.23690002309109	29.057750463592832	0.37074144170588635	0.3723953238821935	0.37017423652493897	0.02351283871158888	0.022566176940390956	0.02209918015384651
C.1.1.4.2.1.3.1	C.00001.00001.00004.00002.00001.00003.00001	Part 538	-	0.7383363500193227	-69.464538199827075	55.96396620385349	-94.76968771778047	0.7691287407056433	0.7059330592358886	0.7518713933723802	0.002617184935424134	-0.012043657024025588	0.017934178162199856	FALSE	0.28909372274994966	28.721044428837228	28.23690002309109	29.057750463592832	0.37074144170588635	0.3723953238821935	0.37017423652493897	0.02351283871158888	0.022566176940390956	0.02209918015384651
C.1.1.4.2.1.3.2	C.00001.00001.00004.00002.00001.00003.00002	Part 539	-	0.3451222735252231	16.026701079681516	20.043739024549723	61.908615566790104	0.375324994078699	0.368040021751063	0.4115690276752031	-0.0015055319594046539	-0.0026964433776489713	0.008751069413777667	FALSE	0.28909372274994966	28.721044428837228	28.23690002309109	29.057750463592832	0.37074144170588635	0.3723953238821935	0.37017423652493897	0.02351283871158888	0.022566176940390956	0.02209918015384651
C.1.1.4.2.1.3.3	C.00001.00001.00004.00002.00001.00003.00003	Part 540	+	0.052552033765474335	-64.08582553267479	82.70698431879282	-15.889395726844668	0.06360908333705996	0.06285384151786627	0.06517171056053056	-0.0045690687115205455	-0.003387823044323876	0.005779686744971064	FALSE	0.28909372274994966	28.721044428837228	28.23690002309109	29.057750463592832	0.37074144170588635	0.3723953238821935	0.37017423652493897	0.02351283871158888	0.022566176940390956	0.02209918015384651
C.1.1.4.2.1.3.4	C.00001.00001.00004.00002.00001.00003.00004	Part 541	+	0.7164267662265338	80.08025335147977	-3.715879423543811	61.16606825962663	0.8430160260796978	0.7708042621553833	0.7888681653646481	-0.0748368805427142	-0.01976521840754839	0.04886149207397042	FALSE	0.28909372274994966	28.721044428837228	28.23690002309109	29.057750463592832	0.37074144170588635	0.3723953238821935	0.37017423652493897	0.02351283871158888	0.022566176940390956	0.02209918015384651
C.1.1.4.2.1.3.5	C.00001.00001.00004.00002.00001.00003.00005	Part 542	-	0.2785438962986227	-22.489386424422264	-45.85138885304332	5.043858662247658	0.32740854031804395	0.313891588789434	0.3250402143584981	-0.009300320141077572	-0.014073114757763489	-0.008192898554829096	FALSE	0.28909372274994966	28.721044428837228	28.23690002309109	29.057750463592832	0.37074144170588635	0.3723953238821935	0.37017423652493897	0.02351283871158888	0.022566176940390956	0.02209918015384651
C.1.1.4.2.1.4.1	C.00001.00001.00004.00002.00001.00004.00001	Part 543	+	0.6805268835944589	-99.55102046951652	88.09943278320134	-26.05195203796029	0.8353861292482151	0.8298846727665306	0.87564849004982	0.017574295771792432	-7.373827787249098e-4	-0.0011680976378086743	FALSE	0.28909372274994966	28.721044428837228	28.23690002309109	29.057750463592832	0.37074144170588635	0.3723953238821935	0.37017423652493897	0.02351283871158888	0.022566176940390956	0.02209918015384651
C.1.1.4.2.1.4.2	C.00001.00001.00004.00002.00001.00004.00002	Part 544	-	0.2165224535432644	-51.99009836651385	-57.73820839822292	-99.54786384478211	0.28376107568454423	0.30767209346058827	0.2622591836229972	-0.007219193944532361	0.012428906731383332	-0.012101320503557035	FALSE	0.28909372274994966	28.721044428837228	28.23690002309109	29.057750463592832	0.37074144170588635	0.3723953238821935	0.37017423652493897	0.02351283871158888	0.022566176940390956	0.02209918015384651
C.1.1.4.2.1.4.3	C.00001.00001.00004.00002.00001.00004.00003	Part 545	-	0.4018748601465486	-53.06802932173014	47.127873031422496	-36.10486467368901	0.5553258955821561	0.5007267768773431	0.506531662518624	-0.05634551638548464	0.024153508237850934	0.02393250925198019	FALSE	0.28909372274994966	28.721044428837228	28.23690002309109	29.057750463592832	0.37074144170588635	0.3723953238821935	0.37017423652493897	0.02351283871158888	0.022566176940390956	0.02209918015384651
C.1.1.4.2.2.1.1	C.00001.00001.00004.00002.00002.00001.00001	Part 546	-	0.25636351422360165	16.567286243662238	-25.547335715964437	29.57569658756256	0.304352013479283	0.2688870682151256	0.31801408114176444	0.04057703859762528	0.004149136417418268	-0.010230417881111144	FALSE	0.28909372274994966	28.721044428837228	28.23690002309109	29.057750463592832	0.37074144170588635	0.3723953238821935	0.37017423652493897	0.02351283871158888	0.022566176940390956	0.02209918015384651
C.1.1.4.2.2.1.2	C.00001.00001.00004.00002.00002.00001.00002	Part 547	+	0.4265429007196799	-94.37498175539076	-7.771098846569657	-82.91450361721218	0.5306955308005038	0.5304025783148245	0.4667624810250703	0.026647985301828984	-0.05231512571603075	-0.03131181646354376	FALSE	0.28909372274994966	28.721044428837228	28.23690002309109	29.057750463592832	0.37074144170588635	0.3723953238821935	0.37017423652493897	0.02351283871158888	0.022566176940390956	0.02209918015384651
C.1.1.4.2.2.1.3	C.00001.00001.00004.00002.00002.00001.00003	Part 548	-	0.07483926034369506	-50.029705138877034	18.062815396115184	-41.40526936389506	0.09031389749193572	0.10456432226114966	0.09110165943614627	-0.010910682490777191	-0.006770658948247846	-3.697602270605658e-7	FALSE	0.28909372274994966	28.721044428837228	28.23690002309109	29.057750463592832	0.37074144170588635	0.3723953238821935	0.37017423652493897	0.02351283871158888	0.022566176940390956	0.02209918015384651
C.1.1.4.2.2.1.4	C.00001.00001.00004.00002.00002.00001.00004	Part 549	+	0.7654017967197578	-37.4867572914809	-46.64961490780115	86.91031346097589	1.025983105500719	0.9522094112097353	1.1253164273782172	-0.02816918943121456	-0.022442803188690328	0.04084812667436109	FALSE	0.28909372274994966	28.721044428837228	28.23690002309109	29.057750463592832	0.37074144170588635	0.3723953238821935	0.37017423652493897	0.02351283871158888	0.022566176940390956	0.02209918015384651
C.1.1.4.2.2.2.1	C.00001.00001.00004.00002.00002.00002.00001	Part 550	+	0.5870577115502674	-67.26254322566092	-38.265931187197566	-50.29050302691758	0.9474624115586364	0.9292519126193977	0.9060865628793592	0.03298156795088358	0.004370402340443938	-0.005939288031687957	FALSE	0.28909372274994966	28.721044428837228	28.23690002309109	29.057750463592832	0.37074144170588635	0.3723953238821935	0.37017423652493897	0.02351283871158888	0.022566176940390956	0.02209918015384651
C.1.1.4.2.2.2.2	C.00001.00001.00004.00002.00002.00002.00002	Part 551	-	0.8029823325271718	-62.90370328351855	-28.55105842463672	96.41939611174166	0.9374900921613957	0.9804289116120805	0.9499191182170574	-0.06876600890451912	0.05487835049668996	-0.07923946599343144	FALSE	0.28909372274994966	28.721044428837228	28.23690002309109	29.057750463592832	0.37074144170588635	0.3723953238821935	0.37017423652493897	0.02351283871158888	0.022566176940390956	0.02209918015384651
C.1.1.4.2.2.2.3	C.00001.00001.00004.00002.00002.00002.00003	Part 552	-	0.552696571841836	-61.351537657901645	60.49366411752999	31.701836129650474	0.68733282373598	0.6772730218494515	0.6441308233078188	-0.02291490719414696	-0.00406134666606856	0.013507009809684462	FALSE	0.28909372274994966	28.721044428837228	28.23690002309109	29.057750463592832	0.37074144170588635	0.3723953238821935	0.37017423652493897	0.02351283871158888	0.022566176940390956	0.02209918015384651
C.1.1.4.2.2.2.4	C.00001.00001.00004.00002.00002.00002.00004	Part 553	-	0.22820158980274574	-98.28789196908474	-57.99896940588951	3.299996303394437	0.27265577626979587	0.2583815740212346	0.2448786297821035	0.020159222194703827	-0.02437106528308207	0.037826121537472016	FALSE	0.28909372274994966	28.721044428837228	28.23690002309109	29.057750463592832	0.37074144170588635	0.3723953238821935	0.37017423652493897	0.02351283871158888	0.022566176940390956	0.02209918015384651
C.1.1.4.2.3.1.1	C.00001.00001.00004.00002.00003.00001.00001	Part 554	+	0.6390874491217546	44.47537660598755	77.97959730960429	-36.490082601085305	0.5718513319100267	0.593640463540544	0.595917365410761	-0.024137199261449593	0.01996523645553008	-0.011746420250287628	FALSE	0.28909372274994966	28.721044428837228	28.23690002309109	29.057750463592832	0.37074144170588635	0.3723953238821935	0.37017423652493897	0.02351283871158888	0.022566176940390956	0.02209918015384651
C.1.1.4.2.3.1.2	C.00001.00001.00004.00002.00003.00001.00002	Part 555	+	0.6867221168074756	-10.688582994043827	23.70650079101324	-79.03767903335392	0.9231429596934091	0.9236895947026476	0.9285492114978481	0.005315808831326371	-0.021973862324148163	0.013402329831122786	FALSE	0.28909372274994966	28.721044428837228	28.23690002309109	29.057750463592832	0.37074144170588635	0.3723953238821935	0.37017423652493897	0.02351283871158888	0.022566176940390956	0.02209918015384651
C.1.1.4.2.3.1.3	C.00001.00001.00004.00002.00003.00001.00003	Part 556	+	0.7489517897311598	-1.8283696379512548	28.59921739436686	-5.588723905384541	0.751780520643569	0.7858954161948697	0.7520851906183658	0.013360890583591106	0.03372653169667156	-0.026624408490709968	FALSE	0.28909372274994966	28.721044428837228	28.23690002309109	29.057750463592832	0.37074144170588635	0.3723953238821935	0.37017423652493897	0.02351283871158888	0.022566176940390956	0.02209918015384651
C.1.1.4.2.3.1.4	C.00001.00001.00004.00002.00003.00001.00004	Part 557	-	0.6538818781422451	27.86654271185398	-30.13402889482677	-31.85533881187439	0.7845183122916826	0.8793151402722938	0.8231047052948112	-0.05421460090447962	0.03553407384820725	0.03931396092729838	FALSE	0.28909372274994966	28.721044428837228	28.23690002309109	29.057750463592832	0.37074144170588635	0.3723953238821935	0.37017423652493897	0.02351283871158888	0.022566176940390956	0.02209918015384651
C.1.1.4.2.3.1.5	C.00001.00001.00004.00002.00003.00001.00005	Part 558	-	0.07703952400782145	91.12650458700955	52.75932983495295	98.83786719292402	0.09003545196587522	0.09319265062849776	0.10503822958214182	-0.002071234390311979	0.005433185009588266	-0.005962003645871171	FALSE	0.28909372274994966	28.721044428837228	28.23690002309109	29.057750463592832	0.37074144170588635	0.3723953238821935	0.37017423652493897	0.02351283871158888	0.022566176940390956	0.02209918015384651
C.1.1.4.2.3.2.1	C.00001.00001.00004.00002.00003.00002.00001	Part 559	+	0.8591342536716257	41.44640960730612	-63.33728148601949	52.37458241172135	1.0965468854936127	1.0847419509756013	1.066529365277042	-0.01188852046246876	0.005844404768099375	0.028539371019446154	FALSE	0.28909372274994966	28.721044428837228	28.23690002309109	29.057750463592832	0.37074144170588635	0.3723953238821935	0.37017423652493897	0.02351283871158888	0.022566176940390956	0.02209918015384651
C.1.1.4.2.3.2.2	C.00001.00001.00004.00002.00003.00002.00002	Part 560	-	0.0049375325427390634	95.65344690345228	83.07131957262754	77.80659068375826	0.00610876098741308	0.005442463683858844	0.006308753217115438	1.403527327509397e-4	1.3260319660579889e-5	8.883368461058734e-5	FALSE	0.28909372274994966	28.721044428837228	28.23690002309109	29.057750463592832	0.37074144170588635	0.3723953238821935	0.37017423652493897	0.02351283871158888	0.022566176940390956	0.02209918015384651
C.1.1.4.2.3.2.3	C.00001.00001.00004.00002.00003.00002.00003	Part 561	-	0.009036969212582336	40.00760447233915	72.95060381293297	75.86175962351263	0.01090247294954537	0.012545484649135883	0.012485647303607668	8.836987982284184e-5	7.419283863169482e-5	-1.7849561648082135e-6	FALSE	0.28909372274994966	28.721044428837228	28.23690002309109	29.057750463592832	0.37074144170588635	0.3723953238821935	0.37017423652493897	0.02351283871158888	0.022566176940390956	0.02209918015384651
C.1.1.4.2.3.2.4	C.00001.00001.00004.00002.00003.00002.00004	Part 562	+	0.6596703603491187	-79.13040807470679	-50.16894810833037	52.39933622069657	0.8684199615390704	0.9679389923495302	0.8710903445486811	0.04275996013393244	0.038811496128369524	0.022350567648236255	FALSE	0.28909372274994966	28.721044428837228	28.23690002309109	29.057750463592832	0.37074144170588635	0.3723953238821935	0.37017423652493897	0.02351283871158888	0.022566176940390956	0.02209918015384651
C.1.1.4.2.3.3.1	C.00001.00001.00004.00002.00003.00003.00001	Part 563	-	0.6277585705115926	35.83303205668926	-24.605528684332967	13.133471505716443	0.6588166881277798	0.68855310931017	0.747473104081539	0.005145008010603911	0.009485129676954314	-0.05088716452832105	FALSE	0.28909372274994966	28.721044428837228	28.23690002309109	29.057750463592832	0.37074144170588635	0.3723953238821935	0.37017423652493897	0.02351283871158888	0.022566176940390956	0.02209918015384651
C.1.1.4.2.3.3.2	C.00001.00001.00004.00002.00003.00003.00002	Part 564	+	0.6717972078570165	-3.6818392109125853	-66.98945756070316	-63.15990178845823	0.6848663668307794	0.6865844209665427	0.615360991149833	-0.005363122223356696	0.007347015021025872	-0.03821034159040357	FALSE	0.28909372274994966	28.721044428837228	28.23690002309109	29.057750463592832	0.37074144170588635	0.3723953238821935	0.37017423652493897	0.02351283871158888	0.022566176940390956	0.02209918015384651
C.1.1.4.2.3.3.3	C.00001.00001.00004.00002.00003.00003.00003	Part 565	-	0.2436396779124625	75.95817060209811	26.662041386589408	-42.508628219366074	0.3299325861738954	0.3223920137726299	0.30894218608930507	6.379470038580912e-4	-0.0010388216119853457	0.001437451576463343	FALSE	0.28909372274994966	28.721044428837228	28.23690002309109	29.057750463592832	0.37074144170588635	0.3723953238821935	0.37017423652493897	0.02351283871158888	0.022566176940390956	0.02209918015384651
C.1.1.4.2.3.3.4	C.00001.00001.00004.00002.00003.00003.00004	Part 566	-	0.19961190195451492	23.01814374513924	-83.50895131006837	97.36863914877176	0.2654232912503311	0.27809692576339706	0.26425225296215754	-0.00157327623618214	-0.013981965897234766	-0.010154826337579002	FALSE	0.28909372274994966	28.721044428837228	28.23690002309109	29.057750463592832	0.37074144170588635	0.3723953238821935	0.37017423652493897	0.02351283871158888	0.022566176940390956	0.02209918015384651
C.1.1.4.2.3.3.5	C.00001.00001.00004.00002.00003.00003.00005	Part 567	-	0.16161723364936187	-7.608089875429869	79.23393836244941	-95.04326554015279	0.18490934789817873	0.17710767664219454	0.17571955929648203	0.004375307414183448	-0.0020381048765742565	0.014013253837733686	FALSE	0.28909372274994966	28.721044428837228	28.23690002309109	29.057750463592832	0.37074144170588635	0.3723953238821935	0.37017423652493897	0.02351283871158888	0.022566176940390956	0.02209918015384651
C.1.1.4.3.1.1.1	C.00001.00001.00004.00003.00001.00001.00001	Part 568	+	0.8065986763322726	-10.833349404856563	-72.0840894151479	-35.41034609079361	0.8727911528726691	0.8798708728587485	0.7773476110004565	-0.035036843269332915	-0.07660405653541293	0.07264522211248191	FALSE	0.28909372274994966	28.721044428837228	28.23690002309109	29.057750463592832	0.37074144170588635	0.3723953238821935	0.37017423652493897	0.02351283871158888	0.022566176940390956	0.02209918015384651
C.1.1.4.3.1.1.2	C.00001.00001.00004.00003.00001.00001.00002	Part 569	-	0.6751535173088777	-28.28746736049652	53.00339697860181	-3.930800361558795	1.000326475243058	0.826854712009798	0.9027142988374947	0.03131651596773279	0.07934209751355806	0.016300339201205466	FALSE	0.28909372274994966	28.721044428837228	28.23690002309109	29.057750463592832	0.37074144170588635	0.3723953238821935	0.37017423652493897	0.02351283871158888	0.022566176940390956	0.02209918015384651
C.1.1.4.3.1.1.3	C.00001.00001.00004.00003.00001.00001.00003	Part 570	-	0.539346057710005	-46.31761037744582	63.228671392425895	66.34975168853998	0.6057957122756009	0.6535129085354897	0.6079532882499885	-0.023781006496004502	0.011299809443557782	0.00980316885851607	FALSE	0.28909372274994966	28.721044428837228	28.23690002309109	29.057750463592832	0.37074144170588635	0.3723953238821935	0.37017423652493897	0.02351283871158888	0.022566176940390956	0.02209918015384651
C.1.1.4.3.1.2.1	C.00001.00001.00004.00003.00001.00002.00001	Part 571	+	0.8712604045490734	-62.147762067615986	97.22028323449194	-80.98488850519061	1.2674694936894066	1.3650474460137054	1.2578833584376354	0.03160772878268484	0.00939403217593755	-0.041928482569012854	FALSE	0.28909372274994966	28.721044428837228	28.23690002309109	29.057750463592832	0.37074144170588635	0.3723953238821935	0.37017423652493897	0.02351283871158888	0.022566176940390956	0.02209918015384651
C.1.1.4.3.1.2.2	C.00001.00001.00004.00003.00001.00002.00002	Part 572	-	0.16523359280591832	9.646197501569986	-10.468652565032244	15.642839716747403	0.18605388394751585	0.2221832698722716	0.21734918475683057	0.004220553160068899	-0.006009814813861999	0.013788005873994294	FALSE	0.28909372274994966	28.721044428837228	28.23690002309109	29.057750463592832	0.37074144170588635	0.3723953238821935	0.37017423652493897	0.02351283871158888	0.022566176940390956	0.02209918015384651
C.1.1.4.3.1.3.1	C.00001.00001.00004.00003.00001.00003.00001	Part 573	-	0.9844077281497885	-6.16714246571064	-12.968294229358435	-6.8360373843461275	1.097402270270673	1.0169660815939237	1.1060157730603195	0.05025355058673975	-0.010566011771067281	0.11968075547228059	FALSE	0.28909372274994966	28.721044428837228	28.23690002309109	29.057750463592832	0.37074144170588635	0.3723953238821935	0.37017423652493897	0.02351283871158888	0.022566176940390956	0.02209918015384651
C.1.1.4.3.1.3.2	C.00001.00001.00004.00003.00001.00003.00002	Part 574	-	0.983066041162936	-92.69731459207833	-22.00828343629837	-83.30649198032916	1.3075234008202243	1.3908132550135497	1.1410880881993417	-0.01382025968840965	1.4040649634041584e-7	0.0023475482338300895	FALSE	0.28909372274994966	28.721044428837228	28.23690002309109	29.057750463592832	0.37074144170588635	0.3723953238821935	0.37017423652493897	0.02351283871158888	0.022566176940390956	0.02209918015384651
C.1.1.4.3.1.3.3	C.00001.00001.00004.00003.00001.00003.00003	Part 575	+	0.26354837158252487	-68.0096261203289	19.001063471660018	-37.3550059273839	0.4203564976739275	0.4265443008644212	0.41808562670064187	-0.002530499115762736	-0.003561421436528379	-0.002622962972975264	FALSE	0.28909372274994966	28.721044428837228	28.23690002309109	29.057750463592832	0.37074144170588635	0.3723953238821935	0.37017423652493897	0.02351283871158888	0.022566176940390956	0.02209918015384651
C.1.1.4.3.1.4.1	C.00001.00001.00004.00003.00001.00004.00001	Part 576	+	0.4552455420200713	47.41039630025625	77.8739676810801	94.13015800528228	0.5744331515348395	0.5559206481007796	0.5726534718639972	-0.0018468662969857925	-0.013806764760521648	0.008184652031829212	FALSE	0.28909372274994966	28.721044428837228	28.23690002309109	29.057750463592832	0.37074144170588635	0.3723953238821935	0.37017423652493897	0.02351283871158888	0.022566176940390956	0.02209918015384651
C.1.1.4.3.1.4.2	C.00001.00001.00004.00003.00001.00004.00002	Part 577	+	0.993118840953568	81.43258169293404	67.84097463823855	71.9372860621661	1.0854334812130173	1.1455400213171718	1.2353600302111918	-0.11076367568579323	-0.02604495772071208	0.011428361884830074	FALSE	0.28909372274994966	28.721044428837228	28.23690002309109	29.057750463592832	0.37074144170588635	0.3723953238821935	0.37017423652493897	0.02351283871158888	0.022566176940390956	0.02209918015384651
C.1.1.4.3.1.5.1	C.00001.00001.00004.00003.00001.00005.00001	Part 578	+	0.6317836605468765	64.71298728138208	57.985171442851424	-74.4332299567759	0.8302302590252909	0.7929546916747786	0.7824910653845862	-0.0262613785025231	0.007174324060803509	0.003659208346762329	FALSE	0.28909372274994966	28.721044428837228	28.23690002309109	29.057750463592832	0.37074144170588635	0.3723953238821935	0.37017423652493897	0.02351283871158888	0.022566176940390956	0.02209918015384651
C.1.1.4.3.1.5.2	C.00001.00001.00004.00003.00001.00005.00002	Part 579	-	0.9080223237508908	99.20267998240888	-56.72974172048271	54.70510870218277	1.3429724114963764	1.2701845229348838	1.2709593863106332	0.03478001377515316	0.004313622161004088	-0.027748598271113045	FALSE	0.28909372274994966	28.721044428837228	28.23690002309109	29.057750463592832	0.37074144170588635	0.3723953238821935	0.37017423652493897	0.02351283871158888	0.022566176940390956	0.02209918015384651
C.1.1.4.3.2.1.1	C.00001.00001.00004.00003.00002.00001.00001	Part 580	-	0.7358381890321616	85.55333097465336	99.2712639272213	93.73734663240612	0.9293189078969663	0.8943825958847074	0.863344267161111	0.025021063246738313	-0.04068541962047893	0.06691461668440601	FALSE	0.28909372274994966	28.721044428837228	28.23690002309109	29.057750463592832	0.37074144170588635	0.3723953238821935	0.37017423652493897	0.02351283871158888	0.022566176940390956	0.02209918015384651
C.1.1.4.3.2.1.2	C.00001.00001.00004.00003.00002.00001.00002	Part 581	+	0.18177427060878837	88.75071117654443	-75.4959904588759	45.786814112216234	0.2159100735788343	0.24185380993458014	0.18853456525796025	-1.1197166823510621e-4	0.0035915518035626428	-0.009848288424389305	FALSE	0.28909372274994966	28.721044428837228	28.23690002309109	29.057750463592832	0.37074144170588635	0.3723953238821935	0.37017423652493897	0.02351283871158888	0.022566176940390956	0.02209918015384651
C.1.1.4.3.2.2.1	C.00001.00001.00004.00003.00002.00002.00001	Part 582	+	0.8669420333269517	-72.9844493791461	-54.542559292167425	-37.68028072081506	1.0705245710311226	1.07576171874703	1.3660182309242799	0.0053437163424603085	-0.023459772690525932	0.043790615525153134	FALSE	0.28909372274994966	28.721044428837228	28.23690002309109	29.057750463592832	0.37074144170588635	0.3723953238821935	0.37017423652493897	0.02351283871158888	0.022566176940390956	0.02209918015384651
C.1.1.4.3.2.2.2	C.00001.00001.00004.00003.00002.00002.00002	Part 583	+	0.3446949692459311	62.88189422339201	56.431751465424895	25.264057470485568	0.502299963161536	0.5115285741510668	0.5015946308286685	0.002704509236806771	0.0027625676506873014	-0.010183550308785271	FALSE	0.28909372274994966	28.721044428837228	28.23690002309109	29.057750463592832	0.37074144170588635	0.3723953238821935	0.37017423652493897	0.02351283871158888	0.022566176940390956	0.02209918015384651
C.1.1.4.3.2.2.3	C.00001.00001.00004.00003.00002.00002.00003	Part 584	+	0.9991648010311183	-36.093724658712745	-42.64837778173387	6.684871204197407	0.9764572606991789	0.9168374543124701	0.9441844556800005	-0.022605669214486538	-0.0014970573623820506	3.67879143992848e-4	FALSE	0.28909372274994966	28.721044428837228	28.23690002309109	29.057750463592832	0.37074144170588635	0.3723953238821935	0.37017423652493897	0.02351283871158888	0.022566176940390956	0.02209918015384651
C.1.1.4.3.2.2.4	C.00001.00001.00004.00003.00002.00002.00004	Part 585	-	0.22930727002304047	10.920222429558635	9.986065980046988	35.70701773278415	0.35489902247098315	0.3703487215093558	0.35977977300296343	-0.0021077304500223383	-4.4862380427924946e-5	7.855969687733738e-5	FALSE	0.28909372274994966	28.721044428837228	28.23690002309109	29.057750463592832	0.37074144170588635	0.3723953238821935	0.37017423652493897	0.02351283871158888	0.022566176940390956	0.02209918015384651
C.1.1.4.3.2.2.5	C.00001.00001.00004.00003.00002.00002.00005	Part 586	-	0.9041953575089574	15.210539009422064	-33.36887317709625	25.635775830596685	0.9809673462533376	1.0259054973620636	0.847084015046195	-0.01267750919999319	0.01695835079185267	0.01902947869014241	FALSE	0.28909372274994966	28.721044428837228	28.23690002309109	29.057750463592832	0.37074144170588635	0.3723953238821935	0.37017423652493897	0.02351283871158888	0.022566176940390956	0.02209918015384651
C.1.1.4.3.2.3.1	C.00001.00001.00004.00003.00002.00003.00001	Part 587	+	0.10974312634416857	37.778127985075116	52.712550619617105	76.85025939717889	0.14545869476211204	0.14430438866334505	0.12410002010498686	0.005910819981491447	-0.003263841324965932	0.014093329485940678	FALSE	0.28909372274994966	28.721044428837228	28.23690002309109	29.057750463592832	0.37074144170588635	0.3723953238821935	0.37017423652493897	0.02351283871158888	0.022566176940390956	0.02209918015384651
C.1.1.4.3.2.3.2	C.00001.00001.00004.00003.00002.00003.00002	Part 588	-	0.45529639883409256	-8.79065990447998	-0.7168313954025507	49.17320990934968	0.634628509404182	0.6096522944332439	0.6198715692581757	-0.015789449918281604	-0.01928378526527994	-0.004918880867733209	FALSE	0.28909372274994966	28.721044428837228	28.23690002309109	29.057750463592832	0.37074144170588635	0.3723953238821935	0.37017423652493897	0.02351283871158888	0.022566176940390956	0.02209918015384651
C.1.1.4.3.2.3.3	C.00001.00001.00004.00003.00002.00003.00003	Part 589	+	0.28313015251536855	34.413322200998664	57.712893979623914	-30.869585927575827	0.3952854533412433	0.36342049563386675	0.3540532777624591	-0.0118354610617851	0.03769667273417954	-0.010576398360564832	FALSE	0.28909372274994966	28.721044428837228	28.23690002309109	29.057750463592832	0.37074144170588635	0.3723953238821935	0.37017423652493897	0.02351283871158888	0.022566176940390956	0.02209918015384651
C.1.1.4.3.2.3.4	C.00001.00001.00004.00003.00002.00003.00004	Part 590	-	0.641334931537509	79.2581157758832	-33.784930128604174	-47.89508325047791	0.6793592097573864	0.607680210556734	0.6978975407343123	-0.0050337870014808325	0.009546757024649747	0.007302995440491721	FALSE	0.28909372274994966	28.721044428837228	28.23690002309109	29.057750463592832	0.37074144170588635	0.3723953238821935	0.37017423652493897	0.02351283871158888	0.022566176940390956	0.02209918015384651
C.1.1.4.3.2.3.5	C.00001.00001.00004.00003.00002.00003.00005	Part 591	+	0.5268292204269673	-36.02099670097232	-3.2584079541265965	-57.79769471846521	0.5152005969782072	0.5003554709795122	0.4651185688899954	-0.00515238008314637	0.011558711851901134	-0.014553249124662052	FALSE	0.28909372274994966	28.721044428837228	28.23690002309109	29.057750463592832	0.37074144170588635	0.3723953238821935	0.37017423652493897	0.02351283871158888	0.022566176940390956	0.02209918015384651
C.1.1.4.3.2.4.1	C.00001.00001.00004.00003.00002.00004.00001	Part 592	-	0.6222756587970071	-41.583311930298805	15.35527459345758	-97.60544435121119	0.7633877135686887	0.7326336942129332	0.6974698235665074	0.020541241309192344	0.02252378312326079	0.06140045773560951	FALSE	0.28909372274994966	28.721044428837228	28.23690002309109	29.057750463592832	0.37074144170588635	0.3723953238821935	0.37017423652493897	0.02351283871158888	0.022566176940390956	0.02209918015384651
C.1.1.4.3.2.4.2	C.00001.00001.00004.00003.00002.00004.00002	Part 593	+	0.6343683958356269	-20.117552764713764	17.424153303727508	-3.173608426004648	0.7160316039069908	0.8192711213122226	0.7582056512860335	-0.09059207532236102	-0.006717858152166623	-0.022894753323617713	FALSE	0.28909372274994966	28.721044428837228	28.23690002309109	29.057750463592832	0.37074144170588635	0.3723953238821935	0.37017423652493897	0.02351283871158888	0.022566176940390956	0.02209918015384651
C.1.1.4.3.2.4.3	C.00001.00001.00004.00003.00002.00004.00003	Part 594	+	0.44397627799678596	75.66130026243627	24.1464264690876	-37.03067544847727	0.6070584513632067	0.5748620740549539	0.47742288035191494	0.026180467016522532	0.008559906189002825	0.04092632033875103	FALSE	0.28909372274994966	28.721044428837228	28.23690002309109	29.057750463592832	0.37074144170588635	0.3723953238821935	0.37017423652493897	0.02351283871158888	0.022566176940390956	0.02209918015384651
C.1.1.4.3.2.5.1	C.00001.00001.00004.00003.00002.00005.00001	Part 595	-	0.21141506774141453	-61.93469692952931	34.88537222146988	-62.02297578565776	0.21155481802466644	0.19162972423682545	0.20454667459509468	-0.0045764944922120215	-0.0028316954538534387	-0.00448013427923099	FALSE	0.28909372274994966	28.721044428837228	28.23690002309109	29.057750463592832	0.37074144170588635	0.3723953238821935	0.37017423652493897	0.02351283871158888	0.022566176940390956	0.02209918015384651
C.1.1.4.3.2.5.2	C.00001.00001.00004.00003.00002.00005.00002	Part 596	+	0.42681109623238445	-76.16292117163539	-57.035246631130576	42.93741104193032	0.40125260414341757	0.39643732441148505	0.41806574057907264	0.0032411073175351583	1.1461311960420589e-4	0.010257559606107608	FALSE	0.28909372274994966	28.721044428837228	28.23690002309109	29.057750463592832	0.37074144170588635	0.3723953238821935	0.37017423652493897	0.02351283871158888	0.022566176940390956	0.02209918015384651
C.1.1.4.3.2.5.3	C.00001.00001.00004.00003.00002.00005.00003	Part 597	+	0.14810859161592088	-93.7698619440198	87.73533538915217	-39.31658072397113	0.19107249053578962	0.17954552893449496	0.19238040576723525	0.006368426861721866	-0.004160709909507991	-0.0016844437592338237	FALSE	0.28909372274994966	28.721044428837228	28.23690002309109	29.057750463592832	0.37074144170588635	0.3723953238821935	0.37017423652493897	0.02351283871158888	0.022566176940390956	0.02209918015384651
C.1.1.4.3.3.1.1	C.00001.00001.00004.00003.00003.00001.00001	Part 598	+	0.9364393398214598	18.053495464846492	60.10230388492346	-36.785451881587505	1.481118330393314	1.4671997173191935	1.4529240368855632	-0.0034257630175328103	-0.008811573143954504	0.03667034175302378	FALSE	0.28909372274994966	28.721044428837228	28.23690002309109	29.057750463592832	0.37074144170588635	0.3723953238821935	0.37017423652493897	0.02351283871158888	0.022566176940390956	0.02209918015384651
C.1.1.4.3.3.1.2	C.00001.00001.00004.00003.00003.00001.00002	Part 599	-	0.3504300986316521	-95.96335315145552	4.882714664563537	24.19962123967707	0.44827762874589333	0.4459444848445588	0.4109705619947464	-0.006202891125401592	0.015748807480085586	0.018059685242964262	FALSE	0.28909372274994966	28.721044428837228	28.23690002309109	29.057750463592832	0.37074144170588635	0.3723953238821935	0.37017423652493897	0.02351283871158888	0.022566176940390956	0.02209918015384651
C.1.1.4.3.3.1.3	C.00001.00001.00004.00003.00003.00001.00003	Part 600	-	0.16554944202816113	7.517693750560284	-48.106974409893155	3.316257568076253	0.23140397240232954	0.22305672091389891	0.21675261238427423	2.860452119445841e-4	0.015978375674585703	-8.768428067218783e-5	FALSE	0.28909372274994966	28.721044428837228	28.23690002309109	29.057750463592832	0.37074144170588635	0.3723953238821935	0.37017423652493897	0.02351283871158888	0.022566176940390956	0.02209918015384651
C.1.1.4.3.3.1.4	C.00001.00001.00004.00003.00003.00001.00004	Part 601	+	0.10452514446899296	-74.16816940531135	-42.442279448732734	8.191929431632161	0.11225229261476123	0.11816795145459982	0.1288751704164729	0.010037411725029779	0.0013012015741664033	7.657993104434903e-4	FALSE	0.28909372274994966	28.721044428837228	28.23690002309109	29.057750463592832	0.37074144170588635	0.3723953238821935	0.37017423652493897	0.02351283871158888	0.022566176940390956	0.02209918015384651
C.1.1.4.3.3.1.5	C.00001.00001.00004.00003.00003.00001.00005	Part 602	+	0.4204389826168772	41.86448487453163	-90.55250431410968	-82.45935449376702	0.6034603438235938	0.6316481335124572	0.5895291890872871	0.034116664588859494	0.00896616449497183	-0.006897048633327298	FALSE	0.28909372274994966	28.721044428837228	28.23690002309109	29.057750463592832	0.37074144170588635	0.3723953238821935	0.37017423652493897	0.02351283871158888	0.022566176940390956	0.02209918015384651
C.1.1.4.3.3.2.1	C.00001.00001.00004.00003.00003.00002.00001	Part 603	-	0.4595927965408191	-72.91880464181304	-75.09202337823808	99.56393404863775	0.40720172849512176	0.4332272757671695	0.42965699625104203	0.0011794358640240476	0.0028523070260651597	0.005890855245595964	FALSE	0.28909372274994966	28.721044428837228	28.23690002309109	29.057750463592832	0.37074144170588635	0.3723953238821935	0.37017423652493897	0.02351283871158888	0.022566176940390956	0.02209918015384651
C.1.1.4.3.3.2.2	C.00001.00001.00004.00003.00003.00002.00002	Part 604	+	0.014043472690973433	11.09547521919012	16.28094487823546	44.031385984271765	0.019047714683683412	0.015894725091493134	0.017437816721696097	2.28975362489425e-4	7.297890490088315e-4	-0.0011976925159597565	FALSE	0.28909372274994966	28.721044428837228	28.23690002309109	29.057750463592832	0.37074144170588635	0.3723953238821935	0.37017423652493897	0.02351283871158888	0.022566176940390956	0.02209918015384651
C.1.1.4.3.3.2.3	C.00001.00001.00004.00003.00003.00002.00003	Part 605	-	0.11925877195596694	62.93086241930723	5.970837594941258	-73.37302137166262	0.13997082890234597	0.1386223523515246	0.15082960895798023	-8.83477722562124e-4	0.0015367364212254399	0.0023001925390887783	FALSE	0.28909372274994966	28.721044428837228	28.23690002309109	29.057750463592832	0.37074144170588635	0.3723953238821935	0.37017423652493897	0.02351283871158888	0.022566176940390956	0.02209918015384651
C.1.1.4.3.3.2.4	C.00001.00001.00004.00003.00003.00002.00004	Part 606	-	0.8371082595579792	44.634277233853936	-90.89736305177212	-9.007533174008131	0.9139273821368273	0.8979005741579907	1.0832077165705272	1.9820324130290134e-4	-0.05103977255612301	-0.016637835465993567	FALSE	0.28909372274994966	28.721044428837228	28.23690002309109	29.057750463592832	0.37074144170588635	0.3723953238821935	0.37017423652493897	0.02351283871158888	0.022566176940390956	0.02209918015384651
C.1.1.4.3.3.3.1	C.00001.00001.00004.00003.00003.00003.00001	Part 607	+	0.33409749166760594	30.620905896648765	-35.56217709556222	-93.64090203307569	0.4521524801301306	0.4018983274983767	0.38307454046030576	0.03010189475768419	0.01041018927097695	-0.0016853135406593922	FALSE	0.28909372274994966	28.721044428837228	28.23690002309109	29.057750463592832	0.37074144170588635	0.3723953238821935	0.37017423652493897	0.02351283871158888	0.022566176940390956	0.02209918015384651
C.1.1.4.3.3.3.2	C.00001.00001.00004.00003.00003.00003.00002	Part 608	+	0.31380860361410307	40.80463903956115	68.83005886338651	58.59446604736149	0.5048631354760448	0.46284647589605754	0.4600216874064529	0.012849075120804406	-0.016918620194096044	0.0026309038496957473	FALSE	0.28909372274994966	28.721044428837228	28.23690002309109	29.057750463592832	0.37074144170588635	0.3723953238821935	0.37017423652493897	0.02351283871158888	0.022566176940390956	0.02209918015384651
C.1.1.4.3.3.3.3	C.00001.00001.00004.00003.00003.00003.00003	Part 609	+	0.2103283561053686	-28.502837987616658	44.96724219061434	90.25048143230379	0.2481775524098801	0.28662023955904664	0.25178410703081316	0.028321664779133962	0.012647883362059291	0.006076796732560149	FALSE	0.28909372274994966	28.721044428837228	28.23690002309109	29.057750463592832	0.37074144170588635	0.3723953238821935	0.37017423652493897	0.02351283871158888	0.022566176940390956	0.02209918015384651
C.1.1.4.3.4.1.1	C.00001.00001.00004.00003.00004.00001.00001	Part 610	+	0.2656773105228785	-80.33401514403522	94.28526987321675	-21.640755468979478	0.3267084257802191	0.33815512254078517	0.3326086121627109	0.003268070653877986	-1.62476016236583e-5	2.142950688256802e-4	FALSE	0.28909372274994966	28.721044428837228	28.23690002309109	29.057750463592832	0.37074144170588635	0.3723953238821935	0.37017423652493897	0.02351283871158888	0.022566176940390956	0.02209918015384651
C.1.1.4.3.4.1.2	C.00001.00001.00004.00003.00004.00001.00002	Part 611	+	0.6373585346913897	60.95930193550885	86.72547196038067	70.9997967351228	0.601692236666902	0.8008996587609389	0.7537394135934217	0.027813013919976932	0.02472736154060891	0.007003289602096967	FALSE	0.28909372274994966	28.721044428837228	28.23690002309109	29.057750463592832	0.37074144170588635	0.3723953238821935	0.37017423652493897	0.02351283871158888	0.022566176940390956	0.02209918015384651
C.1.1.4.3.4.1.3	C.00001.00001.00004.00003.00004.00001.00003	Part 612	-	0.26737424880149774	-88.10887238942087	-57.8130520414561	59.29036121815443	0.35475491658125613	0.35650217239533155	0.34663442210444284	-0.0028252134728761437	-0.006881694618507912	-0.004427563417236822	FALSE	0.28909372274994966	28.721044428837228	28.23690002309109	29.057750463592832	0.37074144170588635	0.3723953238821935	0.37017423652493897	0.02351283871158888	0.022566176940390956	0.02209918015384651
C.1.1.4.3.4.1.4	C.00001.00001.00004.00003.00004.00001.00004	Part 613	-	0.9810857957242988	-72.85161898471415	-62.826147908344865	13.354952866211534	1.2735345142686227	1.0575627610220366	1.2096568508134407	-0.04264771343180812	0.05629149624704567	0.009299563351676617	FALSE	0.28909372274994966	28.721044428837228	28.23690002309109	29.057750463592832	0.37074144170588635	0.3723953238821935	0.37017423652493897	0.02351283871158888	0.022566176940390956	0.02209918015384651
C.1.1.4.3.4.1.5	C.00001.00001.00004.00003.00004.00001.00005	Part 614	+	0.6888172699850984	67.01885610818863	24.642146890982985	-55.19423000514507	0.8489431213330922	0.8873412652922231	0.7792877189646696	-0.044500647369686175	-0.024339757222151124	1.828165040163568e-4	FALSE	0.28909372274994966	28.721044428837228	28.23690002309109	29.057750463592832	0.37074144170588635	0.3723953238821935	0.37017423652493897	0.02351283871158888	0.022566176940390956	0.02209918015384651
C.1.1.4.3.4.2.1	C.00001.00001.00004.00003.00004.00002.00001	Part 615	-	0.30510484090121465	24.81723129749298	-10.214749770238996	-99.26368980668485	0.36726805956294817	0.36027594004515484	0.44165506129856763	-0.007869226533338576	0.00750034548684524	0.01439152655906041	FALSE	0.28909372274994966	28.721044428837228	28.23690002309109	29.057750463592832	0.37074144170588635	0.3723953238821935	0.37017423652493897	0.02351283871158888	0.022566176940390956	0.02209918015384651
C.1.1.4.3.4.2.2	C.00001.00001.00004.00003.00004.00002.00002	Part 616	-	0.23407681215344928	-64.75849249400198	-70.23985991254449	-70.36133245564997	0.2283135519671674	0.2561044301878222	0.26985652001674604	-0.008857264258454465	1.0401126086884647e-4	0.006339513881813936	FALSE	0.28909372274994966	28.721044428837228	28.23690002309109	29.057750463592832	0.37074144170588635	0.3723953238821935	0.37017423652493897	0.02351283871158888	0.022566176940390956	0.02209918015384651
C.1.1.4.3.4.2.3	C.00001.00001.00004.00003.00004.00002.00003	Part 617	-	0.907384101170348	-63.547415006905794	-9.002038324251771	20.371656212955713	1.0789642397667212	1.2456587244945194	1.2938684443306618	-0.032861802898589615	-0.02159219808528338	-0.013593625129310123	FALSE	0.28909372274994966	28.721044428837228	28.23690002309109	29.057750463592832	0.37074144170588635	0.3723953238821935	0.37017423652493897	0.02351283871158888	0.022566176940390956	0.02209918015384651
C.1.1.4.3.4.2.4	C.00001.00001.00004.00003.00004.00002.00004	Part 618	-	0.21186608048318886	-9.593516122549772	33.33836211822927	91.75040274858475	0.24113315541219454	0.2542320275473199	0.2384186919880083	0.008502206007822647	3.6909246326706144e-4	-0.0021335869360487275	FALSE	0.28909372274994966	28.721044428837228	28.23690002309109	29.057750463592832	0.37074144170588635	0.3723953238821935	0.37017423652493897	0.02351283871158888	0.022566176940390956	0.02209918015384651
C.1.1.4.3.5.1.1	C.00001.00001.00004.00003.00005.00001.00001	Part 619	-	0.36018784902687184	-54.99962489120662	14.565082965418696	26.739184837788343	0.46593398089072524	0.4154572955856419	0.44596979356504857	0.03018700574865391	0.012002372931002866	0.005172284348578503	FALSE	0.28909372274994966	28.721044428837228	28.23690002309109	29.057750463592832	0.37074144170588635	0.3723953238821935	0.37017423652493897	0.02351283871158888	0.022566176940390956	0.02209918015384651
C.1.1.4.3.5.1.2	C.00001.00001.00004.00003.00005.00001.00002	Part 620	-	0.42649520421214404	84.20097441412508	99.38832256011665	72.96246164478362	0.648733878506769	0.64468474392724	0.617968950476794	0.022996312027488773	0.019348612174992758	0.01929193355889416	FALSE	0.28909372274994966	28.721044428837228	28.23690002309109	29.057750463592832	0.37074144170588635	0.3723953238821935	0.37017423652493897	0.02351283871158888	0.022566176940390956	0.02209918015384651
C.1.1.4.3.5.1.3	C.00001.00001.00004.00003.00005.00001.00003	Part 621	+	0.8611739555306267	-2.658510860055685	84.4280946534127	-36.79147348739207	0.9745464104751347	1.0348666460656122	0.9936865779140995	-0.01074890360035264	0.0589430824941516	0.03205383412988933	FALSE	0.28909372274994966	28.721044428837228	28.23690002309109	29.057750463592832	0.37074144170588635	0.3723953238821935	0.37017423652493897	0.02351283871158888	0.022566176940390956	0.02209918015384651
C.1.1.4.3.5.2.1	C.00001.00001.00004.00003.00005.00002.00001	Part 622	+	0.3421195869478397	29.029591754078865	28.445147769525647	20.892047323286533	0.35100196471735606	0.36166656520119794	0.35903603307787907	-0.010653515180882141	-0.012655681288910342	0.0038556263087321874	FALSE	0.28909372274994966	28.721044428837228	28.23690002309109	29.057750463592832	0.37074144170588635	0.3723953238821935	0.37017423652493897	0.02351283871158888	0.022566176940390956	0.02209918015384651
C.1.1.4.3.5.2.2	C.00001.00001.00004.00003.00005.00002.00002	Part 623	-	0.8102129244310782	-40.272019570693374	-10.40549916215241	74.13752945140004	1.1239316887072173	1.062737904100701	0.916419075046008	-0.08185847323484557	0.009321796889378741	-0.028886946978181692	FALSE	0.28909372274994966	28.721044428837228	28.23690002309109	29.057750463592832	0.37074144170588635	0.3723953238821935	0.37017423652493897	0.02351283871158888	0.022566176940390956	0.02209918015384651
C.1.1.4.3.5.2.3	C.00001.00001.00004.00003.00005.00002.00003	Part 624	+	0.05466605667327531	73.01968978717923	91.64281198754907	-39.88271108828485	0.07400038338779258	0.07007849895235144	0.06647157977087918	-0.0024084044725299486	-6.24158241917667e-4	0.002195849483704372	FALSE	0.28909372274994966	28.721044428837228	28.23690002309109	29.057750463592832	0.37074144170588635	0.3723953238821935	0.37017423652493897	0.02351283871158888	0.022566176940390956	0.02209918015384651
C.1.1.4.4.1.1.1	C.00001.00001.00004.00004.00001.00001.00001	Part 625	+	0.7876343644401058	-73.83402697741985	13.13617629930377	73.16198796033859	1.139252763741179	0.9711585230914291	0.9862007547185113	0.015287389186507846	0.008703336641789189	-0.005018832835694189	FALSE	0.28909372274994966	28.721044428837228	28.23690002309109	29.057750463592832	0.37074144170588635	0.3723953238821935	0.37017423652493897	0.02351283871158888	0.022566176940390956	0.02209918015384651
C.1.1.4.4.1.1.2	C.00001.00001.00004.00004.00001.00001.00002	Part 626	-	0.578128091476392	55.574284167960286	19.393894588574767	-26.010617520660162	0.5831513984532389	0.5607295373395104	0.6249180587770601	0.0259678977135785	0.0024976451974963983	0.010692804773251394	FALSE	0.28909372274994966	28.721044428837228	28.23690002309109	29.057750463592832	0.37074144170588635	0.3723953238821935	0.37017423652493897	0.02351283871158888	0.022566176940390956	0.02209918015384651
C.1.1.4.4.1.1.3	C.00001.00001.00004.00004.00001.00001.00003	Part 627	-	0.134961188639747	28.62754762172699	24.620764516294003	66.66370336897671	0.16727766255622784	0.16610874643914114	0.16012159839722556	-0.0020515438828217396	-0.0035147450648254585	-0.002231452592443744	FALSE	0.28909372274994966	28.721044428837228	28.23690002309109	29.057750463592832	0.37074144170588635	0.3723953238821935	0.37017423652493897	0.02351283871158888	0.022566176940390956	0.02209918015384651
C.1.1.4.4.1.1.4	C.00001.00001.00004.00004.00001.00001.00004	Part 628	+	0.9090832123777364	83.87243486940861	10.607843147590756	-5.592089518904686	1.1806435467087562	1.1912181174350485	1.1621758224177816	0.0428009847603786	0.001608703548696245	-0.0199117417816868	FALSE	0.28909372274994966	28.721044428837228	28.23690002309109	29.057750463592832	0.37074144170588635	0.3723953238821935	0.37017423652493897	0.02351283871158888	0.022566176940390956	0.02209918015384651
C.1.1.4.4.1.2.1	C.00001.00001.00004.00004.00001.00002.00001	Part 629	-	0.2530637267380953	36.555469408631325	95.08864753879607	88.61079043708742	0.2751498190880859	0.2884679399052517	0.27654683093940435	0.008134720288820205	-0.0037418441572790503	-0.007731692357026624	FALSE	0.28909372274994966	28.721044428837228	28.23690002309109	29.057750463592832	0.37074144170588635	0.3723953238821935	0.37017423652493897	0.02351283871158888	0.022566176940390956	0.02209918015384651
C.1.1.4.4.1.2.2	C.00001.00001.00004.00004.00001.00002.00002	Part 630	+	0.5131104602287524	33.715164894238114	-2.213059226050973	22.465278627350926	0.5908585732543389	0.6727778525177867	0.632929651044438	5.841571015980603e-5	0.008695652902468383	-0.048628502840556684	FALSE	0.28909372274994966	28.721044428837228	28.23690002309109	29.057750463592832	0.37074144170588635	0.3723953238821935	0.37017423652493897	0.02351283871158888	0.022566176940390956	0.02209918015384651
C.1.1.4.4.1.2.3	C.00001.00001.00004.00004.00001.00002.00003	Part 631	+	0.09627683711610735	44.73222210071981	-76.81080126203597	6.381321884691715	0.10038840498046217	0.10288062559698441	0.10105545383956836	-5.2345651808272e-4	0.001621883754674607	-0.002887650154809425	FALSE	0.28909372274994966	28.721044428837228	28.23690002309109	29.057750463592832	0.37074144170588635	0.3723953238821935	0.37017423652493897	0.02351283871158888	0.022566176940390956	0.02209918015384651
C.1.1.4.4.1.2.4	C.00001.00001.00004.00004.00001.00002.00004	Part 632	+	0.7189656034540385	-77.27161380462348	-21.555351465940475	83.10190890915692	0.8998275937366682	0.8781170989823803	0.8928099108972033	-0.1133287122914308	0.019949234854670192	0.002908574202194272	FALSE	0.28909372274994966	28.721044428837228	28.23690002309109	29.057750463592832	0.37074144170588635	0.3723953238821935	0.37017423652493897	0.02351283871158888	0.022566176940390956	0.02209918015384651
C.1.1.4.4.1.2.5	C.00001.00001.00004.00004.00001.00002.00005	Part 633	-	0.45745119171915577	61.73730925656855	-13.850621040910482	-58.137682639062405	0.5902970737033577	0.6866288310140553	0.65671479826207	-0.008924095188379094	-0.011028995694243936	0.022484405377679366	FALSE	0.28909372274994966	28.721044428837228	28.23690002309109	29.057750463592832	0.37074144170588635	0.3723953238821935	0.37017423652493897	0.02351283871158888	0.022566176940390956	0.02209918015384651
C.1.1.4.4.1.3.1	C.00001.00001.00004.00004.00001.00003.00001	Part 634	-	0.7445031916454901	-77.09335209801793	56.73170727677643	-62.00810060836375	1.0505947686101482	1.0911259668615945	1.0419452762255526	0.002777205497951083	0.04384984317939566	0.005179359757764826	FALSE	0.28909372274994966	28.721044428837228	28.23690002309109	29.057750463592832	0.37074144170588635	0.3723953238821935	0.37017423652493897	0.02351283871158888	0.022566176940390956	0.02209918015384651
C.1.1.4.4.1.3.2	C.00001.00001.00004.00004.00001.00003.00002	Part 635	+	0.7894681825775187	43.335770489647985	38.13791209831834	-91.25747540965676	1.0521098089407661	0.9764479277985872	0.98443750283496545	-0.002212063508913096	0.13761180567479708	-0.06166974936489115	FALSE	0.28909372274994966	28.721044428837228	28.23690002309109	29.057750463592832	0.37074144170588635	0.3723953238821935	0.37017423652493897	0.02351283871158888	0.022566176940390956	0.02209918015384651
C.1.1.4.4.1.3.3	C.00001.00001.00004.00004.00001.00003.00003	Part 636	+	0.600022737139836	-39.65528765693307	-69.50015788897872	-82.10981488227844	0.7467293868149234	0.7132531140447513	0.6617734497211627	0.030410120387099393	-0.0035022425268600196	0.024813186905203406	FALSE	0.28909372274994966	28.721044428837228	28.23690002309109	29.057750463592832	0.37074144170588635	0.3723953238821935	0.37017423652493897	0.02351283871158888	0.022566176940390956	0.02209918015384651
C.1.1.4.4.2.1.1	C.00001.00001.00004.00004.00002.00001.00001	Part 637	+	0.5850285754469223	92.03333049081266	-95.03411869518459	-94.54090013168752	0.7385547623937166	0.7691384008707457	0.7587495995937851	-0.0568511866849163	0.03762691444175087	0.06051961046485135	FALSE	0.28909372274994966	28.721044428837228	28.23690002309109	29.057750463592832	0.37074144170588635	0.3723953238821935	0.37017423652493897	0.02351283871158888	0.022566176940390956	0.02209918015384651
C.1.1.4.4.2.1.2	C.00001.00001.00004.00004.00002.00001.00002	Part 638	-	0.7281634239251725	-99.07150059007108	-20.29116591438651	81.64410474710166	0.7946678896161208	0.8027839388925051	0.6680983673206855	0.0015691527312515765	0.01387978728029793	0.005223915830027655	FALSE	0.28909372274994966	28.721044428837228	28.23690002309109	29.057750463592832	0.37074144170588635	0.3723953238821935	0.37017423652493897	0.02351283871158888	0.022566176940390956	0.02209918015384651
C.1.1.4.4.2.1.3	C.00001.00001.00004.00004.00002.00001.00003	Part 639	-	0.34984703476168216	11.26664848998189	36.090205470100045	-79.79898378252983	0.34705694331724224	0.34520902025967787	0.29848930728677286	0.001732562027179664	0.004111237649007722	-0.003352189099066421	FALSE	0.28909372274994966	28.721044428837228	28.23690002309109	29.057750463592832	0.37074144170588635	0.3723953238821935	0.37017423652493897	0.02351283871158888	0.022566176940390956	0.02209918015384651
C.1.1.4.4.2.1.4	C.00001.00001.00004.00004.00002.00001.00004	Part 640	+	0.5000466931459959	-42.53464583307505	-19.910336611792445	-67.27843726985157	0.675107583124659	0.7330380267268488	0.6225290764573047	0.00821429025942937	0.003499141306068416	-0.046860042677496855	FALSE	0.28909372274994966	28.721044428837228	28.23690002309109	29.057750463592832	0.37074144170588635	0.3723953238821935	0.37017423652493897	0.02351283871158888	0.022566176940390956	0.02209918015384651
C.1.1.4.4.2.2.1	C.00001.00001.00004.00004.00002.00002.00001	Part 641	+	0.8178395064359065	-99.41334365867078	66.0095114260912	-86.4141988568008	1.1799980484867147	1.2723315048634494	1.2490540993734833	-0.007872232966019563	-0.0038526707459050394	-0.018515835467333753	FALSE	0.28909372274994966	28.721044428837228	28.23690002309109	29.057750463592832	0.37074144170588635	0.3723953238821935	0.37017423652493897	0.02351283871158888	0.022566176940390956	0.02209918015384651
C.1.1.4.4.2.2.2	C.00001.00001.00004.00004.00002.00002.00002	Part 642	+	0.7008634718770627	-26.6862197779119	-35.09652717038989	27.19354876317084	0.8581735090661876	0.7990625431995491	0.8340933780478439	-0.053903288222560616	0.026856863933016447	0.014718945302150503	FALSE	0.28909372274994966	28.721044428837228	28.23690002309109	29.057750463592832	0.37074144170588635	0.3723953238821935	0.37017423652493897	0.02351283871158888	0.022566176940390956	0.02209918015384651
C.1.1.4.4.2.2.3	C.00001.00001.00004.00004.00002.00002.00003	Part 643	-	0.11524255599244498	79.45131273008883	-33.110162895172834	-89.52125748619437	0.13369376134203798	0.1109909330288093	0.13577337908492074	-0.016250548696400337	0.0018443793115279277	0.004216570133306237	FALSE	0.28909372274994966	28.721044428837228	28.23690002309109	29.057750463592832	0.37074144170588635	0.3723953238821935	0.37017423652493897	0.02351283871158888	0.022566176940390956	0.02209918015384651
C.1.1.4.4.2.2.4	C.00001.00001.00004.00004.00002.00002.00004	Part 644	+	0.7713214161780197	34.15020760148764	58.92902300693095	-17.255045985803008	0.9416641897622688	0.8602111167660398	0.9335252373162685	0.03224752135352436	-0.00867700382084487	-0.032925345619652005	FALSE	0.28909372274994966	28.721044428837228	28.23690002309109	29.057750463592832	0.37074144170588635	0.3723953238821935	0.37017423652493897	0.02351283871158888	0.022566176940390956	0.02209918015384651
C.1.1.4.4.3.1.1	C.00001.00001.00004.00004.00003.00001.00001	Part 645	-	0.3708922187909484	95.16847915947437	62.7530378755182	7.694865297526121	0.48991264372612714	0.4995432845810946	0.4629455816568369	0.034515841272272085	-0.0019665326911897036	-0.002147191810277855	FALSE	0.28909372274994966	28.721044428837228	28.23690002309109	29.057750463592832	0.37074144170588635	0.3723953238821935	0.37017423652493897	0.02351283871158888	0.022566176940390956	0.02209918015384651
C.1.1.4.4.3.1.2	C.00001.00001.00004.00004.00003.00001.00002	Part 646	-	0.5559666744966526	-28.1262690667063	-72.25096658803523	54.88128364086151	0.7292300228806227	0.841315023274269	0.7291900871263225	0.047261992220689095	0.0040078407510839254	-0.05196345428313482	FALSE	0.28909372274994966	28.721044428837228	28.23690002309109	29.057750463592832	0.37074144170588635	0.3723953238821935	0.37017423652493897	0.02351283871158888	0.022566176940390956	0.02209918015384651
C.1.1.4.4.3.2.1	C.00001.00001.00004.00004.00003.00002.00001	Part 647	-	0.5929015871589072	90.22030089981854	43.91450327821076	93.74375697225332	0.7132659420359875	0.8145055400847724	0.798426913221992	-0.028204504287408484	-0.01351279316801711	0.0895824291515327	FALSE	0.28909372274994966	28.721044428837228	28.23690002309109	29.057750463592832	0.37074144170588635	0.3723953238821935	0.37017423652493897	0.02351283871158888	0.022566176940390956	0.02209918015384651
C.1.1.4.4.3.2.2	C.00001.00001.00004.00004.00003.00002.00002	Part 648	-	0.11944463109923527	-70.27734313160181	-54.88735265098512	-85.39182115346193	0.15561112986551978	0.13392965961057846	0.14201765980254955	-0.006894970837519226	-0.010849575401658864	-0.002121634058788813	FALSE	0.28909372274994966	28.721044428837228	28.23690002309109	29.057750463592832	0.37074144170588635	0.3723953238821935	0.37017423652493897	0.02351283871158888	0.022566176940390956	0.02209918015384651
C.1.1.4.4.3.2.3	C.00001.00001.00004.00004.00003.00002.00003	Part 649	+	0.7270542142656632	27.828036528080702	-91.04517088271677	75.82955206744373	1.0071645506733111	0.89517000135824	0.837896063840597	-0.004771443169109581	-0.07115226375479916	0.06062610864754969	FALSE	0.28909372274994966	28.721044428837228	28.23690002309109	29.057750463592832	0.37074144170588635	0.3723953238821935	0.37017423652493897	0.02351283871158888	0.022566176940390956	0.02209918015384651
C.1.1.4.4.3.2.4	C.00001.00001.00004.00004.00003.00002.00004	Part 650	-	0.39043298179726116	-34.16824992746115	-77.69201076589525	-27.146129868924618	0.4736410963161003	0.5272370345692045	0.5095622791079157	0.005098307148937808	0.010748909107348673	0.020505577586772107	FALSE	0.28909372274994966	28.721044428837228	28.23690002309109	29.057750463592832	0.37074144170588635	0.3723953238821935	0.37017423652493897	0.02351283871158888	0.022566176940390956	0.02209918015384651
C.1.1.4.4.3.2.5	C.00001.00001.00004.00004.00003.00002.00005	Part 651	-	0.057172867042711004	32.895800145342946	-23.44853999093175	53.1336369458586	0.08190849231471198	0.07678246082938343	0.07321211261888941	0.0032909567413494647	-2.642453420887582e-4	1.6256916490882265e-4	FALSE	0.28909372274994966	28.721044428837228	28.23690002309109	29.057750463592832	0.37074144170588635	0.3723953238821935	0.37017423652493897	0.02351283871158888	0.022566176940390956	0.02209918015384651
C.1.1.4.4.3.3.1	C.00001.00001.00004.00004.00003.00003.00001	Part 652	+	0.5834298036796972	72.66629724763334	-12.304610526189208	-76.55869051814079	0.7744401753220163	0.8091303297473567	0.7752726147253572	0.014912444861162326	-0.03203726823482057	0.025091479071070885	FALSE	0.28909372274994966	28.721044428837228	28.23690002309109	29.057750463592832	0.37074144170588635	0.3723953238821935	0.37017423652493897	0.02351283871158888	0.022566176940390956	0.02209918015384651
C.1.1.4.4.3.3.2	C.00001.00001.00004.00004.00003.00003.00002	Part 653	+	0.03884216252528131	-67.52397250384092	-62.76498571969569	-10.758896358311176	0.05230914465404922	0.054008826850562894	0.05972875603266172	-2.286942533325464e-5	-8.16954618559898e-5	0.0033016698351556743	FALSE	0.28909372274994966	28.721044428837228	28.23690002309109	29.057750463592832	0.37074144170588635	0.3723953238821935	0.37017423652493897	0.02351283871158888	0.022566176940390956	0.02209918015384651
C.1.1.4.4.3.4.1	C.00001.00001.00004.00004.00003.00004.00001	Part 654	-	0.7294995150738396	20.80776821821928	56.439983658492565	-18.41131648980081	1.0885855727211162	1.0362376835868075	1.1099342308146714	-0.02262375998969255	-0.04306735791686042	-7.850062816412658e-4	FALSE	0.28909372274994966	28.721044428837228	28.23690002309109	29.057750463592832	0.37074144170588635	0.3723953238821935	0.37017423652493897	0.02351283871158888	0.022566176940390956	0.02209918015384651
C.1.1.4.4.3.4.2	C.00001.00001.00004.00004.00003.00004.00002	Part 655	+	0.06647569054015912	-54.38962164334953	96.47902818396688	54.403184819966555	0.07493053501695036	0.0696320207792127	0.07371307851929684	-0.0013140496659008374	-0.0023899330591866884	0.006571556739064629	FALSE	0.28909372274994966	28.721044428837228	28.23690002309109	29.057750463592832	0.37074144170588635	0.3723953238821935	0.37017423652493897	0.02351283871158888	0.022566176940390956	0.02209918015384651
C.1.1.4.4.3.4.3	C.00001.00001.00004.00004.00003.00004.00003	Part 656	+	0.8293648636750877	-99.7387720271945	-10.832154704257846	-3.8142846431583166	1.1332402498766572	1.0960864846989586	1.300113932983362	-0.005475115002864709	-0.06413935635584692	0.03647391340973194	FALSE	0.28909372274994966	28.721044428837228	28.23690002309109	29.057750463592832	0.37074144170588635	0.3723953238821935	0.37017423652493897	0.02351283871158888	0.022566176940390956	0.02209918015384651
C.1.1.4.4.3.4.4	C.00001.00001.00004.00004.00003.00004.00004	Part 657	-	0.9732242669011466	63.64414384588599	18.035257700830698	30.359476525336504	1.2583666517712888	1.2702173104602115	1.254563463701605	0.006678955725010968	-0.0027418875649944715	-0.0034297498091773533	FALSE	0.28909372274994966	28.721044428837228	28.23690002309109	29.057750463592832	0.37074144170588635	0.3723953238821935	0.37017423652493897	0.02351283871158888	0.022566176940390956	0.02209918015384651
C.1.1.4.4.3.5.1	C.00001.00001.00004.00004.00003.00005.00001	Part 658	-	0.10381324536819012	-64.93578017689288	77.90709142573178	-41.95287162438035	0.12236136238449359	0.12755863882373125	0.1249036453282957	0.006525911589655946	0.004752255211857944	2.7050919682382237e-4	FALSE	0.28909372274994966	28.721044428837228	28.23690002309109	29.057750463592832	0.37074144170588635	0.3723953238821935	0.37017423652493897	0.02351283871158888	0.022566176940390956	0.02209918015384651
C.1.1.4.4.3.5.2	C.00001.00001.00004.00004.00003.00005.00002	Part 659	-	0.6908058856886345	18.802362075075507	58.91342908143997	-39.664994925260544	0.760993359139941	0.8961084879110146	0.8189816995968294	-0.04462630736215295	0.00923851624049183	-0.02284500772779672	FALSE	0.28909372274994966	28.721044428837228	28.23690002309109	29.057750463592832	0.37074144170588635	0.3723953238821935	0.37017423652493897	0.02351283871158888	0.022566176940390956	0.02209918015384651
C.1.1.4.4.3.5.3	C.00001.00001.00004.00004.00003.00005.00003	Part 660	-	0.39716463511041367	56.3727430999279	-63.765452057123184	14.837637869641185	0.466276944649842	0.47371364254354675	0.4521836449404636	-0.020137304849106787	-0.03105040290991145	-0.03066280443231116	FALSE	0.28909372274994966	28.721044428837228	28.23690002309109	29.057750463592832	0.37074144170588635	0.3723953238821935	0.37017423652493897	0.02351283871158888	0.022566176940390956	0.02209918015384651
C.1.1.4.4.3.5.4	C.00001.00001.00004.00004.00003.00005.00004	Part 661	-	0.9128130629851948	-10.915799252688885	2.938470523804426	-25.43125026859343	1.3367298630637854	1.2886982065698867	1.2776388207537794	0.004874802984346142	-0.008465364977057556	0.040751973122049374	FALSE	0.28909372274994966	28.721044428837228	28.23690002309109	29.057750463592832	0.37074144170588635	0.3723953238821935	0.37017423652493897	0.02351283871158888	0.022566176940390956	0.02209918015384651
C.1.1.4.4.3.5.5	C.00001.00001.00004.00004.00003.00005.00005	Part 662	-	0.48982419743412176	29.91551300510764	24.721557134762406	-68.25380143709481	0.579138393087451	0.49805813778701313	0.5964203878052231	0.02367105169573768	0.039714001707232674	-0.024897487731116177	FALSE	0.28909372274994966	28.721044428837228	28.23690002309109	29.057750463592832	0.37074144170588635	0.3723953238821935	0.37017423652493897	0.02351283871158888	0.022566176940390956	0.02209918015384651
C.1.1.4.4.4.1.1	C.00001.00001.00004.00004.00004.00001.00001	Part 663	+	0.7460370842069387	44.681803649291396	-49.046736769378185	3.6335147451609373	0.8206288609790491	0.8240987708061448	0.9662463239274194	-0.036969133585519925	-0.05189924401597873	-0.02170383463928574	FALSE	0.28909372274994966	28.721044428837228	28.23690002309109	29.057750463592832	0.37074144170588635	0.3723953238821935	0.37017423652493897	0.02351283871158888	0.022566176940390956	0.02209918015384651
C.1.1.4.4.4.1.2	C.00001.00001.00004.00004.00004.00001.00002	Part 664	-	0.9950239433427341	49.79861541651189	-27.88475281558931	-11.094320099800825	1.1398798164841484	1.0205937981087359	1.262935207341279	0.04350959382729905	-0.01999228933925175	0.05508174998057035	FALSE	0.28909372274994966	28.721044428837228	28.23690002309109	29.057750463592832	0.37074144170588635	0.3723953238821935	0.37017423652493897	0.02351283871158888	0.022566176940390956	0.02209918015384651
C.1.1.4.4.4.1.3	C.00001.00001.00004.00004.00004.00001.00003	Part 665	+	0.6226469260763843	20.853755017742515	-15.939851617440581	64.73429212346673	0.975527632148426	0.9603041646391267	0.9593930517425237	-0.004335460860332886	-0.004265222686083687	-9.275286369879559e-4	FALSE	0.28909372274994966	28.721044428837228	28.23690002309109	29.057750463592832	0.37074144170588635	0.3723953238821935	0.37017423652493897	0.02351283871158888	0.022566176940390956	0.02209918015384651
C.1.1.4.4.4.1.4	C.00001.00001.00004.00004.00004.00001.00004	Part 666	-	0.09171087645413355	-66.38633105903864	-21.641023317351937	-36.29060350358486	0.13385867241431623	0.10629591196262331	0.12171634469903274	-0.0016704420589676394	-0.0011132647127876506	-3.5043140685179694e-4	FALSE	0.28909372274994966	28.721044428837228	28.23690002309109	29.057750463592832	0.37074144170588635	0.3723953238821935	0.37017423652493897	0.02351283871158888	0.022566176940390956	0.02209918015384651
C.1.1.4.4.4.2.1	C.00001.00001.00004.00004.00004.00002.00001	Part 667	-	0.41442017414723525	-41.24772152863443	16.03273069486022	-1.5365771483629942	0.463646018585574	0.48390182259333736	0.4555758053168145	0.006764826690762742	-0.0028519594962106007	-0.007359256057349441	FALSE	0.28909372274994966	28.721044428837228	28.23690002309109	29.057750463592832	0.37074144170588635	0.3723953238821935	0.37017423652493897	0.02351283871158888	0.022566176940390956	0.02209918015384651
C.1.1.4.4.4.2.2	C.00001.00001.00004.00004.00004.00002.00002	Part 668	-	0.9810561304318253	-44.00698612444103	-46.46273930557072	61.14027970470488	1.2464724267746063	1.3615500195266517	1.3210414589125157	-0.008427737691065963	-0.07381658708078295	0.04457754242755761	FALSE	0.28909372274994966	28.721044428837228	28.23690002309109	29.057750463592832	0.37074144170588635	0.3723953238821935	0.37017423652493897	0.02351283871158888	0.022566176940390956	0.02209918015384651
C.1.1.4.4.4.2.3	C.00001.00001.00004.00004.00004.00002.00003	Part 669	+	0.2073239594688639	64.76589371450245	-8.22969856671989	-51.083578588441014	0.2919851755944372	0.24887200044581698	0.25149728812355837	0.0028152252170847198	0.020272005236701897	-0.009147478898857185	FALSE	0.28909372274994966	28.721044428837228	28.23690002309109	29.057750463592832	0.37074144170588635	0.3723953238821935	0.37017423652493897	0.02351283871158888	0.022566176940390956	0.02209918015384651
C.1.1.4.4.4.2.4	C.00001.00001.00004.00004.00004.00002.00004	Part 670	+	0.6598209148659371	55.72926583699882	-51.02872885763645	-59.8327518440783	0.8713158024680474	0.8588387056584211	0.8393741958348306	0.030829142776857887	0.014233781497328632	-0.018059801260491077	FALSE	0.28909372274994966	28.721044428837228	28.23690002309109	29.057750463592832	0.37074144170588635	0.3723953238821935	0.37017423652493897	0.02351283871158888	0.022566176940390956	0.02209918015384651
C.1.1.4.4.4.3.1	C.00001.00001.00004.00004.00004.00003.00001	Part 671	-	0.9395295278353151	24.310704972594976	89.07412635162473	-39.38687336631119	1.1011973142032485	1.014959160470996	1.0358922164723334	-0.016391674255517817	0.07970686107997438	-0.01540563887548016	FALSE	0.28909372274994966	28.721044428837228	28.23690002309109	29.057750463592832	0.37074144170588635	0.3723953238821935	0.37017423652493897	0.02351283871158888	0.022566176940390956	0.02209918015384651
C.1.1.4.4.4.3.2	C.00001.00001.00004.00004.00004.00003.00002	Part 672	-	0.22989934752346017	-74.94536084122956	-35.33804030157626	64.7656999528408	0.31644585538757936	0.2935569695992459	0.2854106723993982	0.008772669929748275	0.007897311757948057	0.012721215288910126	FALSE	0.28909372274994966	28.721044428837228	28.23690002309109	29.057750463592832	0.37074144170588635	0.3723953238821935	0.37017423652493897	0.02351283871158888	0.022566176940390956	0.02209918015384651
C.1.1.4.4.4.3.3	C.00001.00001.00004.00004.00004.00003.00003	Part 673	+	0.6448374005705119	-47.73186882957816	75.10412405245006	98.51210243068635	0.768810610390486	0.7855635358213313	0.9019277139768106	-0.039190964060222155	0.0047140026305167206	0.006334708608366373	FALSE	0.28909372274994966	28.721044428837228	28.23690002309109	29.057750463592832	0.37074144170588635	0.3723953238821935	0.37017423652493897	0.02351283871158888	0.022566176940390956	0.02209918015384651
C.1.1.4.4.4.3.4	C.00001.00001.00004.00004.00004.00003.00004	Part 674	+	0.3924857693766244	-24.58110828883946	85.84769736044109	-19.588876515626907	0.5337427465100959	0.5582009971030575	0.6060182738584219	0.006485700900252028	0.0010825429017011516	-0.010208972786856608	FALSE	0.28909372274994966	28.721044428837228	28.23690002309109	29.057750463592832	0.37074144170588635	0.3723953238821935	0.37017423652493897	0.02351283871158888	0.022566176940390956	0.02209918015384651
C.1.1.4.4.4.4.1	C.00001.00001.00004.00004.00004.00004.00001	Part 675	-	0.10299141077185049	-76.77513929083943	52.76911025866866	-85.07573287934065	0.1406659143728044	0.13552328218473658	0.15570786129877726	-0.001132016907031185	-0.0035682786936119615	0.003297623686421914	FALSE	0.28909372274994966	28.721044428837228	28.23690002309109	29.057750463592832	0.37074144170588635	0.3723953238821935	0.37017423652493897	0.02351283871158888	0.022566176940390956	0.02209918015384651
C.1.1.4.4.4.4.2	C.00001.00001.00004.00004.00004.00004.00002	Part 676	-	0.43510476969531736	-55.80467330291867	90.63829854130745	-48.55994042009115	0.6700441178951808	0.608833254600094	0.5718316124111003	0.014189034826263084	3.1911920674320034e-4	3.1245873823186523e-4	FALSE	0.28909372274994966	28.721044428837228	28.23690002309109	29.057750463592832	0.37074144170588635	0.3723953238821935	0.37017423652493897	0.02351283871158888	0.022566176940390956	0.02209918015384651
C.1.1.4.4.4.4.3	C.00001.00001.00004.00004.00004.00004.00003	Part 677	+	0.46932102445862256	49.872670974582434	49.70479113981128	92.74870436638594	0.6086401932176692	0.6293695796310088	0.5882568806472014	0.023473516841990366	-0.016705590820211773	0.006308390406972531	FALSE	0.28909372274994966	28.721044428837228	28.23690002309109	29.057750463592832	0.37074144170588635	0.3723953238821935	0.37017423652493897	0.02351283871158888	0.022566176940390956	0.02209918015384651
C.1.1.4.4.4.4.4	C.00001.00001.00004.00004.00004.00004.00004	Part 678	-	0.4553706926689483	-57.37763452343643	-68.77571525983512	-14.912679279223084	0.614334864629171	0.609213258947741	0.618478745264341	0.0011198755793584724	-0.007517029843743193	-0.0013814228023789456	FALSE	0.28909372274994966	28.721044428837228	28.23690002309109	29.057750463592832	0.37074144170588635	0.3723953238821935	0.37017423652493897	0.02351283871158888	0.022566176940390956	0.02209918015384651
C.1.1.4.5.1.1.1	C.00001.00001.00004.00005.00001.00001.00001	Part 679	-	0.5458585424774792	85.50647832453251	-29.775803722441196	63.13854418694973	0.4978284865589333	0.68768193544253	0.6788463951038252	0.0262114329089291	-0.045881555638085866	0.00793722402940337	FALSE	0.28909372274994966	28.721044428837228	28.23690002309109	29.057750463592832	0.37074144170588635	0.3723953238821935	0.37017423652493897	0.02351283871158888	0.022566176940390956	0.02209918015384651
C.1.1.4.5.1.1.2	C.00001.00001.00004.00005.00001.00001.00002	Part 680	-	0.21352396419341677	16.390314605087042	72.85699057392776	35.691239358857274	0.29291505594957146	0.2901555971237649	0.3034414030770064	-0.005479785696470594	0.0028228698849508942	-7.937649056078236e-4	FALSE	0.28909372274994966	28.721044428837228	28.23690002309109	29.057750463592832	0.37074144170588635	0.3723953238821935	0.37017423652493897	0.02351283871158888	0.022566176940390956	0.02209918015384651
C.1.1.4.5.1.1.3	C.00001.00001.00004.00005.00001.00001.00003	Part 681	+	0.18561021326552146	80.37407421506941	46.43285432830453	-53.399051539599895	0.20761213110324594	0.23129726548037075	0.233063851590576	-0.015489894223154296	-0.021740293077604673	0.011055316450912936	FALSE	0.28909372274994966	28.721044428837228	28.23690002309109	29.057750463592832	0.37074144170588635	0.3723953238821935	0.37017423652493897	0.02351283871158888	0.022566176940390956	0.02209918015384651
C.1.1.4.5.1.1.4	C.00001.00001.00004.00005.00001.00001.00004	Part 682	+	0.16669526490941644	47.57193187251687	-32.69286481663585	-92.84564526751637	0.23316409424887946	0.24638327040536862	0.2407007462312049	-7.4615259516791e-5	-0.008670388867699982	-7.968590087718936e-5	FALSE	0.28909372274994966	28.721044428837228	28.23690002309109	29.057750463592832	0.37074144170588635	0.3723953238821935	0.37017423652493897	0.02351283871158888	0.022566176940390956	0.02209918015384651
C.1.1.4.5.1.1.5	C.00001.00001.00004.00005.00001.00001.00005	Part 683	+	0.78601625076914206	-49.19403796084225	-53.781661577522755	-8.823322132229805	0.9099732314839822	1.0094120574261891	0.8740660846495787	0.0076688710440139	0.051714639174203436	-0.027952824305149584	FALSE	0.28909372274994966	28.721044428837228	28.23690002309109	29.057750463592832	0.37074144170588635	0.3723953238821935	0.37017423652493897	0.02351283871158888	0.022566176940390956	0.02209918015384651
C.1.1.4.5.1.2.1	C.00001.00001.00004.00005.00001.00002.00001	Part 684	+	0.11510431311046705	-38.319445541128516	21.279124030843377	-53.52545413188636	0.1634008557308538	0.17583565297390666	0.1487024348348355	0.01227083893178895	-1.5273900575365985e-4	-5.596919559221888e-4	FALSE	0.28909372274994966	28.721044428837228	28.23690002309109	29.057750463592832	0.37074144170588635	0.3723953238821935	0.37017423652493897	0.02351283871158888	0.022566176940390956	0.02209918015384651
C.1.1.4.5.1.2.2	C.00001.00001.00004.00005.00001.00002.00002	Part 685	-	0.48765380095737054	88.75530292280018	-53.729676781222224	-29.083979642018676	0.6681893971636667	0.6474488050827316	0.7384423955373283	0.0016882295500983567	-0.03123287271292473	0.011094145601315178	FALSE	0.28909372274994966	28.721044428837228	28.23690002309109	29.057750463592832	0.37074144170588635	0.3723953238821935	0.37017423652493897	0.02351283871158888	0.022566176940390956	0.02209918015384651
C.1.1.4.5.1.2.3	C.00001.00001.00004.00005.00001.00002.00003	Part 686	-	0.07498787941411138	36.137044010683894	-25.958018703386188	61.00114309228957	0.08171020163059381	0.08785904546882935	0.07613759001625761	-0.0013674459016115273	0.005853186686075328	0.007034409904021212	FALSE	0.28909372274994966	28.721044428837228	28.23690002309109	29.057750463592832	0.37074144170588635	0.3723953238821935	0.37017423652493897	0.02351283871158888	0.022566176940390956	0.02209918015384651
C.1.1.4.5.1.2.4	C.00001.00001.00004.00005.00001.00002.00004	Part 687	+	0.3603147188061848	-0.9015227667987347	-80.43021969497204	-43.28553429804742	0.42328771570847906	0.49628968896180703	0.4152256140762518	-0.00422843924200126	0.017556848456288375	0.02201346237109579	FALSE	0.28909372274994966	28.721044428837228	28.23690002309109	29.057750463592832	0.37074144170588635	0.3723953238821935	0.37017423652493897	0.02351283871158888	0.022566176940390956	0.02209918015384651
C.1.1.4.5.1.2.5	C.00001.00001.00004.00005.00001.00002.00005	Part 688	-	0.055790534285828475	-20.768115622922778	-97.4263054318726	-62.12288639508188	0.06589443743307816	0.07251637448648951	0.07593302708954004	0.005877918236308498	0.0043300084157293205	-0.0014569351338486751	FALSE	0.28909372274994966	28.721044428837228	28.23690002309109	29.057750463592832	0.37074144170588635	0.3723953238821935	0.37017423652493897	0.02351283871158888	0.022566176940390956	0.02209918015384651
C.1.1.4.5.2.1.1	C.00001.00001.00004.00005.00002.00001.00001	Part 689	+	0.778733261555899	82.77139770798385	14.387979498133063	63.029924081638455	0.9637121102912828	0.9234867828364582	0.9462326990280726	0.014949304684276212	0.01339002780609833	0.034313812118543674	FALSE	0.28909372274994966	28.721044428837228	28.23690002309109	29.057750463592832	0.37074144170588635	0.3723953238821935	0.37017423652493897	0.02351283871158888	0.022566176940390956	0.02209918015384651
C.1.1.4.5.2.1.2	C.00001.00001.00004.00005.00002.00001.00002	Part 690	+	0.9568621058263816	-33.973609656095505	59.473318979144096	48.99963201023638	1.1343299166749816	1.2186767709521567	1.1159097953459405	0.013858432866820255	-0.08543633398883976	0.00432979193668491	FALSE	0.28909372274994966	28.721044428837228	28.23690002309109	29.057750463592832	0.37074144170588635	0.3723953238821935	0.37017423652493897	0.02351283871158888	0.022566176940390956	0.02209918015384651
C.1.1.4.5.2.1.3	C.00001.00001.00004.00005.00002.00001.00003	Part 691	+	0.4740491446400993	46.819713711738586	-39.33364422991872	-93.95119771361351	0.5342479957281323	0.5216757153673918	0.48682968142480904	-0.003303742435147597	0.03916557439190065	-0.0246545484429605	FALSE	0.28909372274994966	28.721044428837228	28.23690002309109	29.057750463592832	0.37074144170588635	0.3723953238821935	0.37017423652493897	0.02351283871158888	0.022566176940390956	0.02209918015384651
C.1.1.4.5.2.1.4	C.00001.00001.00004.00005.00002.00001.00004	Part 692	-	0.45629805433447473	-72.88461932912469	-59.215825563296676	-78.43862376175821	0.5405471609747734	0.6351644818589913	0.5921371356326721	-0.061133062137915146	0.0029286774257625105	0.025116439907442695	FALSE	0.28909372274994966	28.721044428837228	28.23690002309109	29.057750463592832	0.37074144170588635	0.3723953238821935	0.37017423652493897	0.02351283871158888	0.022566176940390956	0.02209918015384651
C.1.1.4.5.2.2.1	C.00001.00001.00004.00005.00002.00002.00001	Part 693	-	0.176639727151487	90.512166172266	-67.1765451785177	-32.116163754835725	0.1964134101628636	0.18249680480064884	0.21192236259477626	-0.006972638532967788	-7.993330649466419e-4	0.014203366189068386	FALSE	0.28909372274994966	28.721044428837228	28.23690002309109	29.057750463592832	0.37074144170588635	0.3723953238821935	0.37017423652493897	0.02351283871158888	0.022566176940390956	0.02209918015384651
C.1.1.4.5.2.2.2	C.00001.00001.00004.00005.00002.00002.00002	Part 694	-	0.1732897980902344	-10.115628223866224	24.359602946788073	-7.20491842366755	0.19225071350698547	0.18519781290997242	0.22102352453135873	0.0038856935081703872	-0.0019131659232851856	-0.011870926596134954	FALSE	0.28909372274994966	28.721044428837228	28.23690002309109	29.057750463592832	0.37074144170588635	0.3723953238821935	0.37017423652493897	0.02351283871158888	0.022566176940390956	0.02209918015384651
C.1.1.4.5.2.2.3	C.00001.00001.00004.00005.00002.00002.00003	Part 695	-	0.6116996244110633	-89.3896862398833	6.947811087593436	-29.203622695058584	0.7437495047419891	0.7286839268660732	0.6947609493181452	-7.689128615830149e-4	0.001688171696741651	0.02713605064301431	FALSE	0.28909372274994966	28.721044428837228	28.23690002309109	29.057750463592832	0.37074144170588635	0.3723953238821935	0.37017423652493897	0.02351283871158888	0.022566176940390956	0.02209918015384651
C.1.1.4.5.2.3.1	C.00001.00001.00004.00005.00002.00003.00001	Part 696	+	0.6614907957387622	-43.55907682329416	-15.579560492187738	-65.22868028841913	0.9727921600997239	0.924180403152381	0.8204448402397868	-0.11269090499769062	-0.009794734069918251	-0.010126621874253807	FALSE	0.28909372274994966	28.721044428837228	28.23690002309109	29.057750463592832	0.37074144170588635	0.3723953238821935	0.37017423652493897	0.02351283871158888	0.022566176940390956	0.02209918015384651
C.1.1.4.5.2.3.2	C.00001.00001.00004.00005.00002.00003.00002	Part 697	+	0.7561861641407013	83.52324776351452	-76.49587052874267	-39.48756381869316	0.8969279359394727	0.9597142287606878	1.1408890955432698	-0.022682979675318883	-0.011863204884777661	0.02362798455896486	FALSE	0.28909372274994966	28.721044428837228	28.23690002309109	29.057750463592832	0.37074144170588635	0.3723953238821935	0.37017423652493897	0.02351283871158888	0.022566176940390956	0.02209918015384651
C.1.1.4.5.2.3.3	C.00001.00001.00004.00005.00002.00003.00003	Part 698	+	0.6198430245679337	-46.22788834385574	-80.63847618177533	-69.16550188325346	0.8143033547565512	0.8159492862870545	0.7647472353363632	-0.036055034929605496	-0.0017598684973048487	-0.0053525253364198385	FALSE	0.28909372274994966	28.721044428837228	28.23690002309109	29.057750463592832	0.37074144170588635	0.3723953238821935	0.37017423652493897	0.02351283871158888	0.022566176940390956	0.02209918015384651
C.1.1.4.5.2.3.4	C.00001.00001.00004.00005.00002.00003.00004	Part 699	-	0.9360021412963979	-94.25285863690078	-47.94981596060097	-88.74891842715442	1.034879848746387	1.053463114362619	1.1720665682033824	0.11517385564587376	-0.03666029813430868	0.02651653028966892	FALSE	0.28909372274994966	28.721044428837228	28.23690002309109	29.057750463592832	0.37074144170588635	0.3723953238821935	0.37017423652493897	0.02351283871158888	0.022566176940390956	0.02209918015384651
C.1.1.4.5.2.3.5	C.00001.00001.00004.00005.00002.00003.00005	Part 700	-	0.7034139408560004	-43.51687952876091	57.71491201594472	27.91465916670859	0.817711499665778	0.8675304354241302	0.8085704785353787	0.016806881986910507	-0.006094909929318314	-0.023328592166564986	FALSE	0.28909372274994966	28.721044428837228	28.23690002309109	29.057750463592832	0.37074144170588635	0.3723953238821935	0.37017423652493897	0.02351283871158888	0.022566176940390956	0.02209918015384651
C.1.1.4.5.2.4.1	C.00001.00001.00004.00005.00002.00004.00001	Part 701	+	0.21574145847093315	66.00678227841854	45.6171250436455	21.227593533694744	0.31183894636364573	0.3431571151566759	0.3032670903373876	0.021770134391957525	0.00259655354499567	-7.534296556114815e-4	FALSE	0.28909372274994966	28.721044428837228	28.23690002309109	29.057750463592832	0.37074144170588635	0.3723953238821935	0.37017423652493897	0.02351283871158888	0.022566176940390956	0.02209918015384651
C.1.1.4.5.2.4.2	C.00001.00001.00004.00005.00002.00004.00002	Part 702	-	0.952474264848046	-37.06433824263513	7.076812628656626	87.21284228377044	0.891986830749284	0.8684200016430845	0.8690985685725223	0.0016582478297530044	0.004895732437623076	3.60654029876336e-4	FALSE	0.28909372274994966	28.721044428837228	28.23690002309109	29.057750463592832	0.37074144170588635	0.3723953238821935	0.37017423652493897	0.02351283871158888	0.022566176940390956	0.02209918015384651
C.1.1.4.5.2.4.3	C.00001.00001.00004.00005.00002.00004.00003	Part 703	-	0.5700481246972923	-27.204722445458174	97.97604377381504	45.102889044210315	0.8122376664768497	0.8027276521243892	0.8276223382317585	-0.00364346393596255	0.020482219314112825	-0.003240294290503124	FALSE	0.28909372274994966	28.721044428837228	28.23690002309109	29.057750463592832	0.37074144170588635	0.3723953238821935	0.37017423652493897	0.02351283871158888	0.022566176940390956	0.02209918015384651
C.1.1.4.5.3.1.1	C.00001.00001.00004.00005.00003.00001.00001	Part 704	-	0.6181363071794622	-88.38436212390661	-54.767060512676835	0.7699199020862579	0.7105811457485497	0.7058748745836105	0.8218448367932933	-0.0024425930359994723	0.05619118465805949	0.007311057667664491	FALSE	0.28909372274994966	28.721044428837228	28.23690002309109	29.057750463592832	0.37074144170588635	0.3723953238821935	0.37017423652493897	0.02351283871158888	0.022566176940390956	0.02209918015384651
C.1.1.4.5.3.1.2	C.00001.00001.00004.00005.00003.00001.00002	Part 705	+	0.01861351730534807	-28.513810643926263	21.655534906312823	36.31605035625398	0.022980722775626284	0.023646280808303666	0.020702241025586227	0.001743042595745284	-9.144028456923883e-4	-5.6003885499551e-5	FALSE	0.28909372274994966	28.721044428837228	28.23690002309109	29.057750463592832	0.37074144170588635	0.3723953238821935	0.37017423652493897	0.02351283871158888	0.022566176940390956	0.02209918015384651
C.1.1.4.5.3.1.3	C.00001.00001.00004.00005.00003.00001.00003	Part 706	-	0.24543188220774756	-38.11907307244837	-80.86219783872366	18.341547856107354	0.2960881970694699	0.2820275713494834	0.26660346410223534	0.0014772203017352108	0.007203635064748598	0.020799571811916773	FALSE	0.28909372274994966	28.721044428837228	28.23690002309109	29.057750463592832	0.37074144170588635	0.3723953238821935	0.37017423652493897	0.02351283871158888	0.022566176940390956	0.02209918015384651
C.1.1.4.5.3.1.4	C.00001.00001.00004.00005.00003.00001.00004	Part 707	+	0.9872217106800526	-35.02365229651332	-54.62926956824958	-49.230253556743264	1.311390835126343	1.3590790973440527	1.2927278947398129	0.020626965163901993	-0.05513576322599253	0.13572115752784122	FALSE	0.28909372274994966	28.721044428837228	28.23690002309109	29.057750463592832	0.37074144170588635	0.3723953238821935	0.37017423652493897	0.02351283871158888	0.022566176940390956	0.02209918015384651
C.1.1.4.5.3.2.1	C.00001.00001.00004.00005.00003.00002.00001	Part 708	-	0.5766528496164829	63.95033188164234	-8.190266601741314	-14.481313759461045	0.734019955825562	0.7977772828222424	0.6566883170093378	-0.050267614553132646	0.020581594802523813	-0.020762292104751327	FALSE	0.28909372274994966	28.721044428837228	28.23690002309109	29.057750463592832	0.37074144170588635	0.3723953238821935	0.37017423652493897	0.02351283871158888	0.022566176940390956	0.02209918015384651
C.1.1.4.5.3.2.2	C.00001.00001.00004.00005.00003.00002.00002	Part 709	-	0.11901163538405672	-64.35482897795737	75.11381502263248	81.48970929905772	0.1444977929943766	0.15691711235480899	0.15886247791679445	0.004017344344703303	-0.002251255957500059	0.0015117292708002733	FALSE	0.28909372274994966	28.721044428837228	28.23690002309109	29.057750463592832	0.37074144170588635	0.3723953238821935	0.37017423652493897	0.02351283871158888	0.022566176940390956	0.02209918015384651
C.1.1.4.5.3.2.3	C.00001.00001.00004.00005.00003.00002.00003	Part 710	+	0.6408512641561683	44.71265971660614	-77.49618762172759	-30.110358400270343	0.7779300632193954	0.7586447735828574	0.8495913707678654	-0.08973762475708297	0.03242582577274904	-0.03169693861486331	FALSE	0.28909372274994966	28.721044428837228	28.23690002309109	29.057750463592832	0.37074144170588635	0.3723953238821935	0.37017423652493897	0.02351283871158888	0.022566176940390956	0.02209918015384651
C.1.1.4.5.3.3.1	C.00001.00001.00004.00005.00003.00003.00001	Part 711	-	0.5243686088677496	77.82237767241895	50.653414241969585	24.862894974648952	0.49970700822072517	0.6667928010168054	0.6677517834265364	0.011275203244257423	-0.04956096849399768	0.0037794841444387553	FALSE	0.28909372274994966	28.721044428837228	28.23690002309109	29.057750463592832	0.37074144170588635	0.3723953238821935	0.37017423652493897	0.02351283871158888	0.022566176940390956	0.02209918015384651
C.1.1.4.5.3.3.2	C.00001.00001.00004.00005.00003.00003.00002	Part 712	+	0.48151264068833555	28.952090302482247	-74.66428801417351	68.38612584397197	0.6724347046816052	0.6909920992351701	0.6457045914620532	0.03989488917460356	0.01916526523264779	-0.021892412248756182	FALSE	0.28909372274994966	28.721044428837228	28.23690002309109	29.057750463592832	0.37074144170588635	0.3723953238821935	0.37017423652493897	0.02351283871158888	0.022566176940390956	0.02209918015384651
C.1.1.4.5.3.3.3	C.00001.00001.00004.00005.00003.00003.00003	Part 713	+	0.4320334558309987	-82.25429663434625	-49.94864575564861	45.12386843562126	0.5504236931337213	0.5954264153655042	0.5897405377989049	-0.02403321325698159	-0.022635029975796445	-0.05257036239153015	FALSE	0.28909372274994966	28.721044428837228	28.23690002309109	29.057750463592832	0.37074144170588635	0.3723953238821935	0.37017423652493897	0.02351283871158888	0.022566176940390956	0.02209918015384651
C.1.1.4.5.3.3.4	C.00001.00001.00004.00005.00003.00003.00004	Part 714	-	0.11030147460312582	93.77060569822788	-43.02244698628783	-95.5415905918926	0.13421399962043973	0.13585396760505633	0.1324101159940624	0.002863968184362945	0.004003239108246807	-0.0014841627506211623	FALSE	0.28909372274994966	28.721044428837228	28.23690002309109	29.057750463592832	0.37074144170588635	0.3723953238821935	0.37017423652493897	0.02351283871158888	0.022566176940390956	0.02209918015384651
C.1.1.4.5.3.3.5	C.00001.00001.00004.00005.00003.00003.00005	Part 715	+	0.27610465652425775	55.59043143875897	-96.5466033667326	-91.17348100990057	0.37362899423571533	0.3594112917653221	0.30049652543813105	0.0020822286970982053	-0.009048158731498458	0.013549022159672273	FALSE	0.28909372274994966	28.721044428837228	28.23690002309109	29.057750463592832	0.37074144170588635	0.3723953238821935	0.37017423652493897	0.02351283871158888	0.022566176940390956	0.02209918015384651
C.1.1.4.5.4.1.1	C.00001.00001.00004.00005.00004.00001.00001	Part 716	-	0.9259354616964701	-51.72942406497896	-43.71386934071779	-16.282848082482815	1.0924638848352082	1.211918824464876	1.271129048401201	0.006718772955328196	0.02603137210770866	0.03153346825570205	FALSE	0.28909372274994966	28.721044428837228	28.23690002309109	29.057750463592832	0.37074144170588635	0.3723953238821935	0.37017423652493897	0.02351283871158888	0.022566176940390956	0.02209918015384651
C.1.1.4.5.4.1.2	C.00001.00001.00004.00005.00004.00001.00002	Part 717	-	0.9072328777022194	-76.86035190708935	-47.28317493572831	-20.996416732668877	1.2367202334305931	1.2286135826014641	1.034130595483409	0.0024152447610838717	-0.015981770434105085	0.039729520205721056	FALSE	0.28909372274994966	28.721044428837228	28.23690002309109	29.057750463592832	0.37074144170588635	0.3723953238821935	0.37017423652493897	0.02351283871158888	0.022566176940390956	0.02209918015384651
C.1.1.4.5.4.1.3	C.00001.00001.00004.00005.00004.00001.00003	Part 718	-	0.1147620219362434	99.79253225028515	51.211427338421345	48.40501071885228	0.12662861052477048	0.1600645038280774	0.14479687869142938	-0.008291928043095746	-1.8345692514096145e-5	0.0021275951646355174	FALSE	0.28909372274994966	28.721044428837228	28.23690002309109	29.057750463592832	0.37074144170588635	0.3723953238821935	0.37017423652493897	0.02351283871158888	0.022566176940390956	0.02209918015384651
C.1.1.4.5.4.2.1	C.00001.00001.00004.00005.00004.00002.00001	Part 719	-	0.028702711908379572	24.50151718221605	79.14099269546568	50.49227578565478	0.036951328468088664	0.03882815193442854	0.0373987646627077	-0.0028158179495523837	5.120233063638329e-4	-5.901302212767127e-4	FALSE	0.28909372274994966	28.721044428837228	28.23690002309109	29.057750463592832	0.37074144170588635	0.3723953238821935	0.37017423652493897	0.02351283871158888	0.022566176940390956	0.02209918015384651
C.1.1.4.5.4.2.2	C.00001.00001.00004.00005.00004.00002.00002	Part 720	-	0.928666933874134	8.624161453917623	30.25789698585868	74.44659322500229	0.8939526394370166	0.9895436094298773	1.058939498548267	-0.06481420555728551	0.023580854704829582	0.04182024600706466	FALSE	0.28909372274994966	28.721044428837228	28.23690002309109	29.057750463592832	0.37074144170588635	0.3723953238821935	0.37017423652493897	0.02351283871158888	0.022566176940390956	0.02209918015384651
C.1.1.4.5.4.2.3	C.00001.00001.00004.00005.00004.00002.00003	Part 721	+	0.9005303944807965	36.270047817379236	77.9579265974462	63.555475417524576	1.0151262404443149	1.19067801315242	1.0297584526064287	-0.02691426775585533	-0.007695531168624236	-0.05802696207369526	FALSE	0.28909372274994966	28.721044428837228	28.23690002309109	29.057750463592832	0.37074144170588635	0.3723953238821935	0.37017423652493897	0.02351283871158888	0.022566176940390956	0.02209918015384651
C.1.1.4.5.4.2.4	C.00001.00001.00004.00005.00004.00002.00004	Part 722	+	0.9725461800792254	-23.739759856835008	84.33448066934943	-62.785498797893524	1.135198949647473	1.0366610196989163	1.034243141762496	0.04517955457035574	-0.052405426816877675	0.02511730996482605	FALSE	0.28909372274994966	28.721044428837228	28.23690002309109	29.057750463592832	0.37074144170588635	0.3723953238821935	0.37017423652493897	0.02351283871158888	0.022566176940390956	0.02209918015384651
C.1.1.4.5.4.2.5	C.00001.00001.00004.00005.00004.00002.00005	Part 723	-	0.11174813228519634	-25.62098721973598	-67.84275793470442	-73.60694906674325	0.1268050948982667	0.1285769699437629	0.12524686835849153	-6.688257820647342e-4	0.014219180141157113	-0.004739797753517275	FALSE	0.28909372274994966	28.721044428837228	28.23690002309109	29.057750463592832	0.37074144170588635	0.3723953238821935	0.37017423652493897	0.02351283871158888	0.022566176940390956	0.02209918015384651
C.1.1.4.5.4.3.1	C.00001.00001.00004.00005.00004.00003.00001	Part 724	+	0.4168300075104926	-14.283385733142495	-99.07091353088617	-48.003824427723885	0.5497097266084952	0.4692175753310004	0.5430888928451009	0.03498809085352045	-0.014878268435043179	-0.04478471650908063	FALSE	0.28909372274994966	28.721044428837228	28.23690002309109	29.057750463592832	0.37074144170588635	0.3723953238821935	0.37017423652493897	0.02351283871158888	0.022566176940390956	0.02209918015384651
C.1.1.4.5.4.3.2	C.00001.00001.00004.00005.00004.00003.00002	Part 725	+	0.05277869777567685	-76.45711689256132	34.03611145913601	-33.76581915654242	0.07567515528552089	0.07567744386322818	0.08759773308281037	1.1607197599555166e-6	1.7214346146315752e-4	-1.5290859179811018e-4	FALSE	0.28909372274994966	28.721044428837228	28.23690002309109	29.057750463592832	0.37074144170588635	0.3723953238821935	0.37017423652493897	0.02351283871158888	0.022566176940390956	0.02209918015384651
C.1.1.4.5.4.3.3	C.00001.00001.00004.00005.00004.00003.00003	Part 726	+	0.9820598490748089	76.58592541702092	10.32382482662797	11.086071189492941	1.2352330856583003	1.319911151793171	1.2463314898424065	0.056891119545845095	-0.05919706189432759	0.07792969714656524	FALSE	0.28909372274994966	28.721044428837228	28.23690002309109	29.057750463592832	0.37074144170588635	0.3723953238821935	0.37017423652493897	0.02351283871158888	0.022566176940390956	0.02209918015384651
C.1.1.4.5.4.4.1	C.00001.00001.00004.00005.00004.00004.00001	Part 727	-	0.9679883005630691	-23.69741532020271	-28.017089562490582	-62.21753763966262	1.3383063645782607	1.255114206859061	1.2460074778371693	0.06867246262344523	-0.06883853919434785	0.07667324795403546	FALSE	0.28909372274994966	28.721044428837228	28.23690002309109	29.057750463592832	0.37074144170588635	0.3723953238821935	0.37017423652493897	0.02351283871158888	0.022566176940390956	0.02209918015384651
C.1.1.4.5.4.4.2	C.00001.00001.00004.00005.00004.00004.00002	Part 728	-	0.5458135985324625	-97.94251257553697	-88.97118531167507	41.8939096853137	0.5382167557069855	0.6619471992858849	0.6689725073341343	0.03512038716917919	0.059161951153099884	-0.02083720483697001	FALSE	0.28909372274994966	28.721044428837228	28.23690002309109	29.057750463592832	0.37074144170588635	0.3723953238821935	0.37017423652493897	0.02351283871158888	0.022566176940390956	0.02209918015384651
C.1.1.4.5.4.4.3	C.00001.00001.00004.00005.00004.00004.00003	Part 729	-	0.6791087179814931	92.34358565881848	44.98140406794846	-82.79626253060997	0.9166713651258287	0.9950820915552686	0.8846571007402796	-0.05896341081210538	0.0010311795524071917	-0.0072754479997270355	FALSE	0.28909372274994966	28.721044428837228	28.23690002309109	29.057750463592832	0.37074144170588635	0.3723953238821935	0.37017423652493897	0.02351283871158888	0.022566176940390956	0.02209918015384651
C.1.1.4.5.4.4.4	C.00001.00001.00004.00005.00004.00004.00004	Part 730	-	0.057369901813101025	76.80482738651335	-31.74225827679038	-49.01925986632705	0.06952625605585436	0.08069026843191593	0.06871774520129935	0.005131710382125855	2.3080825890815342e-4	7.136671413002496e-4	FALSE	0.28909372274994966	28.721044428837228	28.23690002309109	29.057750463592832	0.37074144170588635	0.3723953238821935	0.37017423652493897	0.02351283871158888	0.022566176940390956	0.02209918015384651
C.1.2.1.1.1.1.1	C.00001.00002.00001.00001.00001.00001.00001	Part 731	+	0.6804637058416847	-82.76614844799042	-47.76298082433641	63.294122368097305	0.7629432285981665	0.8421712701444337	0.7932281294553125	-0.040747429195994375	0.07982067472193621	-0.03702446897993501	FALSE	0.28909372274994966	28.721044428837228	28.23690002309109	29.057750463592832	0.37074144170588635	0.3723953238821935	0.37017423652493897	0.02351283871158888	0.022566176940390956	0.02209918015384651
C.1.2.1.1.1.1.2	C.00001.00002.00001.00001.00001.00001.00002	Part 732	+	0.0872471402049996	82.55250179208815	-5.411630170419812	-71.15427576936781	0.11257619230429793	0.1246403998381112	0.11991330708654552	-0.0032220311242106107	0.0026909518310395584	-0.0017268308576099392	FALSE	0.28909372274994966	28.721044428837228	28.23690002309109	29.057750463592832	0.37074144170588635	0.3723953238821935	0.37017423652493897	0.02351283871158888	0.022566176940390956	0.02209918015384651
C.1.2.1.1.1.1.3	C.00001.00002.00001.00001.00001.00001.00003	Part 733	-	0.37708795348485	-3.4473955165594816	43.91561853699386	-98.94797829911113	0.49265900196150153	0.3794068111394347	0.46816149458660183	0.022108336751683156	-0.010211977595304967	0.04406619851694948	FALSE	0.28909372274994966	28.721044428837228	28.23690002309109	29.057750463592832	0.37074144170588635	0.3723953238821935	0.37017423652493897	0.02351283871158888	0.022566176940390956	0.02209918015384651
C.1.2.1.1.1.2.1	C.00001.00002.00001.00001.00001.00002.00001	Part 734	+	0.5951115685270634	5.548908468335867	92.18274871818721	-86.23134288936853	0.6239526384625814	0.5989152296145334	0.6269662989457233	-0.004337172890690839	0.021114383488938397	0.016508367062713213	FALSE	0.28909372274994966	28.721044428837228	28.23690002309109	29.057750463592832	0.37074144170588635	0.3723953238821935	0.37017423652493897	0.02351283871158888	0.022566176940390956	0.02209918015384651
C.1.2.1.1.1.2.2	C.00001.00002.00001.00001.00001.00002.00002	Part 735	+	0.872108902297914	-6.520798243582249	29.035241017118096	23.73237246647477	0.8805630776543457	0.8999397241871576	0.8894808707558973	-0.017241277974757066	-0.03328122971330339	0.02604022754460038	FALSE	0.28909372274994966	28.721044428837228	28.23690002309109	29.057750463592832	0.37074144170588635	0.3723953238821935	0.37017423652493897	0.02351283871158888	0.022566176940390956	0.02209918015384651
C.1.2.1.1.1.3.1	C.00001.00002.00001.00001.00001.00003.00001	Part 736	+	0.008498315708246083	95.8209665492177	10.03832914866507	-85.71276320144534	0.01010350024606598	0.00820784706025794	0.010515066389495425	2.3126819134562212e-4	1.2528071019289914e-4	4.255321773142125e-4	FALSE	0.28909372274994966	28.721044428837228	28.23690002309109	29.057750463592832	0.37074144170588635	0.3723953238821935	0.37017423652493897	0.02351283871158888	0.022566176940390956	0.02209918015384651
C.1.2.1.1.1.3.2	C.00001.00002.00001.00001.00001.00003.00002	Part 737	+	0.4892256704615429	17.618257645517588	27.53212545067072	-96.17204638198018	0.4969958259508533	0.5265120312163792	0.5355846342958775	0.0190510341032654	0.008945837549478563	0.0060182447598878894	FALSE	0.28909372274994966	28.721044428837228	28.23690002309109	29.057750463592832	0.37074144170588635	0.3723953238821935	0.37017423652493897	0.02351283871158888	0.022566176940390956	0.02209918015384651
C.1.2.1.1.1.3.3	C.00001.00002.00001.00001.00001.00003.00003	Part 738	-	0.4114048428549431	81.30457135848701	-71.8050632160157	-91.16176166571677	0.44402303017076217	0.4763219719018769	0.41585003026945555	-0.02162839523967402	-0.053712151596749094	-0.014969335860785337	FALSE	0.28909372274994966	28.721044428837228	28.23690002309109	29.057750463592832	0.37074144170588635	0.3723953238821935	0.37017423652493897	0.02351283871158888	0.022566176940390956	0.02209918015384651
C.1.2.1.1.1.3.4	C.00001.00002.00001.00001.00001.00003.00004	Part 739	+	0.9858494289398659	-48.487570974975824	31.294124433770776	55.107109947130084	1.1757576125781801	1.0082079378489615	1.1376475595997482	-0.07972945487492622	-0.03983517562227505	0.049635722526859744	FALSE	0.28909372274994966	28.721044428837228	28.23690002309109	29.057750463592832	0.37074144170588635	0.3723953238821935	0.37017423652493897	0.02351283871158888	0.022566176940390956	0.02209918015384651
C.1.2.1.1.2.1.1	C.00001.00002.00001.00001.00002.00001.00001	Part 740	-	0.3524647980094887	17.589840944856405	-98.27087316662073	38.97576960735023	0.4258627296014497	0.4110435441094528	0.4137752782792825	-0.002382145990967037	0.007633384612226931	0.00929356051204898	FALSE	0.28909372274994966	28.721044428837228	28.23690002309109	29.057750463592832	0.37074144170588635	0.3723953238821935	0.37017423652493897	0.02351283871158888	0.022566176940390956	0.02209918015384651
C.1.2.1.1.2.1.2	C.00001.00002.00001.00001.00002.00001.00002	Part 741	-	0.3731747709093615	-11.087685823440552	57.89243211038411	62.26490465924144	0.3509286307150823	0.35218270227074583	0.3515830593384509	0.0048160232423513066	8.138250968522599e-4	-0.0017294838101161493	FALSE	0.28909372274994966	28.721044428837228	28.23690002309109	29.057750463592832	0.37074144170588635	0.3723953238821935	0.37017423652493897	0.02351283871158888	0.022566176940390956	0.02209918015384651
C.1.2.1.1.2.1.3	C.00001.00002.00001.00001.00002.00001.00003	Part 742	+	0.7001743357286323	84.57673550583422	3.156300587579608	-73.20337975397706	1.0666391176590142	0.9689360931603728	1.0040021375078358	0.01753679927963258	0.061439194178128806	-0.02060570819559051	FALSE	0.28909372274994966	28.721044428837228	28.23690002309109	29.057750463592832	0.37074144170588635	0.3723953238821935	0.37017423652493897	0.02351283871158888	0.022566176940390956	0.02209918015384651
C.1.2.1.1.2.1.4	C.00001.00002.00001.00001.00002.00001.00004	Part 743	+	0.3578815421590116	-0.09536426514387131	-22.71536346524954	82.86153981462121	0.4564375566026807	0.46100574731399746	0.5164296956069518	0.0018357401942787263	0.018394305828290897	-0.02495232358022128	FALSE	0.28909372274994966	28.721044428837228	28.23690002309109	29.057750463592832	0.37074144170588635	0.3723953238821935	0.37017423652493897	0.02351283871158888	0.022566176940390956	0.02209918015384651
C.1.2.1.1.2.2.1	C.00001.00002.00001.00001.00002.00002.00001	Part 744	-	0.6776843973651994	21.6790278442204	-37.29653721675277	-19.07854271121323	0.9764823301807641	0.9432967659398266	0.8389583984732274	0.03668961292485377	0.02635295473512606	0.0019964469050437164	FALSE	0.28909372274994966	28.721044428837228	28.23690002309109	29.057750463592832	0.37074144170588635	0.3723953238821935	0.37017423652493897	0.02351283871158888	0.022566176940390956	0.02209918015384651
C.1.2.1.1.2.2.2	C.00001.00002.00001.00001.00002.00002.00002	Part 745	-	0.8189852579096332	13.485083356499672	47.51953762024641	72.01477042399347	0.9866077048101372	0.8188473953264852	0.9672519572000952	0.09962186153086014	-0.036196655509834606	0.09620780002706718	FALSE	0.28909372274994966	28.721044428837228	28.23690002309109	29.057750463592832	0.37074144170588635	0.3723953238821935	0.37017423652493897	0.02351283871158888	0.022566176940390956	0.02209918015384651
C.1.2.1.1.2.3.1	C.00001.00002.00001.00001.00002.00003.00001	Part 746	-	0.8998692514791619	-58.5591247305274	46.724122390151024	-31.836828589439392	1.1177223875317448	1.0022752527058716	1.2520463243671025	-0.05281833187798392	0.002811801961034743	-0.0022142105824800914	FALSE	0.28909372274994966	28.721044428837228	28.23690002309109	29.057750463592832	0.37074144170588635	0.3723953238821935	0.37017423652493897	0.02351283871158888	0.022566176940390956	0.02209918015384651
C.1.2.1.1.2.3.2	C.00001.00002.00001.00001.00002.00003.00002	Part 747	-	0.9499364645415918	-79.34043616987765	-33.98116189055145	-35.99375756457448	1.142982380782115	1.3086528638228532	1.1386084378401995	-0.08531444657742686	-0.03938223383212878	0.0860008952847964	FALSE	0.28909372274994966	28.721044428837228	28.23690002309109	29.057750463592832	0.37074144170588635	0.3723953238821935	0.37017423652493897	0.02351283871158888	0.022566176940390956	0.02209918015384651
C.1.2.1.1.3.1.1	C.00001.00002.00001.00001.00003.00001.00001	Part 748	+	0.39689005199656824	-23.252603830769658	-24.79836782440543	-75.31434493139386	0.4334524829250718	0.4286218616998627	0.42020117894506914	-0.003096940950002379	-0.009915462050657891	0.0038362948562042382	FALSE	0.28909372274994966	28.721044428837228	28.23690002309109	29.057750463592832	0.37074144170588635	0.3723953238821935	0.37017423652493897	0.02351283871158888	0.022566176940390956	0.02209918015384651
C.1.2.1.1.3.1.2	C.00001.00002.00001.00001.00003.00001.00002	Part 749	-	0.36715233089006505	32.00223217718303	-89.40441003069282	-54.3915722053498	0.4719654567221899	0.460320418295716	0.46101187755155804	-0.00251825365628728	-0.0049723586261868095	0.003343582954485104	FALSE	0.28909372274994966	28.721044428837228	28.23690002309109	29.057750463592832	0.37074144170588635	0.3723953238821935	0.37017423652493897	0.02351283871158888	0.022566176940390956	0.02209918015384651
C.1.2.1.1.3.1.3	C.00001.00002.00001.00001.00003.00001.00003	Part 750	-	0.2973035856145434	56.80312239564955	20.184138836339116	16.486272821202874	0.4165385188469107	0.41021507699301324	0.4321250382861898	0.01599767566384614	0.0016296869304939594	0.0025697867139138717	FALSE	0.28909372274994966	28.721044428837228	28.23690002309109	29.057750463592832	0.37074144170588635	0.3723953238821935	0.37017423652493897	0.02351283871158888	0.022566176940390956	0.02209918015384651
C.1.2.1.1.3.1.4	C.00001.00002.00001.00001.00003.00001.00004	Part 751	-	0.11068734925775789	-96.00051855668426	29.335967730730772	86.86235672794282	0.13287541940067435	0.1493999821924077	0.13480151636001594	5.346451701485279e-4	0.016063611740379388	-0.003326603736358102	FALSE	0.28909372274994966	28.721044428837228	28.23690002309109	29.057750463592832	0.37074144170588635	0.3723953238821935	0.37017423652493897	0.02351283871158888	0.022566176940390956	0.02209918015384651
C.1.2.1.1.3.2.1	C.00001.00002.00001.00001.00003.00002.00001	Part 752	+	0.2992536970761139	85.29202463105321	63.26323663815856	67.95464907772839	0.38744432852985544	0.4356089676417009	0.3900464582805366	-0.034687679455557854	6.856327784017383e-4	-0.024857684271430862	FALSE	0.28909372274994966	28.721044428837228	28.23690002309109	29.057750463592832	0.37074144170588635	0.3723953238821935	0.37017423652493897	0.02351283871158888	0.022566176940390956	0.02209918015384651
C.1.2.1.1.3.2.2	C.00001.00002.00001.00001.00003.00002.00002	Part 753	-	0.4824196958669927	75.37926463410258	86.7199407890439	-51.597818080335855	0.5972836744420277	0.6088349565192258	0.4651221313919162	-0.005143026305932856	0.02245609712122978	-0.002820177434061783	FALSE	0.28909372274994966	28.721044428837228	28.23690002309109	29.057750463592832	0.37074144170588635	0.3723953238821935	0.37017423652493897	0.02351283871158888	0.022566176940390956	0.02209918015384651
C.1.2.1.1.3.2.3	C.00001.00002.00001.00001.00003.00002.00003	Part 754	-	0.731420080100419	-87.23915270529687	-75.01831972040236	72.04496175982058	1.0759963707122355	0.9533618149858826	0.9150329569349791	-0.09269870400481497	-0.013819817713409153	-0.01576985372709947	FALSE	0.28909372274994966	28.721044428837228	28.23690002309109	29.057750463592832	0.37074144170588635	0.3723953238821935	0.37017423652493897	0.02351283871158888	0.022566176940390956	0.02209918015384651
C.1.2.1.1.3.2.4	C.00001.00002.00001.00001.00003.00002.00004	Part 755	-	0.8046920785717666	-21.137832244858146	-3.009476698935032	86.59949153661728	0.8875065574219388	0.8774204459401267	0.9706186754508619	-2.1913966782130648e-4	-0.0036418256558426315	-0.00294138001072363	FALSE	0.28909372274994966	28.721044428837228	28.23690002309109	29.057750463592832	0.37074144170588635	0.3723953238821935	0.37017423652493897	0.02351283871158888	0.022566176940390956	0.02209918015384651
C.1.2.1.1.3.2.5	C.00001.00002.00001.00001.00003.00002.00005	Part 756	+	0.38625357567332685	87.66397093422711	86.19044567458332	-70.07079608738422	0.5604927172738877	0.5651094200121082	0.6038361024888986	0.0028351004458055575	0.008843891778887662	-0.019213378798346857	FALSE	0.28909372274994966	28.721044428837228	28.23690002309109	29.057750463592832	0.37074144170588635	0.3723953238821935	0.37017423652493897	0.02351283871158888	0.022566176940390956	0.02209918015384651
C.1.2.1.1.4.1.1	C.00001.00002.00001.00001.00004.00001.00001	Part 757	+	0.5277951386689674	-22.000057948753238	73.35792551748455	92.66872312873602	0.6599775728875614	0.6729828603777622	0.6721468524486317	0.012797544881179762	0.04098930642177462	0.013045679529243823	FALSE	0.28909372274994966	28.721044428837228	28.23690002309109	29.057750463592832	0.37074144170588635	0.3723953238821935	0.37017423652493897	0.02351283871158888	0.022566176940390956	0.02209918015384651
C.1.2.1.1.4.1.2	C.00001.00002.00001.00001.00004.00001.00002	Part 758	+	0.8053474915262777	37.55772658623755	-2.7468798216432333	28.147784527391195	0.980439222471684	1.041424184657024	1.0076098768063189	-0.010019175134829465	-0.007402587072056047	0.005689361431303748	FALSE	0.28909372274994966	28.721044428837228	28.23690002309109	29.057750463592832	0.37074144170588635	0.3723953238821935	0.37017423652493897	0.02351283871158888	0.022566176940390956	0.02209918015384651
C.1.2.1.1.4.1.3	C.00001.00002.00001.00001.00004.00001.00003	Part 759	-	0.2798572542674374	-1.8543540965765715	-38.02656470797956	8.29140255227685	0.319043573662642	0.3612154677599895	0.36260014519152894	0.004002795928620026	0.0049391579486995334	-0.0216381314967697	FALSE	0.28909372274994966	28.721044428837228	28.23690002309109	29.057750463592832	0.37074144170588635	0.3723953238821935	0.37017423652493897	0.02351283871158888	0.022566176940390956	0.02209918015384651
C.1.2.1.1.4.1.4	C.00001.00002.00001.00001.00004.00001.00004	Part 760	+	0.9471244623491075	-51.52808767743409	-10.05314807407558	-74.55631201155484	1.2448887865830731	1.219913015585758	1.2360221746950788	-0.010508502236888088	-0.0014892940963207291	0.01337938894965738	FALSE	0.28909372274994966	28.721044428837228	28.23690002309109	29.057750463592832	0.37074144170588635	0.3723953238821935	0.37017423652493897	0.02351283871158888	0.022566176940390956	0.02209918015384651
C.1.2.1.1.4.1.5	C.00001.00002.00001.00001.00004.00001.00005	Part 761	-	0.1391759812645614	-32.136630872264504	-29.095242777839303	-1.727196853607893	0.15586377958796008	0.1790932487070789	0.16947107755359206	-0.0020703784647289935	0.007364274583466635	0.018147694171923696	FALSE	0.28909372274994966	28.721044428837228	28.23690002309109	29.057750463592832	0.37074144170588635	0.3723953238821935	0.37017423652493897	0.02351283871158888	0.022566176940390956	0.02209918015384651
C.1.2.1.1.4.2.1	C.00001.00002.00001.00001.00004.00002.00001	Part 762	-	0.24065079136332498	-19.398300489410758	13.430628506466746	-36.78402896039188	0.32285130454318084	0.3022483775826096	0.34521169758474934	-1.0714679072289656e-4	-0.01540431113764842	0.003224401918999439	FALSE	0.28909372274994966	28.721044428837228	28.23690002309109	29.057750463592832	0.37074144170588635	0.3723953238821935	0.37017423652493897	0.02351283871158888	0.022566176940390956	0.02209918015384651
C.1.2.1.1.4.2.2	C.00001.00002.00001.00001.00004.00002.00002	Part 763	+	0.6926015382464975	27.922243298962712	-15.271924389526248	-97.4251854699105	0.7579189228996535	0.7762027341634707	0.747914059974558	-0.012381074577790929	-0.007272485362996863	-0.013261630503456993	FALSE	0.28909372274994966	28.721044428837228	28.23690002309109	29.057750463592832	0.37074144170588635	0.3723953238821935	0.37017423652493897	0.02351283871158888	0.022566176940390956	0.02209918015384651
C.1.2.1.1.4.2.3	C.00001.00002.00001.00001.00004.00002.00003	Part 764	+	0.09721460776636377	34.01378854177892	8.866165345534682	-20.01916980370879	0.12628605288038988	0.1331928710910463	0.1302974547031479	-0.0034043748472266933	-0.00744904209373886	-3.5498980847123993e-4	FALSE	0.28909372274994966	28.721044428837228	28.23690002309109	29.057750463592832	0.37074144170588635	0.3723953238821935	0.37017423652493897	0.02351283871158888	0.022566176940390956	0.02209918015384651
C.1.2.1.1.4.2.4	C.00001.00002.00001.00001.00004.00002.00004	Part 765	+	0.8070877520779614	-56.81523885577917	-56.775956274941564	73.24771415442228	0.8549413265791542	0.8487442864754311	0.696494459273452	9.494314552722415e-4	0.003463092506280538	-0.03778196418151167	FALSE	0.28909372274994966	28.721044428837228	28.23690002309109	29.057750463592832	0.37074144170588635	0.3723953238821935	0.37017423652493897	0.02351283871158888	0.022566176940390956	0.02209918015384651
C.1.2.1.1.4.2.5	C.00001.00002.00001.00001.00004.00002.00005	Part 766	-	0.3055442237523384	1.8936157692223787	16.410128958523273	-86.61358072422445	0.3064496150515967	0.3242030123640101	0.32837305119860355	0.011985892578234516	-0.012883036497250819	-0.018099896429694087	FALSE	0.28909372274994966	28.721044428837228	28.23690002309109	29.057750463592832	0.37074144170588635	0.3723953238821935	0.37017423652493897	0.02351283871158888	0.022566176940390956	0.02209918015384651
C.1.2.1.1.5.1.1	C.00001.00002.00001.00001.00005.00001.00001	Part 767	+	0.3013742657515686	95.47040383331478	25.583136966452003	14.539825124666095	0.4577300568244157	0.43506241096384446	0.4522514845491837	0.010077297957306877	-0.02689692338783546	0.015255887571808577	FALSE	0.28909372274994966	28.721044428837228	28.23690002309109	29.057750463592832	0.37074144170588635	0.3723953238821935	0.37017423652493897	0.02351283871158888	0.022566176940390956	0.02209918015384651
C.1.2.1.1.5.1.2	C.00001.00002.00001.00001.00005.00001.00002	Part 768	-	0.7623726509781554	69.47185345925391	-2.0173172000795603	-86.9432061444968	0.8576376699327082	0.8397148979056432	0.8724622839788563	-5.638058209259089e-4	-0.037207320753214354	0.007065152923579082	FALSE	0.28909372274994966	28.721044428837228	28.23690002309109	29.057750463592832	0.37074144170588635	0.3723953238821935	0.37017423652493897	0.02351283871158888	0.022566176940390956	0.02209918015384651
C.1.2.1.1.5.1.3	C.00001.00002.00001.00001.00005.00001.00003	Part 769	+	0.8892537194259931	-64.19002362526953	-53.05831846781075	-96.73349955119193	1.2116187826435152	1.2584359351323027	1.1302634331857786	0.1341589230066552	-0.043961895459784996	0.0583613139433051	FALSE	0.28909372274994966	28.721044428837228	28.23690002309109	29.057750463592832	0.37074144170588635	0.3723953238821935	0.37017423652493897	0.02351283871158888	0.022566176940390956	0.02209918015384651
C.1.2.1.1.5.1.4	C.00001.00002.00001.00001.00005.00001.00004	Part 770	+	0.9904575951728039	61.228467524051666	-57.03651010990143	-75.83242342807353	1.450999436849402	1.4465851973513726	1.3892521103541877	0.052761326607632594	-0.026873505293566823	0.04661180770760234	FALSE	0.28909372274994966	28.721044428837228	28.23690002309109	29.057750463592832	0.37074144170588635	0.3723953238821935	0.37017423652493897	0.02351283871158888	0.022566176940390956	0.02209918015384651
C.1.2.1.1.5.2.1	C.00001.00002.00001.00001.00005.00002.00001	Part 771	-	0.44893197653046807	-82.07687162794173	-22.418993525207043	44.156579952687025	0.5267818403123529	0.5375664968353558	0.5297466495891611	0.06213713452967075	0.011125821022531384	0.0032525252110808655	FALSE	0.28909372274994966	28.721044428837228	28.23690002309109	29.057750463592832	0.37074144170588635	0.3723953238821935	0.37017423652493897	0.02351283871158888	0.022566176940390956	0.02209918015384651
C.1.2.1.1.5.2.2	C.00001.00002.00001.00001.00005.00002.00002	Part 772	-	0.10964515079557896	-78.54775837622583	5.75883281417191	69.36393277719617	0.16545610425835094	0.1653972942144043	0.16613567936764315	-0.0015699121439025992	-4.238479312110214e-4	-1.6084089021757016e-4	FALSE	0.28909372274994966	28.721044428837228	28.23690002309109	29.057750463592832	0.37074144170588635	0.3723953238821935	0.37017423652493897	0.02351283871158888	0.022566176940390956	0.02209918015384651
C.1.2.1.1.5.2.3	C.00001.00002.00001.00001.00005.00002.00003	Part 773	+	0.9363493835476693	-71.53889937326312	49.92168517783284	-59.19090276584029	1.1456403850620283	1.0428318413211264	1.2169378553798562	0.0285679258404769	0.013028664946784282	-0.12759449934227868	FALSE	0.28909372274994966	28.721044428837228	28.23690002309109	29.057750463592832	0.37074144170588635	0.3723953238821935	0.37017423652493897	0.02351283871158888	0.022566176940390956	0.02209918015384651
C.1.2.1.1.5.3.1	C.00001.00002.00001.00001.00005.00003.00001	Part 774	-	0.22822092658933252	-42.45407823473215	65.19768619909883	68.07190831750631	0.2519599745029747	0.2849329417934086	0.2544985260512138	0.008337022183107324	0.002969449483961998	-0.016146147023346737	FALSE	0.28909372274994966	28.721044428837228	28.23690002309109	29.057750463592832	0.37074144170588635	0.3723953238821935	0.37017423652493897	0.02351283871158888	0.022566176940390956	0.02209918015384651
C.1.2.1.1.5.3.2	C.00001.00002.00001.00001.00005.00003.00002	Part 775	-	0.104783451550873	99.49730103835464	-41.50637527927756	24.398598726838827	0.15946042967904428	0.1360520345405073	0.1404153103220111	-0.003013201887400724	-0.010874443877669969	0.003281610730306406	FALSE	0.28909372274994966	28.721044428837228	28.23690002309109	29.057750463592832	0.37074144170588635	0.3723953238821935	0.37017423652493897	0.02351283871158888	0.022566176940390956	0.02209918015384651
C.1.2.1.1.5.3.3	C.00001.00002.00001.00001.00005.00003.00003	Part 776	+	0.9823710635530297	-42.41316132247448	16.09321190044284	67.75510092265904	1.2763381627499564	1.1808771402304434	1.2707901107618664	0.02686755004193902	0.13115652833312072	-0.0013094827294243363	FALSE	0.28909372274994966	28.721044428837228	28.23690002309109	29.057750463592832	0.37074144170588635	0.3723953238821935	0.37017423652493897	0.02351283871158888	0.022566176940390956	0.02209918015384651
C.1.2.1.1.5.3.4	C.00001.00002.00001.00001.00005.00003.00004	Part 777	+	0.7311486817158293	-80.91749688610435	31.412918213754892	-90.84783890284598	0.9980395740991406	1.053134739700956	0.9662200240424487	0.00528769245190217	-0.06299754912570033	-0.007697997122978592	FALSE	0.28909372274994966	28.721044428837228	28.23690002309109	29.057750463592832	0.37074144170588635	0.3723953238821935	0.37017423652493897	0.02351283871158888	0.022566176940390956	0.02209918015384651
C.1.2.1.2.1.1.1	C.00001.00002.00001.00002.00001.00001.00001	Part 778	+	0.41286444995505733	-80.11870658956468	-9.176073502749205	-93.96118237636983	0.5006014442701897	0.5613260149464682	0.5083341661142695	-0.008335125569639095	-0.0011739496303814223	0.011941151418716867	FALSE	0.28909372274994966	28.721044428837228	28.23690002309109	29.057750463592832	0.37074144170588635	0.3723953238821935	0.37017423652493897	0.02351283871158888	0.022566176940390956	0.02209918015384651
C.1.2.1.2.1.1.2	C.00001.00002.00001.00002.00001.00001.00002	Part 779	+	0.6349201471554116	-42.936782632023096	84.37530072405934	6.909901229664683	0.8262026797328038	0.7573006946951042	0.7951284252119959	-0.017584851290701836	0.0555827345314092	0.01313166517758729	FALSE	0.28909372274994966	28.721044428837228	28.23690002309109	29.057750463592832	0.37074144170588635	0.3723953238821935	0.37017423652493897	0.02351283871158888	0.022566176940390956	0.02209918015384651
C.1.2.1.2.1.1.3	C.00001.00002.00001.00002.00001.00001.00003	Part 780	-	0.8232423624026124	44.8974197730422	-14.16948288679123	18.04359396919608	0.8529543994773128	1.0005047722865716	0.8875006861511404	0.03742509760428832	-0.0202389373245859	-0.04347066600767492	FALSE	0.28909372274994966	28.721044428837228	28.23690002309109	29.057750463592832	0.37074144170588635	0.3723953238821935	0.37017423652493897	0.02351283871158888	0.022566176940390956	0.02209918015384651
C.1.2.1.2.1.2.1	C.00001.00002.00001.00002.00001.00002.00001	Part 781	+	0.8406150858458131	28.289434034377337	-92.75471246801317	54.273062804713845	1.0377826440673519	0.9991675080828684	0.9348811901149295	0.08029893263442443	-0.021818523502584213	0.02859973497923255	FALSE	0.28909372274994966	28.721044428837228	28.23690002309109	29.057750463592832	0.37074144170588635	0.3723953238821935	0.37017423652493897	0.02351283871158888	0.022566176940390956	0.02209918015384651
C.1.2.1.2.1.2.2	C.00001.00002.00001.00002.00001.00002.00002	Part 782	+	0.41138457311852833	-60.38090195506811	-74.73182738758624	-70.47930038534105	0.5922631980969985	0.5411192511834149	0.5990343141784179	-0.020869722686725885	-0.01523174005210233	0.023378957476498523	FALSE	0.28909372274994966	28.721044428837228	28.23690002309109	29.057750463592832	0.37074144170588635	0.3723953238821935	0.37017423652493897	0.02351283871158888	0.022566176940390956	0.02209918015384651
C.1.2.1.2.1.2.3	C.00001.00002.00001.00002.00001.00002.00003	Part 783	-	0.3103963250808883	-86.36587564833462	37.37825551070273	-12.789325974881649	0.4558636942131506	0.4362299037507578	0.41569703789169093	-0.01724698906522204	0.02656037023855388	-0.01424340741913138	FALSE	0.28909372274994966	28.721044428837228	28.23690002309109	29.057750463592832	0.37074144170588635	0.3723953238821935	0.37017423652493897	0.02351283871158888	0.022566176940390956	0.02209918015384651
C.1.2.1.2.1.2.4	C.00001.00002.00001.00002.00001.00002.00004	Part 784	-	0.6346428919578903	77.9730660840869	-28.495900006964803	-50.029381830245256	0.7329935548123732	0.7614634901049598	0.7121820272445466	-0.005801728419172125	0.03259256217629318	-0.0846216388887258	FALSE	0.28909372274994966	28.721044428837228	28.23690002309109	29.057750463592832	0.37074144170588635	0.3723953238821935	0.37017423652493897	0.02351283871158888	0.022566176940390956	0.02209918015384651
C.1.2.1.2.1.2.5	C.00001.00002.00001.00002.00001.00002.00005	Part 785	+	0.08807765604951419	48.47814557142556	-8.225739328190684	-99.26294223405421	0.11491125136854019	0.11290689270670443	0.11238279128986862	-0.0101107471521697	0.0052061339342657645	0.004563497151681397	FALSE	0.28909372274994966	28.721044428837228	28.23690002309109	29.057750463592832	0.37074144170588635	0.3723953238821935	0.37017423652493897	0.02351283871158888	0.022566176940390956	0.02209918015384651
C.1.2.1.2.2.1.1	C.00001.00002.00001.00002.00002.00001.00001	Part 786	+	0.7031996298830491	81.47697360254824	-43.803377309814095	86.12206494435668	0.8271366912517517	0.8186292982732727	0.804797359763256	0.021796703704930157	-0.023162278768574483	0.08761959001342756	FALSE	0.28909372274994966	28.721044428837228	28.23690002309109	29.057750463592832	0.37074144170588635	0.3723953238821935	0.37017423652493897	0.02351283871158888	0.022566176940390956	0.02209918015384651
C.1.2.1.2.2.1.2	C.00001.00002.00001.00002.00002.00001.00002	Part 787	-	0.6107096083378419	-10.976454429328442	61.08013056218624	-23.59348777681589	0.7580609423746537	0.8641249607043112	0.8865991324989235	-0.029844529749869755	0.0134027210150167	0.0010237878947334162	FALSE	0.28909372274994966	28.721044428837228	28.23690002309109	29.057750463592832	0.37074144170588635	0.3723953238821935	0.37017423652493897	0.02351283871158888	0.022566176940390956	0.02209918015384651
C.1.2.1.2.2.1.3	C.00001.00002.00001.00002.00002.00001.00003	Part 788	+	0.7216352113587782	-80.56707042269409	74.56366918049753	73.98471292108297	0.9517261039315572	0.9263140208916567	0.9808649857378658	-0.0807944541635773	-0.030194919784497253	0.04721151010382231	FALSE	0.28909372274994966	28.721044428837228	28.23690002309109	29.057750463592832	0.37074144170588635	0.3723953238821935	0.37017423652493897	0.02351283871158888	0.022566176940390956	0.02209918015384651
C.1.2.1.2.2.2.1	C.00001.00002.00001.00002.00002.00002.00001	Part 789	-	0.5963625535315369	-35.33959714695811	5.758345918729901	-10.905125783756375	0.7097071432749391	0.6050444493016389	0.7361689943627573	-0.0514443556230926	9.522132880161172e-4	0.0027711750428329107	FALSE	0.28909372274994966	28.721044428837228	28.23690002309109	29.057750463592832	0.37074144170588635	0.3723953238821935	0.37017423652493897	0.02351283871158888	0.022566176940390956	0.02209918015384651
C.1.2.1.2.2.2.2	C.00001.00002.00001.00002.00002.00002.00002	Part 790	+	0.3418703714166768	77.8700512368232	84.35743851587176	98.81083653308451	0.3761324052244434	0.4090230709603732	0.3315132307243925	-0.009686537253991271	-0.0016634354892348304	-0.007568236412766384	FALSE	0.28909372274994966	28.721044428837228	28.23690002309109	29.057750463592832	0.37074144170588635	0.3723953238821935	0.37017423652493897	0.02351283871158888	0.022566176940390956	0.02209918015384651
C.1.2.1.2.3.1.1	C.00001.00002.00001.00002.00003.00001.00001	Part 791	-	0.012558446371462195	-9.401254961267114	96.58035659231246	-64.46152739226818	0.015639866775647954	0.015467731929471446	0.018537051960053934	1.8817300658688984e-4	9.787084608281348e-4	7.396656484681778e-4	FALSE	0.28909372274994966	28.721044428837228	28.23690002309109	29.057750463592832	0.37074144170588635	0.3723953238821935	0.37017423652493897	0.02351283871158888	0.022566176940390956	0.02209918015384651
C.1.2.1.2.3.1.2	C.00001.00002.00001.00002.00003.00001.00002	Part 792	-	0.13000083908019588	-72.66408405266702	74.18267871253192	-38.575056521221995	0.1786128631912603	0.1621730835901498	0.16749981245858192	0.0027644068384633305	-5.334154205201602e-4	0.0036116496686958302	FALSE	0.28909372274994966	28.721044428837228	28.23690002309109	29.057750463592832	0.37074144170588635	0.3723953238821935	0.37017423652493897	0.02351283871158888	0.022566176940390956	0.02209918015384651
C.1.2.1.2.3.1.3	C.00001.00002.00001.00002.00003.00001.00003	Part 793	-	0.4713674660718534	22.665188275277615	-14.303641393780708	30.133107444271445	0.5397245576688406	0.6836537021671852	0.6085699672212673	-0.03318666805579211	0.008271110673804191	-0.039573510499747326	FALSE	0.28909372274994966	28.721044428837228	28.23690002309109	29.057750463592832	0.37074144170588635	0.3723953238821935	0.37017423652493897	0.02351283871158888	0.022566176940390956	0.02209918015384651
C.1.2.1.2.3.1.4	C.00001.00002.00001.00002.00003.00001.00004	Part 794	+	0.46327470292407086	-71.8374929856509	-79.42816913127899	-60.00831709243357	0.4667536653394323	0.5582397311971575	0.5499085677142368	-0.026660538558051554	0.040320603938838503	-0.03456744239219553	FALSE	0.28909372274994966	28.721044428837228	28.23690002309109	29.057750463592832	0.37074144170588635	0.3723953238821935	0.37017423652493897	0.02351283871158888	0.022566176940390956	0.02209918015384651
C.1.2.1.2.3.2.1	C.00001.00002.00001.00002.00003.00002.00001	Part 795	-	0.39806503427005374	33.050579437986016	-44.42807612940669	36.527072079479694	0.5221425703793039	0.5838256671670221	0.48283318939255543	-0.052691696772483615	-0.01589208358967671	0.03376923647044447	FALSE	0.28909372274994966	28.721044428837228	28.23690002309109	29.057750463592832	0.37074144170588635	0.3723953238821935	0.37017423652493897	0.02351283871158888	0.022566176940390956	0.02209918015384651
C.1.2.1.2.3.2.2	C.00001.00002.00001.00002.00003.00002.00002	Part 796	+	0.12597863628156483	85.793522791937	19.847188564017415	39.365075808018446	0.13465962923434727	0.14294484600814117	0.13153587967221464	-0.008150964249004536	-0.003214904828495585	-0.0035920655210944325	FALSE	0.28909372274994966	28.721044428837228	28.23690002309109	29.057750463592832	0.37074144170588635	0.3723953238821935	0.37017423652493897	0.02351283871158888	0.022566176940390956	0.02209918015384651
C.1.2.1.2.3.3.1	C.00001.00002.00001.00002.00003.00003.00001	Part 797	+	0.07205253432295285	68.93592262640595	-2.637602109462023	99.48066803626716	0.11211532557190812	0.10582829990345527	0.10527760182278931	0.004385117292331931	-0.0037896988567930195	0.0019253537541727747	FALSE	0.28909372274994966	28.721044428837228	28.23690002309109	29.057750463592832	0.37074144170588635	0.3723953238821935	0.37017423652493897	0.02351283871158888	0.022566176940390956	0.02209918015384651
C.1.2.1.2.3.3.2	C.00001.00002.00001.00002.00003.00003.00002	Part 798	+	0.15758021018328144	-68.36304180324078	-25.796094117686152	6.208848906680942	0.15362150771886662	0.20440283854162733	0.18334220277604707	-8.39053861175939e-4	-0.020888683997046145	-3.394102806807878e-4	FALSE	0.28909372274994966	28.721044428837228	28.23690002309109	29.057750463592832	0.37074144170588635	0.3723953238821935	0.37017423652493897	0.02351283871158888	0.022566176940390956	0.02209918015384651
C.1.2.1.2.3.3.3	C.00001.00002.00001.00002.00003.00003.00003	Part 799	+	0.9852040670020505	8.059286838397384	-39.23310409300029	86.49324448779225	1.1073300174930836	1.1611449787739927	1.019627518350172	0.0070599408844334	-0.04051163122632177	0.024918638078416794	FALSE	0.28909372274994966	28.721044428837228	28.23690002309109	29.057750463592832	0.37074144170588635	0.3723953238821935	0.37017423652493897	0.02351283871158888	0.022566176940390956	0.02209918015384651
C.1.2.1.2.3.4.1	C.00001.00002.00001.00002.00003.00004.00001	Part 800	-	0.412517970159417	33.30162116326392	-51.69420065358281	18.527037790045142	0.39914024350096833	0.4004222290436658	0.4117342307167128	0.016242073070566482	-0.00856392281014176	0.008455876638044018	FALSE	0.28909372274994966	28.721044428837228	28.23690002309109	29.057750463592832	0.37074144170588635	0.3723953238821935	0.37017423652493897	0.02351283871158888	0.022566176940390956	0.02209918015384651
C.1.2.1.2.3.4.2	C.00001.00002.00001.00002.00003.00004.00002	Part 801	-	0.8211163207006175	-38.44122253358364	23.973912466317415	-6.632704706862569	1.0889735886199274	1.075248296849076	1.0801764746287663	-0.0027327348575962762	0.00799863620921257	-0.0016216595719821237	FALSE	0.28909372274994966	28.721044428837228	28.23690002309109	29.057750463592832	0.37074144170588635	0.3723953238821935	0.37017423652493897	0.02351283871158888	0.022566176940390956	0.02209918015384651
C.1.2.1.2.3.4.3	C.00001.00002.00001.00002.00003.00004.00003	Part 802	+	0.13423355266870932	88.8820132240653	-57.840714836493134	54.37013851478696	0.18268631099148483	0.17522656286624175	0.18576274098727155	0.017604999117550334	-0.006578320417710843	-1.542702207145344e-4	FALSE	0.28909372274994966	28.721044428837228	28.23690002309109	29.057750463592832	0.37074144170588635	0.3723953238821935	0.37017423652493897	0.02351283871158888	0.022566176940390956	0.02209918015384651
C.1.2.1.2.3.4.4	C.00001.00002.00001.00002.00003.00004.00004	Part 803	-	0.8582629183065146	85.00370723195374	58.3015123847872	-96.42108110710979	1.1485407594489083	1.148576204634625	1.201531343942549	-0.012600764820023994	-0.03880720970075034	0.041898289418054985	FALSE	0.28909372274994966	28.721044428837228	28.23690002309109	29.057750463592832	0.37074144170588635	0.3723953238821935	0.37017423652493897	0.02351283871158888	0.022566176940390956	0.02209918015384651
C.1.2.1.2.4.1.1	C.00001.00002.00001.00002.00004.00001.00001	Part 804	-	0.8647730712809134	-37.79769390821457	18.432783475145698	54.54795099794865	1.0818066292808868	1.2149066237522415	1.121349771579344	-0.004667889009889363	0.02446029180214645	-0.04858962275700097	FALSE	0.28909372274994966	28.721044428837228	28.23690002309109	29.057750463592832	0.37074144170588635	0.3723953238821935	0.37017423652493897	0.02351283871158888	0.022566176940390956	0.02209918015384651
C.1.2.1.2.4.1.2	C.00001.00002.00001.00002.00004.00001.00002	Part 805	-	0.23963028427539393	-75.16429228708148	16.32254645228386	20.508430479094386	0.23867241040814213	0.24458769615327913	0.256001055701629	0.006184236335142613	-0.0021676407206270626	0.0012573111645372299	FALSE	0.28909372274994966	28.721044428837228	28.23690002309109	29.057750463592832	0.37074144170588635	0.3723953238821935	0.37017423652493897	0.02351283871158888	0.022566176940390956	0.02209918015384651
C.1.2.1.2.4.1.3	C.00001.00002.00001.00002.00004.00001.00003	Part 806	+	0.3267420998723246	-8.890654006972909	-72.87516864016652	-38.81826470606029	0.49996237008511313	0.5173728381077084	0.4843805826064876	0.012501945870505272	8.661031078263801e-4	-0.0019662385902962194	FALSE	0.28909372274994966	28.721044428837228	28.23690002309109	29.057750463592832	0.37074144170588635	0.3723953238821935	0.37017423652493897	0.02351283871158888	0.022566176940390956	0.02209918015384651
C.1.2.1.2.4.1.4	C.00001.00002.00001.00002.00004.00001.00004	Part 807	+	0.7272897051302716	-68.14796905964613	76.05666127055883	-6.900419574230909	0.9791768215990834	0.8860704797712587	0.9374630954174443	-0.0013869810325858574	-0.09247330388404815	0.03117674101409234	FALSE	0.28909372274994966	28.721044428837228	28.23690002309109	29.057750463592832	0.37074144170588635	0.3723953238821935	0.37017423652493897	0.02351283871158888	0.022566176940390956	0.02209918015384651
C.1.2.1.2.4.1.5	C.00001.00002.00001.00002.00004.00001.00005	Part 808	-	0.5658271773017477	-83.25843545608222	76.97888850234449	-78.31415301188827	0.662750235422354	0.6280813471229602	0.5957829620488266	0.048334660757939886	0.05409607205209871	-0.08089780142635626	FALSE	0.28909372274994966	28.721044428837228	28.23690002309109	29.057750463592832	0.37074144170588635	0.3723953238821935	0.37017423652493897	0.02351283871158888	0.022566176940390956	0.02209918015384651
C.1.2.1.2.4.2.1	C.00001.00002.00001.00002.00004.00002.00001	Part 809	+	0.7216553364193533	44.51233926229179	-8.224520226940513	-35.627303225919604	0.666792743125651	0.6557724275868243	0.6726569936945448	-4.3038234080768e-4	0.004284782359878392	0.0020786959521412766	FALSE	0.28909372274994966	28.721044428837228	28.23690002309109	29.057750463592832	0.37074144170588635	0.3723953238821935	0.37017423652493897	0.02351283871158888	0.022566176940390956	0.02209918015384651
C.1.2.1.2.4.2.2	C.00001.00002.00001.00002.00004.00002.00002	Part 810	+	0.01931958820275031	52.15042610652745	5.777149787172675	-77.41399575024843	0.017896556317728483	0.01988321596731473	0.01947780938952731	7.51949920685642e-4	4.743783020453926e-4	-2.603821331912986e-4	FALSE	0.28909372274994966	28.721044428837228	28.23690002309109	29.057750463592832	0.37074144170588635	0.3723953238821935	0.37017423652493897	0.02351283871158888	0.022566176940390956	0.02209918015384651
C.1.2.1.2.4.2.3	C.00001.00002.00001.00002.00004.00002.00003	Part 811	-	0.2918663719270844	-22.43285053409636	-0.4365658853203058	-49.58274313248694	0.3453957261489187	0.4168891183516289	0.35299767673283033	0.022476549351943383	0.0017258267198888917	0.02189942386670761	FALSE	0.28909372274994966	28.721044428837228	28.23690002309109	29.057750463592832	0.37074144170588635	0.3723953238821935	0.37017423652493897	0.02351283871158888	0.022566176940390956	0.02209918015384651
C.1.2.1.2.4.2.4	C.00001.00002.00001.00002.00004.00002.00004	Part 812	-	0.19939040533732624	-56.36100363917649	-23.49372375756502	-59.79600944556296	0.19048126678535066	0.21806339046888587	0.22083404888702535	-0.007184577928820353	-0.011433031338499766	3.2399330677648796e-4	FALSE	0.28909372274994966	28.721044428837228	28.23690002309109	29.057750463592832	0.37074144170588635	0.3723953238821935	0.37017423652493897	0.02351283871158888	0.022566176940390956	0.02209918015384651
C.1.2.1.2.4.3.1	C.00001.00002.00001.00002.00004.00003.00001	Part 813	+	0.8357904310591985	32.309469394385815	-65.08840187452734	37.25717789493501	0.9874327269102298	1.0731532789619918	1.1380284466214423	-0.046133088263470054	0.07240316233168473	0.09490695105118563	FALSE	0.28909372274994966	28.721044428837228	28.23690002309109	29.057750463592832	0.37074144170588635	0.3723953238821935	0.37017423652493897	0.02351283871158888	0.022566176940390956	0.02209918015384651
C.1.2.1.2.4.3.2	C.00001.00002.00001.00002.00004.00003.00002	Part 814	+	0.5276788520901464	60.75677811168134	-93.28174190595746	-31.71930005773902	0.6752545313641664	0.6110967434861267	0.6282835263497757	-0.06003160079778154	-0.005637790823054593	0.05150892182210934	FALSE	0.28909372274994966	28.721044428837228	28.23690002309109	29.057750463592832	0.37074144170588635	0.3723953238821935	0.37017423652493897	0.02351283871158888	0.022566176940390956	0.02209918015384651
C.1.2.1.2.4.3.3	C.00001.00002.00001.00002.00004.00003.00003	Part 815	-	0.2866579179561231	10.567488567903638	-55.383821576833725	-90.33429166302085	0.2828717220816637	0.2635401302214018	0.29447554542632004	-0.005990270880614783	-0.007200619651265321	-0.006458395974597997	FALSE	0.28909372274994966	28.721044428837228	28.23690002309109	29.057750463592832	0.37074144170588635	0.3723953238821935	0.37017423652493897	0.02351283871158888	0.022566176940390956	0.02209918015384651
C.1.2.1.2.4.3.4	C.00001.00002.00001.00002.00004.00003.00004	Part 816	+	0.8911068134093657	-39.10878994502127	-32.458433182910085	42.827041214331985	1.100414917126418	1.2747139134981942	1.0349239848879837	-0.03431938115177424	-0.0012769543540904595	-0.03302775050662109	FALSE	0.28909372274994966	28.721044428837228	28.23690002309109	29.057750463592832	0.37074144170588635	0.3723953238821935	0.37017423652493897	0.02351283871158888	0.022566176940390956	0.02209918015384651
C.1.2.1.2.4.3.5	C.00001.00002.00001.00002.00004.00003.00005	Part 817	-	0.5669845616898965	-7.781800953671336	-60.454552387818694	-68.42243811115623	0.7587028294971988	0.7384174111092835	0.7963515283495621	-0.016928491794814732	0.014297663231862084	-0.03456291632365647	FALSE	0.28909372274994966	28.721044428837228	28.23690002309109	29.057750463592832	0.37074144170588635	0.3723953238821935	0.37017423652493897	0.02351283871158888	0.022566176940390956	0.02209918015384651
C.1.2.1.2.4.4.1	C.00001.00002.00001.00002.00004.00004.00001	Part 818	-	0.02775987434736453	-19.107882492244244	81.39040870591998	59.768469678238034	0.03352117541400993	0.0300113556906247	0.03371325362756814	5.84289461273048e-4	1.557363225420622e-5	1.3984997185589767e-4	FALSE	0.28909372274994966	28.721044428837228	28.23690002309109	29.057750463592832	0.37074144170588635	0.3723953238821935	0.37017423652493897	0.02351283871158888	0.022566176940390956	0.02209918015384651
C.1.2.1.2.4.4.2	C.00001.00002.00001.00002.00004.00004.00002	Part 819	-	0.9975247924628202	-58.52100886404514	-26.248004660010338	-96.36492184363306	1.050472921541383	1.050829997993463	1.1079224008382247	0.08026193042551114	-0.006639878179441545	0.009955918427628926	FALSE	0.28909372274994966	28.721044428837228	28.23690002309109	29.057750463592832	0.37074144170588635	0.3723953238821935	0.37017423652493897	0.02351283871158888	0.022566176940390956	0.02209918015384651
C.1.2.1.2.4.4.3	C.00001.00002.00001.00002.00004.00004.00003	Part 820	-	0.7841411937372759	-60.44355579651892	42.51666353084147	51.213312428444624	0.8011600518152019	0.7446147060284282	0.8025036987373738	0.024794181776634387	-0.007208786809275782	0.01855066335371411	FALSE	0.28909372274994966	28.721044428837228	28.23690002309109	29.057750463592832	0.37074144170588635	0.3723953238821935	0.37017423652493897	0.02351283871158888	0.022566176940390956	0.02209918015384651
C.1.2.1.2.4.4.4	C.00001.00002.00001.00002.00004.00004.00004	Part 821	+	0.0707622840164695	48.25788256712258	-39.542839117348194	7.862336887046695	0.08701404964993782	0.0881479928677735	0.0938627547885274	-0.00366943115564693	0.004602252210396301	0.010378993873078925	FALSE	0.28909372274994966	28.721044428837228	28.23690002309109	29.057750463592832	0.37074144170588635	0.3723953238821935	0.37017423652493897	0.02351283871158888	0.022566176940390956	0.02209918015384651
C.1.2.1.2.4.5.1	C.00001.00002.00001.00002.00004.00005.00001	Part 822	+	0.4072078144229017	92.35317665152252	-64.68316460959613	-19.350315490737557	0.5885837720038378	0.5697786219384158	0.5984418258242137	-0.017945362807275135	-0.0010926556153732828	0.0026388096326256747	FALSE	0.28909372274994966	28.721044428837228	28.23690002309109	29.057750463592832	0.37074144170588635	0.3723953238821935	0.37017423652493897	0.02351283871158888	0.022566176940390956	0.02209918015384651
C.1.2.1.2.4.5.2	C.00001.00002.00001.00002.00004.00005.00002	Part 823	+	0.9981345199504867	45.81385510973632	80.57540208101273	13.06322286836803	1.192093828866941	1.3392310748014664	1.2369976623306118	-0.07465667576540179	0.10022896612910404	0.08967724443355796	FALSE	0.28909372274994966	28.721044428837228	28.23690002309109	29.057750463592832	0.37074144170588635	0.3723953238821935	0.37017423652493897	0.02351283871158888	0.022566176940390956	0.02209918015384651
C.1.2.1.2.4.5.3	C.00001.00002.00001.00002.00004.00005.00003	Part 824	-	0.10764958786056376	-42.19682705588639	-56.996966851875186	-30.298014730215073	0.1513570280368388	0.15423437224017236	0.148468888734851	0.010718228458854992	-0.007946938892291297	-0.009001581295385176	FALSE	0.28909372274994966	28.721044428837228	28.23690002309109	29.057750463592832	0.37074144170588635	0.3723953238821935	0.37017423652493897	0.02351283871158888	0.022566176940390956	0.02209918015384651
C.1.2.1.2.4.5.4	C.00001.00002.00001.00002.00004.00005.00004	Part 825	-	0.920315902720904	-54.29401402361691	-64.4571793731302	-91.76239422522485	1.2570674329021974	1.3000220753039593	1.4227641175875914	-0.01764992457399503	-0.06822718357408744	0.0788622042842433	FALSE	0.28909372274994966	28.721044428837228	28.23690002309109	29.057750463592832	0.37074144170588635	0.3723953238821935	0.37017423652493897	0.02351283871158888	0.022566176940390956	0.02209918015384651
C.1.2.1.2.5.1.1	C.00001.00002.00001.00002.00005.00001.00001	Part 826	-	0.35472945754113605	-32.57354265078902	-54.359632916748524	-60.033038118854165	0.39465533938161407	0.3708428361104746	0.4016438495341792	-0.00901885303641029	-0.008405056752999634	-0.039442214739952464	FALSE	0.28909372274994966	28.721044428837228	28.23690002309109	29.057750463592832	0.37074144170588635	0.3723953238821935	0.37017423652493897	0.02351283871158888	0.022566176940390956	0.02209918015384651
C.1.2.1.2.5.1.2	C.00001.00002.00001.00002.00005.00001.00002	Part 827	+	0.31314228507853115	73.49771121516824	-14.560205908492208	-57.27238794788718	0.3536357841739443	0.38870651252086724	0.3836471681829062	-0.003130433380554972	0.001020412698138922	0.029871025344772557	FALSE	0.28909372274994966	28.721044428837228	28.23690002309109	29.057750463592832	0.37074144170588635	0.3723953238821935	0.37017423652493897	0.02351283871158888	0.022566176940390956	0.02209918015384651
C.1.2.1.2.5.1.3	C.00001.00002.00001.00002.00005.00001.00003	Part 828	+	0.7795113956751302	-88.55164228007197	-95.1529074460268	-29.581688018515706	1.1342216883989427	1.0789138109344536	1.1353333188813315	-0.02123559450439876	-0.003284069208180234	-0.02408775241072387	FALSE	0.28909372274994966	28.721044428837228	28.23690002309109	29.057750463592832	0.37074144170588635	0.3723953238821935	0.37017423652493897	0.02351283871158888	0.022566176940390956	0.02209918015384651
C.1.2.1.2.5.1.4	C.00001.00002.00001.00002.00005.00001.00004	Part 829	+	0.20580471056792884	-68.28695512376726	-73.13819658011198	-43.99308650754392	0.27761592021355075	0.29510629942027644	0.24858597897777807	-0.013734226100615247	-0.0029774467758205787	-0.004131084819970121	FALSE	0.28909372274994966	28.721044428837228	28.23690002309109	29.057750463592832	0.37074144170588635	0.3723953238821935	0.37017423652493897	0.02351283871158888	0.022566176940390956	0.02209918015384651
C.1.2.1.2.5.1.5	C.00001.00002.00001.00002.00005.00001.00005	Part 830	-	0.6863058004488702	-50.50122821703553	-9.431499196216464	58.41679130680859	0.8655261883665156	0.8530180555528631	0.8814957000538955	0.026716929532031388	-0.009397924121129757	0.010086649848528272	FALSE	0.28909372274994966	28.721044428837228	28.23690002309109	29.057750463592832	0.37074144170588635	0.3723953238821935	0.37017423652493897	0.02351283871158888	0.022566176940390956	0.02209918015384651
C.1.2.1.2.5.2.1	C.00001.00002.00001.00002.00005.00002.00001	Part 831	-	0.5344961925768293	31.313461251556873	-69.91904112510383	-96.5362448245287	0.5897612726838234	0.5753336902253086	0.5716296806534101	-0.03224629452045791	-0.01831237160975026	-0.01580900411041409	FALSE	0.28909372274994966	28.721044428837228	28.23690002309109	29.057750463592832	0.37074144170588635	0.3723953238821935	0.37017423652493897	0.02351283871158888	0.022566176940390956	0.02209918015384651
C.1.2.1.2.5.2.2	C.00001.00002.00001.00002.00005.00002.00002	Part 832	+	0.5820001744835172	-2.857040846720338	38.35672647692263	79.24908045679331	0.7097826186053038	0.7219674236698198	0.7318502106340017	0.005117095709049087	0.029877279594565147	0.020985204599652585	FALSE	0.28909372274994966	28.721044428837228	28.23690002309109	29.057750463592832	0.37074144170588635	0.3723953238821935	0.37017423652493897	0.02351283871158888	0.022566176940390956	0.02209918015384651
C.1.2.1.2.5.2.3	C.00001.00002.00001.00002.00005.00002.00003	Part 833	+	0.25039263765048236	-71.0338328499347	76.33703076280653	-25.62081404030323	0.3791176394540979	0.29990790383627103	0.3254716396937155	-0.002602383852669089	0.021845858598623	0.0045430762067803394	FALSE	0.28909372274994966	28.721044428837228	28.23690002309109	29.057750463592832	0.37074144170588635	0.3723953238821935	0.37017423652493897	0.02351283871158888	0.022566176940390956	0.02209918015384651
C.1.2.1.3.1.1.1	C.00001.00002.00001.00003.00001.00001.00001	Part 834	+	0.40099378614360465	-63.31187314353883	24.416656279936433	20.430675148963928	0.43389863714674715	0.4136057863438934	0.4511421402189289	-0.033465300315132056	-0.0071074181250441355	0.003935043067827086	FALSE	0.28909372274994966	28.721044428837228	28.23690002309109	29.057750463592832	0.37074144170588635	0.3723953238821935	0.37017423652493897	0.02351283871158888	0.022566176940390956	0.02209918015384651
C.1.2.1.3.1.1.2	C.00001.00002.00001.00003.00001.00001.00002	Part 835	+	0.3965485842186026	-37.19825576990843	35.98375837318599	85.53113783709705	0.4887816802310661	0.4759077769836566	0.47835749363910546	-0.02665996960369591	-0.034850689630659654	0.026177675493291808	FALSE	0.28909372274994966	28.721044428837228	28.23690002309109	29.057750463592832	0.37074144170588635	0.3723953238821935	0.37017423652493897	0.02351283871158888	0.022566176940390956	0.02209918015384651
C.1.2.1.3.1.1.3	C.00001.00002.00001.00003.00001.00001.00003	Part 836	-	0.8315259313513524	15.8177703153342	23.80897239781916	7.037206087261438	0.9275314361620922	1.0193814559402556	1.056605242268911	0.07547228895137376	-0.0022189472138	0.04228784251264097	FALSE	0.28909372274994966	28.721044428837228	28.23690002309109	29.057750463592832	0.37074144170588635	0.3723953238821935	0.37017423652493897	0.02351283871158888	0.022566176940390956	0.02209918015384651
C.1.2.1.3.1.1.4	C.00001.00002.00001.00003.00001.00001.00004	Part 837	+	0.723409161610296	-98.86088455095887	-64.86939382739365	35.91932603158057	0.8889606265451537	0.8428181531060767	0.8737200009732881	0.026297500605374745	-0.015683970796338036	0.05770215468870961	FALSE	0.28909372274994966	28.721044428837228	28.23690002309109	29.057750463592832	0.37074144170588635	0.3723953238821935	0.37017423652493897	0.02351283871158888	0.022566176940390956	0.02209918015384651
C.1.2.1.3.1.2.1	C.00001.00002.00001.00003.00001.00002.00001	Part 838	-	0.18060214138007724	40.98220723681152	-36.13418573513627	67.83918738365173	0.17763309127981006	0.1833857910489603	0.17439103717133309	0.007774736480611695	0.0036302044481339012	0.005082938168061955	FALSE	0.28909372274994966	28.721044428837228	28.23690002309109	29.057750463592832	0.37074144170588635	0.3723953238821935	0.37017423652493897	0.02351283871158888	0.022566176940390956	0.02209918015384651
C.1.2.1.3.1.2.2	C.00001.00002.00001.00003.00001.00002.00002	Part 839	-	0.04448513200553134	-94.68534686602652	50.96291727386415	45.531967328861356	0.048070007514982596	0.05155913239151727	0.04919815742735186	-3.405101173115414e-4	2.667001804250943e-4	-0.0011680604355123628	FALSE	0.28909372274994966	28.721044428837228	28.23690002309109	29.057750463592832	0.37074144170588635	0.3723953238821935	0.37017423652493897	0.02351283871158888	0.022566176940390956	0.02209918015384651
C.1.2.1.3.1.2.3	C.00001.00002.00001.00003.00001.00002.00003	Part 840	+	0.8832804494213778	99.69018320553005	-21.789415599778295	47.132286708801985	1.037771344959049	1.227757984799689	1.1584179282114149	2.0116007688728452e-4	0.023356926861564535	0.01975443995295485	FALSE	0.28909372274994966	28.721044428837228	28.23690002309109	29.057750463592832	0.37074144170588635	0.3723953238821935	0.37017423652493897	0.02351283871158888	0.022566176940390956	0.02209918015384651
C.1.2.1.3.1.3.1	C.00001.00002.00001.00003.00001.00003.00001	Part 841	-	0.6974133238613139	58.90536648221314	11.541157588362694	42.282070592045784	0.7733964985157729	0.9014774039244129	0.8169174212999276	0.0870349451067998	0.02392171970335654	0.02333493268479006	FALSE	0.28909372274994966	28.721044428837228	28.23690002309109	29.057750463592832	0.37074144170588635	0.3723953238821935	0.37017423652493897	0.02351283871158888	0.022566176940390956	0.02209918015384651
C.1.2.1.3.1.3.2	C.00001.00002.00001.00003.00001.00003.00002	Part 842	-	0.4710435666393023	-61.673590913414955	-27.983535081148148	-97.16738099232316	0.5614294522864547	0.5569097222664281	0.6337890002713044	0.0037484803960846948	0.0024649904939099583	-0.0064300217386122575	FALSE	0.28909372274994966	28.721044428837228	28.23690002309109	29.057750463592832	0.37074144170588635	0.3723953238821935	0.37017423652493897	0.02351283871158888	0.022566176940390956	0.02209918015384651
C.1.2.1.3.1.3.3	C.00001.00002.00001.00003.00001.00003.00003	Part 843	-	0.5676760180015117	70.62185569666326	-5.148091074079275	-45.27322403155267	0.6506581121627749	0.6773699207006573	0.8307662490023936	-0.03918493957988709	0.01553861912446197	-0.02922590426635077	FALSE	0.28909372274994966	28.721044428837228	28.23690002309109	29.057750463592832	0.37074144170588635	0.3723953238821935	0.37017423652493897	0.02351283871158888	0.022566176940390956	0.02209918015384651
C.1.2.1.3.1.3.4	C.00001.00002.00001.00003.00001.00003.00004	Part 844	-	0.36819439607369714	-19.362441822886467	76.76816508173943	-20.25180640630424	0.40684972322174673	0.3816103408811263	0.40004719993120336	-0.00459355852336243	0.01398166946070881	0.005299486149481961	FALSE	0.28909372274994966	28.721044428837228	28.23690002309109	29.057750463592832	0.37074144170588635	0.3723953238821935	0.37017423652493897	0.02351283871158888	0.022566176940390956	0.02209918015384651
C.1.2.1.3.1.4.1	C.00001.00002.00001.00003.00001.00004.00001	Part 845	-	0.17836986341816374	-84.28431488573551	11.25832605175674	36.66739072650671	0.20491633877743987	0.21112120229710843	0.20690681109857711	0.006710751585280946	-0.015210111434240042	-0.002353009527986966	FALSE	0.28909372274994966	28.721044428837228	28.23690002309109	29.057750463592832	0.37074144170588635	0.3723953238821935	0.37017423652493897	0.02351283871158888	0.022566176940390956	0.02209918015384651
C.1.2.1.3.1.4.2	C.00001.00002.00001.00003.00001.00004.00002	Part 846	-	0.025595546347554773	6.225353619083762	45.47065733931959	-46.5387755073607	0.036601651673853056	0.03465495501650911	0.036434757713451886	6.698178929613933e-4	6.956095830493443e-5	-9.337699946537705e-5	FALSE	0.28909372274994966	28.721044428837228	28.23690002309109	29.057750463592832	0.37074144170588635	0.3723953238821935	0.37017423652493897	0.02351283871158888	0.022566176940390956	0.02209918015384651
C.1.2.1.3.1.4.3	C.00001.00002.00001.00003.00001.00004.00003	Part 847	-	0.7577999298607465	57.1947630494833	-29.537076270207763	62.86085303872824	0.8989543317891859	0.93669153846115	0.9273691313152126	0.006974220493670368	-0.0015070331325996455	-0.004893940154830681	FALSE	0.28909372274994966	28.721044428837228	28.23690002309109	29.057750463592832	0.37074144170588635	0.3723953238821935	0.37017423652493897	0.02351283871158888	0.022566176940390956	0.02209918015384651
C.1.2.1.3.1.4.4	C.00001.00002.00001.00003.00001.00004.00004	Part 848	+	0.4715934967182111	-51.51402843184769	81.42598224803805	16.80910838767886	0.5489609593213219	0.5693346421181444	0.6659487347226564	0.03993464009478294	-0.023106712773182526	-0.006797290756618564	FALSE	0.28909372274994966	28.721044428837228	28.23690002309109	29.057750463592832	0.37074144170588635	0.3723953238821935	0.37017423652493897	0.02351283871158888	0.022566176940390956	0.02209918015384651
C.1.2.1.3.1.5.1	C.00001.00002.00001.00003.00001.00005.00001	Part 849	-	0.7584273910708725	98.75570465810597	38.16164047457278	42.628013947978616	0.9456711438455622	0.8135015464339254	0.9009828819031636	0.025686869040586	-0.0025239344307033413	-0.06813605856113383	FALSE	0.28909372274994966	28.721044428837228	28.23690002309109	29.057750463592832	0.37074144170588635	0.3723953238821935	0.37017423652493897	0.02351283871158888	0.022566176940390956	0.02209918015384651
C.1.2.1.3.1.5.2	C.00001.00002.00001.00003.00001.00005.00002	Part 850	-	0.07093144333455711	-90.91553427278996	71.49170157499611	-94.74786752834916	0.08694027832231106	0.07925489046836325	0.07676549023377613	-7.213143040008382e-4	-0.008296425753552775	-0.0014388781583278211	FALSE	0.28909372274994966	28.721044428837228	28.23690002309109	29.057750463592832	0.37074144170588635	0.3723953238821935	0.37017423652493897	0.02351283871158888	0.022566176940390956	0.02209918015384651
C.1.2.1.3.2.1.1	C.00001.00002.00001.00003.00002.00001.00001	Part 851	-	0.16698747498332522	79.75233374163508	-42.011516727507114	-50.059696519747376	0.2446022948140927	0.24626061312165018	0.23472495987538344	-0.002972235633421123	0.0029887339776154863	0.013387998794383862	FALSE	0.28909372274994966	28.721044428837228	28.23690002309109	29.057750463592832	0.37074144170588635	0.3723953238821935	0.37017423652493897	0.02351283871158888	0.022566176940390956	0.02209918015384651
C.1.2.1.3.2.1.2	C.00001.00002.00001.00003.00002.00001.00002	Part 852	-	0.8872344696600921	33.247135719284415	-13.975840294733644	-74.10353431478143	1.0351687186330198	1.0173308018021852	1.1655502162221663	-1.5872870575983403e-4	-0.10618243061171033	-0.02182010108579728	FALSE	0.28909372274994966	28.721044428837228	28.23690002309109	29.057750463592832	0.37074144170588635	0.3723953238821935	0.37017423652493897	0.02351283871158888	0.022566176940390956	0.02209918015384651
C.1.2.1.3.2.1.3	C.00001.00002.00001.00003.00002.00001.00003	Part 853	-	0.7200871382390615	84.28843710571527	-76.57057633623481	-24.23769822344184	0.7041585712206068	0.7016647586513276	0.7074755072409198	0.0027835058640887454	-0.011163511440675228	-0.034477368700925395	FALSE	0.28909372274994966	28.721044428837228	28.23690002309109	29.057750463592832	0.37074144170588635	0.3723953238821935	0.37017423652493897	0.02351283871158888	0.022566176940390956	0.02209918015384651
C.1.2.1.3.2.2.1	C.00001.00002.00001.00003.00002.00002.00001	Part 854	+	0.06637552624614909	-65.73344920761883	42.837348533794284	-47.21266976557672	0.07601141126649608	0.07311074736691542	0.07816037962959646	-0.003240559665272272	5.301398026383039e-4	2.3359646076289906e-4	FALSE	0.28909372274994966	28.721044428837228	28.23690002309109	29.057750463592832	0.37074144170588635	0.3723953238821935	0.37017423652493897	0.02351283871158888	0.022566176940390956	0.02209918015384651
C.1.2.1.3.2.2.2	C.00001.00002.00001.00003.00002.00002.00002	Part 855	-	0.651910930801183	30.22468676790595	-98.74559822492301	-17.42980726994574	0.8577564852089625	0.7401335690513332	0.8739325202977855	-0.05112854812300843	0.005699994729036106	0.016233382108483515	FALSE	0.28909372274994966	28.721044428837228	28.23690002309109	29.057750463592832	0.37074144170588635	0.3723953238821935	0.37017423652493897	0.02351283871158888	0.022566176940390956	0.02209918015384651
C.1.2.1.3.2.2.3	C.00001.00002.00001.00003.00002.00002.00003	Part 856	-	0.7030004933588206	-19.05247075483203	-20.96820971928537	30.952070746570826	0.7477947201232356	0.7509087750921246	0.6083553538837135	0.004966556991600009	-0.024876684771466758	0.02692203311809019	FALSE	0.28909372274994966	28.721044428837228	28.23690002309109	29.057750463592832	0.37074144170588635	0.3723953238821935	0.37017423652493897	0.02351283871158888	0.022566176940390956	0.02209918015384651
C.1.2.1.3.2.2.4	C.00001.00002.00001.00003.00002.00002.00004	Part 857	-	0.3131305677311029	-78.30029143951833	-86.1513308249414	19.880848145112395	0.47021226519225606	0.47282941316419513	0.49582818660291456	-0.004039362404676732	-0.0029216016162537327	0.008060700605007121	FALSE	0.28909372274994966	28.721044428837228	28.23690002309109	29.057750463592832	0.37074144170588635	0.3723953238821935	0.37017423652493897	0.02351283871158888	0.022566176940390956	0.02209918015384651
C.1.2.1.3.2.3.1	C.00001.00002.00001.00003.00002.00003.00001	Part 858	-	0.00933534731529653	-47.66736491583288	-14.171905443072319	61.94947957992554	0.012872223157351688	0.011692039029950179	0.012112301882123434	-8.5968288171009e-4	-0.0013162378460921578	2.3031250823094397e-4	FALSE	0.28909372274994966	28.721044428837228	28.23690002309109	29.057750463592832	0.37074144170588635	0.3723953238821935	0.37017423652493897	0.02351283871158888	0.022566176940390956	0.02209918015384651
C.1.2.1.3.2.3.2	C.00001.00002.00001.00003.00002.00003.00002	Part 859	-	0.4648861519698985	69.58614005707204	56.126068299636245	48.7769422121346	0.5964410415207153	0.4803773995355326	0.6377796703367564	0.003160270056478289	0.019801128400824486	0.005662558371979268	FALSE	0.28909372274994966	28.721044428837228	28.23690002309109	29.057750463592832	0.37074144170588635	0.3723953238821935	0.37017423652493897	0.02351283871158888	0.022566176940390956	0.02209918015384651
C.1.2.1.3.2.3.3	C.00001.00002.00001.00003.00002.00003.00003	Part 860	-	0.5012732081627473	76.55848963186145	44.267522636801004	16.963543090969324	0.6205684414365252	0.6257512516446063	0.6233369809397908	0.0028794879059003088	-0.003101390170643961	4.958489557705843e-4	FALSE	0.28909372274994966	28.721044428837228	28.23690002309109	29.057750463592832	0.37074144170588635	0.3723953238821935	0.37017423652493897	0.02351283871158888	0.022566176940390956	0.02209918015384651
C.1.2.1.3.2.3.4	C.00001.00002.00001.00003.00002.00003.00004	Part 861	-	0.6474192474596202	-65.2507589198649	65.32276957295835	-29.151621041819453	0.7558995706929647	0.7928488191668013	0.7165132914075537	-0.024177475921984385	0.020254634278347613	0.01851132812549184	FALSE	0.28909372274994966	28.721044428837228	28.23690002309109	29.057750463592832	0.37074144170588635	0.3723953238821935	0.37017423652493897	0.02351283871158888	0.022566176940390956	0.02209918015384651
C.1.2.1.3.2.4.1	C.00001.00002.00001.00003.00002.00004.00001	Part 862	+	0.4121293020050507	-14.421700173988938	74.04830218292773	-25.63537247478962	0.538959382654313	0.5400639859835994	0.4226073905186561	0.0015989473031791206	0.0019416072073452939	0.0017356833858610727	FALSE	0.28909372274994966	28.721044428837228	28.23690002309109	29.057750463592832	0.37074144170588635	0.3723953238821935	0.37017423652493897	0.02351283871158888	0.022566176940390956	0.02209918015384651
C.1.2.1.3.2.4.2	C.00001.00002.00001.00003.00002.00004.00002	Part 863	+	0.9977999405567535	25.604777736589313	1.6419955994933844	-52.63201417401433	1.3773431124218019	1.3055362404790645	1.2207548115469578	-0.10230191196398598	-0.07650615223409113	-0.03266701715737544	FALSE	0.28909372274994966	28.721044428837228	28.23690002309109	29.057750463592832	0.37074144170588635	0.3723953238821935	0.37017423652493897	0.02351283871158888	0.022566176940390956	0.02209918015384651
C.1.2.1.3.2.5.1	C.00001.00002.00001.00003.00002.00005.00001	Part 864	-	0.5356775743139442	95.3914912417531	-94.64962691999972	70.65375722013414	0.5065910577528606	0.6666737058866342	0.6209295219931377	0.013106678148177375	-0.06445713535372527	0.009277910904441102	FALSE	0.28909372274994966	28.721044428837228	28.23690002309109	29.057750463592832	0.37074144170588635	0.3723953238821935	0.37017423652493897	0.02351283871158888	0.022566176940390956	0.02209918015384651
C.1.2.1.3.2.5.2	C.00001.00002.00001.00003.00002.00005.00002	Part 865	-	0.9789306758067104	94.38720103353262	-67.743732733652	49.35169564560056	1.1316552003076614	1.2492147928009492	1.0228918812757202	-0.028851869426001063	0.07290580738775347	-0.07001034554191826	FALSE	0.28909372274994966	28.721044428837228	28.23690002309109	29.057750463592832	0.37074144170588635	0.3723953238821935	0.37017423652493897	0.02351283871158888	0.022566176940390956	0.02209918015384651
C.1.2.1.3.2.5.3	C.00001.00002.00001.00003.00002.00005.00003	Part 866	+	0.2665159461244475	20.90835776180029	-10.535001801326871	12.772182933986187	0.34417945419279855	0.35010805416529395	0.3961672255533621	1.1508781543481677e-4	4.253799259685243e-4	-0.0029131415057917854	FALSE	0.28909372274994966	28.721044428837228	28.23690002309109	29.057750463592832	0.37074144170588635	0.3723953238821935	0.37017423652493897	0.02351283871158888	0.022566176940390956	0.02209918015384651
C.1.2.1.3.2.5.4	C.00001.00002.00001.00003.00002.00005.00004	Part 867	+	0.0030841485098935663	81.85773957520723	83.96136229857802	88.07933288626373	0.003597133464721806	0.003748139705033749	0.0040511232916386	4.35008819557647e-5	4.662714983698157e-5	-3.2771128475900236e-4	FALSE	0.28909372274994966	28.721044428837228	28.23690002309109	29.057750463592832	0.37074144170588635	0.3723953238821935	0.37017423652493897	0.02351283871158888	0.022566176940390956	0.02209918015384651
C.1.2.1.3.2.5.5	C.00001.00002.00001.00003.00002.00005.00005	Part 868	+	0.035796168793691324	92.03539369627833	59.25218351185322	6.988506857305765	0.044401768379264066	0.04714700625441354	0.04463445237186242	-0.00249347545891977	-0.001406768059127789	-0.002809141600363138	FALSE	0.28909372274994966	28.721044428837228	28.23690002309109	29.057750463592832	0.37074144170588635	0.3723953238821935	0.37017423652493897	0.02351283871158888	0.022566176940390956	0.02209918015384651
C.1.2.1.4.1.1.1	C.00001.00002.00001.00004.00001.00001.00001	Part 869	+	0.27223217856604603	80.46283801086247	57.47569045051932	-86.99930654838681	0.3961942194821377	0.34880401745538203	0.3581649715034036	-0.01663236375212988	0.027185724562474915	0.0040272209932980165	FALSE	0.28909372274994966	28.721044428837228	28.23690002309109	29.057750463592832	0.37074144170588635	0.3723953238821935	0.37017423652493897	0.02351283871158888	0.022566176940390956	0.02209918015384651
C.1.2.1.4.1.1.2	C.00001.00002.00001.00004.00001.00001.00002	Part 870	-	0.8327855869045016	51.206410210579634	87.50078310258687	62.32571257278323	1.0072639413371467	0.9020600361509343	0.993808398604382	0.07621546486115519	-0.046705179633531935	0.08847384438793632	FALSE	0.28909372274994966	28.721044428837228	28.23690002309109	29.057750463592832	0.37074144170588635	0.3723953238821935	0.37017423652493897	0.02351283871158888	0.022566176940390956	0.02209918015384651
C.1.2.1.4.1.2.1	C.00001.00002.00001.00004.00001.00002.00001	Part 871	-	0.2949817116728518	86.81539348326623	76.32933091372252	99.27633125334978	0.34408543131221214	0.4071461575395191	0.35501415697126604	0.0134424292994893	-0.0034219645196100993	-0.01589020465438252	FALSE	0.28909372274994966	28.721044428837228	28.23690002309109	29.057750463592832	0.37074144170588635	0.3723953238821935	0.37017423652493897	0.02351283871158888	0.022566176940390956	0.02209918015384651
C.1.2.1.4.1.2.2	C.00001.00002.00001.00004.00001.00002.00002	Part 872	+	0.7826816371108871	-56.27164328470826	91.53945492580533	24.067642632871866	0.9778478964809706	0.9496995845322196	0.6957101008845437	0.0023040540404262056	0.039310745442766484	0.01361643285858351	FALSE	0.28909372274994966	28.721044428837228	28.23690002309109	29.057750463592832	0.37074144170588635	0.3723953238821935	0.37017423652493897	0.02351283871158888	0.022566176940390956	0.02209918015384651
C.1.2.1.4.1.2.3	C.00001.00002.00001.00004.00001.00002.00003	Part 873	+	0.6386355466933455	12.498214095830917	-5.787724442780018	-5.697828670963645	0.8671067831517091	0.9959601496049392	0.8581832902650786	-0.02616752523860597	4.076729359052414e-4	0.0019840933129517506	FALSE	0.28909372274994966	28.721044428837228	28.23690002309109	29.057750463592832	0.37074144170588635	0.3723953238821935	0.37017423652493897	0.02351283871158888	0.022566176940390956	0.02209918015384651
C.1.2.1.4.1.3.1	C.00001.00002.00001.00004.00001.00003.00001	Part 874	+	0.9408222606582567	-82.05497930757701	21.43986476585269	23.9314301405102	1.3638283437191279	1.2896698188481333	1.1927794239794551	-0.08440370084619134	-0.0765637423114574	-0.03919185966259717	FALSE	0.28909372274994966	28.721044428837228	28.23690002309109	29.057750463592832	0.37074144170588635	0.3723953238821935	0.37017423652493897	0.02351283871158888	0.022566176940390956	0.02209918015384651
C.1.2.1.4.1.3.2	C.00001.00002.00001.00004.00001.00003.00002	Part 875	-	0.6573671267961617	-43.227718537673354	-6.98245270177722	50.39826179854572	0.844242415430575	0.8904826876670747	0.8357265737891564	-0.056719963109132895	0.004520140436816887	0.07768755813589966	FALSE	0.28909372274994966	28.721044428837228	28.23690002309109	29.057750463592832	0.37074144170588635	0.3723953238821935	0.37017423652493897	0.02351283871158888	0.022566176940390956	0.02209918015384651
C.1.2.1.4.2.1.1	C.00001.00002.00001.00004.00002.00001.00001	Part 876	-	0.3450348290752154	26.07601834461093	-48.367415415123105	-55.055674351751804	0.40830853274365597	0.40658366946626634	0.5182531799146531	-4.167074262375955e-4	-0.013953812759018238	0.003962769157415912	FALSE	0.28909372274994966	28.721044428837228	28.23690002309109	29.057750463592832	0.37074144170588635	0.3723953238821935	0.37017423652493897	0.02351283871158888	0.022566176940390956	0.02209918015384651
C.1.2.1.4.2.1.2	C.00001.00002.00001.00004.00002.00001.00002	Part 877	+	0.9683599509310443	-48.36346236988902	-5.667475052177906	33.29205485060811	1.3096615421195466	1.3522068302386205	1.3870068925175236	0.007844667177271513	-0.04817599092855786	-0.023319006418379376	FALSE	0.28909372274994966	28.721044428837228	28.23690002309109	29.057750463592832	0.37074144170588635	0.3723953238821935	0.37017423652493897	0.02351283871158888	0.022566176940390956	0.02209918015384651
C.1.2.1.4.2.2.1	C.00001.00002.00001.00004.00002.00002.00001	Part 878	+	0.32665915898117237	59.33857928030193	75.91856541112065	58.514846256002784	0.32790540412752905	0.3886392247945744	0.39209893694157205	0.02817494455285071	0.032126219191795966	0.0047057567483918625	FALSE	0.28909372274994966	28.721044428837228	28.23690002309109	29.057750463592832	0.37074144170588635	0.3723953238821935	0.37017423652493897	0.02351283871158888	0.022566176940390956	0.02209918015384651
C.1.2.1.4.2.2.2	C.00001.00002.00001.00004.00002.00002.00002	Part 879	+	0.1723956700002309	34.508997248485684	-12.193138571456075	21.78624365478754	0.2364483067339139	0.2300038769012629	0.19061696205901213	-0.01936783134201921	0.0015651232361137085	-0.00505840643941757	FALSE	0.28909372274994966	28.721044428837228	28.23690002309109	29.057750463592832	0.37074144170588635	0.3723953238821935	0.37017423652493897	0.02351283871158888	0.022566176940390956	0.02209918015384651
C.1.2.1.4.2.2.3	C.00001.00002.00001.00004.00002.00002.00003	Part 880	-	0.49579794705542735	-96.14929696545005	-62.139587150886655	-77.74973716586828	0.5187867401552515	0.6038550697233149	0.517129027971741	-0.023769010484124015	0.0021216731298101497	-3.7679636179241253e-4	FALSE	0.28909372274994966	28.721044428837228	28.23690002309109	29.057750463592832	0.37074144170588635	0.3723953238821935	0.37017423652493897	0.02351283871158888	0.022566176940390956	0.02209918015384651
C.1.2.1.4.2.2.4	C.00001.00002.00001.00004.00002.00002.00004	Part 881	-	0.5065603755596094	-38.02535077556968	-1.133557641878724	-88.88060031458735	0.5506132929822533	0.49463721108655295	0.5082754194049325	-0.022121695050827107	-0.008213365103601874	-0.009709987028756221	FALSE	0.28909372274994966	28.721044428837228	28.23690002309109	29.057750463592832	0.37074144170588635	0.3723953238821935	0.37017423652493897	0.02351283871158888	0.022566176940390956	0.02209918015384651
C.1.2.1.4.2.3.1	C.00001.00002.00001.00004.00002.00003.00001	Part 882	-	0.050590304508339616	62.426201067864895	-50.291696889325976	50.19796080887318	0.06874078058828009	0.06490268322578027	0.07600627149522667	-8.540706664279351e-4	-0.0023882023017479316	4.652158540353906e-4	FALSE	0.28909372274994966	28.721044428837228	28.23690002309109	29.057750463592832	0.37074144170588635	0.3723953238821935	0.37017423652493897	0.02351283871158888	0.022566176940390956	0.02209918015384651
C.1.2.1.4.2.3.2	C.00001.00002.00001.00004.00002.00003.00002	Part 883	+	0.5100211774855852	80.02120340242982	5.123272677883506	25.464348448440433	0.8123473071364197	0.7761243942042328	0.8058108417780543	-0.011232746683602125	0.030361710838555822	0.006308870912483725	FALSE	0.28909372274994966	28.721044428837228	28.23690002309109	29.057750463592832	0.37074144170588635	0.3723953238821935	0.37017423652493897	0.02351283871158888	0.022566176940390956	0.02209918015384651
C.1.2.1.4.2.3.3	C.00001.00002.00001.00004.00002.00003.00003	Part 884	+	0.2998657077439129	64.65895618312061	-77.45726886205375	-25.359030766412616	0.4455265326663298	0.39840045803022395	0.4477280357967806	-0.0018984741520829875	-0.0054391085791179695	-0.009097553900918872	FALSE	0.28909372274994966	28.721044428837228	28.23690002309109	29.057750463592832	0.37074144170588635	0.3723953238821935	0.37017423652493897	0.02351283871158888	0.022566176940390956	0.02209918015384651
C.1.2.1.4.3.1.1	C.00001.00002.00001.00004.00003.00001.00001	Part 885	+	0.7491437257248909	-82.03398082405329	66.7016813531518	-32.23336827941239	0.9855565016923363	0.9921624877944623	0.9669671789260723	-0.003268591755477613	0.0013095174335343777	8.691981100164805e-4	FALSE	0.28909372274994966	28.721044428837228	28.23690002309109	29.057750463592832	0.37074144170588635	0.3723953238821935	0.37017423652493897	0.02351283871158888	0.022566176940390956	0.02209918015384651
C.1.2.1.4.3.1.2	C.00001.00002.00001.00004.00003.00001.00002	Part 886	+	0.6998283636940178	-36.004902655258775	18.71897391974926	57.644529454410076	0.9282714449993907	1.021879984634578	1.0571767025242786	0.007263574339031811	0.009131728147379236	0.001446424153335739	FALSE	0.28909372274994966	28.721044428837228	28.23690002309109	29.057750463592832	0.37074144170588635	0.3723953238821935	0.37017423652493897	0.02351283871158888	0.022566176940390956	0.02209918015384651
C.1.2.1.4.3.2.1	C.00001.00002.00001.00004.00003.00002.00001	Part 887	-	0.10775876299384982	-58.45392211340368	45.44548690319061	15.222681732848287	0.14406637367684322	0.14100496678242813	0.15616785894719315	0.00547566011066585	0.00559854859800277	-0.0069062261422062066	FALSE	0.28909372274994966	28.721044428837228	28.23690002309109	29.057750463592832	0.37074144170588635	0.3723953238821935	0.37017423652493897	0.02351283871158888	0.022566176940390956	0.02209918015384651
C.1.2.1.4.3.2.2	C.00001.00002.00001.00004.00003.00002.00002	Part 888	+	0.865055982094258	-44.30886339396238	-53.615461522713304	42.18867253512144	0.9418215373310636	0.7608142694735102	0.922507610945533	0.003954190996576758	-0.0070787821950095	0.04187183472708235	FALSE	0.28909372274994966	28.721044428837228	28.23690002309109	29.057750463592832	0.37074144170588635	0.3723953238821935	0.37017423652493897	0.02351283871158888	0.022566176940390956	0.02209918015384651
C.1.2.1.4.3.2.3	C.00001.00002.00001.00004.00003.00002.00003	Part 889	+	0.3976534101071302	-51.677533937618136	-73.42608482576907	67.81320073641837	0.5600971354308069	0.5396715266257596	0.4744866499202376	0.007534120957154927	-0.017460491659828672	0.033087381637155536	FALSE	0.28909372274994966	28.721044428837228	28.23690002309109	29.057750463592832	0.37074144170588635	0.3723953238821935	0.37017423652493897	0.02351283871158888	0.022566176940390956	0.02209918015384651
C.1.2.1.4.3.2.4	C.00001.00002.00001.00004.00003.00002.00004	Part 890	-	0.555115302071441	61.39585142955184	64.13843552581966	-77.88812830112875	0.6611942778411626	0.6738151119641261	0.7929114094951272	-5.09362731094902e-4	0.0057383556083115995	-0.04000901188237635	FALSE	0.28909372274994966	28.721044428837228	28.23690002309109	29.057750463592832	0.37074144170588635	0.3723953238821935	0.37017423652493897	0.02351283871158888	0.022566176940390956	0.02209918015384651
C.1.2.1.4.3.2.5	C.00001.00002.00001.00004.00003.00002.00005	Part 891	-	0.6058797412668355	85.72617047466338	22.597145475447178	-39.75072959437966	0.7779372659849757	0.842547680294552	0.7815172456056424	0.06006724028695434	0.03884631353718987	0.06444937135160092	FALSE	0.28909372274994966	28.721044428837228	28.23690002309109	29.057750463592832	0.37074144170588635	0.3723953238821935	0.37017423652493897	0.02351283871158888	0.022566176940390956	0.02209918015384651
C.1.2.1.4.4.1.1	C.00001.00002.00001.00004.00004.00001.00001	Part 892	+	0.9839543643093203	-8.969714026898146	3.772946447134018	-95.32698071561754	1.0476112449192303	1.0957999013834414	1.1519422399144252	0.004691518554134694	-0.009787090024304276	-0.03499389460194705	FALSE	0.28909372274994966	28.721044428837228	28.23690002309109	29.057750463592832	0.37074144170588635	0.3723953238821935	0.37017423652493897	0.02351283871158888	0.022566176940390956	0.02209918015384651
C.1.2.1.4.4.1.2	C.00001.00002.00001.00004.00004.00001.00002	Part 893	-	0.9674728149638977	-34.53551633283496	48.11259317211807	20.308606885373592	1.298959936817941	1.1970174149185824	1.2442993808244205	0.0010835452257832892	0.01743985679662994	-0.049229822046473096	FALSE	0.28909372274994966	28.721044428837228	28.23690002309109	29.057750463592832	0.37074144170588635	0.3723953238821935	0.37017423652493897	0.02351283871158888	0.022566176940390956	0.02209918015384651
C.1.2.1.4.4.1.3	C.00001.00002.00001.00004.00004.00001.00003	Part 894	-	0.4150230034815613	-87.33480595983565	65.438820887357	55.272462125867605	0.4833654988359504	0.4284578636487586	0.5189108504499969	0.04067450610915517	-0.0034760958638650474	0.014641128303072837	FALSE	0.28909372274994966	28.721044428837228	28.23690002309109	29.057750463592832	0.37074144170588635	0.3723953238821935	0.37017423652493897	0.02351283871158888	0.022566176940390956	0.02209918015384651
C.1.2.1.4.4.2.1	C.00001.00002.00001.00004.00004.00002.00001	Part 895	+	0.21539932430023329	-60.005019744858146	-73.90226856805384	-22.535437997430563	0.28205077494830033	0.2805262765242215	0.2682207295553417	0.0012811378256245706	0.002118327299968095	0.006586046086165365	FALSE	0.28909372274994966	28.721044428837228	28.23690002309109	29.057750463592832	0.37074144170588635	0.3723953238821935	0.37017423652493897	0.02351283871158888	0.022566176940390956	0.02209918015384651
C.1.2.1.4.4.2.2	C.00001.00002.00001.00004.00004.00002.00002	Part 896	+	0.07367561930697411	-5.640270933508873	-55.06888208910823	-69.62717603892088	0.10319062508449083	0.08460161430152588	0.08290583454514729	-0.00247429462184856	-4.6761340291356647e-4	0.0020673827736758647	FALSE	0.28909372274994966	28.721044428837228	28.23690002309109	29.057750463592832	0.37074144170588635	0.3723953238821935	0.37017423652493897	0.02351283871158888	0.022566176940390956	0.02209918015384651
C.1.2.1.4.4.3.1	C.00001.00002.00001.00004.00004.00003.00001	Part 897	-	0.18614264408056624	72.10570042952895	97.81113904900849	-63.903958862647414	0.22739184197252096	0.22077749649485345	0.17139875844780797	1.8407312316736938e-4	0.005989788758016578	0.01380473445709085	FALSE	0.28909372274994966	28.721044428837228	28.23690002309109	29.057750463592832	0.37074144170588635	0.3723953238821935	0.37017423652493897	0.02351283871158888	0.022566176940390956	0.02209918015384651
C.1.2.1.4.4.3.2	C.00001.00002.00001.00004.00004.00003.00002	Part 898	+	0.659777350923745	31.922034500166774	69.23373588360846	39.722401136532426	0.8985933368900464	0.7896529321151579	0.746699741519373	0.016804329216767125	0.016468893058255885	-0.011405131987001174	FALSE	0.28909372274994966	28.721044428837228	28.23690002309109	29.057750463592832	0.37074144170588635	0.3723953238821935	0.37017423652493897	0.02351283871158888	0.022566176940390956	0.02209918015384651
C.1.2.1.4.4.3.3	C.00001.00002.00001.00004.00004.00003.00003	Part 899	+	0.8913685550305527	-17.91359605267644	-19.816756481304765	50.54476298391819	1.1596795829030486	1.1055662569799072	1.1761322989736598	0.050428461875966245	0.10270566284548288	-0.07918629919857945	FALSE	0.28909372274994966	28.721044428837228	28.23690002309109	29.057750463592832	0.37074144170588635	0.3723953238821935	0.37017423652493897	0.02351283871158888	0.022566176940390956	0.02209918015384651
C.1.2.1.4.4.3.4	C.00001.00002.00001.00004.00004.00003.00004	Part 900	+	0.7228929672855884	-15.475675417110324	6.788926990702748	44.040646962821484	1.1257810632924674	1.0887673715194335	1.10291969637122	-0.009399960292215643	0.004075911691954967	-0.01451089432710169	FALSE	0.28909372274994966	28.721044428837228	28.23690002309109	29.057750463592832	0.37074144170588635	0.3723953238821935	0.37017423652493897	0.02351283871158888	0.022566176940390956	0.02209918015384651
C.1.2.1.4.4.3.5	C.00001.00002.00001.00004.00004.00003.00005	Part 901	+	0.8402870817596558	99.09817320294678	-37.684794375672936	91.3101399783045	1.0499494222789698	1.0311288766198201	0.9452527494790259	0.01649123168632765	0.0875617034375826	0.060795154040447816	FALSE	0.28909372274994966	28.721044428837228	28.23690002309109	29.057750463592832	0.37074144170588635	0.3723953238821935	0.37017423652493897	0.02351283871158888	0.022566176940390956	0.02209918015384651
C.1.2.1.4.5.1.1	C.00001.00002.00001.00004.00005.00001.00001	Part 902	-	0.16321988468291238	35.74164588935673	-44.9633308686316	36.01789614185691	0.22734708184046687	0.2076190436766494	0.23427637492602166	-0.009973224396861505	0.003016754044513954	-0.006980194161737406	FALSE	0.28909372274994966	28.721044428837228	28.23690002309109	29.057750463592832	0.37074144170588635	0.3723953238821935	0.37017423652493897	0.02351283871158888	0.022566176940390956	0.02209918015384651
C.1.2.1.4.5.1.2	C.00001.00002.00001.00004.00005.00001.00002	Part 903	-	0.03630846361606382	18.450580164790154	49.28942285478115	-47.71031131967902	0.04831391835655754	0.051327151170760706	0.05101950202499285	-0.0025796904542062463	0.0015706718858319703	-1.3149686612232364e-4	FALSE	0.28909372274994966	28.721044428837228	28.23690002309109	29.057750463592832	0.37074144170588635	0.3723953238821935	0.37017423652493897	0.02351283871158888	0.022566176940390956	0.02209918015384651
C.1.2.1.4.5.2.1	C.00001.00002.00001.00004.00005.00002.00001	Part 904	-	0.4556970932257827	-82.85814980044961	54.810406314209104	74.36641436070204	0.5373910816917773	0.5466813953993623	0.5760682400459038	0.012471985862480921	0.008315407157988192	0.007519354798033175	FALSE	0.28909372274994966	28.721044428837228	28.23690002309109	29.057750463592832	0.37074144170588635	0.3723953238821935	0.37017423652493897	0.02351283871158888	0.022566176940390956	0.02209918015384651
C.1.2.1.4.5.2.2	C.00001.00002.00001.00004.00005.00002.00002	Part 905	+	0.3292598923475016	29.94237500242889	-84.90685326978564	68.43279334716499	0.3287548232186033	0.4091890112585607	0.3717316520153332	0.011893074160816895	-0.00777580297754038	-0.0033934025539105067	FALSE	0.28909372274994966	28.721044428837228	28.23690002309109	29.057750463592832	0.37074144170588635	0.3723953238821935	0.37017423652493897	0.02351283871158888	0.022566176940390956	0.02209918015384651
C.1.2.1.4.5.3.1	C.00001.00002.00001.00004.00005.00003.00001	Part 906	-	0.08604126638337038	0.16682944260537624	72.42533755488694	-49.94699549861252	0.12348995040614347	0.0969606623349993	0.10742809834243293	1.746850971018804e-4	-0.005498840870320367	-0.0022803598221760703	FALSE	0.28909372274994966	28.721044428837228	28.23690002309109	29.057750463592832	0.37074144170588635	0.3723953238821935	0.37017423652493897	0.02351283871158888	0.022566176940390956	0.02209918015384651
C.1.2.1.4.5.3.2	C.00001.00002.00001.00004.00005.00003.00002	Part 907	+	0.2610773052168079	-20.107315946370363	71.14589419215918	-14.439121447503567	0.34884878494131816	0.36178838477476194	0.34669864073993517	9.399749468557673e-4	-0.007932919262221935	0.009078917828234521	FALSE	0.28909372274994966	28.721044428837228	28.23690002309109	29.057750463592832	0.37074144170588635	0.3723953238821935	0.37017423652493897	0.02351283871158888	0.022566176940390956	0.02209918015384651
C.1.2.1.4.5.4.1	C.00001.00002.00001.00004.00005.00004.00001	Part 908	+	0.8068403077791445	-1.0880951303988695	0.8990242145955563	-39.590950217098	0.7986237294814765	0.8436211985908275	0.8312427565921664	-0.030949503629324464	0.05107112979500075	-0.019157663661828396	FALSE	0.28909372274994966	28.721044428837228	28.23690002309109	29.057750463592832	0.37074144170588635	0.3723953238821935	0.37017423652493897	0.02351283871158888	0.022566176940390956	0.02209918015384651
C.1.2.1.4.5.4.2	C.00001.00002.00001.00004.00005.00004.00002	Part 909	-	0.4692512869823258	6.088963942602277	-21.3752927724272	64.60574492812157	0.57655092121534	0.49832157986254155	0.5350523602865666	0.028700772204402966	0.02210745199556042	-0.06741317046096157	FALSE	0.28909372274994966	28.721044428837228	28.23690002309109	29.057750463592832	0.37074144170588635	0.3723953238821935	0.37017423652493897	0.02351283871158888	0.022566176940390956	0.02209918015384651
C.1.2.1.4.5.5.1	C.00001.00002.00001.00004.00005.00005.00001	Part 910	+	0.05411040050140582	-31.49070292711258	-95.90522358193994	35.6134373228997	0.06452898808547211	0.07071973036627267	0.05949398525096096	0.004295690846381135	3.341978864272371e-4	-6.686160451230072e-4	FALSE	0.28909372274994966	28.721044428837228	28.23690002309109	29.057750463592832	0.37074144170588635	0.3723953238821935	0.37017423652493897	0.02351283871158888	0.022566176940390956	0.02209918015384651
C.1.2.1.4.5.5.2	C.00001.00002.00001.00004.00005.00005.00002	Part 911	+	0.9242297377332579	28.850201843306422	59.65702119283378	-10.29543704353273	1.3496659670435212	1.1661099603608587	1.2270295291901012	0.1226870384290793	0.002985209822428875	-0.0014710157500724868	FALSE	0.28909372274994966	28.721044428837228	28.23690002309109	29.057750463592832	0.37074144170588635	0.3723953238821935	0.37017423652493897	0.02351283871158888	0.022566176940390956	0.02209918015384651
C.1.2.1.4.5.5.3	C.00001.00002.00001.00004.00005.00005.00003	Part 912	+	0.7754282531798817	92.87134446203709	-68.52519162930548	-59.747326048091054	1.0911166716455396	1.1007192810350237	1.0795607138371808	-0.014754331565705572	0.0149293794165677	0.011358750116650218	FALSE	0.28909372274994966	28.721044428837228	28.23690002309109	29.057750463592832	0.37074144170588635	0.3723953238821935	0.37017423652493897	0.02351283871158888	0.022566176940390956	0.02209918015384651
C.1.2.1.4.5.5.4	C.00001.00002.00001.00004.00005.00005.00004	Part 913	+	0.5277832171006593	-16.497942758724093	-87.71315040066838	-81.69335275888443	0.6284057323342536	0.5303161842795756	0.6409211170850135	-0.06409805373840372	-0.00298168478519825	0.04669028045524837	FALSE	0.28909372274994966	28.721044428837228	28.23690002309109	29.057750463592832	0.37074144170588635	0.3723953238821935	0.37017423652493897	0.02351283871158888	0.022566176940390956	0.02209918015384651
C.1.2.1.4.5.5.5	C.00001.00002.00001.00004.00005.00005.00005	Part 914	+	0.910513954089256	95.22037766873837	94.02346019633114	-88.30452910624444	0.9713111976167066	0.9559105266824719	1.008727936764042	0.11407276798272098	0.011828437228512768	0.030549192355939177	FALSE	0.28909372274994966	28.721044428837228	28.23690002309109	29.057750463592832	0.37074144170588635	0.3723953238821935	0.37017423652493897	0.02351283871158888	0.022566176940390956	0.02209918015384651
C.1.2.2.1.1.1.1	C.00001.00002.00002.00001.00001.00001.00001	Part 915	-	0.36086366243776863	-96.05082822963595	-54.78245229460299	55.986605025827885	0.3860246912287275	0.39453440759335656	0.3866428853829205	0.017560447715276668	-0.01578187406659621	-0.014754927220251481	FALSE	0.28909372274994966	28.721044428837228	28.23690002309109	29.057750463592832	0.37074144170588635	0.3723953238821935	0.37017423652493897	0.02351283871158888	0.022566176940390956	0.02209918015384651
C.1.2.2.1.1.1.2	C.00001.00002.00002.00001.00001.00001.00002	Part 916	+	0.6230471224761568	79.72097382880747	31.737680453807116	59.28669576533139	0.7365694227711755	0.7295201248252913	0.618345636521789	-0.004303659115087235	-0.029245930707172872	0.013223996752649222	FALSE	0.28909372274994966	28.721044428837228	28.23690002309109	29.057750463592832	0.37074144170588635	0.3723953238821935	0.37017423652493897	0.02351283871158888	0.022566176940390956	0.02209918015384651
C.1.2.2.1.1.1.3	C.00001.00002.00002.00001.00001.00001.00003	Part 917	+	0.06109494648454711	-60.14827489852905	-8.96461522206664	-96.33653969503939	0.07257276811325816	0.07149315115337382	0.0718609471865199	-0.002870623075422591	-0.006649221059225049	0.006603619038093246	FALSE	0.28909372274994966	28.721044428837228	28.23690002309109	29.057750463592832	0.37074144170588635	0.3723953238821935	0.37017423652493897	0.02351283871158888	0.022566176940390956	0.02209918015384651
C.1.2.2.1.1.1.4	C.00001.00002.00002.00001.00001.00001.00004	Part 918	-	0.713394578338135	-94.92362956516445	-73.7762161064893	-9.6294354647398	0.7032529255843124	0.7552442876030476	0.8113232026448255	0.09836509643646447	-0.04925069913912512	0.03789759159950372	FALSE	0.28909372274994966	28.721044428837228	28.23690002309109	29.057750463592832	0.37074144170588635	0.3723953238821935	0.37017423652493897	0.02351283871158888	0.022566176940390956	0.02209918015384651
C.1.2.2.1.1.2.1	C.00001.00002.00002.00001.00001.00002.00001	Part 919	+	0.8259045990500599	14.283949974924326	-13.152746018022299	-27.273988351225853	1.0355150587577753	1.0395092993226673	1.3190653100202023	-0.0022686051785832393	0.027544862143464882	0.044601215615107714	FALSE	0.28909372274994966	28.721044428837228	28.23690002309109	29.057750463592832	0.37074144170588635	0.3723953238821935	0.37017423652493897	0.02351283871158888	0.022566176940390956	0.02209918015384651
C.1.2.2.1.1.2.2	C.00001.00002.00002.00001.00001.00002.00002	Part 920	-	0.7616543880011887	47.759889578446746	70.23149468004704	64.2881260253489	0.8365410239384761	0.9492416930287492	0.8685955399659884	-0.003347153783754152	-0.011975874145181647	0.005839179218359931	FALSE	0.28909372274994966	28.721044428837228	28.23690002309109	29.057750463592832	0.37074144170588635	0.3723953238821935	0.37017423652493897	0.02351283871158888	0.022566176940390956	0.02209918015384651
C.1.2.2.1.1.2.3	C.00001.00002.00002.00001.00001.00002.00003	Part 921	+	0.021379657721845434	57.531608222052455	73.42850370332599	61.6898390930146	0.021527752953343134	0.02619449818308588	0.028343739182350582	8.116811288694989e-4	6.632069751084687e-4	1.13792767616614e-4	FALSE	0.28909372274994966	28.721044428837228	28.23690002309109	29.057750463592832	0.37074144170588635	0.3723953238821935	0.37017423652493897	0.02351283871158888	0.022566176940390956	0.02209918015384651
C.1.2.2.1.1.2.4	C.00001.00002.00002.00001.00001.00002.00004	Part 922	+	0.3944050546500366	-65.04850061610341	-85.6566856149584	74.16435056366026	0.5517367652677677	0.4595055453477788	0.5089780501031764	-0.0018066614633099939	-0.0039876135243384495	0.003396071970097911	FALSE	0.28909372274994966	28.721044428837228	28.23690002309109	29.057750463592832	0.37074144170588635	0.3723953238821935	0.37017423652493897	0.02351283871158888	0.022566176940390956	0.02209918015384651
C.1.2.2.1.1.2.5	C.00001.00002.00002.00001.00001.00002.00005	Part 923	-	0.3832627466998529	-0.5101643968373537	6.384871248155832	-34.1337448451668	0.4477798341795467	0.4419436298176441	0.5115002617604051	-0.004129105121358612	0.010683859248127748	0.008836181083328244	FALSE	0.28909372274994966	28.721044428837228	28.23690002309109	29.057750463592832	0.37074144170588635	0.3723953238821935	0.37017423652493897	0.02351283871158888	0.022566176940390956	0.02209918015384651
C.1.2.2.1.1.3.1	C.00001.00002.00002.00001.00001.00003.00001	Part 924	+	0.9098902928296011	-67.32482938095927	13.133474811911583	2.206150349229574	1.361844708158152	1.3298241465574654	1.3458447578579866	-0.01226606230409862	-0.028852209553286642	-0.010151314568700009	FALSE	0.28909372274994966	28.721044428837228	28.23690002309109	29.057750463592832	0.37074144170588635	0.3723953238821935	0.37017423652493897	0.02351283871158888	0.022566176940390956	0.02209918015384651
C.1.2.2.1.1.3.2	C.00001.00002.00002.00001.00001.00003.00002	Part 925	-	0.48804895440395923	-74.20310853049159	29.36070477589965	48.44129062257707	0.645321086113301	0.6826182242447267	0.6597736995008983	0.021845674250418168	0.01922806005937716	-0.02907158346786725	FALSE	0.28909372274994966	28.721044428837228	28.23690002309109	29.057750463592832	0.37074144170588635	0.3723953238821935	0.37017423652493897	0.02351283871158888	0.022566176940390956	0.02209918015384651
C.1.2.2.1.1.3.3	C.00001.00002.00002.00001.00001.00003.00003	Part 926	+	0.5580423413272947	-25.388148706406355	19.993044063448906	40.35831596702337	0.6745063598180404	0.6784042269102898	0.6459669176582017	0.040450960801018926	-0.02030124017871201	0.06462954329343132	FALSE	0.28909372274994966	28.721044428837228	28.23690002309109	29.057750463592832	0.37074144170588635	0.3723953238821935	0.37017423652493897	0.02351283871158888	0.022566176940390956	0.02209918015384651
C.1.2.2.1.1.3.4	C.00001.00002.00002.00001.00001.00003.00004	Part 927	-	0.40644716095970945	84.04793255031109	-58.756082924082875	18.052408238872886	0.4699585397163946	0.47379991403944666	0.4698722999414431	-0.016463384559653734	-0.0354527632987033	-0.004649885440174157	FALSE	0.28909372274994966	28.721044428837228	28.23690002309109	29.057750463592832	0.37074144170588635	0.3723953238821935	0.37017423652493897	0.02351283871158888	0.022566176940390956	0.02209918015384651
C.1.2.2.1.2.1.1	C.00001.00002.00002.00001.00002.00001.00001	Part 928	-	0.7995262390787248	-70.02420681528747	-45.677982131019235	37.172099854797125	0.810093025908591	0.7725583471161834	0.8106496361914727	0.00747103716986839	0.002271714147283138	0.014016636322683622	FALSE	0.28909372274994966	28.721044428837228	28.23690002309109	29.057750463592832	0.37074144170588635	0.3723953238821935	0.37017423652493897	0.02351283871158888	0.022566176940390956	0.02209918015384651
C.1.2.2.1.2.1.2	C.00001.00002.00002.00001.00002.00001.00002	Part 929	-	0.7995670292919967	-97.44771784171462	-58.66879811510444	-45.73369529098272	0.8056292724888053	0.8123907465948877	0.9152130513852671	0.008575871360702694	0.019939681104693095	-0.025695000410455287	FALSE	0.28909372274994966	28.721044428837228	28.23690002309109	29.057750463592832	0.37074144170588635	0.3723953238821935	0.37017423652493897	0.02351283871158888	0.022566176940390956	0.02209918015384651
C.1.2.2.1.2.1.3	C.00001.00002.00002.00001.00002.00001.00003	Part 930	+	0.9775735801451374	-91.10767035745084	3.369822585955262	21.281422534957528	1.4855871098462907	1.491914369412807	1.4583468439755838	-0.009982867245512811	0.021534481927929873	-0.009394902390628075	FALSE	0.28909372274994966	28.721044428837228	28.23690002309109	29.057750463592832	0.37074144170588635	0.3723953238821935	0.37017423652493897	0.02351283871158888	0.022566176940390956	0.02209918015384651
C.1.2.2.1.2.2.1	C.00001.00002.00002.00001.00002.00002.00001	Part 931	+	0.021402636292390528	-92.75170937180519	43.91828738152981	-93.28296408057213	0.02682958562219768	0.028817092257073577	0.02694188151256071	6.6169702075143e-4	0.002165462399996659	-5.7933430365538334e-5	FALSE	0.28909372274994966	28.721044428837228	28.23690002309109	29.057750463592832	0.37074144170588635	0.3723953238821935	0.37017423652493897	0.02351283871158888	0.022566176940390956	0.02209918015384651
C.1.2.2.1.2.2.2	C.00001.00002.00002.00001.00002.00002.00002	Part 932	-	0.3272131983656436	-84.2272687703371	-42.10040234029293	26.3877481687814	0.3927297203302749	0.3667391269978756	0.43938759921654547	-0.024800585605636784	-0.019196181839835603	-0.006210975820636622	FALSE	0.28909372274994966	28.721044428837228	28.23690002309109	29.057750463592832	0.37074144170588635	0.3723953238821935	0.37017423652493897	0.02351283871158888	0.022566176940390956	0.02209918015384651
C.1.2.2.1.2.2.3	C.00001.00002.00002.00001.00002.00002.00003	Part 933	-	0.3637619523713365	56.703932071104646	-91.10476705245674	57.741919392719865	0.47905852257414216	0.4028898340008814	0.4423681904178884	-0.024919868043831037	-0.03699538509650166	0.003665243380487599	FALSE	0.28909372274994966	28.721044428837228	28.23690002309109	29.057750463592832	0.37074144170588635	0.3723953238821935	0.37017423652493897	0.02351283871158888	0.022566176940390956	0.02209918015384651
C.1.2.2.1.2.2.4	C.00001.00002.00002.00001.00002.00002.00004	Part 934	-	0.5193952887237537	-23.044981574639678	51.513195876032114	-25.090753939002752	0.724839429412922	0.6189863739809514	0.6621499257365612	0.021548560645599485	-0.017812116418874785	0.015228660831936528	FALSE	0.28909372274994966	28.721044428837228	28.23690002309109	29.057750463592832	0.37074144170588635	0.3723953238821935	0.37017423652493897	0.02351283871158888	0.022566176940390956	0.02209918015384651
C.1.2.2.1.2.2.5	C.00001.00002.00002.00001.00002.00002.00005	Part 935	-	0.58695749166538	40.622040862217546	67.94142634607852	49.45287965238094	0.816131836828404	0.8005513906078435	0.7879026653987344	-0.026382847827147754	-0.014195410767882772	1.9774592075020214e-4	FALSE	0.28909372274994966	28.721044428837228	28.23690002309109	29.057750463592832	0.37074144170588635	0.3723953238821935	0.37017423652493897	0.02351283871158888	0.022566176940390956	0.02209918015384651
C.1.2.2.1.2.3.1	C.00001.00002.00002.00001.00002.00003.00001	Part 936	-	0.8690858327089809	5.956424260511994	-63.47609465010464	99.81979625299573	1.0728206477751006	0.9984520385474636	1.0343238929780978	0.03826574876350809	0.109191755978082	0.019069675750405357	FALSE	0.28909372274994966	28.721044428837228	28.23690002309109	29.057750463592832	0.37074144170588635	0.3723953238821935	0.37017423652493897	0.02351283871158888	0.022566176940390956	0.02209918015384651
C.1.2.2.1.2.3.2	C.00001.00002.00002.00001.00002.00003.00002	Part 937	-	0.4456750747319311	-21.321478625759482	-59.986153710633516	62.09910814650357	0.5609739261604525	0.6079352732051975	0.5851442200880124	-0.050481005002403184	-2.863930330591573e-4	-3.5979592361950986e-4	FALSE	0.28909372274994966	28.721044428837228	28.23690002309109	29.057750463592832	0.37074144170588635	0.3723953238821935	0.37017423652493897	0.02351283871158888	0.022566176940390956	0.02209918015384651
C.1.2.2.1.2.3.3	C.00001.00002.00002.00001.00002.00003.00003	Part 938	+	0.8365796870754566	-45.31658664345741	-69.40311254002154	55.42219593189657	1.1416474236276872	1.1278183915803692	1.0989815533828418	-0.010554908537077475	0.017130195610554688	0.00880700266928349	FALSE	0.28909372274994966	28.721044428837228	28.23690002309109	29.057750463592832	0.37074144170588635	0.3723953238821935	0.37017423652493897	0.02351283871158888	0.022566176940390956	0.02209918015384651
C.1.2.2.2.1.1.1	C.00001.00002.00002.00002.00001.00001.00001	Part 939	-	0.5304808197803795	60.75750580057502	-32.76290348730981	-84.49718449264765	0.7213257122723988	0.7234731790778778	0.7185367014939027	0.01483740539071361	0.04841522530425567	0.028203966781611686	FALSE	0.28909372274994966	28.721044428837228	28.23690002309109	29.057750463592832	0.37074144170588635	0.3723953238821935	0.37017423652493897	0.02351283871158888	0.022566176940390956	0.02209918015384651
C.1.2.2.2.1.1.2	C.00001.00002.00002.00002.00001.00001.00002	Part 940	-	0.7308029113435186	91.09971495345235	75.5786759313196	45.52659331820905	1.007833088478367	0.98129261330428	1.023527139249452	-0.05562443555643414	0.004041145063428419	-0.0319486739470413	FALSE	0.28909372274994966	28.721044428837228	28.23690002309109	29.057750463592832	0.37074144170588635	0.3723953238821935	0.37017423652493897	0.02351283871158888	0.022566176940390956	0.02209918015384651
C.1.2.2.2.1.1.3	C.00001.00002.00002.00002.00001.00001.00003	Part 941	-	0.4371213127204683	-32.463991176337004	73.74017057009041	-20.926463743671775	0.3995857926250314	0.38502937842237395	0.41275025534529675	0.005558983815707172	0.001144980919016476	-0.006669784596549803	FALSE	0.28909372274994966	28.721044428837228	28.23690002309109	29.057750463592832	0.37074144170588635	0.3723953238821935	0.37017423652493897	0.02351283871158888	0.022566176940390956	0.02209918015384651
C.1.2.2.2.1.2.1	C.00001.00002.00002.00002.00001.00002.00001	Part 942	+	0.9812123987139203	-49.319747276604176	95.33907482400537	55.62381888739765	1.0006192960276659	1.2084499004363687	1.2096661175658778	0.011185861634035815	-0.012322805038329533	-0.0010512235113654103	FALSE	0.28909372274994966	28.721044428837228	28.23690002309109	29.057750463592832	0.37074144170588635	0.3723953238821935	0.37017423652493897	0.02351283871158888	0.022566176940390956	0.02209918015384651
C.1.2.2.2.1.2.2	C.00001.00002.00002.00002.00001.00002.00002	Part 943	+	0.7293517280058004	-5.361723201349378	-43.36663968861103	14.300070377066731	0.7939805078297852	0.7369344379142871	0.722756761171007	0.013930435433064506	0.012831483825266419	0.039817308153053003	FALSE	0.28909372274994966	28.721044428837228	28.23690002309109	29.057750463592832	0.37074144170588635	0.3723953238821935	0.37017423652493897	0.02351283871158888	0.022566176940390956	0.02209918015384651
C.1.2.2.2.1.2.3	C.00001.00002.00002.00002.00001.00002.00003	Part 944	-	0.42534472983982413	50.050278939306736	15.128774009644985	-10.529186390340328	0.5119424650658849	0.5307585473489143	0.5022029988226561	0.04111003840472058	-0.01496749705211656	-0.005191622726144549	FALSE	0.28909372274994966	28.721044428837228	28.23690002309109	29.057750463592832	0.37074144170588635	0.3723953238821935	0.37017423652493897	0.02351283871158888	0.022566176940390956	0.02209918015384651
C.1.2.2.2.1.2.4	C.00001.00002.00002.00002.00001.00002.00004	Part 945	-	0.9555976862048264	-83.55107973329723	-50.43617389164865	-85.22074781358242	1.1672360051465862	1.1837072191293871	1.0958214495700125	-0.0372436406590437	-0.07339301728699608	-0.06002581903944487	FALSE	0.28909372274994966	28.721044428837228	28.23690002309109	29.057750463592832	0.37074144170588635	0.3723953238821935	0.37017423652493897	0.02351283871158888	0.022566176940390956	0.02209918015384651
C.1.2.2.2.1.2.5	C.00001.00002.00002.00002.00001.00002.00005	Part 946	-	0.42094266666821206	-7.098900340497494	-82.31172608211637	62.75307317264378	0.5065569279605093	0.5015888289180981	0.6041167793917881	0.01314653157414077	0.04584804867370509	0.02308903785672673	FALSE	0.28909372274994966	28.721044428837228	28.23690002309109	29.057750463592832	0.37074144170588635	0.3723953238821935	0.37017423652493897	0.02351283871158888	0.022566176940390956	0.02209918015384651
C.1.2.2.2.1.3.1	C.00001.00002.00002.00002.00001.00003.00001	Part 947	-	0.3024013258176856	45.85023648105562	-3.684002533555031	-94.07813153229654	0.32725238184361594	0.3526668346173522	0.3547297689551177	0.007379397694733824	-0.0018620467074161502	-0.002576270043918154	FALSE	0.28909372274994966	28.721044428837228	28.23690002309109	29.057750463592832	0.37074144170588635	0.3723953238821935	0.37017423652493897	0.02351283871158888	0.022566176940390956	0.02209918015384651
C.1.2.2.2.1.3.2	C.00001.00002.00002.00002.00001.00003.00002	Part 948	+	0.7712300861815456	86.4832405000925	-71.39332671649754	31.37113037519157	1.0742444285834558	1.0532506291283061	1.1129527430470079	0.014271390100853461	0.009819387251517993	-0.04906542134574031	FALSE	0.28909372274994966	28.721044428837228	28.23690002309109	29.057750463592832	0.37074144170588635	0.3723953238821935	0.37017423652493897	0.02351283871158888	0.022566176940390956	0.02209918015384651
C.1.2.2.2.1.3.3	C.00001.00002.00002.00002.00001.00003.00003	Part 949	-	0.6450899850483984	-7.571651693433523	91.65872284211218	-90.08773728273809	0.7193817285350733	0.7138839830932242	0.6593076541923454	-0.016593916541461546	0.0011190086397145083	0.01123433779020476	FALSE	0.28909372274994966	28.721044428837228	28.23690002309109	29.057750463592832	0.37074144170588635	0.3723953238821935	0.37017423652493897	0.02351283871158888	0.022566176940390956	0.02209918015384651
C.1.2.2.2.1.3.4	C.00001.00002.00002.00002.00001.00003.00004	Part 950	-	0.39505316310282795	24.153555231168866	-28.724731458351016	2.1092519629746675	0.4565105817478127	0.4588437105696054	0.46545579412748667	-0.012915001457887484	-0.011585624019641527	-0.019275062383034183	FALSE	0.28909372274994966	28.721044428837228	28.23690002309109	29.057750463592832	0.37074144170588635	0.3723953238821935	0.37017423652493897	0.02351283871158888	0.022566176940390956	0.02209918015384651
C.1.2.2.2.1.3.5	C.00001.00002.00002.00002.00001.00003.00005	Part 951	-	0.931761880374048	-30.304699996486306	-91.6789770592004	62.852431274950504	0.9589455054782718	0.9426141595917784	1.1042672268306502	-0.03446462598165776	0.011123421512644175	0.008326846277428385	FALSE	0.28909372274994966	28.721044428837228	28.23690002309109	29.057750463592832	0.37074144170588635	0.3723953238821935	0.37017423652493897	0.02351283871158888	0.022566176940390956	0.02209918015384651
C.1.2.2.2.2.1.1	C.00001.00002.00002.00002.00002.00001.00001	Part 952	+	0.5570705220787786	30.003085965290666	-54.571036621928215	21.27750525251031	0.7665951074163597	0.6630523085738558	0.7396519992902546	-0.01687849662981117	0.043354766851987636	0.017554973441418563	FALSE	0.28909372274994966	28.721044428837228	28.23690002309109	29.057750463592832	0.37074144170588635	0.3723953238821935	0.37017423652493897	0.02351283871158888	0.022566176940390956	0.02209918015384651
C.1.2.2.2.2.1.2	C.00001.00002.00002.00002.00002.00001.00002	Part 953	+	0.23396996997622774	98.9019550383091	-30.013889400288463	-92.65798064880073	0.2879445622774804	0.2862266629321412	0.3546024794657702	-0.0037929954483616156	0.02380493223724639	0.0024373370542601913	FALSE	0.28909372274994966	28.721044428837228	28.23690002309109	29.057750463592832	0.37074144170588635	0.3723953238821935	0.37017423652493897	0.02351283871158888	0.022566176940390956	0.02209918015384651
C.1.2.2.2.2.1.3	C.00001.00002.00002.00002.00002.00001.00003	Part 954	-	0.86733810041775	18.01522821187973	61.25991437584162	-5.63686559908092	1.1507957085401581	1.1557880380325536	1.2012781496508196	-0.01147436534047317	4.259336001753675e-4	0.005690544168021413	FALSE	0.28909372274994966	28.721044428837228	28.23690002309109	29.057750463592832	0.37074144170588635	0.3723953238821935	0.37017423652493897	0.02351283871158888	0.022566176940390956	0.02209918015384651
C.1.2.2.2.2.1.4	C.00001.00002.00002.00002.00002.00001.00004	Part 955	+	0.2448255994936917	70.93952926807106	69.69455098733306	-87.3676841147244	0.3050342462555332	0.3633899289650806	0.28125321359133754	-0.007141392777173988	0.00116163306847005	0.0065718634573092355	FALSE	0.28909372274994966	28.721044428837228	28.23690002309109	29.057750463592832	0.37074144170588635	0.3723953238821935	0.37017423652493897	0.02351283871158888	0.022566176940390956	0.02209918015384651
C.1.2.2.2.2.2.1	C.00001.00002.00002.00002.00002.00002.00001	Part 956	-	0.9265268304713536	-22.51451276242733	-61.963509768247604	55.60203264467418	0.9988361908372292	1.0387515322180894	1.1441927486948744	0.11200498302669121	-9.169841521839241e-4	0.028143453031371238	FALSE	0.28909372274994966	28.721044428837228	28.23690002309109	29.057750463592832	0.37074144170588635	0.3723953238821935	0.37017423652493897	0.02351283871158888	0.022566176940390956	0.02209918015384651
C.1.2.2.2.2.2.2	C.00001.00002.00002.00002.00002.00002.00002	Part 957	+	0.19667191374581308	-99.83924245461822	-42.325388733297586	63.988291611894965	0.23759592093800355	0.2494436476457511	0.19041222416218706	-0.0023721276633502306	-0.02768849944165324	-0.003604262125553083	FALSE	0.28909372274994966	28.721044428837228	28.23690002309109	29.057750463592832	0.37074144170588635	0.3723953238821935	0.37017423652493897	0.02351283871158888	0.022566176940390956	0.02209918015384651
C.1.2.2.2.2.3.1	C.00001.00002.00002.00002.00002.00003.00001	Part 958	-	0.6220170653872192	-88.4271802380681	-81.5281419083476	-27.723316801711917	0.7736162177564065	0.8860050731648637	0.7255147558331203	-0.046987189859727774	0.025245912547133355	-0.013774643422691968	FALSE	0.28909372274994966	28.721044428837228	28.23690002309109	29.057750463592832	0.37074144170588635	0.3723953238821935	0.37017423652493897	0.02351283871158888	0.022566176940390956	0.02209918015384651
C.1.2.2.2.2.3.2	C.00001.00002.00002.00002.00002.00003.00002	Part 959	+	0.823775424022926	-43.416218645870686	71.37513617053628	-34.72619606181979	1.3041354088849226	1.1654770404293808	1.1427817380818417	0.015010004872013545	0.01782261799650988	0.014099498696372635	FALSE	0.28909372274994966	28.721044428837228	28.23690002309109	29.057750463592832	0.37074144170588635	0.3723953238821935	0.37017423652493897	0.02351283871158888	0.022566176940390956	0.02209918015384651
C.1.2.2.2.2.3.3	C.00001.00002.00002.00002.00002.00003.00003	Part 960	-	0.643063347045565	73.45139910466969	-93.64247056655586	66.66100104339421	0.6549345347317238	0.8409070444321589	0.7583692077825698	0.0428066388724407	0.08521091190831898	-0.027444675440931342	FALSE	0.28909372274994966	28.721044428837228	28.23690002309109	29.057750463592832	0.37074144170588635	0.3723953238821935	0.37017423652493897	0.02351283871158888	0.022566176940390956	0.02209918015384651
C.1.2.2.2.2.3.4	C.00001.00002.00002.00002.00002.00003.00004	Part 961	+	0.7869032913711853	1.5268539544194937	99.22892670147121	73.58403005637228	0.7824877417217395	0.7504723209460015	0.76235124883583	0.010626578362149159	0.005201274982690693	-0.01605734714355661	FALSE	0.28909372274994966	28.721044428837228	28.23690002309109	29.057750463592832	0.37074144170588635	0.3723953238821935	0.37017423652493897	0.02351283871158888	0.022566176940390956	0.02209918015384651
C.1.2.2.2.2.3.5	C.00001.00002.00002.00002.00002.00003.00005	Part 962	-	0.06666130894469097	-40.534817148	60.644725197926164	-88.8822975102812	0.10365734419264018	0.08204556296858923	0.08352699397535596	-5.733377728265961e-5	0.0029487717074824634	-3.9419111941320047e-4	FALSE	0.28909372274994966	28.721044428837228	28.23690002309109	29.057750463592832	0.37074144170588635	0.3723953238821935	0.37017423652493897	0.02351283871158888	0.022566176940390956	0.02209918015384651
C.1.2.2.2.2.4.1	C.00001.00002.00002.00002.00002.00004.00001	Part 963	+	0.041582843948155646	2.6299283374100924	-89.00875230319798	61.91454012878239	0.06251470225361101	0.06655216657533557	0.06251163909186692	7.832442366003815e-4	4.6678940832468006e-4	-0.0023940572901619975	FALSE	0.28909372274994966	28.721044428837228	28.23690002309109	29.057750463592832	0.37074144170588635	0.3723953238821935	0.37017423652493897	0.02351283871158888	0.022566176940390956	0.02209918015384651
C.1.2.2.2.2.4.2	C.00001.00002.00002.00002.00002.00004.00002	Part 964	-	0.3805989583923947	-58.100847620517015	-47.9768980294466	88.36092092096806	0.42014221032729493	0.42071249358644336	0.38071988731261963	0.00327987965315247	-0.008576809208006127	0.011310037607792516	FALSE	0.28909372274994966	28.721044428837228	28.23690002309109	29.057750463592832	0.37074144170588635	0.3723953238821935	0.37017423652493897	0.02351283871158888	0.022566176940390956	0.02209918015384651
C.1.2.2.2.2.4.3	C.00001.00002.00002.00002.00002.00004.00003	Part 965	+	0.09968985624075867	-60.995100950822234	91.09862949699163	-9.59267821162939	0.1594884376434478	0.15928204896182166	0.16095520879840836	-0.0016440301855379074	2.1439563241317495e-4	-2.172842045158165e-4	FALSE	0.28909372274994966	28.721044428837228	28.23690002309109	29.057750463592832	0.37074144170588635	0.3723953238821935	0.37017423652493897	0.02351283871158888	0.022566176940390956	0.02209918015384651
C.1.2.2.2.3.1.1	C.00001.00002.00002.00002.00003.00001.00001	Part 966	-	0.345393353250809	49.225673638284206	-13.037929870188236	-34.64252627454698	0.47913723832637867	0.4586625256694213	0.47473932191825574	0.017509495424065775	-0.02868000192956314	0.002978637095086272	FALSE	0.28909372274994966	28.721044428837228	28.23690002309109	29.057750463592832	0.37074144170588635	0.3723953238821935	0.37017423652493897	0.02351283871158888	0.022566176940390956	0.02209918015384651
C.1.2.2.2.3.1.2	C.00001.00002.00002.00002.00003.00001.00002	Part 967	+	0.147076126674423	72.91318336501718	25.294630136340857	6.516283191740513	0.21739396030556551	0.23286888073360199	0.22638707764568097	6.615551163557344e-4	0.0015978837683497038	3.3473494387656984e-4	FALSE	0.28909372274994966	28.721044428837228	28.23690002309109	29.057750463592832	0.37074144170588635	0.3723953238821935	0.37017423652493897	0.02351283871158888	0.022566176940390956	0.02209918015384651
C.1.2.2.2.3.1.3	C.00001.00002.00002.00002.00003.00001.00003	Part 968	-	0.5250803465456702	41.28240216523409	56.341146072372794	29.793682508170605	0.6142898985369039	0.6230022973423036	0.6394846616925042	0.06041707099300492	0.04082566972114808	-0.012794288708073476	FALSE	0.28909372274994966	28.721044428837228	28.23690002309109	29.057750463592832	0.37074144170588635	0.3723953238821935	0.37017423652493897	0.02351283871158888	0.022566176940390956	0.02209918015384651
C.1.2.2.2.3.1.4	C.00001.00002.00002.00002.00003.00001.00004	Part 969	+	0.4892021876189392	-14.718003058806062	-77.48289168812335	-9.802870312705636	0.6526306182681287	0.5867509579436452	0.5518915429797854	0.06013613675420441	0.004444479745731449	-0.002495198961270224	FALSE	0.28909372274994966	28.721044428837228	28.23690002309109	29.057750463592832	0.37074144170588635	0.3723953238821935	0.37017423652493897	0.02351283871158888	0.022566176940390956	0.02209918015384651
C.1.2.2.2.3.1.5	C.00001.00002.00002.00002.00003.00001.00005	Part 970	-	0.3681091385083273	53.410716308280826	36.58010014332831	64.2720723990351	0.4316995717801538	0.45032304653763955	0.40388473713453177	-0.006765216340014524	-0.005028606381440707	-0.01898847873314777	FALSE	0.28909372274994966	28.721044428837228	28.23690002309109	29.057750463592832	0.37074144170588635	0.3723953238821935	0.37017423652493897	0.02351283871158888	0.022566176940390956	0.02209918015384651
C.1.2.2.2.3.2.1	C.00001.00002.00002.00002.00003.00002.00001	Part 971	+	0.2022086534788832	50.79826274886727	-89.359991904348135	-90.66908159293234	0.304458476429242	0.2881186650118538	0.3122199907550542	0.007494641712167683	0.022637634702947024	-0.007655420762313105	FALSE	0.28909372274994966	28.721044428837228	28.23690002309109	29.057750463592832	0.37074144170588635	0.3723953238821935	0.37017423652493897	0.02351283871158888	0.022566176940390956	0.02209918015384651
C.1.2.2.2.3.2.2	C.00001.00002.00002.00002.00003.00002.00002	Part 972	-	0.7260099024197553	65.38590369746089	-32.00422446243465	-55.6092987768352	0.9560992614910911	0.9985063911532315	0.9197697673823055	-0.012492996004439965	0.008983591062734532	0.05464491021346929	FALSE	0.28909372274994966	28.721044428837228	28.23690002309109	29.057750463592832	0.37074144170588635	0.3723953238821935	0.37017423652493897	0.02351283871158888	0.022566176940390956	0.02209918015384651
C.1.2.2.2.3.2.3	C.00001.00002.00002.00002.00003.00002.00003	Part 973	-	0.47460219804244114	-59.95682361535728	23.87014077976346	-2.4481114000082016	0.5965026386467733	0.5850507321042127	0.5739573068366166	0.017461955802500373	7.807431255930462e-4	-2.0049108263685717e-4	FALSE	0.28909372274994966	28.721044428837228	28.23690002309109	29.057750463592832	0.37074144170588635	0.3723953238821935	0.37017423652493897	0.02351283871158888	0.022566176940390956	0.02209918015384651
C.1.2.2.2.3.2.4	C.00001.00002.00002.00002.00003.00002.00004	Part 974	+	0.7313970257029868	33.90182601287961	-52.097645588219166	99.86968045122921	0.8877209397004133	0.9488907643141312	0.8792649348780672	0.022408164986990456	0.0759425053446322	0.0380751266551434	FALSE	0.28909372274994966	28.721044428837228	28.23690002309109	29.057750463592832	0.37074144170588635	0.3723953238821935	0.37017423652493897	0.02351283871158888	0.022566176940390956	0.02209918015384651
C.1.2.2.2.3.3.1	C.00001.00002.00002.00002.00003.00003.00001	Part 975	-	0.7002253949027508	-48.32895137369633	94.38803419470787	-73.54296059347689	0.9179289537677093	0.9453526066367571	1.0598639204396196	0.005793379845730145	0.009932665524244062	-0.003364331952347276	FALSE	0.28909372274994966	28.721044428837228	28.23690002309109	29.057750463592832	0.37074144170588635	0.3723953238821935	0.37017423652493897	0.02351283871158888	0.022566176940390956	0.02209918015384651
C.1.2.2.2.3.3.2	C.00001.00002.00002.00002.00003.00003.00002	Part 976	+	0.7271825440614484	-27.61601754464209	-61.12668598070741	-75.3458530176431	0.9541210459817209	0.9697491713331543	1.1351335287392776	0.005582495038339213	0.006671195595068952	0.0011535569103235399	FALSE	0.28909372274994966	28.721044428837228	28.23690002309109	29.057750463592832	0.37074144170588635	0.3723953238821935	0.37017423652493897	0.02351283871158888	0.022566176940390956	0.02209918015384651
C.1.2.2.2.3.3.3	C.00001.00002.00002.00002.00003.00003.00003	Part 977	-	0.38601829275116323	10.229263873770833	32.793070236220956	30.60879916884005	0.4794250298044296	0.4519723346396494	0.473361332684626	-0.02470872411088412	-0.016706551862551232	0.00608256028791015	FALSE	0.28909372274994966	28.721044428837228	28.23690002309109	29.057750463592832	0.37074144170588635	0.3723953238821935	0.37017423652493897	0.02351283871158888	0.022566176940390956	0.02209918015384651
C.1.2.2.2.3.3.4	C.00001.00002.00002.00002.00003.00003.00004	Part 978	-	0.29627420678082855	-1.0771852917969227	-32.89890778250992	-20.413750782608986	0.3830441099038879	0.4326566646366207	0.372606716061135	0.019626688675236842	0.011439537622117968	0.01459983770374012	FALSE	0.28909372274994966	28.721044428837228	28.23690002309109	29.057750463592832	0.37074144170588635	0.3723953238821935	0.37017423652493897	0.02351283871158888	0.022566176940390956	0.02209918015384651
C.1.2.2.2.3.4.1	C.00001.00002.00002.00002.00003.00004.00001	Part 979	-	0.27105822088592685	-9.020871249958873	94.69756302423775	-74.91972697898746	0.39951975900346126	0.4168247106634905	0.38660585833770034	0.02142547459437949	-0.006735890149523673	-0.010790705266209476	FALSE	0.28909372274994966	28.721044428837228	28.23690002309109	29.057750463592832	0.37074144170588635	0.3723953238821935	0.37017423652493897	0.02351283871158888	0.022566176940390956	0.02209918015384651
C.1.2.2.2.3.4.2	C.00001.00002.00002.00002.00003.00004.00002	Part 980	-	0.887400543800788	-78.64561681635678	-30.86143396794796	81.71482505276799	1.0497478499469302	1.127254465104757	1.0835139532825706	0.0013066053331645168	0.025583120864450644	-0.05861376076331369	FALSE	0.28909372274994966	28.721044428837228	28.23690002309109	29.057750463592832	0.37074144170588635	0.3723953238821935	0.37017423652493897	0.02351283871158888	0.022566176940390956	0.02209918015384651
C.1.2.2.2.3.4.3	C.00001.00002.00002.00002.00003.00004.00003	Part 981	+	0.18562814097455702	49.00281825102866	-38.7052065692842	-38.003188418224454	0.2746480668830507	0.24110169344856022	0.25797114857032255	0.011830825459521818	-0.0054154966043420275	-3.837476468564319e-4	FALSE	0.28909372274994966	28.721044428837228	28.23690002309109	29.057750463592832	0.37074144170588635	0.3723953238821935	0.37017423652493897	0.02351283871158888	0.022566176940390956	0.02209918015384651
C.1.2.2.2.3.4.4	C.00001.00002.00002.00002.00003.00004.00004	Part 982	+	0.676604886027053	-4.235508479177952	-88.00108162686229	-14.42916439846158	0.7873501772649654	0.9006000958302612	0.7933242008254806	-0.0555925947585104	-0.03199452924541006	0.03426014756302768	FALSE	0.28909372274994966	28.721044428837228	28.23690002309109	29.057750463592832	0.37074144170588635	0.3723953238821935	0.37017423652493897	0.02351283871158888	0.022566176940390956	0.02209918015384651
C.1.2.2.2.3.4.5	C.00001.00002.00002.00002.00003.00004.00005	Part 983	-	0.9299982009441592	94.47850789874792	83.77207573503256	-11.404815874993801	0.9704152538984083	1.096893040094133	1.1274372848676895	0.12173459347731425	-0.0744546613558762	0.0017807762575389099	FALSE	0.28909372274994966	28.721044428837228	28.23690002309109	29.057750463592832	0.37074144170588635	0.3723953238821935	0.37017423652493897	0.02351283871158888	0.022566176940390956	0.02209918015384651
C.1.2.2.2.4.1.1	C.00001.00002.00002.00002.00004.00001.00001	Part 984	-	0.9030830010336358	36.13886944949627	-30.839394126087427	77.82481363974512	1.1268388168502792	1.2171843808899903	1.1231479180062338	-0.08846523203018197	0.09914636000065566	-0.08055238601559153	FALSE	0.28909372274994966	28.721044428837228	28.23690002309109	29.057750463592832	0.37074144170588635	0.3723953238821935	0.37017423652493897	0.02351283871158888	0.022566176940390956	0.02209918015384651
C.1.2.2.2.4.1.2	C.00001.00002.00002.00002.00004.00001.00002	Part 985	-	0.3415137503563892	97.62425692752004	-79.90222480148077	-94.51555516570807	0.4679269479194403	0.4454066207291212	0.5002983039618605	-6.597816268589537e-4	0.03247867099086059	-0.00825297436467821	FALSE	0.28909372274994966	28.721044428837228	28.23690002309109	29.057750463592832	0.37074144170588635	0.3723953238821935	0.37017423652493897	0.02351283871158888	0.022566176940390956	0.02209918015384651
C.1.2.2.2.4.1.3	C.00001.00002.00002.00002.00004.00001.00003	Part 986	+	0.07597253154916689	-20.72984711267054	79.02218238450587	64.00230983272195	0.09544365421840321	0.09426236339841801	0.11696165641742655	0.0033198360274207302	1.5352305710691155e-5	4.469069577196507e-4	FALSE	0.28909372274994966	28.721044428837228	28.23690002309109	29.057750463592832	0.37074144170588635	0.3723953238821935	0.37017423652493897	0.02351283871158888	0.022566176940390956	0.02209918015384651
C.1.2.2.2.4.2.1	C.00001.00002.00002.00002.00004.00002.00001	Part 987	+	0.21710612030676565	82.39852315746248	-78.42894098721445	-16.184576554223895	0.26668405798555145	0.27468988228096763	0.2675272316883201	0.0029725788459559724	-5.922818851304952e-4	0.0022198716083646182	FALSE	0.28909372274994966	28.721044428837228	28.23690002309109	29.057750463592832	0.37074144170588635	0.3723953238821935	0.37017423652493897	0.02351283871158888	0.022566176940390956	0.02209918015384651
C.1.2.2.2.4.2.2	C.00001.00002.00002.00002.00004.00002.00002	Part 988	-	0.49863429153943434	-42.80372844077647	95.792077062651515	73.12487671151757	0.5813596533493391	0.5358367288501008	0.585394063557518	0.006298687734254323	0.031030187734254443	-0.04051270492051397	FALSE	0.28909372274994966	28.721044428837228	28.23690002309109	29.057750463592832	0.37074144170588635	0.3723953238821935	0.37017423652493897	0.02351283871158888	0.022566176940390956	0.02209918015384651
C.1.2.2.2.4.2.3	C.00001.00002.00002.00002.00004.00002.00003	Part 989	+	0.46388317182497124	2.812653360888362	51.59658817574382	82.1117902174592	0.6308201406250765	0.603732900834014	0.6379810658410099	-0.01752834907061877	0.003630522253380732	-0.007568302627131665	FALSE	0.28909372274994966	28.721044428837228	28.23690002309109	29.057750463592832	0.37074144170588635	0.3723953238821935	0.37017423652493897	0.02351283871158888	0.022566176940390956	0.02209918015384651
C.1.2.2.2.4.2.4	C.00001.00002.00002.00002.00004.00002.00004	Part 990	-	0.2931565045390744	98.2056837528944	41.02588784880936	64.80340650305152	0.3358473755738956	0.3608381384022047	0.3748945659860809	0.010142787058466472	-7.219834211158215e-4	-2.5641610775973736e-5	FALSE	0.28909372274994966	28.721044428837228	28.23690002309109	29.057750463592832	0.37074144170588635	0.3723953238821935	0.37017423652493897	0.02351283871158888	0.022566176940390956	0.02209918015384651
C.1.2.2.2.4.3.1	C.00001.00002.00002.00002.00004.00003.00001	Part 991	-	0.6313824032684788	-82.62024247087538	75.72377445176244	19.779780320823193	0.8917810433568049	0.9115619872194086	0.9320077385812765	-0.01827074584355858	-0.02323207921547763	-0.016588898753466086	FALSE	0.28909372274994966	28.721044428837228	28.23690002309109	29.057750463592832	0.37074144170588635	0.3723953238821935	0.37017423652493897	0.02351283871158888	0.022566176940390956	0.02209918015384651
C.1.2.2.2.4.3.2	C.00001.00002.00002.00002.00004.00003.00002	Part 992	+	0.24557517129927875	92.48381964862347	4.165562381967902	67.82564986497164	0.3425471784754824	0.3258620340522138	0.351794054832525	-0.01275755595874368	0.013639279830247812	0.01231523268030764	FALSE	0.28909372274994966	28.721044428837228	28.23690002309109	29.057750463592832	0.37074144170588635	0.3723953238821935	0.37017423652493897	0.02351283871158888	0.022566176940390956	0.02209918015384651
C.1.2.2.2.4.4.1	C.00001.00002.00002.00002.00004.00004.00001	Part 993	+	0.987849029772915	-49.96312544681132	-51.87025321647525	-14.14846871048212	1.4704006816222968	1.4577969816124652	1.376753891657765	0.031299230820461495	0.06320668326105389	0.002905841821107236	FALSE	0.28909372274994966	28.721044428837228	28.23690002309109	29.057750463592832	0.37074144170588635	0.3723953238821935	0.37017423652493897	0.02351283871158888	0.022566176940390956	0.02209918015384651
C.1.2.2.2.4.4.2	C.00001.00002.00002.00002.00004.00004.00002	Part 994	+	0.9620267251112964	-51.747614378109574	86.72565501183271	-31.803484773263335	1.152836859204256	1.1308468342306088	1.2019860712454171	-0.03274092054828336	-0.0693662484351279	0.06692376995962773	FALSE	0.28909372274994966	28.721044428837228	28.23690002309109	29.057750463592832	0.37074144170588635	0.3723953238821935	0.37017423652493897	0.02351283871158888	0.022566176940390956	0.02209918015384651
C.1.2.2.2.4.4.3	C.00001.00002.00002.00002.00004.00004.00003	Part 995	+	0.5036204764358699	-44.637550646439195	72.92668838053942	22.411220660433173	0.6675448327208635	0.6936215132887461	0.6079922988006617	-0.009897934627693127	-0.052925781095782734	0.016357303494848038	FALSE	0.28909372274994966	28.721044428837228	28.23690002309109	29.057750463592832	0.37074144170588635	0.3723953238821935	0.37017423652493897	0.02351283871158888	0.022566176940390956	0.02209918015384651
C.1.2.2.2.4.4.4	C.00001.00002.00002.00002.00004.00004.00004	Part 996	-	0.5350742662933189	11.9660132098943	18.348637269809842	44.33038090355694	0.5921547951577714	0.669506709333052	0.6754079509520082	-0.009678963877177461	0.004621268934198031	0.0010303968120061496	FALSE	0.28909372274994966	28.721044428837228	28.23690002309109	29.057750463592832	0.37074144170588635	0.3723953238821935	0.37017423652493897	0.02351283871158888	0.022566176940390956	0.02209918015384651
C.1.2.2.2.4.4.5	C.00001.00002.00002.00002.00004.00004.00005	Part 997	+	0.0867748331334442	-13.0377440713346	-94.63196410797536	32.34167182818055	0.12903011300564224	0.13199233109532665	0.13243203648030988	0.0024587243176823915	0.0040101692353868065	-0.0036114126380190764	FALSE	0.28909372274994966	28.721044428837228	28.23690002309109	29.057750463592832	0.37074144170588635	0.3723953238821935	0.37017423652493897	0.02351283871158888	0.022566176940390956	0.02209918015384651
C.1.2.2.3.1.1.1	C.00001.00002.00002.00003.00001.00001.00001	Part 998	+	0.2682770018510055	-38.14990087412298	98.45185899175704	65.6827942468226	0.2734833661725806	0.2794214069698289	0.2675526860049357	0.00351054849216403	-0.0041970819578815224	-0.005158917155448491	FALSE	0.28909372274994966	28.721044428837228	28.23690002309109	29.057750463592832	0.37074144170588635	0.3723953238821935	0.37017423652493897	0.02351283871158888	0.022566176940390956	0.02209918015384651
C.1.2.2.3.1.1.2	C.00001.00002.00002.00003.00001.00001.00002	Part 999	+	0.5181016515605151	20.26623683050275	-94.88800340332091	-84.30977887474	0.6617302139178972	0.5890508131589117	0.6030236177772124	0.007426176634679011	0.036556870971465254	0.05498798482147681	FALSE	0.28909372274994966	28.721044428837228	28.23690002309109	29.057750463592832	0.37074144170588635	0.3723953238821935	0.37017423652493897	0.02351283871158888	0.022566176940390956	0.02209918015384651
C.1.2.2.3.1.2.1	C.00001.00002.00002.00003.00001.00002.00001	Part 1000	-	0.08781051513529382	93.75454084947705	-64.90565417334437	-7.389143481850624	0.11349920599823053	0.11743811639927669	0.11701770605778841	0.0026483268710255107	-0.0024529174055099986	-0.005056335373681012	FALSE	0.28909372274994966	28.721044428837228	28.23690002309109	29.057750463592832	0.37074144170588635	0.3723953238821935	0.37017423652493897	0.02351283871158888	0.022566176940390956	0.02209918015384651
C.1.2.2.3.1.2.2	C.00001.00002.00002.00003.00001.00002.00002	Part 1001	-	0.36019444992020727	-32.9376395791769	79.80054975487292	83.71249507181346	0.37424472474082926	0.3537332332729534	0.36519784775002373	0.028299732583257065	-0.0017474358014942146	0.0016867036581789156	FALSE	0.28909372274994966	28.721044428837228	28.23690002309109	29.057750463592832	0.37074144170588635	0.3723953238821935	0.37017423652493897	0.02351283871158888	0.022566176940390956	0.02209918015384651
C.1.2.2.3.1.2.3	C.00001.00002.00002.00003.00001.00002.00003	Part 1002	-	0.9131225092548412	8.811583882197738	18.899534223601222	54.688904574140906	1.206763664569927	1.281416933150703	1.2006552373138228	0.043673574884466715	-3.940934767997017e-4	0.011064303191600802	FALSE	0.28909372274994966	28.721044428837228	28.23690002309109	29.057750463592832	0.37074144170588635	0.3723953238821935	0.37017423652493897	0.02351283871158888	0.022566176940390956	0.02209918015384651
C.1.2.2.3.2.1.1	C.00001.00002.00002.00003.00002.00001.00001	Part 1003	-	0.3176887161303312	-65.99662681110203	88.88293546624482	-47.47326597571373	0.37047545833452283	0.4026334890313699	0.42084579870170047	-0.009684507846894837	0.012490113221948936	0.02777157782135361	FALSE	0.28909372274994966	28.721044428837228	28.23690002309109	29.057750463592832	0.37074144170588635	0.3723953238821935	0.37017423652493897	0.02351283871158888	0.022566176940390956	0.02209918015384651
C.1.2.2.3.2.1.2	C.00001.00002.00002.00003.00002.00001.00002	Part 1004	+	0.7609557169706095	1.4426170382648706	95.131212240085	-36.56750405207276	0.7739821382407648	0.7590513650103857	0.7131505687926795	0.024479287743045974	-0.02176595292603893	0.024230138917593402	FALSE	0.28909372274994966	28.721044428837228	28.23690002309109	29.057750463592832	0.37074144170588635	0.3723953238821935	0.37017423652493897	0.02351283871158888	0.022566176940390956	0.02209918015384651
C.1.2.2.3.2.1.3	C.00001.00002.00002.00003.00002.00001.00003	Part 1005	+	0.29240573113318535	2.9813415370881557	52.419610135257244	-87.7942037768662	0.325210686802862	0.37241270770813645	0.4123770118399169	0.00301387373979163	0.02151111045569789	-0.004386168386778359	FALSE	0.28909372274994966	28.721044428837228	28.23690002309109	29.057750463592832	0.37074144170588635	0.3723953238821935	0.37017423652493897	0.02351283871158888	0.022566176940390956	0.02209918015384651
C.1.2.2.3.2.2.1	C.00001.00002.00002.00003.00002.00002.00001	Part 1006	-	0.20961525726504623	82.92951546609402	87.53000176511705	31.493828119710088	0.26866215960934225	0.28258058165029315	0.29801919076629313	-0.0057529824619327995	-0.005598120417871369	-0.007110050984442776	FALSE	0.28909372274994966	28.721044428837228	28.23690002309109	29.057750463592832	0.37074144170588635	0.3723953238821935	0.37017423652493897	0.02351283871158888	0.022566176940390956	0.02209918015384651
C.1.2.2.3.2.2.2	C.00001.00002.00002.00003.00002.00002.00002	Part 1007	+	0.5236412878341508	40.28734490275383	-96.53971642255783	-88.59279761090875	0.6576317562732735	0.7321373599512839	0.5767785828398014	0.041556770873983365	-0.0018276718436292454	-0.04015842932084851	FALSE	0.28909372274994966	28.721044428837228	28.23690002309109	29.057750463592832	0.37074144170588635	0.3723953238821935	0.37017423652493897	0.02351283871158888	0.022566176940390956	0.02209918015384651
C.1.2.2.3.2.2.3	C.00001.00002.00002.00003.00002.00002.00003	Part 1008	-	0.3170905596860684	-43.32383400760591	-74.38644138164818	-50.76702176593244	0.3545937751506153	0.3919489871103486	0.4047535362964869	0.02109445813379975	-0.030998759528186412	0.007082155674338354	FALSE	0.28909372274994966	28.721044428837228	28.23690002309109	29.057750463592832	0.37074144170588635	0.3723953238821935	0.37017423652493897	0.02351283871158888	0.022566176940390956	0.02209918015384651
C.1.2.2.3.2.2.4	C.00001.00002.00002.00003.00002.00002.00004	Part 1009	+	0.7079495586680714	-90.43888384476304	95.80949177034199	8.222177624702454	0.7643217213278611	0.8899502003034849	0.8161325789900538	-0.020719804189385148	0.02030532740862295	0.06275005787363168	FALSE	0.28909372274994966	28.721044428837228	28.23690002309109	29.057750463592832	0.37074144170588635	0.3723953238821935	0.37017423652493897	0.02351283871158888	0.022566176940390956	0.02209918015384651
C.1.2.2.3.2.3.1	C.00001.00002.00002.00003.00002.00003.00001	Part 1010	-	0.00490983270178549	-8.017859747633338	11.19074528105557	51.94290429353714	0.006025597062580873	0.0063606194350507165	0.006147788323704245	-1.0238701415248559e-4	3.089362430248738e-4	-5.072236912534451e-4	FALSE	0.28909372274994966	28.721044428837228	28.23690002309109	29.057750463592832	0.37074144170588635	0.3723953238821935	0.37017423652493897	0.02351283871158888	0.022566176940390956	0.02209918015384651
C.1.2.2.3.2.3.2	C.00001.00002.00002.00003.00002.00003.00002	Part 1011	+	0.23015673840255477	-7.633649092167616	-11.86889042146504	52.535229129716754	0.2501456030298357	0.25709420167183045	0.24923941688212842	0.010666510238599467	0.009097009448384053	-0.01014688042309085	FALSE	0.28909372274994966	28.721044428837228	28.23690002309109	29.057750463592832	0.37074144170588635	0.3723953238821935	0.37017423652493897	0.02351283871158888	0.022566176940390956	0.02209918015384651
C.1.2.2.3.2.3.3	C.00001.00002.00002.00003.00002.00003.00003	Part 1012	-	0.405842741121538	28.45844253897667	2.3775546345859766	-73.55268327519298	0.4223758790032171	0.42987435048775297	0.447437250621488	-0.012859265413095882	0.01219929930809871	-0.021227213646902998	FALSE	0.28909372274994966	28.721044428837228	28.23690002309109	29.057750463592832	0.37074144170588635	0.3723953238821935	0.37017423652493897	0.02351283871158888	0.022566176940390956	0.02209918015384651
C.1.2.2.3.2.3.4	C.00001.00002.00002.00003.00002.00003.00004	Part 1013	+	0.7539108669806738	-91.96384167298675	85.1940150372684	62.23730780184269	1.173633832226925	1.0665241032263855	1.0795789652396484	0.009276259752856897	0.043136850591862196	-0.0018029021425642155	FALSE	0.28909372274994966	28.721044428837228	28.23690002309109	29.057750463592832	0.37074144170588635	0.3723953238821935	0.37017423652493897	0.02351283871158888	0.022566176940390956	0.02209918015384651
C.1.2.2.3.2.4.1	C.00001.00002.00002.00003.00002.00004.00001	Part 1014	-	0.6338044687181246	-37.18947251327336	-75.01696199178696	-38.12561030499637	0.8006787546998893	0.6991374430848829	0.8404919150082512	-0.024535888686501674	-0.03505527345171007	0.06594037674886585	FALSE	0.28909372274994966	28.721044428837228	28.23690002309109	29.057750463592832	0.37074144170588635	0.3723953238821935	0.37017423652493897	0.02351283871158888	0.022566176940390956	0.02209918015384651
C.1.2.2.3.2.4.2	C.00001.00002.00002.00003.00002.00004.00002	Part 1015	-	0.030522787004010753	37.39647245965898	-49.916549073532224	-64.78401878848672	0.039653479324651145	0.03988449348235366	0.04167912098722391	-8.866876591976072e-4	8.401707250535846e-4	-0.0011150046633223952	FALSE	0.28909372274994966	28.721044428837228	28.23690002309109	29.057750463592832	0.37074144170588635	0.3723953238821935	0.37017423652493897	0.02351283871158888	0.022566176940390956	0.02209918015384651
C.1.2.2.3.2.4.3	C.00001.00002.00002.00003.00002.00004.00003	Part 1016	+	0.6805104270665906	85.85417056456208	29.997750418260694	46.22967317700386	0.8726368522280162	0.8710918434618221	0.8806345565258799	-0.005378031021421724	9.754780818239108e-4	0.0012612562220211878	FALSE	0.28909372274994966	28.721044428837228	28.23690002309109	29.057750463592832	0.37074144170588635	0.3723953238821935	0.37017423652493897	0.02351283871158888	0.022566176940390956	0.02209918015384651
C.1.2.2.3.2.4.4	C.00001.00002.00002.00003.00002.00004.00004	Part 1017	-	0.9481028071292676	-73.64065079018474	38.0268766079098	-23.092368990182877	1.246507812897894	1.1209699773329378	1.0497519594501963	0.012960458026935231	-0.07955311331156094	0.14042367031222563	FALSE	0.28909372274994966	28.721044428837228	28.23690002309109	29.057750463592832	0.37074144170588635	0.3723953238821935	0.37017423652493897	0.02351283871158888	0.022566176940390956	0.02209918015384651
C.1.2.3.1.1.1.1	C.00001.00002.00003.00001.00001.00001.00001	Part 1018	+	0.2714737224543933	79.75672213360667	-47.84345794469118	37.33013062737882	0.338813851766033	0.32808673555829204	0.2635997353238293	-0.00348121279006372	-0.0059289411663554226	0.0010905838823576167	FALSE	0.28909372274994966	28.721044428837228	28.23690002309109	29.057750463592832	0.37074144170588635	0.3723953238821935	0.37017423652493897	0.02351283871158888	0.022566176940390956	0.02209918015384651
C.1.2.3.1.1.1.2	C.00001.00002.00003.00001.00001.00001.00002	Part 1019	-	0.6140720751190092	41.76371074281633	-13.316352106630802	-30.140276066958904	0.9758292338339816	0.9945128023725424	0.9677428445822156	0.01581042094337401	0.002628492911459966	0.012784974508136617	FALSE	0.28909372274994966	28.721044428837228	28.23690002309109	29.057750463592832	0.37074144170588635	0.3723953238821935	0.37017423652493897	0.02351283871158888	0.022566176940390956	0.02209918015384651
C.1.2.3.1.1.1.3	C.00001.00002.00003.00001.00001.00001.00003	Part 1020	-	0.3992901132279076	22.544915741309524	16.845566825941205	88.00809560343623	0.49613217247505165	0.5586903756185922	0.455115033082299	0.003961459110997396	-0.004567387177313131	0.027750189879247933	FALSE	0.28909372274994966	28.721044428837228	28.23690002309109	29.057750463592832	0.37074144170588635	0.3723953238821935	0.37017423652493897	0.02351283871158888	0.022566176940390956	0.02209918015384651
C.1.2.3.1.1.1.4	C.00001.00002.00003.00001.00001.00001.00004	Part 1021	-	0.5259728841318283	-58.118884498253465	-87.555838143453	-98.82878721691668	0.6712742996562501	0.6522892461739314	0.6461367813144506	0.0046570648083672245	-0.021496487245712896	0.05979432298398718	FALSE	0.28909372274994966	28.721044428837228	28.23690002309109	29.057750463592832	0.37074144170588635	0.3723953238821935	0.37017423652493897	0.02351283871158888	0.022566176940390956	0.02209918015384651
C.1.2.3.1.1.2.1	C.00001.00002.00003.00001.00001.00002.00001	Part 1022	+	0.3233482847209089	96.91439098678529	-59.92609802633524	-4.8784935381263494	0.3794431984809574	0.39538334417695803	0.3882085156366992	-0.00833593018547131	0.01595120031159023	-0.016044849710204007	FALSE	0.28909372274994966	28.721044428837228	28.23690002309109	29.057750463592832	0.37074144170588635	0.3723953238821935	0.37017423652493897	0.02351283871158888	0.022566176940390956	0.02209918015384651
C.1.2.3.1.1.2.2	C.00001.00002.00003.00001.00001.00002.00002	Part 1023	-	0.8967885313592852	96.58187446184456	-25.16317144036293	59.0921348426491	0.9634658175781806	1.074516750064507	1.0870171880647128	0.030280719388407304	-0.11039760567095933	0.06213998552283999	FALSE	0.28909372274994966	28.721044428837228	28.23690002309109	29.057750463592832	0.37074144170588635	0.3723953238821935	0.37017423652493897	0.02351283871158888	0.022566176940390956	0.02209918015384651
C.1.2.3.1.2.1.1	C.00001.00002.00003.00001.00002.00001.00001	Part 1024	-	0.36056349496007895	74.903594981879	-43.962585320696235	-14.050036296248436	0.37645157575398197	0.4339364569021059	0.4222303506634136	-0.012832195169406983	-0.028196857768589087	-0.006867982665523601	FALSE	0.28909372274994966	28.721044428837228	28.23690002309109	29.057750463592832	0.37074144170588635	0.3723953238821935	0.37017423652493897	0.02351283871158888	0.022566176940390956	0.02209918015384651
C.1.2.3.1.2.1.2	C.00001.00002.00003.00001.00002.00001.00002	Part 1025	-	0.28386467407946475	68.0945314001292	-54.774394957348704	2.8109159786254168	0.3455054282681242	0.319335019885562	0.3377785699564937	-0.019487729589842406	-0.030441392086136818	0.012651754000112921	FALSE	0.28909372274994966	28.721044428837228	28.23690002309109	29.057750463592832	0.37074144170588635	0.3723953238821935	0.37017423652493897	0.02351283871158888	0.022566176940390956	0.02209918015384651
C.1.2.3.1.2.1.3	C.00001.00002.00003.00001.00002.00001.00003	Part 1026	+	0.23156337600271218	-67.61877932585776	7.986530475318432	-22.457342129200697	0.29036869938459164	0.3037983540131558	0.3033854697711728	-0.015408500102457081	0.0086938966227247845	-0.02130395195673237	FALSE	0.28909372274994966	28.721044428837228	28.23690002309109	29.057750463592832	0.37074144170588635	0.3723953238821935	0.37017423652493897	0.02351283871158888	0.022566176940390956	0.02209918015384651
C.1.2.3.1.2.1.4	C.00001.00002.00003.00001.00002.00001.00004	Part 1027	-	0.2350679253905546	74.80033696629107	10.899268742650747	-22.739830799400806	0.2970339860488817	0.298674204183194	0.32429851049119174	0.0021527023303478036	0.010038598246872399	4.260807488943631e-4	FALSE	0.28909372274994966	28.721044428837228	28.23690002309109	29.057750463592832	0.37074144170588635	0.3723953238821935	0.37017423652493897	0.02351283871158888	0.022566176940390956	0.02209918015384651
C.1.2.3.1.2.2.1	C.00001.00002.00003.00001.00002.00002.00001	Part 1028	-	0.9854304553838447	-46.41855643130839	69.41389311105013	-34.333817986771464	1.1745379913630323	1.2318771445603012	1.0344128409711042	-0.0248720546664876	0.11754377707019359	0.07310842433924039	FALSE	0.28909372274994966	28.721044428837228	28.23690002309109	29.057750463592832	0.37074144170588635	0.3723953238821935	0.37017423652493897	0.02351283871158888	0.022566176940390956	0.02209918015384651
C.1.2.3.1.2.2.2	C.00001.00002.00003.00001.00002.00002.00002	Part 1029	-	0.4805381577296648	-51.79176856763661	-68.34773179143667	-19.806827697902918	0.4252615031969518	0.4468632274660892	0.4520839455535829	-0.015775196673174598	0.0024492739737420996	-0.007405177985282297	FALSE	0.28909372274994966	28.721044428837228	28.23690002309109	29.057750463592832	0.37074144170588635	0.3723953238821935	0.37017423652493897	0.02351283871158888	0.022566176940390956	0.02209918015384651
C.1.2.3.1.2.2.3	C.00001.00002.00003.00001.00002.00002.00003	Part 1030	+	0.19013544256146997	-61.670681508257985	-26.477308245375752	-12.132368283346295	0.25479736142580073	0.2763441582313683	0.22144415543644014	-0.006838077576182519	0.005283864889242323	-4.3688253103186885e-4	FALSE	0.28909372274994966	28.721044428837228	28.23690002309109	29.057750463592832	0.37074144170588635	0.3723953238821935	0.37017423652493897	0.02351283871158888	0.022566176940390956	0.02209918015384651
C.1.2.3.1.2.2.4	C.00001.00002.00003.00001.00002.00002.00004	Part 1031	-	0.11593558303709142	-32.33528942801058	72.48143367469311	-67.7624145988375	0.16064184465428846	0.1581539359278079	0.13849539528318897	0.00633287031607507	-0.007801961933453122	-0.00675677936258264	FALSE	0.28909372274994966	28.721044428837228	28.23690002309109	29.057750463592832	0.37074144170588635	0.3723953238821935	0.37017423652493897	0.02351283871158888	0.022566176940390956	0.02209918015384651
C.1.2.3.1.2.2.5	C.00001.00002.00003.00001.00002.00002.00005	Part 1032	-	0.36539430637820625	6.901369569823146	-8.53817998431623	-26.222652290016413	0.47870142572940394	0.45534335620023697	0.4424887476004629	0.057474077807164646	0.025208377588377406	0.01665357844630759	FALSE	0.28909372274994966	28.721044428837228	28.23690002309109	29.057750463592832	0.37074144170588635	0.3723953238821935	0.37017423652493897	0.02351283871158888	0.022566176940390956	0.02209918015384651
C.1.2.3.1.2.3.1	C.00001.00002.00003.00001.00002.00003.00001	Part 1033	-	0.8863196952578146	-52.10150717757642	-67.03568380326033	-95.41013021953404	1.0591793710191624	1.2510701729432208	1.0887818618774248	-0.040112172222578915	-0.005120049018534828	0.024889461881570832	FALSE	0.28909372274994966	28.721044428837228	28.23690002309109	29.057750463592832	0.37074144170588635	0.3723953238821935	0.37017423652493897	0.02351283871158888	0.022566176940390956	0.02209918015384651
C.1.2.3.1.2.3.2	C.00001.00002.00003.00001.00002.00003.00002	Part 1034	+	0.006527662138221786	43.002137867733836	1.2415521778166294	-43.24038987979293	0.007583466824313199	0.007143444902016918	0.006801558438289208	1.073007562773667e-4	-4.781643862808727e-4	-7.264905940677425e-4	FALSE	0.28909372274994966	28.721044428837228	28.23690002309109	29.057750463592832	0.37074144170588635	0.3723953238821935	0.37017423652493897	0.02351283871158888	0.022566176940390956	0.02209918015384651
C.1.2.3.1.2.3.3	C.00001.00002.00003.00001.00002.00003.00003	Part 1035	-	0.01258344086725265	-64.23425571992993	23.354554967954755	-5.638757953420281	0.017135310471390098	0.01609576890067113	0.017034289421131867	7.043150609314924e-4	1.3538241598545948e-4	6.950651548896436e-4	FALSE	0.28909372274994966	28.721044428837228	28.23690002309109	29.057750463592832	0.37074144170588635	0.3723953238821935	0.37017423652493897	0.02351283871158888	0.022566176940390956	0.02209918015384651
C.1.2.3.1.2.3.4	C.00001.00002.00003.00001.00002.00003.00004	Part 1036	+	0.268131818715483	-24.453301914036274	37.71373191848397	-80.053954385221	0.40041169517935266	0.327437737724792	0.3363708239324448	-0.029975816930480827	0.012019934535980445	0.0012284113063380474	FALSE	0.28909372274994966	28.721044428837228	28.23690002309109	29.057750463592832	0.37074144170588635	0.3723953238821935	0.37017423652493897	0.02351283871158888	0.022566176940390956	0.02209918015384651
C.1.2.3.1.2.3.5	C.00001.00002.00003.00001.00002.00003.00005	Part 1037	+	0.6671921835553367	-22.613744344562292	5.095232650637627	-63.575286930426955	0.7633558794777816	0.6969343406144651	0.7637621574057223	0.03459677537013358	-0.029188026897170583	-0.04084380930445912	FALSE	0.28909372274994966	28.721044428837228	28.23690002309109	29.057750463592832	0.37074144170588635	0.3723953238821935	0.37017423652493897	0.02351283871158888	0.022566176940390956	0.02209918015384651
C.1.2.3.1.3.1.1	C.00001.00002.00003.00001.00003.00001.00001	Part 1038	+	0.5550174316570629	-83.23413799516857	-75.53682094439864	11.247013928368688	0.7261047515231042	0.8144103175995534	0.7389736737162942	-6.030436115606549e-4	0.011390652148165729	0.005607807353903772	FALSE	0.28909372274994966	28.721044428837228	28.23690002309109	29.057750463592832	0.37074144170588635	0.3723953238821935	0.37017423652493897	0.02351283871158888	0.022566176940390956	0.02209918015384651
C.1.2.3.1.3.1.2	C.00001.00002.00003.00001.00003.00001.00002	Part 1039	+	0.6380803078019526	28.728295722976327	16.28398336470127	-48.897430719807744	0.736063269747002	0.7347650639624751	0.8064009702170114	4.1781764174185656e-4	0.0028424401788568494	-0.010720685006515032	FALSE	0.28909372274994966	28.721044428837228	28.23690002309109	29.057750463592832	0.37074144170588635	0.3723953238821935	0.37017423652493897	0.02351283871158888	0.022566176940390956	0.02209918015384651
C.1.2.3.1.3.1.3	C.00001.00002.00003.00001.00003.00001.00003	Part 1040	-	0.3094720288219396	-24.840944446623325	-5.2813556510955095	-75.69127320311964	0.36016045845070477	0.35454182068610607	0.35479705701181236	0.0039038446238540627	-0.001795304792344311	-0.008648017760423093	FALSE	0.28909372274994966	28.721044428837228	28.23690002309109	29.057750463592832	0.37074144170588635	0.3723953238821935	0.37017423652493897	0.02351283871158888	0.022566176940390956	0.02209918015384651
C.1.2.3.1.3.1.4	C.00001.00002.00003.00001.00003.00001.00004	Part 1041	-	0.16986004425073042	-0.2717094961553812	-21.255956683307886	-38.88189485296607	0.21849133361234896	0.18388470079723432	0.2200873704419569	0.006259424424891615	0.00038441467799992017	2.6529433137622075e-4	FALSE	0.28909372274994966	28.721044428837228	28.23690002309109	29.057750463592832	0.37074144170588635	0.3723953238821935	0.37017423652493897	0.02351283871158888	0.022566176940390956	0.02209918015384651
C.1.2.3.1.3.1.5	C.00001.00002.00003.00001.00003.00001.00005	Part 1042	-	0.5001672283564694	-27.933583734557033	-75.44109709560871	-52.39798869006336	0.6248696392366354	0.6197903049561545	0.6683337745048498	-0.0188628541866031	-6.235961041831588e-4	0.008185718381841973	FALSE	0.28909372274994966	28.721044428837228	28.23690002309109	29.057750463592832	0.37074144170588635	0.3723953238821935	0.37017423652493897	0.02351283871158888	0.022566176940390956	0.02209918015384651
C.1.2.3.1.3.2.1	C.00001.00002.00003.00001.00003.00002.00001	Part 1043	+	0.8633369037602097	-29.717338038608432	-75.35580983385444	71.45699337124825	1.0316033114297507	1.130442947356974	1.2345906690436015	0.051741394502052014	-0.07750720716025238	0.013980486910605699	FALSE	0.28909372274994966	28.721044428837228	28.23690002309109	29.057750463592832	0.37074144170588635	0.3723953238821935	0.37017423652493897	0.02351283871158888	0.022566176940390956	0.02209918015384651
C.1.2.3.1.3.2.2	C.00001.00002.00003.00001.00003.00002.00002	Part 1044	+	0.09922996710124425	99.88611694425344	-91.37837020680308	65.90019408613443	0.12816754401706107	0.13774139237629984	0.12952318542842847	0.00564019582603183	-0.004769807480596106	0.0022006033112167366	FALSE	0.28909372274994966	28.721044428837228	28.23690002309109	29.057750463592832	0.37074144170588635	0.3723953238821935	0.37017423652493897	0.02351283871158888	0.022566176940390956	0.02209918015384651
C.1.2.3.1.4.1.1	C.00001.00002.00003.00001.00004.00001.00001	Part 1045	+	0.8652523746620864	-67.81035801395774	28.574663773179054	26.51412351988256	0.9952737849813976	0.9357890231830773	0.9740654577356895	-0.07900628699054632	0.07016981104621788	-0.061090488446185656	FALSE	0.28909372274994966	28.721044428837228	28.23690002309109	29.057750463592832	0.37074144170588635	0.3723953238821935	0.37017423652493897	0.02351283871158888	0.022566176940390956	0.02209918015384651
C.1.2.3.1.4.1.2	C.00001.00002.00003.00001.00004.00001.00002	Part 1046	+	0.03140033738268539	89.0315999276936	-89.93275687098503	65.84327514283359	0.04006659707022646	0.042851373811632544	0.041866582474210295	-1.1134199603787096e-4	1.9898372714573546e-4	1.8332563179450815e-4	FALSE	0.28909372274994966	28.721044428837228	28.23690002309109	29.057750463592832	0.37074144170588635	0.3723953238821935	0.37017423652493897	0.02351283871158888	0.022566176940390956	0.02209918015384651
C.1.2.3.1.4.2.1	C.00001.00002.00003.00001.00004.00002.00001	Part 1047	+	0.2642831369091291	96.24938839115202	-64.10846440121531	68.2395697105676	0.3765125075978308	0.3205503440554988	0.344764225930941	-0.013281969353616255	-0.042489145372811676	-0.008543652033743514	FALSE	0.28909372274994966	28.721044428837228	28.23690002309109	29.057750463592832	0.37074144170588635	0.3723953238821935	0.37017423652493897	0.02351283871158888	0.022566176940390956	0.02209918015384651
C.1.2.3.1.4.2.2	C.00001.00002.00003.00001.00004.00002.00002	Part 1048	-	0.999615342994919	-51.21070072054863	-89.31024805642664	-62.562374444678426	1.2056185845625573	1.1665602386299811	1.2714362956349599	0.040719956767876625	-0.0028392401073712376	-0.0039137879003151715	FALSE	0.28909372274994966	28.721044428837228	28.23690002309109	29.057750463592832	0.37074144170588635	0.3723953238821935	0.37017423652493897	0.02351283871158888	0.022566176940390956	0.02209918015384651
C.1.2.3.1.4.2.3	C.00001.00002.00003.00001.00004.00002.00003	Part 1049	+	0.12687110711215063	-24.90128637291491	-84.25761237740517	-28.610008023679256	0.14988434141791196	0.14728455865374115	0.1630007169630277	0.0032933174822273974	3.048478651590396e-4	0.008232396454768759	FALSE	0.28909372274994966	28.721044428837228	28.23690002309109	29.057750463592832	0.37074144170588635	0.3723953238821935	0.37017423652493897	0.02351283871158888	0.022566176940390956	0.02209918015384651
C.1.2.3.1.4.2.4	C.00001.00002.00003.00001.00004.00002.00004	Part 1050	+	0.12058695780276321	37.75184159167111	-97.41140520200133	-43.341012205928564	0.16137069474304677	0.17364600231446742	0.15561126203617454	-0.019312389766490683	-5.302972116278399e-4	-0.004469059817591223	FALSE	0.28909372274994966	28.721044428837228	28.23690002309109	29.057750463592832	0.37074144170588635	0.3723953238821935	0.37017423652493897	0.02351283871158888	0.022566176940390956	0.02209918015384651
C.1.2.3.1.4.2.5	C.00001.00002.00003.00001.00004.00002.00005	Part 1051	-	0.6414318931922317	81.41123573295772	44.24480153247714	-27.285452745854855	0.6513690223782906	0.8085106982083033	0.8175795258224554	0.038210789931354565	0.03261761625926242	2.0372727072478797e-4	FALSE	0.28909372274994966	28.721044428837228	28.23690002309109	29.057750463592832	0.37074144170588635	0.3723953238821935	0.37017423652493897	0.02351283871158888	0.022566176940390956	0.02209918015384651
C.1.2.3.1.4.3.1	C.00001.00002.00003.00001.00004.00003.00001	Part 1052	+	0.16340611016773618	-12.414421234279871	0.26108059100806713	-35.56481748819351	0.16654416391940294	0.17144562127916171	0.1461097597527174	-0.004029189984110122	0.006847152148634688	-0.003419139572301038	FALSE	0.28909372274994966	28.721044428837228	28.23690002309109	29.057750463592832	0.37074144170588635	0.3723953238821935	0.37017423652493897	0.02351283871158888	0.022566176940390956	0.02209918015384651
C.1.2.3.1.4.3.2	C.00001.00002.00003.00001.00004.00003.00002	Part 1053	-	0.3966979910978116	-58.24294341728091	-33.98464969359338	-24.631404550746083	0.37043131602739643	0.37487626307375166	0.37484620368636934	0.011610541711058808	0.01043426834880536	-0.007016248461573873	FALSE	0.28909372274994966	28.721044428837228	28.23690002309109	29.057750463592832	0.37074144170588635	0.3723953238821935	0.37017423652493897	0.02351283871158888	0.022566176940390956	0.02209918015384651
C.1.2.3.1.4.3.3	C.00001.00002.00003.00001.00004.00003.00003	Part 1054	+	0.34402778986585325	-40.55429487489164	-88.74849979765713	86.19010825641453	0.46355154857513636	0.5196562143003289	0.4823439154859447	-0.020006168681553842	-0.007743641368593271	0.01510937372590955	FALSE	0.28909372274994966	28.721044428837228	28.23690002309109	29.057750463592832	0.37074144170588635	0.3723953238821935	0.37017423652493897	0.02351283871158888	0.022566176940390956	0.02209918015384651
C.1.2.3.1.4.3.4	C.00001.00002.00003.00001.00004.00003.00004	Part 1055	+	0.36141186408232895	17.937244893983006	15.997829986736178	16.24582437798381	0.3978110265653177	0.3962637160353485	0.39378280426432843	0.010911645268354458	-0.0023715896487131703	0.00512747725977481	FALSE	0.28909372274994966	28.721044428837228	28.23690002309109	29.057750463592832	0.37074144170588635	0.3723953238821935	0.37017423652493897	0.02351283871158888	0.022566176940390956	0.02209918015384651
C.1.2.3.1.4.4.1	C.00001.00002.00003.00001.00004.00004.00001	Part 1056	+	0.882149980786955	47.88799895904958	-10.57063271291554	65.87203093804419	1.1688060181363202	1.1635226655013726	1.1479625672645903	0.01930441876696838	-0.011765484472756993	-0.015910416597707207	FALSE	0.28909372274994966	28.721044428837228	28.23690002309109	29.057750463592832	0.37074144170588635	0.3723953238821935	0.37017423652493897	0.02351283871158888	0.022566176940390956	0.02209918015384651
C.1.2.3.1.4.4.2	C.00001.00002.00003.00001.00004.00004.00002	Part 1057	-	0.6235593824088573	7.771596126258373	2.2334241308271885	61.70614478178322	0.8180365352892478	0.7994194940059788	0.8366687939019364	-0.02938419950643506	0.01285629030817942	0.007194026996384556	FALSE	0.28909372274994966	28.721044428837228	28.23690002309109	29.057750463592832	0.37074144170588635	0.3723953238821935	0.37017423652493897	0.02351283871158888	0.022566176940390956	0.02209918015384651
C.1.2.3.1.4.4.3	C.00001.00002.00003.00001.00004.00004.00003	Part 1058	-	0.852130611640634	-4.6923022251576185	42.065133107826114	30.690760351717472	1.1105258109156457	1.0355550546965706	1.0972395006960478	-0.09355479906332526	-0.08673590560438557	-0.05994350970063276	FALSE	0.28909372274994966	28.721044428837228	28.23690002309109	29.057750463592832	0.37074144170588635	0.3723953238821935	0.37017423652493897	0.02351283871158888	0.022566176940390956	0.02209918015384651
C.1.2.3.1.4.5.1	C.00001.00002.00003.00001.00004.00005.00001	Part 1059	-	0.7318226899350994	97.58448014035821	39.462982304394245	87.18860587105155	1.194259308780735	1.164746794612592	1.1818874468366765	0.007191862197908598	0.0042229771623906506	0.004750707336135576	FALSE	0.28909372274994966	28.721044428837228	28.23690002309109	29.057750463592832	0.37074144170588635	0.3723953238821935	0.37017423652493897	0.02351283871158888	0.022566176940390956	0.02209918015384651
C.1.2.3.1.4.5.2	C.00001.00002.00003.00001.00004.00005.00002	Part 1060	-	0.14777961387531832	11.671123607084155	-61.40538356266916	-93.36853586137295	0.21730305139269704	0.19940687540370183	0.19978219411696613	0.0016795468598082381	0.004897994911134354	-3.125191342217973e-4	FALSE	0.28909372274994966	28.721044428837228	28.23690002309109	29.057750463592832	0.37074144170588635	0.3723953238821935	0.37017423652493897	0.02351283871158888	0.022566176940390956	0.02209918015384651
C.1.2.3.1.5.1.1	C.00001.00002.00003.00001.00005.00001.00001	Part 1061	-	0.13081390101742	-19.102863036096096	-94.51505299657583	-30.995140364393592	0.17326094199496697	0.18656678027267268	0.18495806080878255	-0.002505082775948407	-0.005244796713303929	-4.939127134549158e-4	FALSE	0.28909372274994966	28.721044428837228	28.23690002309109	29.057750463592832	0.37074144170588635	0.3723953238821935	0.37017423652493897	0.02351283871158888	0.022566176940390956	0.02209918015384651
C.1.2.3.1.5.1.2	C.00001.00002.00003.00001.00005.00001.00002	Part 1062	-	0.5286573092150502	47.875435557216406	-52.51263650134206	-91.2951922044158	0.6986659873372394	0.7396714403046946	0.674014184708664	-0.04783515283733443	0.02057330101918691	-0.01870429998461142	FALSE	0.28909372274994966	28.721044428837228	28.23690002309109	29.057750463592832	0.37074144170588635	0.3723953238821935	0.37017423652493897	0.02351283871158888	0.022566176940390956	0.02209918015384651
C.1.2.3.1.5.1.3	C.00001.00002.00003.00001.00005.00001.00003	Part 1063	+	0.85717995661241	57.68434344790876	99.41592700779438	81.6272471100092	1.182030803572393	1.1502833640526458	1.2221753209991009	-0.10069200301187747	0.12211406421555307	0.10060626178265794	FALSE	0.28909372274994966	28.721044428837228	28.23690002309109	29.057750463592832	0.37074144170588635	0.3723953238821935	0.37017423652493897	0.02351283871158888	0.022566176940390956	0.02209918015384651
C.1.2.3.1.5.2.1	C.00001.00002.00003.00001.00005.00002.00001	Part 1064	+	0.08062984849116765	79.90733310580254	-52.6643521618098	46.963507775217295	0.10656009206662402	0.10668314444170682	0.11445963451343098	5.375566486369059e-4	-3.5912182300382655e-4	7.922446231387598e-5	FALSE	0.28909372274994966	28.721044428837228	28.23690002309109	29.057750463592832	0.37074144170588635	0.3723953238821935	0.37017423652493897	0.02351283871158888	0.022566176940390956	0.02209918015384651
C.1.2.3.1.5.2.2	C.00001.00002.00003.00001.00005.00002.00002	Part 1065	-	0.8785589387393556	-50.994906621053815	28.659749450162053	73.88611100614071	1.0484490431043456	0.9742583079671037	1.0068877350171561	-0.024455286571313004	-0.06737624668913994	-0.0021416849567374055	FALSE	0.28909372274994966	28.721044428837228	28.23690002309109	29.057750463592832	0.37074144170588635	0.3723953238821935	0.37017423652493897	0.02351283871158888	0.022566176940390956	0.02209918015384651
C.1.2.3.1.5.2.3	C.00001.00002.00003.00001.00005.00002.00003	Part 1066	+	0.7310225569473114	67.07863849587739	-25.98369112238288	-23.45006908290088	1.109147505274529	1.0759648119965606	1.103281754436055	0.01570963527677722	0.0066060770728070504	0.025445873328981	FALSE	0.28909372274994966	28.721044428837228	28.23690002309109	29.057750463592832	0.37074144170588635	0.3723953238821935	0.37017423652493897	0.02351283871158888	0.022566176940390956	0.02209918015384651
C.1.2.3.1.5.2.4	C.00001.00002.00003.00001.00005.00002.00004	Part 1067	-	0.9189796810848638	-88.89390137046576	-59.95402755215764	-16.915352595970035	1.0891428888523997	0.9480638612162594	1.0896619427952465	-0.016774989020531705	-0.03668470294928386	-0.028651109157971887	FALSE	0.28909372274994966	28.721044428837228	28.23690002309109	29.057750463592832	0.37074144170588635	0.3723953238821935	0.37017423652493897	0.02351283871158888	0.022566176940390956	0.02209918015384651
C.1.2.3.1.5.2.5	C.00001.00002.00003.00001.00005.00002.00005	Part 1068	+	0.7143612390323542	-23.984279250726104	-64.71602632664144	-70.3919951338321	0.8930441663136031	0.8785900304424367	0.8533034238540819	-2.4477902432202734e-4	-0.015456694583625643	-0.0012787325076341707	FALSE	0.28909372274994966	28.721044428837228	28.23690002309109	29.057750463592832	0.37074144170588635	0.3723953238821935	0.37017423652493897	0.02351283871158888	0.022566176940390956	0.02209918015384651
C.1.2.3.1.5.3.1	C.00001.00002.00003.00001.00005.00003.00001	Part 1069	-	0.8673915939605795	-65.39055369794369	81.82338951155543	29.988151090219617	1.034835911520058	1.0146309044037214	1.0737685711147267	0.043130757775615654	0.009992808796341953	-0.0029229533229066956	FALSE	0.28909372274994966	28.721044428837228	28.23690002309109	29.057750463592832	0.37074144170588635	0.3723953238821935	0.37017423652493897	0.02351283871158888	0.022566176940390956	0.02209918015384651
C.1.2.3.1.5.3.2	C.00001.00002.00003.00001.00005.00003.00002	Part 1070	-	0.9694585117974784	-24.787927605211735	70.91575739905238	-76.74522497691214	1.2813553158196134	1.5410880811154988	1.334614558718345	-0.0017469691574664215	-0.007961963272010188	0.09502671921962388	FALSE	0.28909372274994966	28.721044428837228	28.23690002309109	29.057750463592832	0.37074144170588635	0.3723953238821935	0.37017423652493897	0.02351283871158888	0.022566176940390956	0.02209918015384651
C.1.2.3.1.5.3.3	C.00001.00002.00003.00001.00005.00003.00003	Part 1071	+	0.6972554392570164	46.49368082173169	-26.354542141780257	-83.26301476918161	0.8135661893211564	0.9014552009155617	0.9240257779140032	0.05302263147365869	0.03037337300464587	0.0022654829686027055	FALSE	0.28909372274994966	28.721044428837228	28.23690002309109	29.057750463592832	0.37074144170588635	0.3723953238821935	0.37017423652493897	0.02351283871158888	0.022566176940390956	0.02209918015384651
C.1.2.3.1.5.3.4	C.00001.00002.00003.00001.00005.00003.00004	Part 1072	-	0.41178440806129946	-66.39845967292786	-17.246408527716994	33.660761127248406	0.41581779812420794	0.41707775514054957	0.36798170276345094	-0.008350212227890258	-0.004087352846995563	0.007085325112769063	FALSE	0.28909372274994966	28.721044428837228	28.23690002309109	29.057750463592832	0.37074144170588635	0.3723953238821935	0.37017423652493897	0.02351283871158888	0.022566176940390956	0.02209918015384651
C.1.2.3.1.5.4.1	C.00001.00002.00003.00001.00005.00004.00001	Part 1073	+	0.2842550932301674	98.43460656702518	-53.890949906781316	16.625373950228095	0.36011565782792765	0.3721605664139445	0.36010709330218926	0.010117331774858546	-0.004505712659662552	0.014886826239469745	FALSE	0.28909372274994966	28.721044428837228	28.23690002309109	29.057750463592832	0.37074144170588635	0.3723953238821935	0.37017423652493897	0.02351283871158888	0.022566176940390956	0.02209918015384651
C.1.2.3.1.5.4.2	C.00001.00002.00003.00001.00005.00004.00002	Part 1074	-	0.35028748105000707	17.263269098475575	-30.141999665647745	79.03061797842383	0.36139648477900693	0.3669227309060699	0.3834589229076559	-0.0035371725947279534	0.016939714911895595	0.0033033452734507317	FALSE	0.28909372274994966	28.721044428837228	28.23690002309109	29.057750463592832	0.37074144170588635	0.3723953238821935	0.37017423652493897	0.02351283871158888	0.022566176940390956	0.02209918015384651
C.1.2.3.2.1.1.1	C.00001.00002.00003.00002.00001.00001.00001	Part 1075	-	0.09316603884263895	12.60268916375935	99.58324069157243	78.88803649693727	0.09066852039309423	0.08644172903608323	0.09541729913191384	0.007200924428477702	0.0020119762557935204	-0.0038258231022511666	FALSE	0.28909372274994966	28.721044428837228	28.23690002309109	29.057750463592832	0.37074144170588635	0.3723953238821935	0.37017423652493897	0.02351283871158888	0.022566176940390956	0.02209918015384651
C.1.2.3.2.1.1.2	C.00001.00002.00003.00002.00001.00001.00002	Part 1076	+	0.2929952875059098	35.99120490252972	-17.41807605139911	-47.60262714698911	0.3111176327232721	0.3095046432194984	0.31368155305549866	0.0012294486106757575	-3.635390425681407e-4	-0.00316724628804734	FALSE	0.28909372274994966	28.721044428837228	28.23690002309109	29.057750463592832	0.37074144170588635	0.3723953238821935	0.37017423652493897	0.02351283871158888	0.022566176940390956	0.02209918015384651
C.1.2.3.2.1.1.3	C.00001.00002.00003.00002.00001.00001.00003	Part 1077	+	0.020711855444824324	7.059088023379445	36.22960192151368	-0.7960488088428974	0.03211247631308151	0.03170252760446786	0.03201935618477567	6.483174484189957e-4	-3.1159791406084274e-4	-1.4705000092052589e-4	FALSE	0.28909372274994966	28.721044428837228	28.23690002309109	29.057750463592832	0.37074144170588635	0.3723953238821935	0.37017423652493897	0.02351283871158888	0.022566176940390956	0.02209918015384651
C.1.2.3.2.1.1.4	C.00001.00002.00003.00002.00001.00001.00004	Part 1078	-	0.6407073800794315	89.19674125500023	-11.363636190071702	10.201271995902061	0.6378199053512029	0.633743329509938	0.6317123394183661	0.001900299222432658	-0.0016071137086057386	0.003453936252889564	FALSE	0.28909372274994966	28.721044428837228	28.23690002309109	29.057750463592832	0.37074144170588635	0.3723953238821935	0.37017423652493897	0.02351283871158888	0.022566176940390956	0.02209918015384651
C.1.2.3.2.1.2.1	C.00001.00002.00003.00002.00001.00002.00001	Part 1079	-	0.736369208443677	89.08713683485985	-84.48967160657048	98.127674870193	0.9074281887474119	1.1312562714610315	0.8903214997645635	-0.013089116061488274	-0.0454508459241012	-0.0175540541806187	FALSE	0.28909372274994966	28.721044428837228	28.23690002309109	29.057750463592832	0.37074144170588635	0.3723953238821935	0.37017423652493897	0.02351283871158888	0.022566176940390956	0.02209918015384651
C.1.2.3.2.1.2.2	C.00001.00002.00003.00002.00001.00002.00002	Part 1080	-	0.136034482173156	33.401367627084255	-35.36435957066715	23.781332932412624	0.1898722227295391	0.19031328235873918	0.1937970315547518	5.706782241701358e-5	-0.010390161027714846	0.004074095579415841	FALSE	0.28909372274994966	28.721044428837228	28.23690002309109	29.057750463592832	0.37074144170588635	0.3723953238821935	0.37017423652493897	0.02351283871158888	0.022566176940390956	0.02209918015384651
C.1.2.3.2.1.2.3	C.00001.00002.00003.00002.00001.00002.00003	Part 1081	-	0.5474059992129915	-28.896778402850032	69.58198961801827	58.396795159205794	0.7233941636655403	0.8743873254364747	0.7255875116120409	0.018533668099388154	-0.003610646093416209	-0.028479450887521702	FALSE	0.28909372274994966	28.721044428837228	28.23690002309109	29.057750463592832	0.37074144170588635	0.3723953238821935	0.37017423652493897	0.02351283871158888	0.022566176940390956	0.02209918015384651
C.1.2.3.2.2.1.1	C.00001.00002.00003.00002.00002.00001.00001	Part 1082	+	0.2667583300252445	53.04571748711169	4.3095247354358435	10.195624688640237	0.35496684195529155	0.3423101052017469	0.32696397213086575	0.02616009064231773	-0.024513321047162917	0.006453009990542897	FALSE	0.28909372274994966	28.721044428837228	28.23690002309109	29.057750463592832	0.37074144170588635	0.3723953238821935	0.37017423652493897	0.02351283871158888	0.022566176940390956	0.02209918015384651
C.1.2.3.2.2.1.2	C.00001.00002.00003.00002.00002.00001.00002	Part 1083	-	0.7603096472376492	36.968472227454185	8.351876493543386	-60.864388290792704	0.9683795560205579	0.683083289070925	0.9531789613066111	0.03052886075915511	-0.0027199163184193553	0.0030415095379864097	FALSE	0.28909372274994966	28.721044428837228	28.23690002309109	29.057750463592832	0.37074144170588635	0.3723953238821935	0.37017423652493897	0.02351283871158888	0.022566176940390956	0.02209918015384651
C.1.2.3.2.2.1.3	C.00001.00002.00003.00002.00002.00001.00003	Part 1084	+	0.5433033645558171	70.5368238966912	-24.354524118825793	-36.1916437279433	0.7013746708070755	0.6678097921525751	0.8236997681605733	-0.008369130198001673	0.008652304561179163	-0.0014998593408943365	FALSE	0.28909372274994966	28.721044428837228	28.23690002309109	29.057750463592832	0.37074144170588635	0.3723953238821935	0.37017423652493897	0.02351283871158888	0.022566176940390956	0.02209918015384651
C.1.2.3.2.2.1.4	C.00001.00002.00003.00002.00002.00001.00004	Part 1085	-	0.8794356982854661	-13.569234730675817	1.335459854453802	68.61111368052661	1.1877927503193577	1.2278454811245667	1.2778868521919615	-0.0037696542450097363	0.007588528370933295	-0.0035635831397830965	FALSE	0.28909372274994966	28.721044428837228	28.23690002309109	29.057750463592832	0.37074144170588635	0.3723953238821935	0.37017423652493897	0.02351283871158888	0.022566176940390956	0.02209918015384651
C.1.2.3.2.2.2.1	C.00001.00002.00003.00002.00002.00002.00001	Part 1086	+	0.5561327123520896	-67.25634438917041	44.11402442492545	-9.386031981557608	0.6644465897368035	0.6683513639241091	0.6803736349721548	0.015266620905208394	0.057243504428252656	-0.0030015997111666392	FALSE	0.28909372274994966	28.721044428837228	28.23690002309109	29.057750463592832	0.37074144170588635	0.3723953238821935	0.37017423652493897	0.02351283871158888	0.022566176940390956	0.02209918015384651
C.1.2.3.2.2.2.2	C.00001.00002.00003.00002.00002.00002.00002	Part 1087	+	0.8172284247637727	96.7974812258035	-53.83351510390639	34.36636570841074	1.0378063120688916	0.8648887463909	0.9453361135450055	-0.08299612091319185	-0.02758577712053387	0.06066584038479146	FALSE	0.28909372274994966	28.721044428837228	28.23690002309109	29.057750463592832	0.37074144170588635	0.3723953238821935	0.37017423652493897	0.02351283871158888	0.022566176940390956	0.02209918015384651
C.1.2.3.2.2.2.3	C.00001.00002.00003.00002.00002.00002.00003	Part 1088	+	0.5543945668123197	67.49224541708827	-77.22733500413597	-85.7072887942195	0.6646762377603901	0.7584581113637139	0.6745716401529638	-0.0012254954982177484	-0.005532532777050148	-0.0446952174073174	FALSE	0.28909372274994966	28.721044428837228	28.23690002309109	29.057750463592832	0.37074144170588635	0.3723953238821935	0.37017423652493897	0.02351283871158888	0.022566176940390956	0.02209918015384651
C.1.2.3.2.2.2.4	C.00001.00002.00003.00002.00002.00002.00004	Part 1089	+	0.1149001410761848	-28.907833760604262	74.52406007796526	95.78590663149953	0.1152588949388443	0.13523930274537949	0.12827683824647135	0.005759024629091454	5.342428656350633e-4	0.008073754644159973	FALSE	0.28909372274994966	28.721044428837228	28.23690002309109	29.057750463592832	0.37074144170588635	0.3723953238821935	0.37017423652493897	0.02351283871158888	0.022566176940390956	0.02209918015384651
C.1.2.3.2.2.2.5	C.00001.00002.00003.00002.00002.00002.00005	Part 1090	-	0.09878505051555111	72.98461738973856	-56.09317580237985	43.05601269006729	0.10518643948193843	0.12900552991247027	0.12483903234966033	0.008310185808837344	2.958743020453706e-5	1.568144424204719e-5	FALSE	0.28909372274994966	28.721044428837228	28.23690002309109	29.057750463592832	0.37074144170588635	0.3723953238821935	0.37017423652493897	0.02351283871158888	0.022566176940390956	0.02209918015384651
C.1.2.3.2.3.1.1	C.00001.00002.00003.00002.00003.00001.00001	Part 1091	-	0.05497397221671418	-37.98266397789121	-92.95306913554668	-94.83069661073387	0.06966739586818131	0.07700279554782437	0.08054261771822534	-0.0014231119013099409	6.900242581363717e-4	0.0032138513078286053	FALSE	0.28909372274994966	28.721044428837228	28.23690002309109	29.057750463592832	0.37074144170588635	0.3723953238821935	0.37017423652493897	0.02351283871158888	0.022566176940390956	0.02209918015384651
C.1.2.3.2.3.1.2	C.00001.00002.00003.00002.00003.00001.00002	Part 1092	+	0.34918252723268234	-27.887688716873527	-71.5850982349366	62.47166618704796	0.372801418281261	0.3798433680811546	0.36972095559979956	0.008647293681186243	-0.01976745999837262	-0.010441217251067579	FALSE	0.28909372274994966	28.721044428837228	28.23690002309109	29.057750463592832	0.37074144170588635	0.3723953238821935	0.37017423652493897	0.02351283871158888	0.022566176940390956	0.02209918015384651
C.1.2.3.2.3.1.3	C.00001.00002.00003.00002.00003.00001.00003	Part 1093	+	0.15086264159809798	2.4376981891691685	49.69403180293739	46.903557144105434	0.19931265931396447	0.23335506539353873	0.20698063272790948	0.003925626952911989	0.004855835772829	3.237336856689135e-4	FALSE	0.28909372274994966	28.721044428837228	28.23690002309109	29.057750463592832	0.37074144170588635	0.3723953238821935	0.37017423652493897	0.02351283871158888	0.022566176940390956	0.02209918015384651
C.1.2.3.2.3.1.4	C.00001.00002.00003.00002.00003.00001.00004	Part 1094	-	0.6912859861825127	-83.1345091573894	66.90883254632354	63.120819022879004	0.8003024047957623	0.8259060592874118	1.025402684249924	-0.02298066551182457	2.835827405062617e-4	0.02761624917420914	FALSE	0.28909372274994966	28.721044428837228	28.23690002309109	29.057750463592832	0.37074144170588635	0.3723953238821935	0.37017423652493897	0.02351283871158888	0.022566176940390956	0.02209918015384651
C.1.2.3.2.3.2.1	C.00001.00002.00003.00002.00003.00002.00001	Part 1095	+	0.5428474221359938	79.09870496951044	18.296489398926497	52.67065283842385	0.6313717312322196	0.6806577498054742	0.6605338827974486	0.038212751645309295	0.010085192110511138	0.05159292832745426	FALSE	0.28909372274994966	28.721044428837228	28.23690002309109	29.057750463592832	0.37074144170588635	0.3723953238821935	0.37017423652493897	0.02351283871158888	0.022566176940390956	0.02209918015384651
C.1.2.3.2.3.2.2	C.00001.00002.00003.00002.00003.00002.00002	Part 1096	-	0.41461438029562125	-37.03171834349632	93.54875925928354	41.99002832174301	0.5766702800897564	0.5602879990760286	0.54340643768561	0.0053229441757046405	-0.008756018723474852	0.024595523787997054	FALSE	0.28909372274994966	28.721044428837228	28.23690002309109	29.057750463592832	0.37074144170588635	0.3723953238821935	0.37017423652493897	0.02351283871158888	0.022566176940390956	0.02209918015384651
C.1.2.3.2.3.2.3	C.00001.00002.00003.00002.00003.00002.00003	Part 1097	+	0.4438376878462732	-92.51174703240395	26.771060144528747	-40.756921749562025	0.6657342942508085	0.5605041396293176	0.5571096079454422	0.033843872786422924	7.748775845943994e-4	-0.011373311147057924	FALSE	0.28909372274994966	28.721044428837228	28.23690002309109	29.057750463592832	0.37074144170588635	0.3723953238821935	0.37017423652493897	0.02351283871158888	0.022566176940390956	0.02209918015384651
C.1.2.3.2.3.2.4	C.00001.00002.00003.00002.00003.00002.00004	Part 1098	+	0.5225690558771603	66.79347674362361	24.51510149985552	-54.75849821232259	0.7172592588858192	0.7693971489784205	0.6439328692741644	-0.01948385557972983	-0.020205136169337494	-0.039895396171442526	FALSE	0.28909372274994966	28.721044428837228	28.23690002309109	29.057750463592832	0.37074144170588635	0.3723953238821935	0.37017423652493897	0.02351283871158888	0.022566176940390956	0.02209918015384651
C.1.2.3.2.4.1.1	C.00001.00002.00003.00002.00004.00001.00001	Part 1099	-	0.9355795071159955	5.548589210957289	56.769949151203036	-86.13865557126701	1.2637948732072388	1.3494083538412773	1.3830498531416495	0.012519699709962303	-0.05939141884256449	-0.02278298144222341	FALSE	0.28909372274994966	28.721044428837228	28.23690002309109	29.057750463592832	0.37074144170588635	0.3723953238821935	0.37017423652493897	0.02351283871158888	0.022566176940390956	0.02209918015384651
C.1.2.3.2.4.1.2	C.00001.00002.00003.00002.00004.00001.00002	Part 1100	-	0.15088262663478963	-81.87416386790574	-95.14246680773795	-29.56867925822735	0.1585559014803746	0.14138737886412606	0.1652953054496566	-1.4282638455323797e-4	-5.806910750280517e-6	0.0034817968054934446	FALSE	0.28909372274994966	28.721044428837228	28.23690002309109	29.057750463592832	0.37074144170588635	0.3723953238821935	0.37017423652493897	0.02351283871158888	0.022566176940390956	0.02209918015384651
C.1.2.3.2.4.1.3	C.00001.00002.00003.00002.00004.00001.00003	Part 1101	-	0.4954275927224662	-26.655212603509426	1.1172140017151833	94.6926117874682	0.6604474722485992	0.6350152847021314	0.6833549157572724	-0.005172712107083852	0.006025208356714807	0.011726085303259687	FALSE	0.28909372274994966	28.721044428837228	28.23690002309109	29.057750463592832	0.37074144170588635	0.3723953238821935	0.37017423652493897	0.02351283871158888	0.022566176940390956	0.02209918015384651
C.1.2.3.2.4.1.4	C.00001.00002.00003.00002.00004.00001.00004	Part 1102	-	0.6521077641418669	17.113251471892	87.86846911534667	-48.58629060909152	0.9054042630024207	0.9241841079190529	0.9496548367234031	-0.0362169035073473	-0.03909162655610002	0.034281708841578246	FALSE	0.28909372274994966	28.721044428837228	28.23690002309109	29.057750463592832	0.37074144170588635	0.3723953238821935	0.37017423652493897	0.02351283871158888	0.022566176940390956	0.02209918015384651
C.1.2.3.2.4.1.5	C.00001.00002.00003.00002.00004.00001.00005	Part 1103	-	0.4436012440284248	97.9324808344245	1.7941991332918406	89.59850408136845	0.5958068911074978	0.4943680226960312	0.575398086083283	0.015589705510161738	-0.008923778699198723	0.03533123349596242	FALSE	0.28909372274994966	28.721044428837228	28.23690002309109	29.057750463592832	0.37074144170588635	0.3723953238821935	0.37017423652493897	0.02351283871158888	0.022566176940390956	0.02209918015384651
C.1.2.3.2.4.2.1	C.00001.00002.00003.00002.00004.00002.00001	Part 1104	-	0.7227953992483672	-13.830693904310465	77.28517251089215	21.19648582302034	0.74744148432908	0.7233700979355331	0.6408198576755768	0.0023911687933561966	-0.005298585512449525	0.05094650401846454	FALSE	0.28909372274994966	28.721044428837228	28.23690002309109	29.057750463592832	0.37074144170588635	0.3723953238821935	0.37017423652493897	0.02351283871158888	0.022566176940390956	0.02209918015384651
C.1.2.3.2.4.2.2	C.00001.00002.00003.00002.00004.00002.00002	Part 1105	+	0.9516128267524764	7.7100086491554976	-88.23011899366975	15.422165859490633	1.262666097491278	1.2518975744882963	1.222591874616785	-0.11010656102204461	-0.08322898012810283	-0.10003250362266354	FALSE	0.28909372274994966	28.721044428837228	28.23690002309109	29.057750463592832	0.37074144170588635	0.3723953238821935	0.37017423652493897	0.02351283871158888	0.022566176940390956	0.02209918015384651
C.1.2.3.2.4.3.1	C.00001.00002.00003.00002.00004.00003.00001	Part 1106	-	0.15245172869018278	82.1294114459306	-78.09897377155721	17.741036973893642	0.21717095508092787	0.1971670500317219	0.1836865595422051	0.004674645632627362	0.006608017622239318	-0.013550468386228223	FALSE	0.28909372274994966	28.721044428837228	28.23690002309109	29.057750463592832	0.37074144170588635	0.3723953238821935	0.37017423652493897	0.02351283871158888	0.022566176940390956	0.02209918015384651
C.1.2.3.2.4.3.2	C.00001.00002.00003.00002.00004.00003.00002	Part 1107	+	0.330234752579825	81.547816330567	52.62661101296544	40.2078771032393	0.5183635413897415	0.5115284083294579	0.5123840850324586	-0.011018954783511593	0.012584871386786916	2.449865937105925e-4	FALSE	0.28909372274994966	28.721044428837228	28.23690002309109	29.057750463592832	0.37074144170588635	0.3723953238821935	0.37017423652493897	0.02351283871158888	0.022566176940390956	0.02209918015384651
C.1.2.3.2.4.4.1	C.00001.00002.00003.00002.00004.00004.00001	Part 1108	+	0.016121685769874602	90.47938068397343	-27.619647048413754	-1.5015270560979843	0.01946039445245955	0.018841092155858132	0.020817150149981548	2.673951490214987e-4	-0.0012171115318801724	0.0012571686809779033	FALSE	0.28909372274994966	28.721044428837228	28.23690002309109	29.057750463592832	0.37074144170588635	0.3723953238821935	0.37017423652493897	0.02351283871158888	0.022566176940390956	0.02209918015384651
C.1.2.3.2.4.4.2	C.00001.00002.00003.00002.00004.00004.00002	Part 1109	-	0.6192007512964774	-50.13936059549451	90.9339573699981	-5.758166639134288	0.7544162856581335	0.7844172004587067	0.8893412959485172	-0.001520068948336354	-0.013119333252952375	0.00919834567052532	FALSE	0.28909372274994966	28.721044428837228	28.23690002309109	29.057750463592832	0.37074144170588635	0.3723953238821935	0.37017423652493897	0.02351283871158888	0.022566176940390956	0.02209918015384651
C.1.2.3.2.4.4.3	C.00001.00002.00003.00002.00004.00004.00003	Part 1110	-	0.8519235519045033	10.888919606804848	29.18862784281373	75.17644455656409	1.1747274995723958	1.177720886597631	1.193344147244268	-0.012833828777611748	-0.013564274028886339	-7.884820807096713e-4	FALSE	0.28909372274994966	28.721044428837228	28.23690002309109	29.057750463592832	0.37074144170588635	0.3723953238821935	0.37017423652493897	0.02351283871158888	0.022566176940390956	0.02209918015384651
C.1.2.3.2.4.4.4	C.00001.00002.00003.00002.00004.00004.00004	Part 1111	-	0.6062849436367397	-5.354289570823312	-54.34263232164085	26.216398319229484	0.8110678129408333	0.8159399987915779	0.658226395386454	0.005608632892637671	-0.0013624788414457003	-0.027304984492302252	FALSE	0.28909372274994966	28.721044428837228	28.23690002309109	29.057750463592832	0.37074144170588635	0.3723953238821935	0.37017423652493897	0.02351283871158888	0.022566176940390956	0.02209918015384651
C.1.2.3.2.4.4.5	C.00001.00002.00003.00002.00004.00004.00005	Part 1112	+	0.39371819819277154	-22.040423471480608	19.392980774864554	64.12140158936381	0.4509935414856381	0.49325683095698586	0.4317900286245668	-0.027477813882965565	-0.013513574981236835	0.012169320648142341	FALSE	0.28909372274994966	28.721044428837228	28.23690002309109	29.057750463592832	0.37074144170588635	0.3723953238821935	0.37017423652493897	0.02351283871158888	0.022566176940390956	0.02209918015384651
C.1.2.3.2.4.5.1	C.00001.00002.00003.00002.00004.00005.00001	Part 1113	+	0.7066141671736259	89.06655050814152	-31.84382147155702	-96.88437008298934	0.74219272866924	0.7310644097280373	0.7316206503994653	0.0025341132894404006	0.001922566306612992	2.4552321915932155e-5	FALSE	0.28909372274994966	28.721044428837228	28.23690002309109	29.057750463592832	0.37074144170588635	0.3723953238821935	0.37017423652493897	0.02351283871158888	0.022566176940390956	0.02209918015384651
C.1.2.3.2.4.5.2	C.00001.00002.00003.00002.00004.00005.00002	Part 1114	+	0.41636258010845634	-11.276261461898685	29.970974940806627	87.68960488960147	0.5636588883307363	0.5590741487674599	0.6030087155458527	0.010506020988205859	-0.038231433474013754	-0.029167939537512066	FALSE	0.28909372274994966	28.721044428837228	28.23690002309109	29.057750463592832	0.37074144170588635	0.3723953238821935	0.37017423652493897	0.02351283871158888	0.022566176940390956	0.02209918015384651
C.1.2.3.2.4.5.3	C.00001.00002.00003.00002.00004.00005.00003	Part 1115	+	0.5816145352178719	83.29264703206718	50.73892958462238	85.10421188548207	0.8211560207005684	0.7493723798815796	0.7222445548861581	0.05420213167923642	-0.008305300103981457	0.002751495075160395	FALSE	0.28909372274994966	28.721044428837228	28.23690002309109	29.057750463592832	0.37074144170588635	0.3723953238821935	0.37017423652493897	0.02351283871158888	0.022566176940390956	0.02209918015384651
C.1.2.3.2.4.5.4	C.00001.00002.00003.00002.00004.00005.00004	Part 1116	+	0.09126331778988242	24.23046096228063	98.20293877273798	-98.84484428912401	0.11036362834762625	0.12282192603579145	0.10383856477144217	0.0075857185307616065	6.377065400574866e-4	0.005336207085140968	FALSE	0.28909372274994966	28.721044428837228	28.23690002309109	29.057750463592832	0.37074144170588635	0.3723953238821935	0.37017423652493897	0.02351283871158888	0.022566176940390956	0.02209918015384651
C.1.2.3.2.5.1.1	C.00001.00002.00003.00002.00005.00001.00001	Part 1117	+	0.47044576397631316	2.569628646597266	-32.78453899547458	6.346535868942738	0.6435109223521447	0.6319281439582822	0.635749727032682	-0.009649223272934833	-0.004767302061863253	0.006933716334258468	FALSE	0.28909372274994966	28.721044428837228	28.23690002309109	29.057750463592832	0.37074144170588635	0.3723953238821935	0.37017423652493897	0.02351283871158888	0.022566176940390956	0.02209918015384651
C.1.2.3.2.5.1.2	C.00001.00002.00003.00002.00005.00001.00002	Part 1118	-	0.37974785833922214	-85.01557409763336	62.093520956113935	-54.929202469065785	0.5849535482464808	0.5346327766143826	0.5736480168125648	0.00890710336288442	0.004345863693145809	-0.004018970593441017	FALSE	0.28909372274994966	28.721044428837228	28.23690002309109	29.057750463592832	0.37074144170588635	0.3723953238821935	0.37017423652493897	0.02351283871158888	0.022566176940390956	0.02209918015384651
C.1.2.3.2.5.1.3	C.00001.00002.00003.00002.00005.00001.00003	Part 1119	-	0.14067737479438075	32.7779624145478	75.29446827247739	-11.46841049194336	0.15892723039233403	0.1678808983553926	0.17775567616954238	0.0018071040092204952	-0.001680649506816778	-0.014830472293822429	FALSE	0.28909372274994966	28.721044428837228	28.23690002309109	29.057750463592832	0.37074144170588635	0.3723953238821935	0.37017423652493897	0.02351283871158888	0.022566176940390956	0.02209918015384651
C.1.2.3.2.5.1.4	C.00001.00002.00003.00002.00005.00001.00004	Part 1120	+	0.034414559416007254	-97.60396899655461	-68.05190462619066	75.59148604050279	0.038059115816056935	0.044014803362034095	0.042160093414771393	0.0013617379503700182	2.04852444372326e-4	-0.0035621184285471457	FALSE	0.28909372274994966	28.721044428837228	28.23690002309109	29.057750463592832	0.37074144170588635	0.3723953238821935	0.37017423652493897	0.02351283871158888	0.022566176940390956	0.02209918015384651
C.1.2.3.2.5.2.1	C.00001.00002.00003.00002.00005.00002.00001	Part 1121	+	0.8136336002105381	18.792902631685138	-84.80450455099344	-25.386005640029907	0.9875334638584475	0.8492803765609918	0.9176661921602746	-0.02184093446547435	-0.011531735642302495	-0.006885765518491183	FALSE	0.28909372274994966	28.721044428837228	28.23690002309109	29.057750463592832	0.37074144170588635	0.3723953238821935	0.37017423652493897	0.02351283871158888	0.022566176940390956	0.02209918015384651
C.1.2.3.2.5.2.2	C.00001.00002.00003.00002.00005.00002.00002	Part 1122	+	0.19911163453245537	3.27370073646307	-48.36344122886658	-23.354453407227993	0.23449143385256138	0.22483809930691548	0.2247627247990798	0.016296491388182663	-0.027969523137785075	-0.020955658093139956	FALSE	0.28909372274994966	28.721044428837228	28.23690002309109	29.057750463592832	0.37074144170588635	0.3723953238821935	0.37017423652493897	0.02351283871158888	0.022566176940390956	0.02209918015384651
C.1.2.3.3.1.1.1	C.00001.00002.00003.00003.00001.00001.00001	Part 1123	-	0.7402315276924055	-90.6176423188299	91.29746346734464	54.458841728046536	1.0179245101354817	0.9064378212625557	0.9961967172515375	-0.04097862941807292	0.011574126188077617	-0.050948997775442643	FALSE	0.28909372274994966	28.721044428837228	28.23690002309109	29.057750463592832	0.37074144170588635	0.3723953238821935	0.37017423652493897	0.02351283871158888	0.022566176940390956	0.02209918015384651
C.1.2.3.3.1.1.2	C.00001.00002.00003.00003.00001.00001.00002	Part 1124	-	0.5629994987144601	-1.9051856361329556	-12.37833690829575	16.911207512021065	0.7131628517514028	0.666251029176459	0.6518860524368141	-0.02391320703225242	0.013281885385761378	0.06423244867076075	FALSE	0.28909372274994966	28.721044428837228	28.23690002309109	29.057750463592832	0.37074144170588635	0.3723953238821935	0.37017423652493897	0.02351283871158888	0.022566176940390956	0.02209918015384651
C.1.2.3.3.1.2.1	C.00001.00002.00003.00003.00001.00002.00001	Part 1125	+	0.9771186153339222	56.416200241073966	57.22544393502176	-37.21758299507201	1.2044085430831106	0.9881488738740569	1.1867021157945699	-0.06383660530983334	-0.02092339044913391	0.04866868527405713	FALSE	0.28909372274994966	28.721044428837228	28.23690002309109	29.057750463592832	0.37074144170588635	0.3723953238821935	0.37017423652493897	0.02351283871158888	0.022566176940390956	0.02209918015384651
C.1.2.3.3.1.2.2	C.00001.00002.00003.00003.00001.00002.00002	Part 1126	-	0.3694087115677539	10.647061048075557	52.2939610760659	-58.04320606403053	0.5275253429735705	0.5194531474684527	0.4912565970207912	-0.015045108692227315	0.007796659230711382	0.004199626118750391	FALSE	0.28909372274994966	28.721044428837228	28.23690002309109	29.057750463592832	0.37074144170588635	0.3723953238821935	0.37017423652493897	0.02351283871158888	0.022566176940390956	0.02209918015384651
C.1.2.3.3.1.2.3	C.00001.00002.00003.00003.00001.00002.00003	Part 1127	+	0.3638120953426696	34.06212884001434	-94.89191491156816	-57.52921896055341	0.4424417369904654	0.3844101733738442	0.41688282310939734	-0.016384025792099875	-0.032584746128578854	0.0012805385570121056	FALSE	0.28909372274994966	28.721044428837228	28.23690002309109	29.057750463592832	0.37074144170588635	0.3723953238821935	0.37017423652493897	0.02351283871158888	0.022566176940390956	0.02209918015384651
C.1.2.3.3.2.1.1	C.00001.00002.00003.00003.00002.00001.00001	Part 1128	+	0.300287495268276	68.32964611239731	3.152820374816656	-66.47687186487019	0.36934015848696866	0.33326036779988943	0.4384724295112993	-0.005957327785694725	-0.005763712398440347	0.02152417654744623	FALSE	0.28909372274994966	28.721044428837228	28.23690002309109	29.057750463592832	0.37074144170588635	0.3723953238821935	0.37017423652493897	0.02351283871158888	0.022566176940390956	0.02209918015384651
C.1.2.3.3.2.1.2	C.00001.00002.00003.00003.00002.00001.00002	Part 1129	+	0.6313118730988353	-65.77382539398968	92.49089434742928	-93.92624609172344	0.9052151271990161	0.9188131205196788	0.8429030930681655	0.0577147169741431	-0.0010377715377740677	5.588881213690777e-4	FALSE	0.28909372274994966	28.721044428837228	28.23690002309109	29.057750463592832	0.37074144170588635	0.3723953238821935	0.37017423652493897	0.02351283871158888	0.022566176940390956	0.02209918015384651
C.1.2.3.3.2.1.3	C.00001.00002.00003.00003.00002.00001.00003	Part 1130	+	0.3436191369073931	95.01519436016679	-47.71872563287616	-45.841980539262295	0.42306059961619746	0.43898016803194384	0.45376610250614074	0.050977190340680364	0.01048526169886384	-0.01761748347598234	FALSE	0.28909372274994966	28.721044428837228	28.23690002309109	29.057750463592832	0.37074144170588635	0.3723953238821935	0.37017423652493897	0.02351283871158888	0.022566176940390956	0.02209918015384651
C.1.2.3.3.2.1.4	C.00001.00002.00003.00003.00002.00001.00004	Part 1131	-	0.26585083035216667	-6.060240929946303	-77.85823168233037	43.523722840473056	0.4129818329488012	0.36396376179780493	0.35550458844387295	-0.0211706853257008	-0.007904168998703706	-1.0739461788334439e-4	FALSE	0.28909372274994966	28.721044428837228	28.23690002309109	29.057750463592832	0.37074144170588635	0.3723953238821935	0.37017423652493897	0.02351283871158888	0.022566176940390956	0.02209918015384651
C.1.2.3.3.2.1.5	C.00001.00002.00003.00003.00002.00001.00005	Part 1132	-	0.21106479846220463	-44.2881076131016	82.73152085021138	-22.1117430832237	0.25086121241928727	0.2923312086306453	0.2690899894141246	0.014416957482808924	0.010783202443186918	0.008936610454802823	FALSE	0.28909372274994966	28.721044428837228	28.23690002309109	29.057750463592832	0.37074144170588635	0.3723953238821935	0.37017423652493897	0.02351283871158888	0.022566176940390956	0.02209918015384651
C.1.2.3.3.2.2.1	C.00001.00002.00003.00003.00002.00002.00001	Part 1133	+	0.16530295626493172	16.369473561644554	-34.88249834626913	-38.14453766681254	0.25503409827761864	0.2508321338514727	0.2349600814221059	-0.001871789487561103	4.500984796894639e-5	-0.003602639942466051	FALSE	0.28909372274994966	28.721044428837228	28.23690002309109	29.057750463592832	0.37074144170588635	0.3723953238821935	0.37017423652493897	0.02351283871158888	0.022566176940390956	0.02209918015384651
C.1.2.3.3.2.2.2	C.00001.00002.00003.00003.00002.00002.00002	Part 1134	+	0.21987718947092072	-65.31264008954167	-4.255700530484319	-86.48242908529937	0.29381339334264334	0.31808276140654207	0.28945871052345834	0.017812997157717874	2.0626148078625102e-4	-8.951390882603949e-5	FALSE	0.28909372274994966	28.721044428837228	28.23690002309109	29.057750463592832	0.37074144170588635	0.3723953238821935	0.37017423652493897	0.02351283871158888	0.022566176940390956	0.02209918015384651
C.1.2.3.3.2.2.3	C.00001.00002.00003.00003.00002.00002.00003	Part 1135	-	0.15249473765399307	-75.27537047863007	-76.74542139284313	96.29762298427522	0.1452462579879769	0.15108497357480608	0.15837791424322542	-0.0024451108444513954	0.0011055171266655043	-0.0052871407602917775	FALSE	0.28909372274994966	28.721044428837228	28.23690002309109	29.057750463592832	0.37074144170588635	0.3723953238821935	0.37017423652493897	0.02351283871158888	0.022566176940390956	0.02209918015384651
C.1.2.3.3.2.3.1	C.00001.00002.00003.00003.00002.00003.00001	Part 1136	-	0.4949692073278129	51.751705491915345	-82.3002414777875	-73.04290840402246	0.5468992172889806	0.6270105274079575	0.6243832705769022	0.07254116357168534	-0.017785245093049407	0.013614617102668588	FALSE	0.28909372274994966	28.721044428837228	28.23690002309109	29.057750463592832	0.37074144170588635	0.3723953238821935	0.37017423652493897	0.02351283871158888	0.022566176940390956	0.02209918015384651
C.1.2.3.3.2.3.2	C.00001.00002.00003.00003.00002.00003.00002	Part 1137	-	0.026876852105138824	98.31936792470515	98.197972914204	-24.136184295639396	0.033284602015161126	0.03463491734367418	0.03223346391066476	-0.0019857378748306224	-6.402604989273093e-4	0.0017428941593680498	FALSE	0.28909372274994966	28.721044428837228	28.23690002309109	29.057750463592832	0.37074144170588635	0.3723953238821935	0.37017423652493897	0.02351283871158888	0.022566176940390956	0.02209918015384651
C.1.2.3.3.2.3.3	C.00001.00002.00003.00003.00002.00003.00003	Part 1138	-	0.8601742880437523	95.5351846292615	93.52711904793978	92.00677648186684	1.0219546514477373	1.077712092840212	1.1627805137826237	-0.053868656566637044	-0.015212325251310648	-0.03678154830821617	FALSE	0.28909372274994966	28.721044428837228	28.23690002309109	29.057750463592832	0.37074144170588635	0.3723953238821935	0.37017423652493897	0.02351283871158888	0.022566176940390956	0.02209918015384651
C.1.2.3.3.2.3.4	C.00001.00002.00003.00003.00002.00003.00004	Part 1139	-	0.06272422112897039	87.95182816684246	-91.79763020947576	-31.500987708568573	0.08802745265021128	0.07853123469248825	0.08959774559323586	-5.522474371692713e-4	-3.955644618723155e-4	0.004539404301995009	FALSE	0.28909372274994966	28.721044428837228	28.23690002309109	29.057750463592832	0.37074144170588635	0.3723953238821935	0.37017423652493897	0.02351283871158888	0.022566176940390956	0.02209918015384651
C.1.2.3.3.2.4.1	C.00001.00002.00003.00003.00002.00004.00001	Part 1140	-	0.8029978942512535	-58.86550433933735	-78.26017765328288	81.46493663080037	0.8267211510723803	0.9706107330115894	0.9742928874226946	-0.01726447560138701	-0.07927684323198714	-0.022719756170377147	FALSE	0.28909372274994966	28.721044428837228	28.23690002309109	29.057750463592832	0.37074144170588635	0.3723953238821935	0.37017423652493897	0.02351283871158888	0.022566176940390956	0.02209918015384651
C.1.2.3.3.2.4.2	C.00001.00002.00003.00003.00002.00004.00002	Part 1141	+	0.1681197369468864	-3.885092632845044	-38.47290319390595	-21.66428449563682	0.15253122724865734	0.21085548556488662	0.20495983175999954	0.002656356006204293	-0.016617772613760014	-6.72715475454482e-4	FALSE	0.28909372274994966	28.721044428837228	28.23690002309109	29.057750463592832	0.37074144170588635	0.3723953238821935	0.37017423652493897	0.02351283871158888	0.022566176940390956	0.02209918015384651
C.1.2.3.3.2.4.3	C.00001.00002.00003.00003.00002.00004.00003	Part 1142	-	0.9485609727189876	89.16624281555414	-45.19746410660446	92.63938828371465	1.1946055548062644	1.1394912112408166	1.3186808812918016	0.012486014293346243	0.032547914619737287	0.025581138763356902	FALSE	0.28909372274994966	28.721044428837228	28.23690002309109	29.057750463592832	0.37074144170588635	0.3723953238821935	0.37017423652493897	0.02351283871158888	0.022566176940390956	0.02209918015384651
C.1.2.3.3.2.5.1	C.00001.00002.00003.00003.00002.00005.00001	Part 1143	-	0.5021571628896054	55.76005382463336	24.068352906033397	78.04477061145008	0.6887006593860255	0.6239165450929819	0.6141958518624007	-0.0017188169770789915	-0.01357297004062851	0.01199002590248726	FALSE	0.28909372274994966	28.721044428837228	28.23690002309109	29.057750463592832	0.37074144170588635	0.3723953238821935	0.37017423652493897	0.02351283871158888	0.022566176940390956	0.02209918015384651
C.1.2.3.3.2.5.2	C.00001.00002.00003.00003.00002.00005.00002	Part 1144	+	0.21873833777871915	-12.425463367253542	89.16734554804862	17.37482170574367	0.24191406270711754	0.26038520895876244	0.27093524158392573	-0.016800119541176384	0.003935348243412233	-6.682418489651988e-5	FALSE	0.28909372274994966	28.721044428837228	28.23690002309109	29.057750463592832	0.37074144170588635	0.3723953238821935	0.37017423652493897	0.02351283871158888	0.022566176940390956	0.02209918015384651
C.1.2.3.3.2.5.3	C.00001.00002.00003.00003.00002.00005.00003	Part 1145	+	0.6188820525184273	6.707015540450811	12.880825670436025	97.8761161211878	0.67995172395457	0.7421351777093977	0.7592668371108575	-0.0018951162093840594	0.0021266837447037317	5.1422105507893095e-5	FALSE	0.28909372274994966	28.721044428837228	28.23690002309109	29.057750463592832	0.37074144170588635	0.3723953238821935	0.37017423652493897	0.02351283871158888	0.022566176940390956	0.02209918015384651
C.1.2.3.3.3.1.1	C.00001.00002.00003.00003.00003.00001.00001	Part 1146	+	0.2156393684996292	-25.546913500875235	64.04562308453023	-11.25999167561531	0.3504775645228141	0.3529738240126634	0.353111997049998	-0.001986159206998698	0.002316887143696578	0.0035287232705087644	FALSE	0.28909372274994966	28.721044428837228	28.23690002309109	29.057750463592832	0.37074144170588635	0.3723953238821935	0.37017423652493897	0.02351283871158888	0.022566176940390956	0.02209918015384651
C.1.2.3.3.3.1.2	C.00001.00002.00003.00003.00003.00001.00002	Part 1147	-	0.1411246996978298	7.613337878137827	-79.27542165853083	61.54035753570497	0.15280759801090632	0.16187744197611764	0.16767715003623793	-0.007258785712568836	0.005728057405915468	0.00791151460835075	FALSE	0.28909372274994966	28.721044428837228	28.23690002309109	29.057750463592832	0.37074144170588635	0.3723953238821935	0.37017423652493897	0.02351283871158888	0.022566176940390956	0.02209918015384651
C.1.2.3.3.3.1.3	C.00001.00002.00003.00003.00003.00001.00003	Part 1148	-	0.8722493939355481	97.95725173316896	-28.61468056216836	-36.694128485396504	1.0627096534643206	1.049730785370024	1.0029827838491847	-0.024224760306871644	0.007282904332993631	0.029223677472345867	FALSE	0.28909372274994966	28.721044428837228	28.23690002309109	29.057750463592832	0.37074144170588635	0.3723953238821935	0.37017423652493897	0.02351283871158888	0.022566176940390956	0.02209918015384651
C.1.2.3.3.3.2.1	C.00001.00002.00003.00003.00003.00002.00001	Part 1149	+	0.2208638272935059	10.632020700722933	-2.555057918652892	-15.34853633493185	0.25623472940078057	0.2543089934267736	0.24507464835246398	-0.027254775978169252	-0.006873905333996289	-0.006240300320748112	FALSE	0.28909372274994966	28.721044428837228	28.23690002309109	29.057750463592832	0.37074144170588635	0.3723953238821935	0.37017423652493897	0.02351283871158888	0.022566176940390956	0.02209918015384651
C.1.2.3.3.3.2.2	C.00001.00002.00003.00003.00003.00002.00002	Part 1150	+	0.6474646133370697	83.74939523637295	96.9920726493001	64.95299804955721	0.8254922846231016	0.844809395980925	0.8651825925619495	0.041356265963219965	0.06679462070738779	0.052902791199776526	FALSE	0.28909372274994966	28.721044428837228	28.23690002309109	29.057750463592832	0.37074144170588635	0.3723953238821935	0.37017423652493897	0.02351283871158888	0.022566176940390956	0.02209918015384651
C.1.2.3.3.3.2.3	C.00001.00002.00003.00003.00003.00002.00003	Part 1151	-	0.1998935781386681	9.909604350104928	44.56796427257359	5.330644641071558	0.2784193769521985	0.2864733155826442	0.27962031369374757	0.00672002298558945	-0.011263582239797319	0.006480353309416801	FALSE	0.28909372274994966	28.721044428837228	28.23690002309109	29.057750463592832	0.37074144170588635	0.3723953238821935	0.37017423652493897	0.02351283871158888	0.022566176940390956	0.02209918015384651
C.1.2.3.3.3.2.4	C.00001.00002.00003.00003.00003.00002.00004	Part 1152	+	0.23416880179732108	80.09221772663295	35.235527670010924	-23.74124568887055	0.37557168249293454	0.37467670613590154	0.37519557994687097	8.422927412459983e-4	-1.1031047906846924e-4	-3.1105646999059666e-4	FALSE	0.28909372274994966	28.721044428837228	28.23690002309109	29.057750463592832	0.37074144170588635	0.3723953238821935	0.37017423652493897	0.02351283871158888	0.022566176940390956	0.02209918015384651
C.1.2.3.3.3.3.1	C.00001.00002.00003.00003.00003.00003.00001	Part 1153	+	0.4025493644969538	30.95246935263276	-10.21992419846356	46.769953705370426	0.4129329869864466	0.40887155054383484	0.39672464860963186	0.008848099438941714	0.023886103246154596	-0.019296782793598533	FALSE	0.28909372274994966	28.721044428837228	28.23690002309109	29.057750463592832	0.37074144170588635	0.3723953238821935	0.37017423652493897	0.02351283871158888	0.022566176940390956	0.02209918015384651
C.1.2.3.3.3.3.2	C.00001.00002.00003.00003.00003.00003.00002	Part 1154	+	0.6444155635028146	-65.22628706879914	-8.016453357413411	-90.29602380469441	0.8251840899371466	0.9534690390312993	0.7699277230808921	0.02730906174678948	-0.005660801200392538	0.004511270369298027	FALSE	0.28909372274994966	28.721044428837228	28.23690002309109	29.057750463592832	0.37074144170588635	0.3723953238821935	0.37017423652493897	0.02351283871158888	0.022566176940390956	0.02209918015384651
C.1.2.3.3.3.3.3	C.00001.00002.00003.00003.00003.00003.00003	Part 1155	+	0.0731430235800799	-94.84316180460155	7.328130584210157	-50.15052342787385	0.08578797256175501	0.09915849316591722	0.09915812951115507	-0.0029198146100436594	-0.0036633529689337526	0.001764986456764725	FALSE	0.28909372274994966	28.721044428837228	28.23690002309109	29.057750463592832	0.37074144170588635	0.3723953238821935	0.37017423652493897	0.02351283871158888	0.022566176940390956	0.02209918015384651
C.1.2.3.3.3.3.4	C.00001.00002.00003.00003.00003.00003.00004	Part 1156	+	0.37710506710154007	70.37533391267061	30.54864020086825	32.25529328919947	0.4694288870777152	0.45596739470019015	0.46008329267883685	-0.005547784278024838	0.007970367492713386	5.981835115231405e-4	FALSE	0.28909372274994966	28.721044428837228	28.23690002309109	29.057750463592832	0.37074144170588635	0.3723953238821935	0.37017423652493897	0.02351283871158888	0.022566176940390956	0.02209918015384651
C.1.2.3.3.3.4.1	C.00001.00002.00003.00003.00003.00004.00001	Part 1157	+	0.7336926386537962	-95.35790062509477	39.57259049639106	7.135393423959613	1.0673947738414644	1.0609109595985258	0.9952948768670735	-0.021407425297408487	-0.029490043312835112	0.05181015072487731	FALSE	0.28909372274994966	28.721044428837228	28.23690002309109	29.057750463592832	0.37074144170588635	0.3723953238821935	0.37017423652493897	0.02351283871158888	0.022566176940390956	0.02209918015384651
C.1.2.3.3.3.4.2	C.00001.00002.00003.00003.00003.00004.00002	Part 1158	+	0.5384773509327788	90.86621846072376	51.9076039083302	-94.49823279865086	0.6645092720163112	0.5894203247511687	0.6602577003094309	0.007554306511462643	-0.061888916998248805	-0.01522748216680998	FALSE	0.28909372274994966	28.721044428837228	28.23690002309109	29.057750463592832	0.37074144170588635	0.3723953238821935	0.37017423652493897	0.02351283871158888	0.022566176940390956	0.02209918015384651
C.1.2.3.3.4.1.1	C.00001.00002.00003.00003.00004.00001.00001	Part 1159	+	0.7400061334336642	-12.040049163624644	-20.87032371200621	9.516456397250295	0.8736980676978113	0.8984059541864781	0.8272458262687516	0.05261144903563116	-0.042462779152416655	0.03292772291785614	FALSE	0.28909372274994966	28.721044428837228	28.23690002309109	29.057750463592832	0.37074144170588635	0.3723953238821935	0.37017423652493897	0.02351283871158888	0.022566176940390956	0.02209918015384651
C.1.2.3.3.4.1.2	C.00001.00002.00003.00003.00004.00001.00002	Part 1160	-	0.6371451087531168	76.25436382368207	6.33819280192256	-33.47769808024168	0.9194108974451034	0.8882589578714308	0.8272522240211637	0.014605514666435369	0.004397523652002532	0.04619760827854258	FALSE	0.28909372274994966	28.721044428837228	28.23690002309109	29.057750463592832	0.37074144170588635	0.3723953238821935	0.37017423652493897	0.02351283871158888	0.022566176940390956	0.02209918015384651
C.1.2.3.3.4.1.3	C.00001.00002.00003.00003.00004.00001.00003	Part 1161	+	0.9055529230181127	-20.364547381177545	-10.368261765688658	45.30077567324042	1.1377331000815702	1.0836667815234615	1.1487037806721623	-0.04242739765160772	0.05616368806906573	0.05112533860318922	FALSE	0.28909372274994966	28.721044428837228	28.23690002309109	29.057750463592832	0.37074144170588635	0.3723953238821935	0.37017423652493897	0.02351283871158888	0.022566176940390956	0.02209918015384651
C.1.2.3.3.4.1.4	C.00001.00002.00003.00003.00004.00001.00004	Part 1162	-	0.07659709179936908	54.52306047081947	-88.03657772950828	-90.6695815268904	0.10147572257623734	0.09890702791589893	0.09662101080797235	-0.003850059811865432	-0.004894159244334374	-0.00534731897596152	FALSE	0.28909372274994966	28.721044428837228	28.23690002309109	29.057750463592832	0.37074144170588635	0.3723953238821935	0.37017423652493897	0.02351283871158888	0.022566176940390956	0.02209918015384651
C.1.2.3.3.4.2.1	C.00001.00002.00003.00003.00004.00002.00001	Part 1163	+	0.21082770662684924	69.8582960292697	56.49674846790731	-76.12224486656487	0.2256526384627233	0.21901422902787354	0.22196618404322313	-5.243276115298734e-4	0.002808377481176116	-0.010564354526211142	FALSE	0.28909372274994966	28.721044428837228	28.23690002309109	29.057750463592832	0.37074144170588635	0.3723953238821935	0.37017423652493897	0.02351283871158888	0.022566176940390956	0.02209918015384651
C.1.2.3.3.4.2.2	C.00001.00002.00003.00003.00004.00002.00002	Part 1164	+	0.20865075647411868	67.55500230938196	35.14960375614464	-12.420725729316473	0.2883609895685834	0.2668000915645318	0.2836593105032307	-0.00617069731588449	0.0058078828912204485	-0.0025366101542495935	FALSE	0.28909372274994966	28.721044428837228	28.23690002309109	29.057750463592832	0.37074144170588635	0.3723953238821935	0.37017423652493897	0.02351283871158888	0.022566176940390956	0.02209918015384651
C.1.2.3.3.4.2.3	C.00001.00002.00003.00003.00004.00002.00003	Part 1165	+	0.9036840868147555	-37.714927503839135	33.008114295080304	-45.969417644664645	1.0490112578914066	1.1896105585334824	1.0395761789049052	0.03880308333734295	-0.0034240903381612246	0.005282077233799953	FALSE	0.28909372274994966	28.721044428837228	28.23690002309109	29.057750463592832	0.37074144170588635	0.3723953238821935	0.37017423652493897	0.02351283871158888	0.022566176940390956	0.02209918015384651
C.1.2.3.3.4.2.4	C.00001.00002.00003.00003.00004.00002.00004	Part 1166	-	0.8923097606853116	-71.1104148067534	-64.32791547849774	-35.727845365181565	1.0978955725900148	1.4156295401370689	1.1581046131238177	-0.012990731430555928	-0.013012539246183279	0.0701197318106209	FALSE	0.28909372274994966	28.721044428837228	28.23690002309109	29.057750463592832	0.37074144170588635	0.3723953238821935	0.37017423652493897	0.02351283871158888	0.022566176940390956	0.02209918015384651
C.1.2.3.3.4.2.5	C.00001.00002.00003.00003.00004.00002.00005	Part 1167	+	0.2877445728383027	91.59461706876755	43.10703664086759	99.95293864049017	0.3308934551706392	0.31470614438608446	0.31290358849449484	-0.024504422291383124	9.465158771882105e-4	-0.003915303088483573	FALSE	0.28909372274994966	28.721044428837228	28.23690002309109	29.057750463592832	0.37074144170588635	0.3723953238821935	0.37017423652493897	0.02351283871158888	0.022566176940390956	0.02209918015384651
C.1.2.3.3.4.3.1	C.00001.00002.00003.00003.00004.00003.00001	Part 1168	+	0.5087709793595131	75.06642527878284	44.61297080852091	-5.477722082287073	0.6321992396457022	0.6624704425798316	0.5840726066876287	-0.0065827568759038195	-0.05471269287272852	0.009373431557905815	FALSE	0.28909372274994966	28.721044428837228	28.23690002309109	29.057750463592832	0.37074144170588635	0.3723953238821935	0.37017423652493897	0.02351283871158888	0.022566176940390956	0.02209918015384651
C.1.2.3.3.4.3.2	C.00001.00002.00003.00003.00004.00003.00002	Part 1169	-	0.10343382902443408	-11.829330306500196	13.006323808804154	-78.77780334092677	0.12379197400861093	0.11439372826237404	0.10929187094039318	8.44096566023753e-4	0.006447223098256013	0.01421954460641909	FALSE	0.28909372274994966	28.721044428837228	28.23690002309109	29.057750463592832	0.37074144170588635	0.3723953238821935	0.37017423652493897	0.02351283871158888	0.022566176940390956	0.02209918015384651
C.1.2.3.3.4.3.3	C.00001.00002.00003.00003.00004.00003.00003	Part 1170	+	0.746471662517637	-28.250183491036296	-64.31631813757122	18.015751475468278	0.6543642174225006	0.7278075294922773	0.7380626975517567	-0.011720419639288425	-0.020278479770480987	0.00627879447604285	FALSE	0.28909372274994966	28.721044428837228	28.23690002309109	29.057750463592832	0.37074144170588635	0.3723953238821935	0.37017423652493897	0.02351283871158888	0.022566176940390956	0.02209918015384651
C.1.2.3.3.4.4.1	C.00001.00002.00003.00003.00004.00004.00001	Part 1171	+	0.9181259398835245	25.845273584127426	31.96282321587205	-15.334486961364746	1.225434669928097	1.1688951140896207	1.2376403923758996	-0.03155637926558796	-0.009375586480591754	0.018458549869264082	FALSE	0.28909372274994966	28.721044428837228	28.23690002309109	29.057750463592832	0.37074144170588635	0.3723953238821935	0.37017423652493897	0.02351283871158888	0.022566176940390956	0.02209918015384651
C.1.2.3.3.4.4.2	C.00001.00002.00003.00003.00004.00004.00002	Part 1172	-	0.22444754692935384	45.471458695828915	74.63137721642852	80.03235114738345	0.33360246910305097	0.3370219269586817	0.3402139006344269	0.0046649779491889	0.012722194545028018	0.001366865877167227	FALSE	0.28909372274994966	28.721044428837228	28.23690002309109	29.057750463592832	0.37074144170588635	0.3723953238821935	0.37017423652493897	0.02351283871158888	0.022566176940390956	0.02209918015384651
C.1.2.3.3.4.5.1	C.00001.00002.00003.00003.00004.00005.00001	Part 1173	-	0.955625822631875	-80.15746069140732	-30.156374536454678	-12.001685472205281	1.1106261429312312	1.2485890954920487	1.2531707961635905	0.021882301753942776	-0.14712071527640036	-0.044431654822483346	FALSE	0.28909372274994966	28.721044428837228	28.23690002309109	29.057750463592832	0.37074144170588635	0.3723953238821935	0.37017423652493897	0.02351283871158888	0.022566176940390956	0.02209918015384651
C.1.2.3.3.4.5.2	C.00001.00002.00003.00003.00004.00005.00002	Part 1174	+	0.545603597829584	-86.98755013756454	-53.339227847754955	56.995693407952785	0.7432740273983538	0.6576012643915549	0.7477311569063766	-0.021645632840158198	0.00549467540041061	-0.019009048199629362	FALSE	0.28909372274994966	28.721044428837228	28.23690002309109	29.057750463592832	0.37074144170588635	0.3723953238821935	0.37017423652493897	0.02351283871158888	0.022566176940390956	0.02209918015384651
C.1.2.3.3.4.5.3	C.00001.00002.00003.00003.00004.00005.00003	Part 1175	+	0.15502261463995093	42.17293206602335	99.18043753132224	98.11067711561918	0.16351896922744752	0.15392284576391796	0.15985165412760657	-4.269991105755182e-4	3.3465252152815243e-4	-0.004964485338095095	FALSE	0.28909372274994966	28.721044428837228	28.23690002309109	29.057750463592832	0.37074144170588635	0.3723953238821935	0.37017423652493897	0.02351283871158888	0.022566176940390956	0.02209918015384651
C.1.2.3.3.4.5.4	C.00001.00002.00003.00003.00004.00005.00004	Part 1176	-	0.2544909297064878	8.527061203494668	-20.128681743517518	-3.8641369435936213	0.32669400680453	0.34179922899878074	0.2769346032467346	0.01472239043269392	0.0013145797617428556	0.0013911618466437097	FALSE	0.28909372274994966	28.721044428837228	28.23690002309109	29.057750463592832	0.37074144170588635	0.3723953238821935	0.37017423652493897	0.02351283871158888	0.022566176940390956	0.02209918015384651
C.1.2.3.3.4.5.5	C.00001.00002.00003.00003.00004.00005.00005	Part 1177	-	0.5460476461276412	-64.96254815720022	-57.990443939343095	-4.131144564598799	0.6982731914652558	0.7108185963025712	0.7289567208157977	-0.07980760082283507	-0.012689021004058278	0.02523158009672751	FALSE	0.28909372274994966	28.721044428837228	28.23690002309109	29.057750463592832	0.37074144170588635	0.3723953238821935	0.37017423652493897	0.02351283871158888	0.022566176940390956	0.02209918015384651
C.1.2.3.3.5.1.1	C.00001.00002.00003.00003.00005.00001.00001	Part 1178	-	0.30423817377421075	-91.44046362489462	-2.6556380093097687	87.31230134144425	0.38242099653739703	0.386561360595014	0.37932622101010294	0.0027441751408110006	8.645390658974968e-5	-5.326007681602408e-4	FALSE	0.28909372274994966	28.721044428837228	28.23690002309109	29.057750463592832	0.37074144170588635	0.3723953238821935	0.37017423652493897	0.02351283871158888	0.022566176940390956	0.02209918015384651
C.1.2.3.3.5.1.2	C.00001.00002.00003.00003.00005.00001.00002	Part 1179	+	0.7205004568770528	66.49376801215112	8.3178854547441	8.983286190778017	0.8260469850896712	0.8517171435029138	0.7998987885800434	-0.0025502495830517016	0.018614973087416508	0.007728726179584821	FALSE	0.28909372274994966	28.721044428837228	28.23690002309109	29.057750463592832	0.37074144170588635	0.3723953238821935	0.37017423652493897	0.02351283871158888	0.022566176940390956	0.02209918015384651
C.1.2.3.3.5.2.1	C.00001.00002.00003.00003.00005.00002.00001	Part 1180	+	0.43127991567412394	-94.51196920126677	-67.62745664454997	-52.49585825949907	0.5089482644993374	0.5345940656523156	0.43371980639452906	-0.011467873274092637	-0.0385133403477958	0.019367090648829827	FALSE	0.28909372274994966	28.721044428837228	28.23690002309109	29.057750463592832	0.37074144170588635	0.3723953238821935	0.37017423652493897	0.02351283871158888	0.022566176940390956	0.02209918015384651
C.1.2.3.3.5.2.2	C.00001.00002.00003.00003.00005.00002.00002	Part 1181	+	0.6705418300102465	-52.5651712436229	-16.648359829559922	10.222343821078539	0.6882377407463639	0.8130383945547924	0.8044460212722317	-0.06758205507190732	0.00948048436581599	-0.002577373244791746	FALSE	0.28909372274994966	28.721044428837228	28.23690002309109	29.057750463592832	0.37074144170588635	0.3723953238821935	0.37017423652493897	0.02351283871158888	0.022566176940390956	0.02209918015384651
C.1.2.3.3.5.2.3	C.00001.00002.00003.00003.00005.00002.00003	Part 1182	-	0.7963612662160303	50.945586524903774	28.867764305323362	-10.997195355594158	0.9934271238119846	0.9628380905975602	0.9137027178047246	-0.027606016120134646	-0.009663652927892464	-0.018688522023214114	FALSE	0.28909372274994966	28.721044428837228	28.23690002309109	29.057750463592832	0.37074144170588635	0.3723953238821935	0.37017423652493897	0.02351283871158888	0.022566176940390956	0.02209918015384651
C.1.2.3.3.5.3.1	C.00001.00002.00003.00003.00005.00003.00001	Part 1183	-	0.15176071408181452	-47.87710816599429	-6.687679141759872	18.666162760928273	0.14729331174887475	0.1632888311960722	0.16580822073100293	-0.00525362367617967	0.003749598748022393	0.003262346801937497	FALSE	0.28909372274994966	28.721044428837228	28.23690002309109	29.057750463592832	0.37074144170588635	0.3723953238821935	0.37017423652493897	0.02351283871158888	0.022566176940390956	0.02209918015384651
C.1.2.3.3.5.3.2	C.00001.00002.00003.00003.00005.00003.00002	Part 1184	+	0.7122307940211613	-36.32677481509745	22.489570593461394	10.23847064934671	0.8893671757828507	0.7892341138406285	0.7585659692934383	-0.030936303163765357	0.030972816081462545	0.037887868304277136	FALSE	0.28909372274994966	28.721044428837228	28.23690002309109	29.057750463592832	0.37074144170588635	0.3723953238821935	0.37017423652493897	0.02351283871158888	0.022566176940390956	0.02209918015384651
C.1.2.3.3.5.3.3	C.00001.00002.00003.00003.00005.00003.00003	Part 1185	+	0.9492864890261553	26.686201384291053	42.90138189680874	82.12528768926859	1.3185949116024522	1.3605636494769688	1.3700163503232434	-0.001411921098397805	-5.460857876098469e-4	0.02553685611001834	FALSE	0.28909372274994966	28.721044428837228	28.23690002309109	29.057750463592832	0.37074144170588635	0.3723953238821935	0.37017423652493897	0.02351283871158888	0.022566176940390956	0.02209918015384651
C.1.2.3.3.5.3.4	C.00001.00002.00003.00003.00005.00003.00004	Part 1186	-	0.1801613999251276	-28.705476876348257	-42.708477610722184	-37.684210017323494	0.21981736142253447	0.23640503568982682	0.2554400982778067	-0.015605806845966425	-0.003999732426555158	0.0011313666577094069	FALSE	0.28909372274994966	28.721044428837228	28.23690002309109	29.057750463592832	0.37074144170588635	0.3723953238821935	0.37017423652493897	0.02351283871158888	0.022566176940390956	0.02209918015384651
C.1.2.3.3.5.3.5	C.00001.00002.00003.00003.00005.00003.00005	Part 1187	+	0.7467175956284627	61.99311059899628	78.22457253932953	-65.92343943193555	1.084697980021411	1.016389021325471	1.0090557503487099	0.02941254032184017	-0.019732036770829076	-0.05544881808075673	FALSE	0.28909372274994966	28.721044428837228	28.23690002309109	29.057750463592832	0.37074144170588635	0.3723953238821935	0.37017423652493897	0.02351283871158888	0.022566176940390956	0.02209918015384651
C.1.2.3.3.5.4.1	C.00001.00002.00003.00003.00005.00004.00001	Part 1188	-	0.30652864956972187	-50.09635570459068	22.151227155700326	-69.80069228447974	0.2673990657396424	0.28143012705003834	0.2824010821572576	0.0021955986870638416	-0.0060248788326431055	0.0021085429844813113	FALSE	0.28909372274994966	28.721044428837228	28.23690002309109	29.057750463592832	0.37074144170588635	0.3723953238821935	0.37017423652493897	0.02351283871158888	0.022566176940390956	0.02209918015384651
C.1.2.3.3.5.4.2	C.00001.00002.00003.00003.00005.00004.00002	Part 1189	+	0.3564685169577133	87.0281957089901	51.38806686736643	-99.0100737195462	0.42564427308635416	0.3901718824277889	0.3940133923018378	-0.030680840415619727	0.010308071453695848	0.010548218201815469	FALSE	0.28909372274994966	28.721044428837228	28.23690002309109	29.057750463592832	0.37074144170588635	0.3723953238821935	0.37017423652493897	0.02351283871158888	0.022566176940390956	0.02209918015384651
C.1.2.3.3.5.4.3	C.00001.00002.00003.00003.00005.00004.00003	Part 1190	-	0.8649283096198924	-58.17913496866822	-19.52681289985776	86.42389038577676	0.9090796287805308	0.971970392989424	0.9327991036545203	-0.0333727449582402	0.037570048234289735	0.026644244251755662	FALSE	0.28909372274994966	28.721044428837228	28.23690002309109	29.057750463592832	0.37074144170588635	0.3723953238821935	0.37017423652493897	0.02351283871158888	0.022566176940390956	0.02209918015384651
C.1.2.3.3.5.4.4	C.00001.00002.00003.00003.00005.00004.00004	Part 1191	+	0.8584145295151975	38.670690823346376	87.10065549239516	13.189571211114526	1.0480924814204073	1.0738066373458006	1.0088989081062059	-0.018266017881797332	0.024966079391719312	0.026818487219560486	FALSE	0.28909372274994966	28.721044428837228	28.23690002309109	29.057750463592832	0.37074144170588635	0.3723953238821935	0.37017423652493897	0.02351283871158888	0.022566176940390956	0.02209918015384651
C.1.2.3.3.5.5.1	C.00001.00002.00003.00003.00005.00005.00001	Part 1192	-	0.9428046576266642	42.17588757164776	-39.76542754098773	-48.03979825228453	1.5016593240103169	1.4856591940433062	1.4914883729948292	-0.0029911272411354776	0.0091901297588101	0.00747554309784382	FALSE	0.28909372274994966	28.721044428837228	28.23690002309109	29.057750463592832	0.37074144170588635	0.3723953238821935	0.37017423652493897	0.02351283871158888	0.022566176940390956	0.02209918015384651
C.1.2.3.3.5.5.2	C.00001.00002.00003.00003.00005.00005.00002	Part 1193	-	0.585549096090952	-96.35233390145004	-65.29715922661126	-76.59457600675523	0.6676553794336636	0.6905996315274058	0.5542419726701172	0.004805677805926533	0.011210819131525003	-0.012690994353789543	FALSE	0.28909372274994966	28.721044428837228	28.23690002309109	29.057750463592832	0.37074144170588635	0.3723953238821935	0.37017423652493897	0.02351283871158888	0.022566176940390956	0.02209918015384651
C.1.2.3.3.5.5.3	C.00001.00002.00003.00003.00005.00005.00003	Part 1194	-	0.7877497131845448	-47.519047698006034	7.04563488252461	-14.089943142607808	1.070217593462583	1.1285310651563765	1.0565678866398924	-0.08852486178805327	0.046988081763396826	-0.03055792171898878	FALSE	0.28909372274994966	28.721044428837228	28.23690002309109	29.057750463592832	0.37074144170588635	0.3723953238821935	0.37017423652493897	0.02351283871158888	0.022566176940390956	0.02209918015384651
C.1.2.3.3.5.5.4	C.00001.00002.00003.00003.00005.00005.00004	Part 1195	+	0.28552112196339297	-8.38005430996418	43.30366440117359	-69.53580663539469	0.31747065019210713	0.32630019347221356	0.2859609680657334	-0.010608600942390902	0.028667899001052006	-0.01877017513384474	FALSE	0.28909372274994966	28.721044428837228	28.23690002309109	29.057750463592832	0.37074144170588635	0.3723953238821935	0.37017423652493897	0.02351283871158888	0.022566176940390956	0.02209918015384651
C.1.2.3.3.5.5.5	C.00001.00002.00003.00003.00005.00005.00005	Part 1196	-	0.9312325891642831	69.40568634308875	68.70883093215525	84.28425122983754	1.1384510280928442	1.266617248300143	1.0806625961862404	-0.03547099763743248	0.0028423682856433853	-0.07038055531427001	FALSE	0.28909372274994966	28.721044428837228	28.23690002309109	29.057750463592832	0.37074144170588635	0.3723953238821935	0.37017423652493897	0.02351283871158888	0.022566176940390956	0.02209918015384651
C.1.2.3.4.1.1.1	C.00001.00002.00003.00004.00001.00001.00001	Part 1197	+	0.23018171754688957	95.5246795900166	61.187514662742615	11.674417508766055	0.3069745118789222	0.31744604207443594	0.2842426748752614	-0.0017517065207401897	5.268557993259696e-5	0.002290491340160407	FALSE	0.28909372274994966	28.721044428837228	28.23690002309109	29.057750463592832	0.37074144170588635	0.3723953238821935	0.37017423652493897	0.02351283871158888	0.022566176940390956	0.02209918015384651
C.1.2.3.4.1.1.2	C.00001.00002.00003.00004.00001.00001.00002	Part 1198	-	0.6359203600841574	76.43651869148016	-70.00100016593933	-26.721250219270587	0.6089424688423378	0.6029232542657164	0.6187962497176541	0.003989223897206991	0.0054633789357295065	0.014061730982386188	FALSE	0.28909372274994966	28.721044428837228	28.23690002309109	29.057750463592832	0.37074144170588635	0.3723953238821935	0.37017423652493897	0.02351283871158888	0.022566176940390956	0.02209918015384651
C.1.2.3.4.1.1.3	C.00001.00002.00003.00004.00001.00001.00003	Part 1199	+	0.996461322232848	-49.709044955670834	-70.66474366001785	-81.71572457067668	1.6295741725204236	1.5705576093834526	1.5862381149068372	0.008185031127095163	0.02361246937058287	-0.012441359767488645	FALSE	0.28909372274994966	28.721044428837228	28.23690002309109	29.057750463592832	0.37074144170588635	0.3723953238821935	0.37017423652493897	0.02351283871158888	0.022566176940390956	0.02209918015384651
C.1.2.3.4.1.2.1	C.00001.00002.00003.00004.00001.00002.00001	Part 1200	+	0.24791463754395954	-6.434924015775323	69.44263693876565	-59.38496878370643	0.30408178827658733	0.27296056539851027	0.305565162131866	0.026278982918982823	-0.008359360133204959	-0.004857278496176114	FALSE	0.28909372274994966	28.721044428837228	28.23690002309109	29.057750463592832	0.37074144170588635	0.3723953238821935	0.37017423652493897	0.02351283871158888	0.022566176940390956	0.02209918015384651
C.1.2.3.4.1.2.2	C.00001.00002.00003.00004.00001.00002.00002	Part 1201	+	0.5133475823018234	46.79508386179805	-73.16190833225846	95.17118851654232	0.715867958016512	0.7125286319649866	0.6832705343005893	0.017785012597743538	0.009670737119423515	-0.013902577959321566	FALSE	0.28909372274994966	28.721044428837228	28.23690002309109	29.057750463592832	0.37074144170588635	0.3723953238821935	0.37017423652493897	0.02351283871158888	0.022566176940390956	0.02209918015384651
C.1.2.3.4.1.2.3	C.00001.00002.00003.00004.00001.00002.00003	Part 1202	+	0.4610459090447985	54.372142907232046	58.3932017441839	28.444060077890754	0.4639649931737143	0.4647832601030392	0.5081465023688937	-0.005759403203507457	-8.844889951697874e-4	-8.495170848509825e-4	FALSE	0.28909372274994966	28.721044428837228	28.23690002309109	29.057750463592832	0.37074144170588635	0.3723953238821935	0.37017423652493897	0.02351283871158888	0.022566176940390956	0.02209918015384651
C.1.2.3.4.1.3.1	C.00001.00002.00003.00004.00001.00003.00001	Part 1203	+	0.1624557269010693	11.05682710185647	-95.06013114005327	-27.754372963681817	0.21477369924159126	0.22027546416693852	0.19791697571173067	-1.6067511720010313e-4	-0.010071054849285995	-6.930712087562078e-4	FALSE	0.28909372274994966	28.721044428837228	28.23690002309109	29.057750463592832	0.37074144170588635	0.3723953238821935	0.37017423652493897	0.02351283871158888	0.022566176940390956	0.02209918015384651
C.1.2.3.4.1.3.2	C.00001.00002.00003.00004.00001.00003.00002	Part 1204	+	0.05097084034536965	87.67452016472816	19.559049466624856	51.411914359778166	0.05850068915165696	0.0473749776713285	0.058831512975141484	0.0015162668333161418	-4.681152694180767e-4	0.0036207800377799073	FALSE	0.28909372274994966	28.721044428837228	28.23690002309109	29.057750463592832	0.37074144170588635	0.3723953238821935	0.37017423652493897	0.02351283871158888	0.022566176940390956	0.02209918015384651
C.1.2.3.4.1.3.3	C.00001.00002.00003.00004.00001.00003.00003	Part 1205	+	0.5936982488569338	-31.96576596237719	-81.68279565870762	-31.912634382024407	0.7103963088838084	0.7123187970002711	0.6744500804816671	-0.03308433945396749	-0.006865272574987081	-0.002164742475760066	FALSE	0.28909372274994966	28.721044428837228	28.23690002309109	29.057750463592832	0.37074144170588635	0.3723953238821935	0.37017423652493897	0.02351283871158888	0.022566176940390956	0.02209918015384651
C.1.2.3.4.1.4.1	C.00001.00002.00003.00004.00001.00004.00001	Part 1206	-	0.31053965022508057	82.16296834871173	-86.53600011020899	83.69044973514974	0.4079048880869448	0.4047036148068717	0.3969730315135618	-0.010514561044438549	-0.014689737737081814	-0.018116262146247918	FALSE	0.28909372274994966	28.721044428837228	28.23690002309109	29.057750463592832	0.37074144170588635	0.3723953238821935	0.37017423652493897	0.02351283871158888	0.022566176940390956	0.02209918015384651
C.1.2.3.4.1.4.2	C.00001.00002.00003.00004.00001.00004.00002	Part 1207	-	0.49811331197991965	20.360221806913614	48.02275183610618	1.006604265421629	0.5984804433932001	0.5752190953439233	0.6300229557218794	-0.04374052153113046	0.009637759466288764	-0.02597242703731132	FALSE	0.28909372274994966	28.721044428837228	28.23690002309109	29.057750463592832	0.37074144170588635	0.3723953238821935	0.37017423652493897	0.02351283871158888	0.022566176940390956	0.02209918015384651
C.1.2.3.4.1.4.3	C.00001.00002.00003.00004.00001.00004.00003	Part 1208	-	0.11268071484123357	-81.21525156311691	-13.229603786021471	64.56721709109843	0.1564561731672315	0.12706718029504815	0.12985450859143252	0.005109733356001928	-0.001743523363976774	5.201249573662269e-4	FALSE	0.28909372274994966	28.721044428837228	28.23690002309109	29.057750463592832	0.37074144170588635	0.3723953238821935	0.37017423652493897	0.02351283871158888	0.022566176940390956	0.02209918015384651
C.1.2.3.4.1.4.4	C.00001.00002.00003.00004.00001.00004.00004	Part 1209	-	0.6608180928584189	11.376993404701352	44.547165324911475	-96.19570393115282	0.667427557780151	0.8490477648961487	0.8200092016943944	-0.031284423792082267	-0.03570983146907562	-0.008300927296662545	FALSE	0.28909372274994966	28.721044428837228	28.23690002309109	29.057750463592832	0.37074144170588635	0.3723953238821935	0.37017423652493897	0.02351283871158888	0.022566176940390956	0.02209918015384651
C.1.2.3.4.1.4.5	C.00001.00002.00003.00004.00001.00004.00005	Part 1210	-	0.8685719280771446	40.143382688984275	-24.273137748241425	-66.32394045591354	1.1325989543113293	1.1793036439015683	1.1874154851252992	0.01116998637174376	0.007753968223140213	-2.1081693427738328e-4	FALSE	0.28909372274994966	28.721044428837228	28.23690002309109	29.057750463592832	0.37074144170588635	0.3723953238821935	0.37017423652493897	0.02351283871158888	0.022566176940390956	0.02209918015384651
C.1.2.3.4.1.5.1	C.00001.00002.00003.00004.00001.00005.00001	Part 1211	-	0.9253771292541642	-28.540639532729983	-95.02116250805557	-38.96304341033101	1.0252569865246104	0.9229744478406416	1.045445330723407	0.02305420714401632	0.004392272488573504	-0.05310164370673251	FALSE	0.28909372274994966	28.721044428837228	28.23690002309109	29.057750463592832	0.37074144170588635	0.3723953238821935	0.37017423652493897	0.02351283871158888	0.022566176940390956	0.02209918015384651
C.1.2.3.4.1.5.2	C.00001.00002.00003.00004.00001.00005.00002	Part 1212	+	0.45486251785163767	-71.5090564917773	-73.38967970572412	70.67902246490121	0.5514238221369002	0.5024478682098392	0.5572153127795414	-0.05230570696090774	-0.04305566859936216	0.058557911928675585	FALSE	0.28909372274994966	28.721044428837228	28.23690002309109	29.057750463592832	0.37074144170588635	0.3723953238821935	0.37017423652493897	0.02351283871158888	0.022566176940390956	0.02209918015384651
C.1.2.3.4.1.5.3	C.00001.00002.00003.00004.00001.00005.00003	Part 1213	+	0.9754483755626716	-51.88042349182069	-26.834622118622065	52.94147925451398	1.1983844929711078	1.1612650039841859	1.3067747228430784	0.0022367138590890334	0.06018785323751287	-0.014070412968562263	FALSE	0.28909372274994966	28.721044428837228	28.23690002309109	29.057750463592832	0.37074144170588635	0.3723953238821935	0.37017423652493897	0.02351283871158888	0.022566176940390956	0.02209918015384651
C.1.2.3.4.1.5.4	C.00001.00002.00003.00004.00001.00005.00004	Part 1214	+	0.6336292925598099	-56.30812807939947	-20.049495808780193	-7.245758501812816	0.8636118697043312	0.8661840310807734	0.8793129906532933	0.003248584527473052	-0.009569388216360506	0.019240501890227	FALSE	0.28909372274994966	28.721044428837228	28.23690002309109	29.057750463592832	0.37074144170588635	0.3723953238821935	0.37017423652493897	0.02351283871158888	0.022566176940390956	0.02209918015384651
C.1.2.3.4.2.1.1	C.00001.00002.00003.00004.00002.00001.00001	Part 1215	-	0.14018993839807808	-45.284552266821265	89.37675203196704	24.78629555553198	0.1744797053004497	0.17509864320516141	0.1784922198168826	2.647897538149731e-4	-0.002589744232280417	8.030236557246436e-4	FALSE	0.28909372274994966	28.721044428837228	28.23690002309109	29.057750463592832	0.37074144170588635	0.3723953238821935	0.37017423652493897	0.02351283871158888	0.022566176940390956	0.02209918015384651
C.1.2.3.4.2.1.2	C.00001.00002.00003.00004.00002.00001.00002	Part 1216	+	0.7928675107622984	4.040313791483641	3.4724437166005373	35.18093270249665	0.9577415870941725	1.0402156415950787	0.9765896306246936	-0.04703818005083778	-0.006281842424107953	-0.024303674803286247	FALSE	0.28909372274994966	28.721044428837228	28.23690002309109	29.057750463592832	0.37074144170588635	0.3723953238821935	0.37017423652493897	0.02351283871158888	0.022566176940390956	0.02209918015384651
C.1.2.3.4.2.1.3	C.00001.00002.00003.00004.00002.00001.00003	Part 1217	+	0.9245441264738329	26.067066425457597	-4.1976196225732565	36.482014786452055	1.0852840923621443	1.2421879160354485	1.0625009303747057	-0.09720429671983283	0.005432631705803893	0.011272388517156107	FALSE	0.28909372274994966	28.721044428837228	28.23690002309109	29.057750463592832	0.37074144170588635	0.3723953238821935	0.37017423652493897	0.02351283871158888	0.022566176940390956	0.02209918015384651
C.1.2.3.4.2.1.4	C.00001.00002.00003.00004.00002.00001.00004	Part 1218	-	0.5518453717716039	47.53809990361333	-79.64953398332	-59.963800152763724	0.7960976542480551	0.6601283153450173	0.771462029499174	0.0064732761073713315	1.370927398551994e-4	0.0056868588587633915	FALSE	0.28909372274994966	28.721044428837228	28.23690002309109	29.057750463592832	0.37074144170588635	0.3723953238821935	0.37017423652493897	0.02351283871158888	0.022566176940390956	0.02209918015384651
C.1.2.3.4.2.2.1	C.00001.00002.00003.00004.00002.00002.00001	Part 1219	+	0.7624184520461131	-71.00615780800581	-55.46005740761757	-22.927511716261506	1.0095357094737216	1.1377047745366777	1.0601915514187823	0.02556427045370066	0.006520758893302737	0.038324921894748065	FALSE	0.28909372274994966	28.721044428837228	28.23690002309109	29.057750463592832	0.37074144170588635	0.3723953238821935	0.37017423652493897	0.02351283871158888	0.022566176940390956	0.02209918015384651
C.1.2.3.4.2.2.2	C.00001.00002.00003.00004.00002.00002.00002	Part 1220	-	0.14356255016545766	88.90291755087674	57.48446565121412	-17.33270059339702	0.13944234729379065	0.16751054277071004	0.1698670173879568	0.014379577080152263	0.006816857611360043	-0.0026793842114052387	FALSE	0.28909372274994966	28.721044428837228	28.23690002309109	29.057750463592832	0.37074144170588635	0.3723953238821935	0.37017423652493897	0.02351283871158888	0.022566176940390956	0.02209918015384651
C.1.2.3.4.2.2.3	C.00001.00002.00003.00004.00002.00002.00003	Part 1221	+	0.020360782307572663	93.1681405287236	-56.24124030582607	-12.299714935943484	0.021332907875465813	0.02227305120744767	0.021259712341645094	-3.766152262650409e-4	-0.0022143657647772422	4.996824690278931e-4	FALSE	0.28909372274994966	28.721044428837228	28.23690002309109	29.057750463592832	0.37074144170588635	0.3723953238821935	0.37017423652493897	0.02351283871158888	0.022566176940390956	0.02209918015384651
C.1.2.3.4.2.2.4	C.00001.00002.00003.00004.00002.00002.00004	Part 1222	+	0.12226045999093912	18.275998765602708	99.76903623901308	-35.02549366094172	0.15440117370761738	0.17499414128639668	0.17801505497646525	0.005247241173813501	1.5115575163074472e-4	-1.3542479617262708e-5	FALSE	0.28909372274994966	28.721044428837228	28.23690002309109	29.057750463592832	0.37074144170588635	0.3723953238821935	0.37017423652493897	0.02351283871158888	0.022566176940390956	0.02209918015384651
C.1.2.3.4.2.2.5	C.00001.00002.00003.00004.00002.00002.00005	Part 1223	-	0.4497093737798277	-8.599200425669551	14.461542945355177	-20.737309753894806	0.5709853260537264	0.5260483799173741	0.4750191227716839	0.03167733982626806	0.05429001158268744	-0.04972857273891146	FALSE	0.28909372274994966	28.721044428837228	28.23690002309109	29.057750463592832	0.37074144170588635	0.3723953238821935	0.37017423652493897	0.02351283871158888	0.022566176940390956	0.02209918015384651
C.1.2.3.4.2.3.1	C.00001.00002.00003.00004.00002.00003.00001	Part 1224	-	0.84417522983253	-24.486743193119764	-43.18207474425435	72.44566157460213	1.065894861419456	0.8832950542897401	1.1219573249609962	-0.015019019399915906	-0.04183599286311755	-0.0867870770375726	FALSE	0.28909372274994966	28.721044428837228	28.23690002309109	29.057750463592832	0.37074144170588635	0.3723953238821935	0.37017423652493897	0.02351283871158888	0.022566176940390956	0.02209918015384651
C.1.2.3.4.2.3.2	C.00001.00002.00003.00004.00002.00003.00002	Part 1225	+	0.41232388240331785	-37.69333395175636	8.571316441521049	83.48979679867625	0.5530045015707653	0.5560193317403082	0.5917422654359216	-0.004414012317710063	-0.005060237547583198	5.534629840237461e-4	FALSE	0.28909372274994966	28.721044428837228	28.23690002309109	29.057750463592832	0.37074144170588635	0.3723953238821935	0.37017423652493897	0.02351283871158888	0.022566176940390956	0.02209918015384651
C.1.2.3.4.3.1.1	C.00001.00002.00003.00004.00003.00001.00001	Part 1226	+	0.8887760209697299	-94.55333561636508	-48.07567927055061	57.3687335010618	0.9681078607984221	1.1566886408285675	1.2213536333227448	-0.05163081342588777	-0.002221971143847304	-0.03507299904897307	FALSE	0.28909372274994966	28.721044428837228	28.23690002309109	29.057750463592832	0.37074144170588635	0.3723953238821935	0.37017423652493897	0.02351283871158888	0.022566176940390956	0.02209918015384651
C.1.2.3.4.3.1.2	C.00001.00002.00003.00004.00003.00001.00002	Part 1227	-	0.7454087423814927	-55.25266686454415	87.32788013294339	68.57433654367924	0.9078750677648647	0.9632076687982218	0.9166185560589292	-0.08312485854645174	-0.006210118563222998	-0.046088217079240434	FALSE	0.28909372274994966	28.721044428837228	28.23690002309109	29.057750463592832	0.37074144170588635	0.3723953238821935	0.37017423652493897	0.02351283871158888	0.022566176940390956	0.02209918015384651
C.1.2.3.4.3.1.3	C.00001.00002.00003.00004.00003.00001.00003	Part 1228	+	0.7528804621580056	94.53241233713925	-21.036946680396795	-1.4626286923885345	1.1623795318550816	1.2200190900400096	1.1891856418239375	0.009139032848586894	0.002468363796709512	-0.03659010146709007	FALSE	0.28909372274994966	28.721044428837228	28.23690002309109	29.057750463592832	0.37074144170588635	0.3723953238821935	0.37017423652493897	0.02351283871158888	0.022566176940390956	0.02209918015384651
C.1.2.3.4.3.2.1	C.00001.00002.00003.00004.00003.00002.00001	Part 1229	+	0.9425255339709111	-36.0169883351773	62.73062382824719	-82.23370020277798	1.4166508101749156	1.440371333419505	1.3544307702319267	0.014497383935852032	-0.0167696320586855	-0.019881132629455324	FALSE	0.28909372274994966	28.721044428837228	28.23690002309109	29.057750463592832	0.37074144170588635	0.3723953238821935	0.37017423652493897	0.02351283871158888	0.022566176940390956	0.02209918015384651
C.1.2.3.4.3.2.2	C.00001.00002.00003.00004.00003.00002.00002	Part 1230	-	0.9229548323696944	20.20778814330697	-92.37292567268014	-13.204154325649142	1.3288876260886053	1.3289935895365619	1.3753190819520789	0.02210176413775327	-0.020497363215445624	-0.0422153746267752	FALSE	0.28909372274994966	28.721044428837228	28.23690002309109	29.057750463592832	0.37074144170588635	0.3723953238821935	0.37017423652493897	0.02351283871158888	0.022566176940390956	0.02209918015384651
C.1.2.3.4.3.2.3	C.00001.00002.00003.00004.00003.00002.00003	Part 1231	+	0.02166795061598532	-31.414156267419457	-23.786183400079608	-27.62659047730267	0.027248941858548866	0.02807880583631137	0.024251381342115255	4.164934185500108e-4	-0.0020605139397297757	-9.501757923268289e-4	FALSE	0.28909372274994966	28.721044428837228	28.23690002309109	29.057750463592832	0.37074144170588635	0.3723953238821935	0.37017423652493897	0.02351283871158888	0.022566176940390956	0.02209918015384651
C.1.2.3.4.3.2.4	C.00001.00002.00003.00004.00003.00002.00004	Part 1232	+	0.4497773667725269	-76.29518327303231	90.79723069444299	-82.54691399633884	0.5551721838350132	0.6718741175144284	0.5437058027664015	-0.05112265010763005	0.0013925075738839372	-0.0031026503560824294	FALSE	0.28909372274994966	28.721044428837228	28.23690002309109	29.057750463592832	0.37074144170588635	0.3723953238821935	0.37017423652493897	0.02351283871158888	0.022566176940390956	0.02209918015384651
C.1.2.3.5.1.1.1	C.00001.00002.00003.00005.00001.00001.00001	Part 1233	+	0.22666995134670287	46.82083432562649	83.26813052408397	39.585072034969926	0.3001066899636975	0.33782805497635304	0.2760758527342382	-0.006456171252190321	-0.011820872916293256	0.006681835140664046	FALSE	0.28909372274994966	28.721044428837228	28.23690002309109	29.057750463592832	0.37074144170588635	0.3723953238821935	0.37017423652493897	0.02351283871158888	0.022566176940390956	0.02209918015384651
C.1.2.3.5.1.1.2	C.00001.00002.00003.00005.00001.00001.00002	Part 1234	+	0.7957524172503035	-48.327252035960555	-99.13239404559135	1.0650597047060728	1.0207718461420159	1.0369276008840338	1.2135886026228058	-0.0016952285537999532	-0.04848621631579215	-0.047769847241058414	FALSE	0.28909372274994966	28.721044428837228	28.23690002309109	29.057750463592832	0.37074144170588635	0.3723953238821935	0.37017423652493897	0.02351283871158888	0.022566176940390956	0.02209918015384651
C.1.2.3.5.1.1.3	C.00001.00002.00003.00005.00001.00001.00003	Part 1235	+	0.7954125288114883	-9.119902458041906	20.752541488036513	-85.95985691063106	1.02956872042714	0.9809241146418645	0.9628925351956685	0.02808652490844335	-0.028776776377454537	6.470697068030823e-4	FALSE	0.28909372274994966	28.721044428837228	28.23690002309109	29.057750463592832	0.37074144170588635	0.3723953238821935	0.37017423652493897	0.02351283871158888	0.022566176940390956	0.02209918015384651
C.1.2.3.5.1.2.1	C.00001.00002.00003.00005.00001.00002.00001	Part 1236	-	0.028669977720361204	7.8325701877474785	-30.79293561168015	-27.09494512528181	0.038764728341863675	0.038298783306221294	0.037384705712386244	7.174932599655494e-5	-0.0011627568211055	0.001549302083599849	FALSE	0.28909372274994966	28.721044428837228	28.23690002309109	29.057750463592832	0.37074144170588635	0.3723953238821935	0.37017423652493897	0.02351283871158888	0.022566176940390956	0.02209918015384651
C.1.2.3.5.1.2.2	C.00001.00002.00003.00005.00001.00002.00002	Part 1237	+	0.09765278878458776	63.3061442989856	-41.65270128287375	-66.70942339114845	0.1177821649008545	0.10623754770298825	0.09981332575065407	-0.002843364233600392	-8.723067838638854e-4	-0.005602734921786284	FALSE	0.28909372274994966	28.721044428837228	28.23690002309109	29.057750463592832	0.37074144170588635	0.3723953238821935	0.37017423652493897	0.02351283871158888	0.022566176940390956	0.02209918015384651
C.1.2.3.5.1.2.3	C.00001.00002.00003.00005.00001.00002.00003	Part 1238	+	0.46308294393727556	23.701453488320112	-90.69789256900549	-58.624538173899055	0.49092931833873765	0.5073879525343943	0.46441618652834865	-0.007232296814225083	0.05245730264999222	-0.016793137364945365	FALSE	0.28909372274994966	28.721044428837228	28.23690002309109	29.057750463592832	0.37074144170588635	0.3723953238821935	0.37017423652493897	0.02351283871158888	0.022566176940390956	0.02209918015384651
C.1.2.3.5.1.2.4	C.00001.00002.00003.00005.00001.00002.00004	Part 1239	-	0.5503887898386456	-81.84429737739265	75.48872185871005	85.14078063890338	0.5804846695536577	0.623510434223508	0.5971426047870412	0.038983880094853436	-0.017644884867001318	-0.028764995279669227	FALSE	0.28909372274994966	28.721044428837228	28.23690002309109	29.057750463592832	0.37074144170588635	0.3723953238821935	0.37017423652493897	0.02351283871158888	0.022566176940390956	0.02209918015384651
C.1.2.3.5.1.2.5	C.00001.00002.00003.00005.00001.00002.00005	Part 1240	-	0.6681789579128381	-9.4069036655128	-87.77754264883697	44.423402566462755	0.8602232134964805	0.9943086804372709	0.7938467565876774	0.014941206709004678	-0.031483272468263074	0.0371749812087482	FALSE	0.28909372274994966	28.721044428837228	28.23690002309109	29.057750463592832	0.37074144170588635	0.3723953238821935	0.37017423652493897	0.02351283871158888	0.022566176940390956	0.02209918015384651
C.1.2.3.5.1.3.1	C.00001.00002.00003.00005.00001.00003.00001	Part 1241	-	0.4524043802027591	-61.25743710435927	-97.67109882086515	-3.21130333468318	0.5669003066787957	0.5355483741996078	0.5607491378991943	0.031807412311889764	0.011423964063863649	0.010511086375891064	FALSE	0.28909372274994966	28.721044428837228	28.23690002309109	29.057750463592832	0.37074144170588635	0.3723953238821935	0.37017423652493897	0.02351283871158888	0.022566176940390956	0.02209918015384651
C.1.2.3.5.1.3.2	C.00001.00002.00003.00005.00001.00003.00002	Part 1242	-	0.42198422060185115	-20.270169293507934	41.306568309664726	64.15808480232954	0.49600471211019675	0.46659338265001865	0.4304747934405064	-0.026736246160264487	-0.021840414064926175	6.159228948878891e-4	FALSE	0.28909372274994966	28.721044428837228	28.23690002309109	29.057750463592832	0.37074144170588635	0.3723953238821935	0.37017423652493897	0.02351283871158888	0.022566176940390956	0.02209918015384651
C.1.2.3.5.1.3.3	C.00001.00002.00003.00005.00001.00003.00003	Part 1243	+	0.317937930498505	6.58334163017571	27.41168146021664	-34.940012730658054	0.35929360465398785	0.322735092206	0.37621190582861225	0.027161517331259592	-0.007271241202886192	0.008641019117807451	FALSE	0.28909372274994966	28.721044428837228	28.23690002309109	29.057750463592832	0.37074144170588635	0.3723953238821935	0.37017423652493897	0.02351283871158888	0.022566176940390956	0.02209918015384651
C.1.2.3.5.1.4.1	C.00001.00002.00003.00005.00001.00004.00001	Part 1244	-	0.4470364071626682	-27.962521743029356	-86.31998859345913	9.86206135712564	0.5680081333668138	0.6240042609967352	0.5478544600513949	0.005604570655368566	0.007457408282342681	0.01745886173598111	FALSE	0.28909372274994966	28.721044428837228	28.23690002309109	29.057750463592832	0.37074144170588635	0.3723953238821935	0.37017423652493897	0.02351283871158888	0.022566176940390956	0.02209918015384651
C.1.2.3.5.1.4.2	C.00001.00002.00003.00005.00001.00004.00002	Part 1245	+	0.5333260146111716	88.41905957087874	-65.50305760465562	-40.15970500186086	0.7734150683740445	0.6847862206467095	0.7274667406800986	-0.01956274793327845	0.07132569432285725	-0.008152531502002923	FALSE	0.28909372274994966	28.721044428837228	28.23690002309109	29.057750463592832	0.37074144170588635	0.3723953238821935	0.37017423652493897	0.02351283871158888	0.022566176940390956	0.02209918015384651
C.1.2.3.5.1.4.3	C.00001.00002.00003.00005.00001.00004.00003	Part 1246	+	0.887260308253346	-10.44005542062223	-48.2870539650321	-43.64437595941126	1.3035226829313638	1.3894795576716723	1.2572713525036767	0.015121147284160176	-0.007767246486558844	0.04812820856883939	FALSE	0.28909372274994966	28.721044428837228	28.23690002309109	29.057750463592832	0.37074144170588635	0.3723953238821935	0.37017423652493897	0.02351283871158888	0.022566176940390956	0.02209918015384651
C.1.2.3.5.1.4.4	C.00001.00002.00003.00005.00001.00004.00004	Part 1247	-	0.2132096054579597	20.354890124872327	37.31562593020499	31.637340923771262	0.2404530294255714	0.24095081871753804	0.2531414246098385	-0.004698048216591972	0.004672059347782935	0.011519409308047391	FALSE	0.28909372274994966	28.721044428837228	28.23690002309109	29.057750463592832	0.37074144170588635	0.3723953238821935	0.37017423652493897	0.02351283871158888	0.022566176940390956	0.02209918015384651
C.1.2.3.5.2.1.1	C.00001.00002.00003.00005.00002.00001.00001	Part 1248	-	0.29437477652193045	14.658892247825861	59.79750747792423	-6.9031111896038055	0.3679380766441123	0.31934331779487013	0.42167607734835183	-0.005047470923799126	-0.01310841618579281	-0.017902217264677375	FALSE	0.28909372274994966	28.721044428837228	28.23690002309109	29.057750463592832	0.37074144170588635	0.3723953238821935	0.37017423652493897	0.02351283871158888	0.022566176940390956	0.02209918015384651
C.1.2.3.5.2.1.2	C.00001.00002.00003.00005.00002.00001.00002	Part 1249	+	0.7738428878854029	-20.669632637873292	-53.4666140563786	36.612317990511656	0.9762497857757203	0.8357901172397927	1.057359780191937	-0.051994891628190154	-0.008879176366365746	0.052016808910468046	FALSE	0.28909372274994966	28.721044428837228	28.23690002309109	29.057750463592832	0.37074144170588635	0.3723953238821935	0.37017423652493897	0.02351283871158888	0.022566176940390956	0.02209918015384651
C.1.2.3.5.2.1.3	C.00001.00002.00003.00005.00002.00001.00003	Part 1250	+	0.6719840699620545	72.21237975172698	21.529939398169518	-48.76855155453086	0.936002883890469	0.8341371909865365	0.897219455667445	-0.003378685298492448	-0.0023557849089775726	0.06268085830089416	FALSE	0.28909372274994966	28.721044428837228	28.23690002309109	29.057750463592832	0.37074144170588635	0.3723953238821935	0.37017423652493897	0.02351283871158888	0.022566176940390956	0.02209918015384651
C.1.2.3.5.2.2.1	C.00001.00002.00003.00005.00002.00002.00001	Part 1251	+	0.8867515277513303	10.376930655911565	83.76390621997416	-79.20667519792914	0.9303535111971629	1.117018648060944	1.0119365011393968	0.06932017897973057	-0.12742892376013726	-0.027492673171577067	FALSE	0.28909372274994966	28.721044428837228	28.23690002309109	29.057750463592832	0.37074144170588635	0.3723953238821935	0.37017423652493897	0.02351283871158888	0.022566176940390956	0.02209918015384651
C.1.2.3.5.2.2.2	C.00001.00002.00003.00005.00002.00002.00002	Part 1252	+	0.942455944892019	-72.35633078962564	-26.404158677905798	7.8602418303489685	1.3336256706147664	1.3748005075173215	1.325117687275256	0.05723250374521085	0.03623217068390695	-0.05147582875410803	FALSE	0.28909372274994966	28.721044428837228	28.23690002309109	29.057750463592832	0.37074144170588635	0.3723953238821935	0.37017423652493897	0.02351283871158888	0.022566176940390956	0.02209918015384651
C.1.2.3.5.2.2.3	C.00001.00002.00003.00005.00002.00002.00003	Part 1253	-	0.6424602351048961	58.17139125429094	80.45100830495358	8.601095294579864	0.8101251969999419	0.7620250017627846	0.7628121625498019	-0.026948795968022937	-0.013666729350058542	-0.03666297346373025	FALSE	0.28909372274994966	28.721044428837228	28.23690002309109	29.057750463592832	0.37074144170588635	0.3723953238821935	0.37017423652493897	0.02351283871158888	0.022566176940390956	0.02209918015384651
C.1.2.3.5.3.1.1	C.00001.00002.00003.00005.00003.00001.00001	Part 1254	+	0.33016640045610257	-35.44810418970883	65.93697317875922	14.03087368234992	0.4841319693156862	0.49410997565877923	0.5139325157423997	-0.01368839964348144	0.019441801700544624	0.02784312114829495	FALSE	0.28909372274994966	28.721044428837228	28.23690002309109	29.057750463592832	0.37074144170588635	0.3723953238821935	0.37017423652493897	0.02351283871158888	0.022566176940390956	0.02209918015384651
C.1.2.3.5.3.1.2	C.00001.00002.00003.00005.00003.00001.00002	Part 1255	-	0.602905201816	-41.07709606178105	-57.330096093937755	-59.63577590882778	0.867166398110262	0.8600417004258021	0.8067052110298519	0.008920014766684324	0.011488415818434811	0.055085227572233525	FALSE	0.28909372274994966	28.721044428837228	28.23690002309109	29.057750463592832	0.37074144170588635	0.3723953238821935	0.37017423652493897	0.02351283871158888	0.022566176940390956	0.02209918015384651
C.1.2.3.5.3.1.3	C.00001.00002.00003.00005.00003.00001.00003	Part 1256	-	0.2283896844435949	-66.60578926093876	-60.728950053453445	36.63800577633083	0.25787027317159444	0.24653307990206466	0.21522451145446275	-0.004176609088616075	-4.126912672390296e-4	0.0021269974645339936	FALSE	0.28909372274994966	28.721044428837228	28.23690002309109	29.057750463592832	0.37074144170588635	0.3723953238821935	0.37017423652493897	0.02351283871158888	0.022566176940390956	0.02209918015384651
C.1.2.3.5.3.1.4	C.00001.00002.00003.00005.00003.00001.00004	Part 1257	+	0.3838924115416594	1.6697112936526537	-97.07937496714294	-1.4842706732451916	0.5868579035477605	0.6083982273421362	0.5775773199641188	0.02605880122359817	0.0030654902422688705	-0.007850604691216578	FALSE	0.28909372274994966	28.721044428837228	28.23690002309109	29.057750463592832	0.37074144170588635	0.3723953238821935	0.37017423652493897	0.02351283871158888	0.022566176940390956	0.02209918015384651
C.1.2.3.5.3.2.1	C.00001.00002.00003.00005.00003.00002.00001	Part 1258	-	0.7904170762877911	-18.88536843471229	53.307269886136055	-65.97607689909637	1.0564934970951025	0.9080027013385203	1.054648457058773	-0.0060826693920741585	0.09063436123285354	0.018272587087929896	FALSE	0.28909372274994966	28.721044428837228	28.23690002309109	29.057750463592832	0.37074144170588635	0.3723953238821935	0.37017423652493897	0.02351283871158888	0.022566176940390956	0.02209918015384651
C.1.2.3.5.3.2.2	C.00001.00002.00003.00005.00003.00002.00002	Part 1259	-	0.3967228453371208	-39.45915508083999	39.57333196885884	-41.61475459113717	0.46098099894650835	0.5215819349007708	0.4648527426251887	0.023408180701812185	-0.006842838268444533	0.04806855519917744	FALSE	0.28909372274994966	28.721044428837228	28.23690002309109	29.057750463592832	0.37074144170588635	0.3723953238821935	0.37017423652493897	0.02351283871158888	0.022566176940390956	0.02209918015384651
C.1.2.3.5.3.3.1	C.00001.00002.00003.00005.00003.00003.00001	Part 1260	+	0.7011275064474903	-66.1839063744992	8.027808088809252	-78.1874118372798	0.8246837649337543	0.8229540591235416	0.8000623016461933	-0.0032319440869591825	0.007726934799492403	-0.014373984120215306	FALSE	0.28909372274994966	28.721044428837228	28.23690002309109	29.057750463592832	0.37074144170588635	0.3723953238821935	0.37017423652493897	0.02351283871158888	0.022566176940390956	0.02209918015384651
C.1.2.3.5.3.3.2	C.00001.00002.00003.00005.00003.00003.00002	Part 1261	-	0.6089722820075695	-56.18304922245443	-60.97481483593583	36.10155996866524	0.7827329456311622	0.8547375049333515	0.8269510657506963	0.0436862200873175	0.011838626742432367	-0.07517959808866224	FALSE	0.28909372274994966	28.721044428837228	28.23690002309109	29.057750463592832	0.37074144170588635	0.3723953238821935	0.37017423652493897	0.02351283871158888	0.022566176940390956	0.02209918015384651
C.1.2.3.5.3.3.3	C.00001.00002.00003.00005.00003.00003.00003	Part 1262	-	0.4344434152622707	85.65983013249934	25.82510020583868	34.25372582860291	0.43072646685810545	0.4666613761837854	0.4943183701840302	-0.03311439435726936	-0.025238821831793795	-0.017855909603244017	FALSE	0.28909372274994966	28.721044428837228	28.23690002309109	29.057750463592832	0.37074144170588635	0.3723953238821935	0.37017423652493897	0.02351283871158888	0.022566176940390956	0.02209918015384651
C.1.2.3.5.3.4.1	C.00001.00002.00003.00005.00003.00004.00001	Part 1263	-	0.12083789502293803	16.167417960241437	34.07032806426287	95.27612244710326	0.16208459719037385	0.1379671616600087	0.1608687897282162	0.007945272000720708	1.940737438532174e-4	-5.141544973517658e-4	FALSE	0.28909372274994966	28.721044428837228	28.23690002309109	29.057750463592832	0.37074144170588635	0.3723953238821935	0.37017423652493897	0.02351283871158888	0.022566176940390956	0.02209918015384651
C.1.2.3.5.3.4.2	C.00001.00002.00003.00005.00003.00004.00002	Part 1264	-	0.19884579942235722	71.2396068032831	36.51759293861687	-83.5364740807563	0.1789578156280865	0.18341294754277443	0.17794810838382322	-0.00300798546050413	-6.300995043304796e-4	0.0033925289272170645	FALSE	0.28909372274994966	28.721044428837228	28.23690002309109	29.057750463592832	0.37074144170588635	0.3723953238821935	0.37017423652493897	0.02351283871158888	0.022566176940390956	0.02209918015384651
C.1.2.3.5.3.5.1	C.00001.00002.00003.00005.00003.00005.00001	Part 1265	-	0.42090389098459857	-6.534124352037907	83.6108683142811	2.581757726147771	0.5046761020634841	0.6031403992323359	0.5702913065379649	-0.005545422399502046	-0.03195887161427102	0.045982303943210553	FALSE	0.28909372274994966	28.721044428837228	28.23690002309109	29.057750463592832	0.37074144170588635	0.3723953238821935	0.37017423652493897	0.02351283871158888	0.022566176940390956	0.02209918015384651
C.1.2.3.5.3.5.2	C.00001.00002.00003.00005.00003.00005.00002	Part 1266	-	0.6296246529894415	-57.72018609568477	-22.049976931884885	-91.82306164875627	0.6231644456469169	0.6628805997296834	0.6527029964441059	0.052228824100441454	-0.046873321509659616	0.028349500091427567	FALSE	0.28909372274994966	28.721044428837228	28.23690002309109	29.057750463592832	0.37074144170588635	0.3723953238821935	0.37017423652493897	0.02351283871158888	0.022566176940390956	0.02209918015384651
C.1.2.3.5.3.5.3	C.00001.00002.00003.00005.00003.00005.00003	Part 1267	+	0.1852113326715771	75.75643570162356	-18.75137803144753	-90.89313428848982	0.2560248456709822	0.26465729564891216	0.25143480489790515	0.01376368747788926	0.007029625680584375	-0.008164116654090416	FALSE	0.28909372274994966	28.721044428837228	28.23690002309109	29.057750463592832	0.37074144170588635	0.3723953238821935	0.37017423652493897	0.02351283871158888	0.022566176940390956	0.02209918015384651
