id,name,pid,POIconv,Ipoint,mass,sigma_mass,Cx,sigma_Cx,Cy,sigma_Cy,Cz,sigma_Cz,Ixx,sigma_Ixx,Iyy,sigma_Iyy,Izz,sigma_Izz,Ixy,sigma_Ixy,Ixz,sigma_Ixz,Iyz,sigma_Iyz
C.1,System 1,NA,-,false,639.0103349237929,10.29027471624782,-0.4652566134301631,1.3761535263664577,-0.8895186926913492,1.3398906654200435,0.1697844839726794,1.3627992165359768,4.0873896343959933e6,130263.28452541346,4.214116008991565e6,134731.9812053999,4.158436613697667e6,133559.45218357517,-89412.81361726798,62003.63855371233,-42184.240893756156,62759.64381263537,-46461.97996986614,61185.295675813286
C.1.1,Segment 1,C.1,-,false,372.62377527500854,7.810882267029767,0.29500406241751576,1.7952120275301782,-0.38006993879987255,1.7394640481744439,-0.20519019605504557,1.7713487656890816,2.3280698267189884e6,97529.57430415497,2.4358394699866404e6,102000.49375378032,2.3948092253805567e6,100872.6324183872,-69096.99304471878,46928.44521912959,-20216.144481108837,47564.4989690206,-1746.0492371616165,45787.68012296459
C.1.1.1,Element 1,C.1.1,-,false,47.75851407979661,2.6964867339573457,12.529872840432589,5.049204230547871,-3.8107196414578595,4.843551973280654,-5.514181394877913,4.750347209297229,300979.324670833,33514.999784521984,310618.16300882155,35589.3648641232,333367.95175749017,36850.00248452121,-16907.42737942391,17518.21076712086,-8415.841141076155,16933.707689874387,22173.215503814303,15964.650593400556
C.1.1.1.1,Subsystem 1,C.1.1.1,-,false,26.993326929193923,2.0029000638085734,16.51724204684185,6.307708131143107,-4.410054065063986,6.415995892457973,-12.523373425045156,6.352089624903942,179074.0432237413,25939.483828548757,171936.91679449636,24864.133002552677,182311.73669636794,25752.504001328733,-6117.042248359788,12501.638248881874,2202.460905348248,12136.189103944484,4478.7717382724995,12315.527038658633
C.1.1.1.1.1,Assembly 1,C.1.1.1.1,-,false,9.437501752843614,1.2265207905297184,26.380995001105052,10.757115819880168,-5.7913636372700426,10.687129576114337,-20.23583989470241,10.582143618772712,53865.61128873449,13753.284148337554,50022.51529151407,13209.458270438421,57628.543575058204,14504.896416618969,-8993.68538739472,7101.262500825364,7006.987410213221,6344.185262278462,8741.831091673452,6437.07416913134
C.1.1.1.1.1.1,Subassembly 1,C.1.1.1.1.1,-,false,1.1105671058557927,0.5007250159521434,-22.59712751387718,21.378071040097886,0.6519388317155196,28.277428347850392,-37.726965003630134,33.42610120259329,3081.9879435164135,3533.6534950467817,2032.9517847252766,2817.6476626806116,1192.9402500866536,1756.98388743211,-263.3066091135466,617.0514604668992,212.1579148435338,727.6503930263974,339.2900450504472,1296.2797686582057
C.1.1.1.1.1.1.1,Part 1,C.1.1.1.1.1.1,+,false,0.1521751119736582,0.28909372274994966,-34.29865841753781,28.721044428837228,-66.12854544073343,28.23690002309109,-73.53497515432537,29.057750463592832,0.18346195470478338,0.37074144170588635,0.15837006341318408,0.3723953238821935,0.18470199509290466,0.37017423652493897,0.0037985231754760324,0.02351283871158888,0.0037582877147340657,0.022566176940390956,-0.014017164148438758,0.02209918015384651
C.1.1.1.1.1.1.2,Part 2,C.1.1.1.1.1.1,+,false,0.18868499795440585,0.28909372274994966,-34.91070759482682,28.721044428837228,-26.443653739988804,28.23690002309109,53.87474172748625,29.057750463592832,0.27656684418566047,0.37074144170588635,0.27637506714868143,0.3723953238821935,0.27051180191523305,0.37017423652493897,0.00778657987414301,0.02351283871158888,-0.0023871384096893107,0.022566176940390956,0.00589012398047391,0.02209918015384651
C.1.1.1.1.1.1.3,Part 3,C.1.1.1.1.1.1,+,false,0.7697069959277287,0.28909372274994966,-17.265138030052185,28.721044428837228,20.49697022885084,28.23690002309109,-53.10265985317528,29.057750463592832,0.904850891478444,0.37074144170588635,0.867503905740675,0.3723953238821935,0.853946253806776,0.37017423652493897,-0.01872761180810094,0.02351283871158888,0.007255691281044883,0.022566176940390956,0.003569366743797703,0.02209918015384651
C.1.1.1.1.1.2,Subassembly 2,C.1.1.1.1.1,-,false,3.533991458012024,0.6464332159373649,45.51221382740256,14.459549506662363,-8.434676996940743,17.006032342691423,-34.03026889557729,15.77020918047544,13226.998955098521,6660.425305738779,6738.93620355943,4454.52402749815,10394.45727085018,5891.823440456941,-333.4752438434008,2695.9111933124373,-385.1697561022531,2126.055643887889,-2351.6703557374262,3123.055642175128
C.1.1.1.1.1.2.1,Part 4,C.1.1.1.1.1.2,+,false,0.1454309616452083,0.28909372274994966,41.68215095996857,28.721044428837228,-91.38107933104038,28.23690002309109,-68.34089234471321,29.057750463592832,0.1717862834362892,0.37074144170588635,0.20386716344036002,0.3723953238821935,0.16809870997644813,0.37017423652493897,0.006733403644455866,0.02351283871158888,-0.009373831223081025,0.022566176940390956,-0.0005888376607972038,0.02209918015384651
C.1.1.1.1.1.2.2,Part 5,C.1.1.1.1.1.2,-,false,0.9522862783651799,0.28909372274994966,79.8512370325625,28.721044428837228,32.26179811172187,28.23690002309109,-25.890729343518615,29.057750463592832,1.2568463851420968,0.37074144170588635,1.1609834388077394,0.3723953238821935,1.2267789861314367,0.37017423652493897,0.005367798972772337,0.02351283871158888,-0.013565949879023667,0.022566176940390956,0.10434382732355574,0.02209918015384651
C.1.1.1.1.1.2.3,Part 6,C.1.1.1.1.1.2,+,false,0.8294994919870514,0.28909372274994966,18.63987920805812,28.721044428837228,12.642979109659791,28.23690002309109,-75.99323713220656,29.057750463592832,0.7835029760668094,0.37074144170588635,0.7752406776518191,0.3723953238821935,0.7801212941347628,0.37017423652493897,-0.0015970713176399714,0.02351283871158888,-0.023550038977687725,0.022566176940390956,0.01137750065967411,0.02209918015384651
C.1.1.1.1.1.2.4,Part 7,C.1.1.1.1.1.2,+,false,0.6792828879216686,0.28909372274994966,27.477146219462156,28.721044428837228,24.369020108133554,28.23690002309109,31.537090241909027,29.057750463592832,0.8372575836394387,0.37074144170588635,0.943580796291087,0.3723953238821935,0.7879040587225734,0.37017423652493897,0.0076169696805578994,0.02351283871158888,-0.010881734663394874,0.022566176940390956,-0.008582621063851836,0.02209918015384651
C.1.1.1.1.1.2.5,Part 8,C.1.1.1.1.1.2,-,false,0.9274918380929157,0.28909372274994966,48.09760567732155,28.721044428837228,-80.08880070410669,28.23690002309109,-47.49870989471674,29.057750463592832,1.182191375767316,0.37074144170588635,1.1778809746036805,0.3723953238821935,1.0313577602875554,0.37017423652493897,0.0023185027804681546,0.02351283871158888,-0.09811931207805208,0.022566176940390956,0.01526965162144308,0.02209918015384651
C.1.1.1.1.1.3,Subassembly 3,C.1.1.1.1.1,-,false,1.5240703212746884,0.5781874454998993,3.747498799896942,33.0817429141197,22.684730717091547,28.09116612996942,-8.65185335717391,22.767000012088,7887.680022351698,4875.995017499665,7947.797193183322,5442.374886913716,14571.551627200179,7870.860954136013,-6345.674791524776,3815.632569922191,-186.58439392363675,2276.1693784272593,788.8542509274569,2024.8949047774067
C.1.1.1.1.1.3.1,Part 9,C.1.1.1.1.1.3,-,false,0.012705426325090228,0.28909372274994966,-61.86356646940112,28.721044428837228,39.72041537053883,28.23690002309109,39.86886125057936,29.057750463592832,0.014102043535239485,0.37074144170588635,0.015186854591097613,0.3723953238821935,0.015178208293440349,0.37017423652493897,-0.0007571641608683109,0.02351283871158888,0.0009218718164940613,0.022566176940390956,0.0009860125308335174,0.02209918015384651
C.1.1.1.1.1.3.2,Part 10,C.1.1.1.1.1.3,+,false,0.8187970951176249,0.28909372274994966,45.64918917603791,28.721044428837228,82.09767998196185,28.23690002309109,-21.63806138560176,29.057750463592832,0.7926596080396694,0.37074144170588635,0.7918937658538793,0.3723953238821935,0.8374083084660802,0.37017423652493897,0.005264876541506831,0.02351283871158888,-0.022091082560101775,0.022566176940390956,-0.03450787670732504,0.02209918015384651
C.1.1.1.1.1.3.3,Part 11,C.1.1.1.1.1.3,-,false,0.48895880657131785,0.28909372274994966,-94.86765237525105,28.721044428837228,-71.30342787131667,28.23690002309109,-8.021717378869653,29.057750463592832,0.6301673669658536,0.37074144170588635,0.5959242710680464,0.3723953238821935,0.5951663723889477,0.37017423652493897,-0.005026221719268833,0.02351283871158888,0.011158228346530134,0.022566176940390956,-0.004689767300963031,0.02209918015384651
C.1.1.1.1.1.3.4,Part 12,C.1.1.1.1.1.3,-,false,0.20360899326065554,0.28909372274994966,76.15776215679944,28.721044428837228,8.406097907572985,28.23690002309109,39.03013924136758,29.057750463592832,0.3128143534696859,0.37074144170588635,0.3152177792644552,0.3723953238821935,0.3127604152723791,0.37017423652493897,0.008740178069113726,0.02351283871158888,-0.0004100437388877678,0.022566176940390956,0.0009315418409794618,0.02209918015384651
C.1.1.1.1.1.4,Subassembly 4,C.1.1.1.1.1,-,false,2.2265367471294013,0.5781874454998993,62.91787128820371,20.54439432625212,-23.6167068733304,21.984473858468657,-16.770678126176293,23.690661234377497,21452.835757143068,8684.972038359549,17437.775021104648,7815.284031766267,16700.980849934997,7718.6110877902165,-4690.943761574751,3687.9090653201174,4558.481211013208,3756.0943095114567,8673.963401245011,4269.18368004821
C.1.1.1.1.1.4.1,Part 13,C.1.1.1.1.1.4,-,false,0.3572169222852681,0.28909372274994966,84.20433290302753,28.721044428837228,-54.49259839951992,28.23690002309109,-81.80367383174598,29.057750463592832,0.47484915144953266,0.37074144170588635,0.5360134926434229,0.3723953238821935,0.42690188421355063,0.37017423652493897,-0.040837676934439904,0.02351283871158888,0.008546856401091856,0.022566176940390956,-0.006819686196795118,0.02209918015384651
C.1.1.1.1.1.4.2,Part 14,C.1.1.1.1.1.4,+,false,0.5571071715857834,0.28909372274994966,99.08350468613207,28.721044428837228,-62.094857916235924,28.23690002309109,51.5940326731652,29.057750463592832,0.7362727185191851,0.37074144170588635,0.768145720247189,0.3723953238821935,0.7087226870067952,0.37017423652493897,-0.0596578707553419,0.02351283871158888,0.014016170605811895,0.022566176940390956,0.023145325843034623,0.02209918015384651
C.1.1.1.1.1.4.3,Part 15,C.1.1.1.1.1.4,-,false,0.5190961779379286,0.28909372274994966,-33.48792656324804,28.721044428837228,-97.70168159157038,28.23690002309109,60.95813768915832,29.057750463592832,0.6284872739303747,0.37074144170588635,0.5800037008023744,0.3723953238821935,0.6021852105108795,0.37017423652493897,-0.047508415561734615,0.02351283871158888,-0.0014863199142704706,0.022566176940390956,-0.004023124277438803,0.02209918015384651
C.1.1.1.1.1.4.4,Part 16,C.1.1.1.1.1.4,+,false,0.7931164753204212,0.28909372274994966,91.02454143576324,28.721044428837228,65.8065673429519,28.23690002309109,-86.37497588060796,29.057750463592832,1.0813363570354253,0.37074144170588635,1.0293142713537367,0.3723953238821935,0.9894751949948105,0.37017423652493897,0.043647868381421054,0.02351283871158888,0.054978072317282925,0.022566176940390956,0.010604305309151851,0.02209918015384651
C.1.1.1.1.1.5,Subassembly 5,C.1.1.1.1.1,-,false,1.0423361205717083,0.40884026350990615,-31.250827218039323,22.903355671978115,-7.254482334903096,29.641953525313756,20.829936783829012,30.586396685662915,3198.4842119738955,3360.4413437767084,1691.1458303613692,2058.178885077754,1579.6355185129705,1928.5527149519867,-233.96801083184585,739.3249417116122,242.28147675859674,765.4841311954159,1597.6762404526467,1678.9598648050537
C.1.1.1.1.1.5.1,Part 17,C.1.1.1.1.1.5,+,false,0.26025292832637203,0.28909372274994966,-41.36475306004286,28.721044428837228,-73.9494463428855,28.23690002309109,89.89339577965438,29.057750463592832,0.3116709562430628,0.37074144170588635,0.3530933369496171,0.3723953238821935,0.2972344682989129,0.37017423652493897,0.0018383202757886082,0.02351283871158888,0.01412175398157994,0.022566176940390956,-0.018449147825117758,0.02209918015384651
C.1.1.1.1.1.5.2,Part 18,C.1.1.1.1.1.5,-,false,0.7820831922453363,0.28909372274994966,-27.885227696970105,28.721044428837228,14.93952446617186,28.23690002309109,-2.1522313822060823,29.057750463592832,0.8518186503340801,0.37074144170588635,0.8871099261236091,0.3723953238821935,0.9621465209277352,0.37017423652493897,0.005493539823235515,0.02351283871158888,0.015048475976331601,0.022566176940390956,-0.029676148897113057,0.02209918015384651
C.1.1.1.1.2,Assembly 2,C.1.1.1.1,-,false,12.074115218328778,1.260130322678996,19.49444948066113,9.129735523017954,-2.6476350086084723,9.308119778903391,-8.343041051529594,10.061598834281977,90835.7697635496,18886.686068798645,91887.83070209181,18486.22756268305,76673.1261486362,17158.237456653314,9505.22599408994,7927.96595325297,-3872.93763754308,9090.960828588048,1166.563536316694,9097.194738660915
C.1.1.1.1.2.1,Subassembly 6,C.1.1.1.1.2,-,false,2.135799898905214,0.5007250159521434,21.27962729349213,25.13052003512201,37.09393925739985,24.98534987196899,-4.542134288912079,23.793643657363077,19639.52424259323,9730.412585635198,22920.812356454742,9660.28312040128,24596.207549018607,10052.138808363978,4135.694627272493,4351.628985128218,-9177.125254541555,4621.599378366162,7986.708360963796,4721.601881399361
C.1.1.1.1.2.1.1,Part 19,C.1.1.1.1.2.1,+,false,0.5135785475107841,0.28909372274994966,70.91835285536945,28.721044428837228,-88.44160186126828,28.23690002309109,89.99599302187562,29.057750463592832,0.5418073046051372,0.37074144170588635,0.5932172548868199,0.3723953238821935,0.5824304131793494,0.37017423652493897,0.0016399993397964328,0.02351283871158888,-0.017114214656449286,0.022566176940390956,-0.0011244915949632785,0.02209918015384651
C.1.1.1.1.2.1.2,Part 20,C.1.1.1.1.2.1,-,false,0.7413986765367444,0.28909372274994966,-89.23627063632011,28.721044428837228,76.23628829605877,28.23690002309109,-80.8549493085593,29.057750463592832,0.7888714458993766,0.37074144170588635,0.8292074355111392,0.3723953238821935,0.7861894780092485,0.37017423652493897,-0.008352315737316422,0.02351283871158888,0.032743987892089356,0.022566176940390956,0.007893626385324908,0.02209918015384651
C.1.1.1.1.2.1.3,Part 21,C.1.1.1.1.2.1,-,false,0.8808226748576854,0.28909372274994966,85.35944437608123,28.721044428837228,77.34298836439848,28.23690002309109,4.569195583462715,29.057750463592832,0.9338089361498445,0.37074144170588635,0.9559248959713871,0.3723953238821935,0.8498839843522831,0.37017423652493897,-0.026741949099851788,0.02351283871158888,-0.015093191609550995,0.022566176940390956,0.016018618533133334,0.02209918015384651
C.1.1.1.1.2.2,Subassembly 7,C.1.1.1.1.2,-,false,2.2437645727037454,0.5007250159521434,41.432171790761416,17.470924911687874,-6.25353734327174,18.169218867192246,-32.76620841234531,20.380403891391257,8701.059566897919,5171.205661973612,7489.402711606606,4909.024254568417,3597.613133516679,3056.596000869344,1025.4435944743445,1502.9040300652318,2710.506954224582,2355.7574786638725,-1887.327090713583,2460.031012980603
C.1.1.1.1.2.2.1,Part 22,C.1.1.1.1.2.2,-,false,0.7712820994718932,0.28909372274994966,12.463552132248878,28.721044428837228,33.60808356665075,28.23690002309109,28.75491394661367,29.057750463592832,0.9896094194201455,0.37074144170588635,0.9995423118036598,0.3723953238821935,0.7714555629277365,0.37017423652493897,-0.042997255698823456,0.02351283871158888,0.01937819990961847,0.022566176940390956,0.04890118300263788,0.02209918015384651
C.1.1.1.1.2.2.2,Part 23,C.1.1.1.1.2.2,-,false,0.6032088426768314,0.28909372274994966,42.426528595387936,28.721044428837228,-50.0353897921741,28.23690002309109,-22.477717651054263,29.057750463592832,0.6082759830375095,0.37074144170588635,0.7294572504843319,0.3723953238821935,0.732360445450684,0.37017423652493897,0.0864758372841277,0.02351283871158888,-0.04663228031792355,0.022566176940390956,0.01064362876184336,0.02209918015384651
C.1.1.1.1.2.2.3,Part 24,C.1.1.1.1.2.2,+,false,0.8692736305550206,0.28909372274994966,66.44520820118487,28.721044428837228,-11.240406800061464,28.23690002309109,-94.49159284122288,29.057750463592832,1.0648305957090487,0.37074144170588635,0.9793059901999447,0.3723953238821935,0.9980270038897266,0.37017423652493897,-0.08187407144464187,0.02351283871158888,-0.03451382343710634,0.022566176940390956,0.0853480077839882,0.02209918015384651
C.1.1.1.1.2.3,Subassembly 8,C.1.1.1.1.2,-,false,3.3671419708817267,0.6464332159373649,23.329743125296073,15.73537346911231,-24.55577832580647,15.804271287079702,-17.18827757457143,18.824189585208888,24136.35257856896,9264.814767232489,22628.991692648073,8964.594530201612,14484.483325897138,7031.085617685055,4770.647597886474,3470.1507347959737,-9014.682511645231,4272.896779995865,4972.147373209659,4317.431166907114
C.1.1.1.1.2.3.1,Part 25,C.1.1.1.1.2.3,-,false,0.43263949803891594,0.28909372274994966,71.7912663705647,28.721044428837228,-8.486271928995848,28.23690002309109,42.408562218770385,29.057750463592832,0.4110113670047712,0.37074144170588635,0.5230117612574051,0.3723953238821935,0.5064963110824754,0.37017423652493897,-0.027218124716260356,0.02351283871158888,-0.0554366259456813,0.022566176940390956,-0.004615459387363461,0.02209918015384651
C.1.1.1.1.2.3.2,Part 26,C.1.1.1.1.2.3,+,false,0.5616151409610175,0.28909372274994966,23.045656364411116,28.721044428837228,-40.90169197879732,28.23690002309109,-78.23526933789253,29.057750463592832,0.6726617743261615,0.37074144170588635,0.6535860322980943,0.3723953238821935,0.6483018815249533,0.37017423652493897,0.0047905078751247256,0.02351283871158888,-0.02586964620047131,0.022566176940390956,-0.01652036659346097,0.02209918015384651
C.1.1.1.1.2.3.3,Part 27,C.1.1.1.1.2.3,-,false,0.8929159117490053,0.28909372274994966,15.40752169676125,28.721044428837228,-68.8828909303993,28.23690002309109,-37.21725856885314,29.057750463592832,1.3836969050186676,0.37074144170588635,1.1247671667969468,0.3723953238821935,1.184343945119268,0.37017423652493897,-0.04590787104991288,0.02351283871158888,-0.03864313172501027,0.022566176940390956,0.021437510926272454,0.02209918015384651
C.1.1.1.1.2.3.4,Part 28,C.1.1.1.1.2.3,-,false,0.7840164996779058,0.28909372274994966,70.36396483890712,28.721044428837228,-49.943631794303656,28.23690002309109,84.3402674421668,29.057750463592832,0.7498778096224765,0.37074144170588635,0.7420379089018556,0.3723953238821935,0.7675189025218033,0.37017423652493897,-0.0018618220508169769,0.02351283871158888,-1.6751341913394552e-5,0.022566176940390956,0.002102450383311292,0.02209918015384651
C.1.1.1.1.2.3.5,Part 29,C.1.1.1.1.2.3,+,false,0.695954920454882,0.28909372274994966,-49.38840065151453,28.721044428837228,64.11762246862054,28.23690002309109,-93.65140623413026,29.057750463592832,0.7776619133776641,0.37074144170588635,0.7350937571569712,0.3723953238821935,0.7850556748371398,0.37017423652493897,0.005618900920627741,0.02351283871158888,0.047816837860602326,0.022566176940390956,-0.0004039556146849208,0.02209918015384651
C.1.1.1.1.2.4,Subassembly 9,C.1.1.1.1.2,-,false,2.081349927955307,0.5781874454998993,-9.705366002072122,24.95871509421204,33.97153914377077,23.00148471358607,69.91370010038368,18.065193704136114,6560.411709523754,4770.970212775469,13179.636097228386,6830.945731486618,16977.926439587172,8203.922203227821,-3742.0701956438425,3565.982572226357,3910.439676422053,3051.0590001933037,692.6137144345391,1701.8674291914622
C.1.1.1.1.2.4.1,Part 30,C.1.1.1.1.2.4,-,false,0.9436988299102522,0.28909372274994966,-66.92492282018065,28.721044428837228,49.732256261631846,28.23690002309109,93.86770399287343,29.057750463592832,1.2886768949444425,0.37074144170588635,1.2217401945586743,0.3723953238821935,1.1206466271500322,0.37017423652493897,0.06072433196133281,0.02351283871158888,-0.08619452278113188,0.022566176940390956,-0.04547609834927677,0.02209918015384651
C.1.1.1.1.2.4.2,Part 31,C.1.1.1.1.2.4,+,false,0.673545587467961,0.28909372274994966,97.01616941019893,28.721044428837228,69.5228427182883,28.23690002309109,35.328703513368964,29.057750463592832,0.8473901395472749,0.37074144170588635,0.8234551849261366,0.3723953238821935,0.7668203241750924,0.37017423652493897,0.041488819265171846,0.02351283871158888,0.050520560228710466,0.022566176940390956,-0.021624172208190406,0.02209918015384651
C.1.1.1.1.2.4.3,Part 32,C.1.1.1.1.2.4,+,false,0.11553020319505594,0.28909372274994966,-0.730050215497613,28.721044428837228,24.466659035533667,28.23690002309109,57.09592984057963,29.057750463592832,0.13509820083969448,0.37074144170588635,0.1452609027797815,0.3723953238821935,0.1495497763298617,0.37017423652493897,-0.0026632551093619668,0.02351283871158888,0.0023267850009609675,0.022566176940390956,-0.0008189717595237061,0.02209918015384651
C.1.1.1.1.2.4.4,Part 33,C.1.1.1.1.2.4,+,false,0.34857530738203785,0.28909372274994966,-63.98548884317279,28.721044428837228,-74.24236019141972,28.23690002309109,76.13917263224721,29.057750463592832,0.4715985839694769,0.37074144170588635,0.41674429063310514,0.3723953238821935,0.43622683259144296,0.37017423652493897,0.019312334336277263,0.02351283871158888,0.0041147134064364824,0.022566176940390956,-0.007185592006803824,0.02209918015384651
C.1.1.1.1.2.5,Subassembly 10,C.1.1.1.1.2,-,false,2.246058847882785,0.5781874454998993,17.190497795478468,18.96068847516762,-37.926648770705,17.433613275493915,-46.816936828050814,19.53754119716155,3489.5646225625783,2973.750872571652,5042.448160571208,3893.394337173969,3489.1382742123437,2917.411214385568,963.6521155999734,1379.355827270808,1839.0437649630926,1916.0568842643063,-411.7191156395129,1267.2871679701261
C.1.1.1.1.2.5.1,Part 34,C.1.1.1.1.2.5,+,false,0.8280004888649565,0.28909372274994966,51.439374685287476,28.721044428837228,-62.66789431683719,28.23690002309109,-57.598067820072174,29.057750463592832,0.9017238691922955,0.37074144170588635,0.9002202716176154,0.3723953238821935,0.9105615537368861,0.37017423652493897,-0.021639086044565475,0.02351283871158888,-0.018413166917529266,0.022566176940390956,-0.004759512616736874,0.02209918015384651
C.1.1.1.1.2.5.2,Part 35,C.1.1.1.1.2.5,-,false,0.15809483261196874,0.28909372274994966,48.91085121780634,28.721044428837228,4.567188955843449,28.23690002309109,-73.94922659732401,29.057750463592832,0.16368212381628913,0.37074144170588635,0.18943937654425835,0.3723953238821935,0.18782810692943028,0.37017423652493897,0.014759018051930757,0.02351283871158888,0.001260635244357189,0.022566176940390956,0.005826912991183145,0.02209918015384651
C.1.1.1.1.2.5.3,Part 36,C.1.1.1.1.2.5,-,false,0.3790072734153364,0.28909372274994966,-39.83527738600969,28.721044428837228,-20.327910967171192,28.23690002309109,26.927303662523627,29.057750463592832,0.3206503236592797,0.37074144170588635,0.33904506000963136,0.3723953238821935,0.3391154753793135,0.37017423652493897,-0.0026212176125589106,0.02351283871158888,0.000986966653668253,0.022566176940390956,0.0017618757083064402,0.02209918015384651
C.1.1.1.1.2.5.4,Part 37,C.1.1.1.1.2.5,+,false,0.8809562529905234,0.28909372274994966,3.8416769355535507,28.721044428837228,-29.869883647188544,28.23690002309109,-63.54120313189924,29.057750463592832,1.1398817251819047,0.37074144170588635,1.0770260638110756,0.3723953238821935,1.0212118495769824,0.37017423652493897,0.007045131470129704,0.02351283871158888,-0.052201494660640384,0.022566176940390956,-0.026616296064105982,0.02209918015384651
C.1.1.1.1.3,Assembly 3,C.1.1.1.1,-,false,5.481709958021529,0.958815407608614,-7.022188599511872,13.968175999182623,-5.91388029900124,15.458786146279389,-8.453000992306242,12.284998683790802,33441.57404363527,11089.889564777519,25100.717477404316,8973.04762370394,43879.48694064652,11847.310900841298,-6499.765683798658,6152.848057545536,-2024.4910011056102,4454.077887965285,-5273.680578758149,5143.648090010029
C.1.1.1.1.3.1,Subassembly 11,C.1.1.1.1.3,-,false,2.620770469765179,0.6464332159373649,39.00328578592588,17.652814103954004,0.25914359369986056,21.403972118825433,-8.71951435759094,15.225395460209635,9806.29331707361,5667.723404177646,4814.954732857496,3690.983538231467,13877.665474761725,6893.135207196053,-3773.1465910299944,3287.0892542906736,445.61635159855956,1771.697612831813,762.6609907730144,2543.8294341441483
C.1.1.1.1.3.1.1,Part 38,C.1.1.1.1.3.1,+,false,0.14622153044352307,0.28909372274994966,99.21634825877845,28.721044428837228,93.6696857213974,28.23690002309109,-56.561761954799294,29.057750463592832,0.19643423394214446,0.37074144170588635,0.21343720542294503,0.3723953238821935,0.2165462492762795,0.37017423652493897,0.0034981924195316228,0.02351283871158888,0.0007380366460453652,0.022566176940390956,-0.0025580736595108944,0.02209918015384651
C.1.1.1.1.3.1.2,Part 39,C.1.1.1.1.3.1,+,false,0.816904512305744,0.28909372274994966,6.2335321214050055,28.721044428837228,-64.85962145961821,28.23690002309109,-7.743510697036982,29.057750463592832,1.038350924273957,0.37074144170588635,1.0347491496685401,0.3723953238821935,0.9761404323672223,0.37017423652493897,-0.04433959896401238,0.02351283871158888,0.05027237609822839,0.022566176940390956,-0.0009845609253663632,0.02209918015384651
C.1.1.1.1.3.1.3,Part 40,C.1.1.1.1.3.1,-,false,0.40549652369623074,0.28909372274994966,22.764458088204265,28.721044428837228,-58.645621640607715,28.23690002309109,-0.36920011043548584,29.057750463592832,0.4741372858970175,0.37074144170588635,0.47921536567576256,0.3723953238821935,0.4957670874285284,0.37017423652493897,-0.02011384283695799,0.02351283871158888,-0.023900615622589542,0.022566176940390956,0.022832951488102535,0.02209918015384651
C.1.1.1.1.3.1.4,Part 41,C.1.1.1.1.3.1,+,false,0.7099413991076872,0.28909372274994966,97.23394718021154,28.721044428837228,44.218095391988754,28.23690002309109,-6.449255114421248,29.057750463592832,1.0227921520512584,0.37074144170588635,0.9486777174797226,0.3723953238821935,0.9175400538101954,0.37017423652493897,0.00217001469178261,0.02351283871158888,-0.02200696957430804,0.022566176940390956,0.035404389834662875,0.02209918015384651
C.1.1.1.1.3.1.5,Part 42,C.1.1.1.1.3.1,-,false,0.5422065042119939,0.28909372274994966,8.036752883344889,28.721044428837228,59.67299812473357,28.23690002309109,-6.505430908873677,29.057750463592832,0.7466881832263661,0.37074144170588635,0.702733627768533,0.3723953238821935,0.7751268247199941,0.37017423652493897,0.05699878736535637,0.02351283871158888,0.010630338942310573,0.022566176940390956,0.014773749222682722,0.02209918015384651
C.1.1.1.1.3.2,Subassembly 12,C.1.1.1.1.3,-,false,1.6352078220662662,0.5781874454998993,-70.96924726673208,17.51773732236931,8.710084701002675,31.195753075455524,-16.693989689585724,29.06997432742471,17434.396473962104,8477.299524559226,7533.69382535386,5121.488643643707,11645.381513790315,5894.885914497751,-2851.860852352643,2484.5161298099133,-1835.9547501975635,1930.8889822464118,-7005.051167873903,4029.448944197678
C.1.1.1.1.3.2.1,Part 43,C.1.1.1.1.3.2,+,false,0.26679534564120694,0.28909372274994966,-42.3387766815722,28.721044428837228,78.68632734753191,28.23690002309109,88.77342287451029,29.057750463592832,0.3653197529961761,0.37074144170588635,0.3586917892626038,0.3723953238821935,0.36761850142652697,0.37017423652493897,0.00039382814022135513,0.02351283871158888,0.0012502970559738385,0.022566176940390956,0.004304778296552754,0.02209918015384651
C.1.1.1.1.3.2.2,Part 44,C.1.1.1.1.3.2,+,false,0.6980398972455878,0.28909372274994966,-95.86311224848032,28.721044428837228,-85.33331966027617,28.23690002309109,-77.88576940074563,29.057750463592832,1.080027327993266,0.37074144170588635,1.0201478091470655,0.3723953238821935,0.9847903172482783,0.37017423652493897,-0.0490600347873377,0.02351283871158888,-0.004266232778660036,0.022566176940390956,-0.002338528783125025,0.02209918015384651
C.1.1.1.1.3.2.3,Part 45,C.1.1.1.1.3.2,+,false,0.2595371792665683,0.28909372274994966,-70.06597449071705,28.721044428837228,78.65505330264568,28.23690002309109,47.46227124705911,29.057750463592832,0.3640537628749178,0.37074144170588635,0.32188428910221606,0.3723953238821935,0.3221347434432082,0.37017423652493897,0.012409809486083848,0.02351283871158888,-0.010835166549848991,0.022566176940390956,-0.02253309996441543,0.02209918015384651
C.1.1.1.1.3.2.4,Part 46,C.1.1.1.1.3.2,-,false,0.4108353999129031,0.28909372274994966,-47.83589071594179,28.721044428837228,78.8680911064148,28.23690002309109,-21.74429977312684,29.057750463592832,0.5047676335272006,0.37074144170588635,0.4809239587456611,0.3723953238821935,0.4511124983651898,0.37017423652493897,-0.022156578472749162,0.02351283871158888,0.008016888608753586,0.022566176940390956,0.01539359014453958,0.02209918015384651
C.1.1.1.1.3.3,Subassembly 13,C.1.1.1.1.3,-,false,1.2257316661900841,0.40884026350990615,-20.120874093560413,20.331788941232666,-38.6219368750303,27.857223249478377,3.1108672896843412,20.609552923713427,4164.853874141567,3174.6109867294067,28.18624189981862,234.31122079649708,4146.823016318118,3166.0892167090306,-134.19136108376608,1447.3854709747302,9.769830495603525,116.20141514133152,303.7188118965407,1470.1481484820754
C.1.1.1.1.3.3.1,Part 47,C.1.1.1.1.3.3,-,false,0.634985460388707,0.28909372274994966,-18.305410584434867,28.721044428837228,17.44096572510898,28.23690002309109,-1.0011337231844664,29.057750463592832,0.8913730410721291,0.37074144170588635,0.8316278723741327,0.3723953238821935,0.7318105744566464,0.37017423652493897,-0.0914367115521594,0.02351283871158888,-0.006115827586336267,0.022566176940390956,-0.04307338553088562,0.02209918015384651
C.1.1.1.1.3.3.2,Part 48,C.1.1.1.1.3.3,+,false,0.590746205801377,0.28909372274994966,-22.072292352095246,28.721044428837228,-98.88322618789971,28.23690002309109,7.5308040250092745,29.057750463592832,0.6452928842272114,0.37074144170588635,0.7347706669129337,0.3723953238821935,0.7089715318353176,0.37017423652493897,0.0022180955597196797,0.02351283871158888,0.05961121056537379,0.022566176940390956,-0.03234114015540693,0.02209918015384651
C.1.1.1.2,Subsystem 2,C.1.1.1,-,false,20.765187150602692,1.8053897199229771,7.346564845402945,8.202037857204802,-3.031625770596665,7.38420822337847,3.5972901564061033,7.078039939131441,118832.92888107891,20912.06595230567,134644.13226739175,25107.952978768983,150046.85317150003,26261.50126139635,-10938.748622282397,12225.387215450302,-12353.407121747648,11600.546877308472,17955.244345167932,9987.415481546399
C.1.1.1.2.1,Assembly 4,C.1.1.1.2,-,false,8.21065077304677,1.1196551737036593,8.908060023453897,12.202246240457594,3.5667544456179403,11.82309852026525,1.4896982694315462,11.382521826194512,58487.88862493308,14329.335920819969,64310.45948257967,15495.601153310698,66352.93452240502,15421.109150406788,334.4598144058632,7389.354153864084,-13574.197976660973,7626.862649566574,12455.283654704968,6864.6924671195875
C.1.1.1.2.1.1,Subassembly 14,C.1.1.1.2.1,-,false,1.5526917460332625,0.5007250159521434,-74.04471682958226,18.264418644810835,37.73174032524145,22.032005136709948,-77.56026723540329,18.058263348417785,3004.579230462329,2584.2658806097857,497.05853460987896,1018.8715233393635,3259.0170941521087,2709.717809239691,-937.2832562144358,1312.672271783018,-212.24421927994544,510.30382401090117,-526.0272862918122,1250.4680396231365
C.1.1.1.2.1.1.1,Part 49,C.1.1.1.2.1.1,+,false,0.5218669216977433,0.28909372274994966,-94.74931973963976,28.721044428837228,-5.726963002234697,28.23690002309109,-89.35355059802532,29.057750463592832,0.7684898093613619,0.37074144170588635,0.7282929874850371,0.3723953238821935,0.7585793360053665,0.37017423652493897,0.006459898419936109,0.02351283871158888,0.00018921784647928908,0.022566176940390956,-0.009041759965398723,0.02209918015384651
C.1.1.1.2.1.1.2,Part 50,C.1.1.1.2.1.1,+,false,0.7470984810600058,0.28909372274994966,-59.83006777241826,28.721044428837228,82.42514738813043,28.23690002309109,-69.5905792992562,29.057750463592832,0.9216839362577209,0.37074144170588635,0.9411256344934409,0.3723953238821935,0.7732515990727997,0.37017423652493897,0.06294775827641705,0.02351283871158888,0.0447360618638525,0.022566176940390956,0.01937433844389028,0.02209918015384651
C.1.1.1.2.1.1.3,Part 51,C.1.1.1.2.1.1,+,false,0.2837263432755135,0.28909372274994966,-73.3916062861681,28.721044428837228,-0.018426543101668358,28.23690002309109,-76.85401369817555,29.057750463592832,0.42319231989813316,0.37074144170588635,0.42173626068599446,0.3723953238821935,0.40446692907991805,0.37017423652493897,0.003297595921162696,0.02351283871158888,0.0054009229062743766,0.022566176940390956,0.002900604633331045,0.02209918015384651
C.1.1.1.2.1.2,Subassembly 15,C.1.1.1.2.1,-,false,2.8471113407665394,0.5781874454998993,47.70702160662566,18.242004233870425,40.19501006641823,19.566577382884173,11.36637242542981,19.177747002405678,15887.471217722283,7975.580917724341,17375.915773245943,7753.9859922571895,14667.730679673085,7417.112134598098,-587.1153289608428,3202.9387853201833,3277.425114554817,3715.4838616573857,2377.63704813731,3635.8322752339946
C.1.1.1.2.1.2.1,Part 52,C.1.1.1.2.1.2,-,false,0.3497393322051503,0.28909372274994966,90.42232581414282,28.721044428837228,-73.29918104223907,28.23690002309109,70.73393822647631,29.057750463592832,0.48129434662801535,0.37074144170588635,0.42940927822364294,0.3723953238821935,0.44369393395620965,0.37017423652493897,-0.059034113629182816,0.02351283871158888,0.0015432537273156236,0.022566176940390956,0.003548681987400733,0.02209918015384651
C.1.1.1.2.1.2.2,Part 53,C.1.1.1.2.1.2,+,false,0.8794165587418247,0.28909372274994966,-29.14036763831973,28.721044428837228,26.189054362475872,28.23690002309109,27.455057902261615,29.057750463592832,1.2116122134738396,0.37074144170588635,1.2426066559451039,0.3723953238821935,1.2076981166633518,0.37017423652493897,-0.02881338669679237,0.02351283871158888,0.02638315617137038,0.022566176940390956,0.038840310391896185,0.02209918015384651
C.1.1.1.2.1.2.3,Part 54,C.1.1.1.2.1.2,-,false,0.669483742558863,0.28909372274994966,58.65882928483188,28.721044428837228,86.78798843175173,28.23690002309109,68.53770180605352,29.057750463592832,0.8660795315379488,0.37074144170588635,0.789060856532035,0.3723953238821935,0.8011005056184142,0.37017423652493897,-0.0047560944535491225,0.02351283871158888,0.04915970114870735,0.022566176940390956,-0.02358444629675939,0.02209918015384651
C.1.1.1.2.1.2.4,Part 55,C.1.1.1.2.1.2,+,false,0.9484717072607018,0.28909372274994966,95.47817502170801,28.721044428837228,62.14317181147635,28.23690002309109,-65.79681993462145,29.057750463592832,1.2546791853375412,0.37074144170588635,1.226248233993727,0.3723953238821935,1.1748731285389662,0.37017423652493897,-0.023894569743970417,0.02351283871158888,0.030223377798457254,0.022566176940390956,-0.06763778130919393,0.02209918015384651
C.1.1.1.2.1.3,Subassembly 16,C.1.1.1.2.1,-,false,2.6924735811015124,0.6464332159373649,30.09364963072606,20.62515721872572,-30.705677780263795,19.03809550247939,34.89543500907022,18.18465897832986,13032.584740850727,6483.08080174694,13519.890910141468,7075.045741806723,16208.70573536101,7654.25530665745,1695.5886675148336,3580.241805701887,-4674.933956298586,3420.0841569147233,4140.90242643402,3097.046504987942
C.1.1.1.2.1.3.1,Part 56,C.1.1.1.2.1.3,-,false,0.4260679590126965,0.28909372274994966,19.299472263082862,28.721044428837228,-37.00572685338557,28.23690002309109,11.499222228303552,29.057750463592832,0.5624370538017689,0.37074144170588635,0.5036909703258995,0.3723953238821935,0.5368108141322708,0.37017423652493897,-0.013077850299350869,0.02351283871158888,-0.004149335543551784,0.022566176940390956,0.03063573249296033,0.02209918015384651
C.1.1.1.2.1.3.2,Part 57,C.1.1.1.2.1.3,-,false,0.7554786639297381,0.28909372274994966,5.929126497358084,28.721044428837228,52.547507267445326,28.23690002309109,-4.727424122393131,29.057750463592832,1.0251652487671645,0.37074144170588635,0.9811623597373842,0.3723953238821935,1.002838146866474,0.37017423652493897,-0.07430656772976525,0.02351283871158888,0.08615317106975548,0.022566176940390956,-0.06522962006746337,0.02209918015384651
C.1.1.1.2.1.3.3,Part 58,C.1.1.1.2.1.3,-,false,0.2523808718936052,0.28909372274994966,-51.382982172071934,28.721044428837228,-96.5985853690654,28.23690002309109,71.31787086836994,29.057750463592832,0.3371728688082054,0.37074144170588635,0.28081668905200063,0.3723953238821935,0.2850610195326052,0.37017423652493897,0.02310969099420511,0.02351283871158888,-0.006070164475370973,0.022566176940390956,-0.00019415714886170636,0.02209918015384651
C.1.1.1.2.1.3.4,Part 59,C.1.1.1.2.1.3,-,false,0.9880897538557183,0.28909372274994966,96.5033090673387,28.721044428837228,-65.71766454726458,28.23690002309109,83.37932345457375,29.057750463592832,1.2902819703811412,0.37074144170588635,1.311263679631395,0.3723953238821935,1.3765730656949615,0.37017423652493897,-0.020929296776081862,0.02351283871158888,-0.004299549732964904,0.022566176940390956,0.0003507446615881047,0.02209918015384651
C.1.1.1.2.1.3.5,Part 60,C.1.1.1.2.1.3,-,false,0.2704563324097544,0.28909372274994966,-51.99252562597394,28.721044428837228,-63.93344886600971,28.23690002309109,-28.686578618362546,29.057750463592832,0.3486090266200291,0.37074144170588635,0.359321042096914,0.3723953238821935,0.35927295925538605,0.37017423652493897,0.000910367688005906,0.02351283871158888,-0.0018871768727899488,0.022566176940390956,8.024887626780901e-5,0.02209918015384651
C.1.1.1.2.1.4,Subassembly 17,C.1.1.1.2.1,-,false,1.1183741051454563,0.5007250159521434,-25.701568134710733,24.253507856624356,-54.6023277260145,18.79965213879746,5.67092377773785,19.985602219769284,979.8134952287387,1199.8853288491546,2394.7216321701962,2104.122638409167,2120.253848694896,1914.3983399880071,105.5218520785518,879.9117194697393,1051.9017236095635,1023.2028046469718,-55.27109867576762,578.9158884051922
C.1.1.1.2.1.4.1,Part 61,C.1.1.1.2.1.4,+,false,0.271978923043469,0.28909372274994966,-60.715602710843086,28.721044428837228,-25.645897444337606,28.23690002309109,25.933133577927947,29.057750463592832,0.34442468234819473,0.37074144170588635,0.34263607584570394,0.3723953238821935,0.35338258294955327,0.37017423652493897,0.0006889441683797253,0.02351283871158888,0.008059866703174554,0.022566176940390956,-0.00022100830910817712,0.02209918015384651
C.1.1.1.2.1.4.2,Part 62,C.1.1.1.2.1.4,+,false,0.3950687476214953,0.28909372274994966,-56.759323040023446,28.721044428837228,-72.16552658937871,28.23690002309109,24.581784661859274,29.057750463592832,0.5900102928380874,0.37074144170588635,0.5960194067137053,0.3723953238821935,0.6086748960895008,0.37017423652493897,-0.002011022898645948,0.02351283871158888,-0.012879150202092043,0.022566176940390956,-0.01806574977154448,0.02209918015384651
C.1.1.1.2.1.4.3,Part 63,C.1.1.1.2.1.4,-,false,0.45132643448049203,0.28909372274994966,22.585051227360964,28.721044428837228,-56.67813732288778,28.23690002309109,-23.093143943697214,29.057750463592832,0.6592479832442258,0.37074144170588635,0.5905540003939,0.3723953238821935,0.604170243779568,0.37017423652493897,0.02751133215598491,0.02351283871158888,0.046859209745853336,0.022566176940390956,0.018318092065488015,0.02209918015384651
C.1.1.1.2.2,Assembly 5,C.1.1.1.2,-,false,3.4763262885541186,0.7648700959862226,-32.341721733882515,16.266063009752006,-1.9999412590368226,19.406419905056246,18.004996448672703,17.326579410092467,22132.93171131268,8828.700376081164,10358.683744173937,7075.367114585388,16279.860644248276,8002.224904277505,-951.930949869887,3438.9897326489872,33.71696378453504,3339.1674164534347,5751.233857458236,4331.1888233602
C.1.1.1.2.2.1,Subassembly 18,C.1.1.1.2.2,-,false,2.985719107903307,0.6464332159373649,-31.084849544878402,18.134388240250463,-15.535978476584054,18.91635372902149,19.656136124276816,18.65745434947184,17467.803890834628,7825.17483366294,9357.522824038075,6827.3721967713545,12080.376637543657,7018.116155529494,-1198.312495535922,3064.795484020402,475.27013938978985,3232.8750756886825,5471.256026452589,3793.3127223728998
C.1.1.1.2.2.1.1,Part 64,C.1.1.1.2.2.1,-,false,0.9828562500306871,0.28909372274994966,-33.119674399495125,28.721044428837228,59.440611535683274,28.23690002309109,-31.26640967093408,29.057750463592832,0.9128730607994954,0.37074144170588635,1.0531611829184802,0.3723953238821935,0.9831509706365098,0.37017423652493897,0.03615669069591548,0.02351283871158888,-0.00039552185897018824,0.022566176940390956,-0.005404154703424167,0.02209918015384651
C.1.1.1.2.2.1.2,Part 65,C.1.1.1.2.2.1,-,false,0.12627824692009018,0.28909372274994966,76.15239098668098,28.721044428837228,30.404927721247077,28.23690002309109,-55.07273371331394,29.057750463592832,0.17865814493628002,0.37074144170588635,0.18449415187102183,0.3723953238821935,0.17750760496726264,0.37017423652493897,0.0001241612111880214,0.02351283871158888,-0.0037461530554957737,0.022566176940390956,0.00039726211620278037,0.02209918015384651
C.1.1.1.2.2.1.3,Part 66,C.1.1.1.2.2.1,-,false,0.7898205938499887,0.28909372274994966,-38.762542232871056,28.721044428837228,-34.38987135887146,28.23690002309109,73.17715771496296,29.057750463592832,0.9091259717832947,0.37074144170588635,0.9063963777014893,0.3723953238821935,1.009195772290123,0.37017423652493897,-0.017849097830616653,0.02351283871158888,0.004864170464651306,0.022566176940390956,-0.03145188336427279,0.02209918015384651
C.1.1.1.2.2.1.4,Part 67,C.1.1.1.2.2.1,+,false,0.36688056779210454,0.28909372274994966,-64.71347692422569,28.721044428837228,-93.05689525790513,28.23690002309109,-17.94682159088552,29.057750463592832,0.47382907252434264,0.37074144170588635,0.455105099554942,0.3723953238821935,0.5438434321860209,0.37017423652493897,-0.03237732142462442,0.02351283871158888,0.012749409023009622,0.022566176940390956,0.011452654694815215,0.02209918015384651
C.1.1.1.2.2.1.5,Part 68,C.1.1.1.2.2.1,+,false,0.7198834493104368,0.28909372274994966,-21.555669093504548,28.721044428837228,-65.7669379375875,28.23690002309109,62.732501514256,29.057750463592832,0.9597635211222975,0.37074144170588635,1.011073047390852,0.3723953238821935,1.0585198933053375,0.37017423652493897,0.012916934232068049,0.02351283871158888,-0.04768159311665033,0.022566176940390956,-0.04316320045199108,0.02209918015384651
C.1.1.1.2.2.2,Subassembly 19,C.1.1.1.2.2,-,false,0.49060718065081166,0.40884026350990615,-39.990748203335635,32.576530957761534,80.37717542341592,25.009496978879476,7.9565514325829865,45.88778035450143,731.1393397981255,1451.6473476884273,910.0629732018259,1768.2492080044963,289.7517234191343,658.9522448077521,-113.54861165999105,287.8194510217785,-397.64852658160794,793.2397520855385,-192.85860248909557,472.6807849421308
C.1.1.1.2.2.2.1,Part 69,C.1.1.1.2.2.2,+,false,0.1236639610095881,0.28909372274994966,-2.366035059094429,28.721044428837228,98.62749241292477,28.23690002309109,71.87450714409351,29.057750463592832,0.15674375452644598,0.37074144170588635,0.13430617816724458,0.3723953238821935,0.17271513635151836,0.37017423652493897,0.005734368938563279,0.02351283871158888,-0.0003335246358656305,0.022566176940390956,-0.00021345377969578402,0.02209918015384651
C.1.1.1.2.2.2.2,Part 70,C.1.1.1.2.2.2,+,false,0.36694321964122356,0.28909372274994966,-52.6706965174526,28.721044428837228,74.22661487944424,28.23690002309109,-13.584513124078512,29.057750463592832,0.41429691516717526,0.37074144170588635,0.3722785154372464,0.3723953238821935,0.449921237142715,0.37017423652493897,0.009960438694383851,0.02351283871158888,0.02333089822050821,0.022566176940390956,-0.014201410038346945,0.02209918015384651
C.1.1.1.2.3,Assembly 6,C.1.1.1.2,-,false,9.078210089001804,1.1919639546010696,21.13216147354041,13.299946126511072,-9.394495438278035,10.69335400396562,-0.013684569243000455,10.504703782383464,36606.92055369168,12131.678943674167,51877.48546963403,17416.920147098397,59464.298545653706,18755.695183552423,-11175.325161844336,8544.31520947407,-1279.6786216435105,7529.682074582618,-105.20090677451788,5657.05863367521
C.1.1.1.2.3.1,Subassembly 20,C.1.1.1.2.3,-,false,1.8514878613401669,0.5781874454998993,72.05424026448807,31.159689696155628,28.26223767171621,27.10377436795543,23.59519717958013,27.967025267744503,8504.390835046788,6719.422067733626,2306.3915835198895,7847.50104916943,7589.675204297273,7858.350145023858,-1846.2738272614974,3513.4871070389377,681.778685282549,3648.538152068693,3178.053231592501,3030.365204195869
C.1.1.1.2.3.1.1,Part 71,C.1.1.1.2.3.1,-,false,0.007822998428484426,0.28909372274994966,-40.83584323525429,28.721044428837228,-44.801608100533485,28.23690002309109,-29.819833021610975,29.057750463592832,0.011551502738626424,0.37074144170588635,0.009992170720280432,0.3723953238821935,0.01109635881646229,0.37017423652493897,-0.0005143711310470591,0.02351283871158888,0.00012237390421771047,0.022566176940390956,0.00011134597662428806,0.02209918015384651
C.1.1.1.2.3.1.2,Part 72,C.1.1.1.2.3.1,+,false,0.011006234406260775,0.28909372274994966,-27.485495479777455,28.721044428837228,62.73811003193259,28.23690002309109,-79.21771402470767,29.057750463592832,0.0095934949163012,0.37074144170588635,0.009551116869749752,0.3723953238821935,0.009548968077839387,0.37017423652493897,-7.056898905150784e-5,0.02351283871158888,3.202951665268411e-6,0.022566176940390956,3.877224547558983e-6,0.02209918015384651
C.1.1.1.2.3.1.3,Part 73,C.1.1.1.2.3.1,+,false,0.9737113904533907,0.28909372274994966,88.39750867336988,28.721044428837228,85.73678876273334,28.23690002309109,-2.154058776795864,29.057750463592832,1.3340938923761394,0.37074144170588635,1.1372455338629872,0.3723953238821935,1.1498063946713875,0.37017423652493897,0.039170954392874296,0.02351283871158888,0.09851781162341479,0.022566176940390956,-0.01302421448174621,0.02209918015384651
C.1.1.1.2.3.1.4,Part 74,C.1.1.1.2.3.1,-,false,0.858947238052031,0.28909372274994966,55.83097371272743,28.721044428837228,-36.66782295331359,28.23690002309109,54.58871033042669,29.057750463592832,1.1024439505074801,0.37074144170588635,0.9761638561988891,0.3723953238821935,1.0304223115500033,0.37017423652493897,-0.05459600758184348,0.02351283871158888,0.03096943892350617,0.022566176940390956,-0.017644373721022545,0.02209918015384651
C.1.1.1.2.3.2,Subassembly 21,C.1.1.1.2.3,-,false,1.8174182377355175,0.5007250159521434,35.36941141038079,23.063407807046175,-1.7156771758569205,19.70953450909464,25.83548492908735,20.298372743967107,3612.0123295327608,3040.718289328053,4639.029774812941,3835.5716850659333,3887.4072259395502,3725.8790394283455,-1251.3459493584523,1654.0635540419582,-721.0999790716147,1587.1601554893616,881.1484968601814,1481.2070528600518
C.1.1.1.2.3.2.1,Part 75,C.1.1.1.2.3.2,+,false,0.26481551376148127,0.28909372274994966,-53.63753028213978,28.721044428837228,-46.66466596536338,28.23690002309109,-0.9244846645742655,29.057750463592832,0.31155615203788484,0.37074144170588635,0.3374063449454626,0.3723953238821935,0.2642084792059911,0.37017423652493897,-0.0028651342545981395,0.02351283871158888,0.004376458327808952,0.022566176940390956,0.00671981313787727,0.02209918015384651
C.1.1.1.2.3.2.2,Part 76,C.1.1.1.2.3.2,-,false,0.7251628128180746,0.28909372274994966,50.216217106208205,28.721044428837228,-18.339439621195197,28.23690002309109,68.33912990987301,29.057750463592832,0.9231240841585072,0.37074144170588635,1.030388570836557,0.3723953238821935,0.912180235028248,0.37017423652493897,-0.08272681975307605,0.02351283871158888,0.019280188350300147,0.022566176940390956,0.07808673286905413,0.02209918015384651
C.1.1.1.2.3.2.3,Part 77,C.1.1.1.2.3.2,+,false,0.8274399111559615,0.28909372274994966,50.84372856654227,28.721044428837228,27.238840935751796,28.23690002309109,-2.8501118533313274,29.057750463592832,1.0936122645996538,0.37074144170588635,1.197534737156608,0.3723953238821935,1.1891672224475878,0.37017423652493897,0.041248748883859945,0.02351283871158888,0.05433118366225956,0.022566176940390956,0.02561028488680142,0.02209918015384651
C.1.1.1.2.3.3,Subassembly 22,C.1.1.1.2.3,-,false,2.882101709661074,0.5781874454998993,-36.34442441882406,17.99918938615993,-9.336834895780001,16.80052372759336,-3.5877965699131753,15.85042651716645,8773.803635088723,4948.881578802702,11583.708031497588,6028.0223349016,15171.986432781168,7293.065036752874,-6921.955140371799,3596.908176220078,-474.92016113499324,2796.1278681046338,144.48870520711114,2359.0190499853015
C.1.1.1.2.3.3.1,Part 78,C.1.1.1.2.3.3,+,false,0.7546356687473599,0.28909372274994966,-88.97826941683888,28.721044428837228,-42.908964306116104,28.23690002309109,26.664093229919672,29.057750463592832,0.9921469082791691,0.37074144170588635,0.8911001917120183,0.3723953238821935,0.9996333147935802,0.37017423652493897,0.03243077703484606,0.02351283871158888,-0.03418935154774299,0.022566176940390956,-0.02459281388571486,0.02209918015384651
C.1.1.1.2.3.3.2,Part 79,C.1.1.1.2.3.3,+,false,0.6828366940831766,0.28909372274994966,-60.35300688818097,28.721044428837228,-56.18043448776007,28.23690002309109,-3.304198244586587,29.057750463592832,0.9102177883118019,0.37074144170588635,0.7294773717185047,0.3723953238821935,0.9001911488394024,0.37017423652493897,-0.03685921735404289,0.02351283871158888,-0.013568581638424355,0.022566176940390956,0.03117987508106529,0.02209918015384651
C.1.1.1.2.3.3.3,Part 80,C.1.1.1.2.3.3,+,false,0.8028958896433469,0.28909372274994966,51.41779645346105,28.721044428837228,59.67926140874624,28.23690002309109,9.603276010602713,29.057750463592832,1.0079054880811766,0.37074144170588635,1.1149655243882572,0.3723953238821935,1.0768822499710498,0.37017423652493897,0.06785926147745266,0.02351283871158888,-0.000293820157681978,0.022566176940390956,0.0012403797470538157,0.02209918015384651
C.1.1.1.2.3.3.4,Part 81,C.1.1.1.2.3.3,+,false,0.6417334571871907,0.28909372274994966,-58.70668143033981,28.721044428837228,-6.36283541098237,28.23690002309109,-55.96758760511875,29.057750463592832,0.8669762979884124,0.37074144170588635,0.7364008855226749,0.3723953238821935,0.8964697487583941,0.37017423652493897,0.010010641488802109,0.02351283871158888,0.02707546893380521,0.022566176940390956,0.012281919114728987,0.02209918015384651
C.1.1.1.2.3.4,Subassembly 23,C.1.1.1.2.3,-,false,1.5022481430880725,0.5781874454998993,57.85590998876837,40.99915623560246,-47.29694613143733,27.483165890442557,-45.983433066512475,23.859849424272813,3353.984831390561,3701.0909517210875,9677.69241445043,8002.155180246913,9605.152890421672,9586.220341510149,347.462302541331,3902.740968732921,902.9778215439426,1976.3836921640095,71.25956817181839,1063.3063471832702
C.1.1.1.2.3.4.1,Part 82,C.1.1.1.2.3.4,+,false,0.218199021138018,0.28909372274994966,-84.89080280996859,28.721044428837228,-87.14131964370608,28.23690002309109,-35.78796214424074,29.057750463592832,0.26089645683230894,0.37074144170588635,0.24367161848884702,0.3723953238821935,0.23179783658841557,0.37017423652493897,-0.002261864155376762,0.02351283871158888,-0.010163627779620796,0.022566176940390956,-0.0007032633569100514,0.02209918015384651
C.1.1.1.2.3.4.2,Part 83,C.1.1.1.2.3.4,+,false,0.24151459474605508,0.28909372274994966,91.12854218110442,28.721044428837228,-60.79755173996091,28.23690002309109,23.188514169305563,29.057750463592832,0.2507853333779884,0.37074144170588635,0.24790091248970633,0.3723953238821935,0.2495395381580272,0.37017423652493897,-0.00641294803320176,0.02351283871158888,-0.006484474832168237,0.022566176940390956,0.004517412851417688,0.02209918015384651
C.1.1.1.2.3.4.3,Part 84,C.1.1.1.2.3.4,-,false,0.13108227028069086,0.28909372274994966,-55.105545883998275,28.721044428837228,50.29907142743468,28.23690002309109,-28.523652302101254,29.057750463592832,0.17823414938489507,0.37074144170588635,0.16899774076443264,0.3723953238821935,0.1773958050477111,0.37017423652493897,0.005422380925786991,0.02351283871158888,0.0007495704353869361,0.022566176940390956,-0.0008682237867695884,0.02209918015384651
C.1.1.1.2.3.4.4,Part 85,C.1.1.1.2.3.4,-,false,0.9114522569233086,0.28909372274994966,99.45832034572959,28.721044428837228,-48.21691857650876,28.23690002309109,-69.26424028351903,29.057750463592832,1.3067320479293425,0.37074144170588635,1.1125524444129244,0.3723953238821935,1.0533387588658123,0.37017423652493897,-0.012055424370845285,0.02351283871158888,-0.05322908217825536,0.022566176940390956,-0.030729263493735334,0.02209918015384651
C.1.1.1.2.3.5,Subassembly 24,C.1.1.1.2.3,-,false,1.0249541371769737,0.40884026350990615,11.696163662880164,22.258830767331236,-35.64338307650004,21.57651326033222,-11.069190388901637,23.808089488672305,1182.7600274392516,1493.1232768735767,1279.8151446810884,1566.760319508233,805.2817421628522,1196.3248252913454,399.1188164003304,596.6653104478131,-610.7642294576864,776.6758313089089,540.9334709623716,731.7529172346012
C.1.1.1.2.3.5.1,Part 86,C.1.1.1.2.3.5,-,false,0.4338953122391831,0.28909372274994966,-12.77408441528678,28.721044428837228,-13.969493936747313,28.23690002309109,-44.24185575917363,29.057750463592832,0.49270015055474464,0.37074144170588635,0.5016157042249995,0.3723953238821935,0.5268220749094653,0.37017423652493897,0.0433617550509799,0.02351283871158888,-0.004072994004007659,0.022566176940390956,-0.03862226545273363,0.02209918015384651
C.1.1.1.2.3.5.2,Part 87,C.1.1.1.2.3.5,+,false,0.5910588249377906,0.28909372274994966,29.65973257087171,28.721044428837228,-51.554149482399225,28.23690002309109,13.282808754593134,29.057750463592832,0.8345633971161253,0.37074144170588635,0.7921890857522789,0.3723953238821935,0.7591917307542413,0.37017423652493897,-0.019399802419791883,0.02351283871158888,-0.009460651472754125,0.022566176940390956,0.001293269805567248,0.02209918015384651
C.1.1.2,Element 2,C.1.1,-,false,80.99185942596594,3.713476105755238,-2.7716296078292766,3.8608774079146126,-6.994142999578976,3.7626781091737014,9.626801525301602,3.823836682579441,511059.8604143616,46332.539980558606,523528.98069935397,47971.897218634476,517922.75207171356,47733.255899024065,-15190.682347913236,22636.14787099054,-23899.498111684985,22041.19677462406,-5257.653253892004,21974.979272893903
C.1.1.2.1,Subsystem 3,C.1.1.2,-,false,31.10208924586093,2.330748106225254,-7.243284935740914,5.954391808303331,-13.175801016532661,6.09019070174313,7.635114260644034,6.282540012754396,195549.51497256552,29927.030824992693,184230.70198091198,28072.320695870618,179362.85316143982,27273.675733182685,-22130.60635752217,12437.517011405063,-6675.170600048159,12573.104035937455,-3065.568975264808,14546.540357747157
C.1.1.2.1.1,Assembly 7,C.1.1.2.1,-,false,3.926830982407788,0.8176805270198123,18.448372189787772,14.120187213473823,-15.186517698996226,15.558616423059577,-7.2240905612289845,16.559655613591726,21537.101639913795,8164.1913399039,17264.883767524072,7575.993922064101,17408.458931132638,7240.567803171479,-134.33673353767585,3403.4720618139913,4440.57764451798,3591.630337194447,-2771.2966590152364,3808.557354285215
C.1.1.2.1.1.1,Subassembly 25,C.1.1.2.1.1,-,false,2.092671863288153,0.5781874454998993,3.659592419533546,19.943743613940008,-38.073714231253106,19.964634714056007,0.28647126359020153,20.30080988965288,10608.722225651241,5543.050150325134,10005.542161035408,5914.358757953528,10070.71587295416,5546.9086010978335,2641.958148167829,2528.9045792505535,4377.2862058626615,2913.333134576498,-373.0271571602024,2335.924091842963
C.1.1.2.1.1.1.1,Part 88,C.1.1.2.1.1.1,+,false,0.6574666414444801,0.28909372274994966,-9.622719464823604,28.721044428837228,-82.01006525196135,28.23690002309109,46.11129076220095,29.057750463592832,0.7924319434190586,0.37074144170588635,0.7951552296965433,0.3723953238821935,0.8517165241991727,0.37017423652493897,0.018472004886994693,0.02351283871158888,0.02031593818065161,0.022566176940390956,-0.0405560443178258,0.02209918015384651
C.1.1.2.1.1.1.2,Part 89,C.1.1.2.1.1.1,+,false,0.4924646405968815,0.28909372274994966,-52.681920398026705,28.721044428837228,50.23396322503686,28.23690002309109,24.14228324778378,29.057750463592832,0.5381535340322877,0.37074144170588635,0.5285273533443069,0.3723953238821935,0.5669012014808583,0.37017423652493897,-0.05549247648288142,0.02351283871158888,-0.02178819035792537,0.022566176940390956,0.02070791522660934,0.02209918015384651
C.1.1.2.1.1.1.3,Part 90,C.1.1.2.1.1.1,+,false,0.46895969050144776,0.28909372274994966,0.40842434391379356,28.721044428837228,-53.29704228788614,28.23690002309109,-0.8331109769642353,29.057750463592832,0.4546870890483837,0.37074144170588635,0.4412517242475275,0.3723953238821935,0.487322858126521,0.37017423652493897,-0.024311548527731784,0.02351283871158888,-0.017274549465124384,0.022566176940390956,0.004452458694065321,0.02209918015384651
C.1.1.2.1.1.1.4,Part 91,C.1.1.2.1.1.1,+,false,0.47378089074534363,0.28909372274994966,83.87293019331992,28.721044428837228,-53.82486931048334,28.23690002309109,-86.99310440570116,29.057750463592832,0.5702519029418239,0.37074144170588635,0.5707611064209885,0.3723953238821935,0.44679084025344334,0.37017423652493897,0.013209199407745268,0.02351283871158888,0.0405193281179539,0.022566176940390956,-0.00669167558083413,0.02209918015384651
C.1.1.2.1.1.2,Subassembly 26,C.1.1.2.1.1,-,false,0.44724628169578495,0.40884026350990615,2.2856479233597664,28.187327777649195,-60.372735222919104,29.935228107760206,-75.90150821125144,31.88747766940589,66.43421835895188,408.25079359378685,51.930145022815054,323.537214062695,42.32794831038103,266.4269415538156,-19.672518122464155,126.3901146066945,-22.735693155696953,145.45809511642162,-32.641425492486185,202.09855774209026
C.1.1.2.1.1.2.1,Part 92,C.1.1.2.1.1.2,-,false,0.4027995278642047,0.28909372274994966,0.4480175208300352,28.721044428837228,-63.00972164608538,28.23690002309109,-78.95387476310134,29.057750463592832,0.4273179242513523,0.37074144170588635,0.4206934605165544,0.3723953238821935,0.4108415499291919,0.37017423652493897,-0.03166915929328816,0.02351283871158888,-0.001699789323999096,0.022566176940390956,-0.016090761653504978,0.02209918015384651
C.1.1.2.1.1.2.2,Part 93,C.1.1.2.1.1.2,-,false,0.04444675383158028,0.28909372274994966,18.939207401126623,28.721044428837228,-36.474997038021684,28.23690002309109,-48.239379934966564,29.057750463592832,0.05910955818898015,0.37074144170588635,0.05911488550148282,0.3723953238821935,0.04541863753698516,0.37017423652493897,6.552667550428597e-5,0.02351283871158888,0.0007730737843838365,0.022566176940390956,-0.0011082519822138797,0.02209918015384651
C.1.1.2.1.1.3,Subassembly 27,C.1.1.2.1.1,-,false,1.3869128374238497,0.40884026350990615,45.974818421782054,21.990779219641507,33.91877439028473,21.49215558349183,3.590272005358258,26.91590516160563,3118.5439869239817,2891.1264374868733,3192.299525646607,2934.4221842427464,316.3438342481182,797.9249160329323,153.0124965926031,397.0680092431421,762.8970551106598,1306.0885957361024,-600.9126228368458,1253.8892215561918
C.1.1.2.1.1.3.1,Part 94,C.1.1.2.1.1.3,-,false,0.9471763216597028,0.28909372274994966,54.03835880570114,28.721044428837228,27.56751603446901,28.23690002309109,-28.08032790198922,29.057750463592832,0.9798330028301497,0.37074144170588635,0.9949873229584618,0.3723953238821935,0.9417741044320632,0.37017423652493897,0.01744203300808802,0.02351283871158888,-0.004605669246334959,0.022566176940390956,-0.010021208555445638,0.02209918015384651
C.1.1.2.1.1.3.2,Part 95,C.1.1.2.1.1.3,+,false,0.439736515764147,0.28909372274994966,28.606248274445534,28.721044428837228,47.5991518702358,28.23690002309109,71.80758225731552,29.057750463592832,0.6568081797107248,0.37074144170588635,0.6625887377436849,0.3723953238821935,0.6563679169580535,0.37017423652493897,-0.0015424657956183627,0.02351283871158888,0.0016945065018968268,0.022566176940390956,0.000754642355537635,0.02209918015384651
C.1.1.2.1.2,Assembly 8,C.1.1.2.1,-,false,6.940011611938011,1.1563748909997988,12.005671772880175,11.797635855890384,-7.108156807800963,12.887739740463571,3.326826137649392,13.213037119595953,47296.59138885018,13734.616872859613,41717.271207037964,12438.536282867508,36668.96762867633,12170.093521147583,2914.8484567007736,5884.160233478635,-409.83684279987597,5612.768569356403,8951.812765591552,6636.09651885218
C.1.1.2.1.2.1,Subassembly 28,C.1.1.2.1.2,-,false,0.7414431805375498,0.40884026350990615,-25.936361285305612,52.62745910115064,70.74356829865289,32.189285281426905,58.12528287851918,23.61567143229109,967.1093478100763,1393.3858329447467,3717.5960456654448,4343.837344007049,4529.588143192426,5198.350284711526,1798.8429238822307,2154.9532633599847,529.7617384266601,1110.0335523744059,-261.8452744243051,560.8046942820981
C.1.1.2.1.2.1.1,Part 96,C.1.1.2.1.2.1,-,false,0.5393943031483796,0.28909372274994966,-68.81726724095643,28.721044428837228,91.93735397420824,28.23690002309109,64.3666127230972,29.057750463592832,0.6301237938341671,0.37074144170588635,0.5888884112792817,0.3723953238821935,0.6293742206466112,0.37017423652493897,0.0004626238561429355,0.02351283871158888,0.012250424958473064,0.022566176940390956,-0.026700290258722614,0.02209918015384651
C.1.1.2.1.2.1.2,Part 97,C.1.1.2.1.2.1,-,false,0.20204887738917024,0.28909372274994966,88.53948577307165,28.721044428837228,14.164153439924121,28.23690002309109,41.46328601054847,29.057750463592832,0.28607160305904084,0.37074144170588635,0.28517430896600515,0.3723953238821935,0.25346213061390016,0.37017423652493897,-0.029609555966824234,0.02351283871158888,0.002036837234827192,0.022566176940390956,0.00784235452367836,0.02209918015384651
C.1.1.2.1.2.2,Subassembly 29,C.1.1.2.1.2,-,false,2.6461780288012235,0.6464332159373649,12.717147972456896,19.065497889817046,-29.262561765479223,15.427768395345428,28.933911444968803,17.751745391388415,7380.618683771712,4675.5079572783625,15395.482538986864,7282.441755999258,10567.367581379629,5627.617321775604,1527.742683718479,2541.4624763399315,-6559.094056572442,3536.8034795157055,1561.0088072082247,2129.06093332823
C.1.1.2.1.2.2.1,Part 98,C.1.1.2.1.2.2,-,false,0.31876291493442843,0.28909372274994966,9.423621464520693,28.721044428837228,-76.59441861324012,28.23690002309109,34.241784596815705,29.057750463592832,0.45276553903435485,0.37074144170588635,0.4477806520181036,0.3723953238821935,0.44939573846567454,0.37017423652493897,0.00038987387953538257,0.02351283871158888,0.012101613284788024,0.022566176940390956,0.00096679887112024,0.02209918015384651
C.1.1.2.1.2.2.2,Part 99,C.1.1.2.1.2.2,+,false,0.999165522782132,0.28909372274994966,82.50024197623134,28.721044428837228,-33.414676040410995,28.23690002309109,81.18700222112238,29.057750463592832,1.1615261593187678,0.37074144170588635,1.290035689438555,0.3723953238821935,1.168166682415794,0.37017423652493897,-0.06772558979515193,0.02351283871158888,-0.028036399076493256,0.022566176940390956,-0.06935514753619343,0.02209918015384651
C.1.1.2.1.2.2.3,Part 100,C.1.1.2.1.2.2,+,false,0.24935771647607907,0.28909372274994966,11.009952751919627,28.721044428837228,-39.608294470235705,28.23690002309109,17.131019476801157,29.057750463592832,0.33388424797610067,0.37074144170588635,0.2942537482264843,0.3723953238821935,0.29891979413677994,0.37017423652493897,-0.011388587464819112,0.02351283871158888,-0.02256524728127142,0.022566176940390956,-0.005011723668057726,0.02209918015384651
C.1.1.2.1.2.2.4,Part 101,C.1.1.2.1.2.2,-,false,0.5708077931087464,0.28909372274994966,-41.36252854950726,28.721044428837228,-1.1480579618364573,28.23690002309109,-45.905264373868704,29.057750463592832,0.7606852600168091,0.37074144170588635,0.8736279477916913,0.3723953238821935,0.7134443470120105,0.37017423652493897,0.04281651319206434,0.02351283871158888,0.025386948155731837,0.022566176940390956,0.010743995688391616,0.02209918015384651
C.1.1.2.1.2.2.5,Part 102,C.1.1.2.1.2.2,+,false,0.5080840814998373,0.28909372274994966,-60.853754449635744,28.721044428837228,-17.909912252798676,28.23690002309109,12.717081978917122,29.057750463592832,0.7214159180406441,0.37074144170588635,0.8067006977063836,0.3723953238821935,0.7445761369363252,0.37017423652493897,0.02329447671543433,0.02351283871158888,-0.015864256628876652,0.022566176940390956,0.04908564739978493,0.02209918015384651
C.1.1.2.1.2.3,Subassembly 30,C.1.1.2.1.2,-,false,2.416090603514807,0.6464332159373649,24.320456071860413,17.378445160194715,-4.623946652768595,20.93251793554547,-44.17121513958639,16.593549282693576,7101.225128241741,4976.930690165969,2207.8639241641536,2505.746331422166,6290.454926209955,5369.064985875599,-696.2305699670277,2538.1217762845954,853.0081492886227,1115.892825957959,1173.837027690698,2136.808851176025
C.1.1.2.1.2.3.1,Part 103,C.1.1.2.1.2.3,+,false,0.581501622005133,0.28909372274994966,24.297722475603223,28.721044428837228,-29.563105758279562,28.23690002309109,-60.83531677722931,29.057750463592832,0.6869823446580784,0.37074144170588635,0.7357506812592337,0.3723953238821935,0.7255234154866275,0.37017423652493897,0.023871852892238234,0.02351283871158888,0.02182471828754266,0.022566176940390956,-0.04390258665021367,0.02209918015384651
C.1.1.2.1.2.3.2,Part 104,C.1.1.2.1.2.3,-,false,0.01941261755884625,0.28909372274994966,-39.41521588712931,28.721044428837228,86.56577104702592,28.23690002309109,-61.78977703675628,29.057750463592832,0.0230874765117583,0.37074144170588635,0.021308903506686388,0.3723953238821935,0.022986244700695838,0.37017423652493897,-0.0004941765127886633,0.02351283871158888,-0.001607974957150781,0.022566176940390956,0.0006699659480864147,0.02209918015384651
C.1.1.2.1.2.3.3,Part 105,C.1.1.2.1.2.3,-,false,0.3169937257275451,0.28909372274994966,60.75515071861446,28.721044428837228,2.8717597015202045,28.23690002309109,-86.10042594373226,29.057750463592832,0.3780976956715486,0.37074144170588635,0.38337554064719276,0.3723953238821935,0.430035437146418,0.37017423652493897,-0.0010617603542956782,0.02351283871158888,0.00481900730311614,0.022566176940390956,-0.011816701013258917,0.02209918015384651
C.1.1.2.1.2.3.4,Part 106,C.1.1.2.1.2.3,-,false,0.7171664482057094,0.28909372274994966,7.859595865011215,28.721044428837228,-57.86468884907663,28.23690002309109,-11.13087204284966,29.057750463592832,1.03411822750131,0.37074144170588635,1.0543906151676048,0.3723953238821935,1.0422294659697258,0.37017423652493897,-0.0042345953824020535,0.02351283871158888,0.05645923623199884,0.022566176940390956,-0.01745081317211243,0.02209918015384651
C.1.1.2.1.2.3.5,Part 107,C.1.1.2.1.2.3,+,false,0.7810161900175735,0.28909372274994966,26.248844899237156,28.721044428837228,57.523692632094026,28.23690002309109,-44.64739505201578,29.057750463592832,0.9088588251040798,0.37074144170588635,0.8972887982764585,0.3723953238821935,1.0286008441917176,0.37017423652493897,0.008802699271537838,0.02351283871158888,0.03897664736977276,0.022566176940390956,0.004378579248974263,0.02209918015384651
C.1.1.2.1.2.4,Subassembly 31,C.1.1.2.1.2,-,false,1.1362997990844306,0.5781874454998993,8.921568746095927,20.926006869293722,-11.596591858066997,39.14125006971471,8.931616919142368,44.51814530786015,16569.070931789942,9057.965603028415,9502.223811808595,6039.31321472745,8005.220082929573,4889.643212853519,-1857.6866306002198,1972.8477431501854,1840.2338311981541,2168.9069271805943,7827.048231532041,4450.054497526543
C.1.1.2.1.2.4.1,Part 108,C.1.1.2.1.2.4,-,false,0.5589087291043252,0.28909372274994966,-11.67716491036117,28.721044428837228,-92.76235578581691,28.23690002309109,88.77333477139473,29.057750463592832,0.737069725504405,0.37074144170588635,0.7012343186114927,0.3723953238821935,0.698167848653303,0.37017423652493897,-0.002877409958384863,0.02351283871158888,-0.0066432327710345355,0.022566176940390956,0.0011374349917477645,0.02209918015384651
C.1.1.2.1.2.4.2,Part 109,C.1.1.2.1.2.4,+,false,0.4450532393651083,0.28909372274994966,29.549271566793323,28.721044428837228,79.00358750484884,28.23690002309109,-99.61457783356309,29.057750463592832,0.5222635125076712,0.37074144170588635,0.4987335501835786,0.3723953238821935,0.5323706972642985,0.37017423652493897,-0.04973439046222403,0.02351283871158888,0.03416611457543074,0.022566176940390956,-0.023478425982874543,0.02209918015384651
C.1.1.2.1.2.4.3,Part 110,C.1.1.2.1.2.4,+,false,0.030119509148411452,0.28909372274994966,31.330942641943693,28.721044428837228,40.80635840073228,28.23690002309109,92.96931806020439,29.057750463592832,0.038950297981389014,0.37074144170588635,0.0348127022016938,0.3723953238821935,0.03807755275498147,0.37017423652493897,-0.00024114116855189483,0.02351283871158888,-0.0029343003495598333,0.022566176940390956,0.0008446988898124146,0.02209918015384651
C.1.1.2.1.2.4.4,Part 111,C.1.1.2.1.2.4,-,false,0.10221832146658562,0.28909372274994966,25.13614478521049,28.721044428837228,22.29165304452181,28.23690002309109,20.215584570541978,29.057750463592832,0.1325092216258331,0.37074144170588635,0.123676805384576,0.3723953238821935,0.13601064976554533,0.37017423652493897,-0.002160799402098139,0.02351283871158888,-0.006908083565418185,0.022566176940390956,0.003984872657702617,0.02209918015384651
C.1.1.2.1.3,Assembly 9,C.1.1.2.1,-,false,5.966892361626495,1.0014500319042867,-6.321583324278089,11.7164001944689,-17.680570733944467,14.668074442847834,22.42538007681673,14.884047862048364,35523.66271630823,17220.42552775749,23661.132442336413,11871.04425747594,27396.130399111087,11006.512204119554,-5314.31086586635,4146.465983804102,-1120.1701344042042,3952.9576965271685,-10243.256024236083,8541.583246315977
C.1.1.2.1.3.1,Subassembly 32,C.1.1.2.1.3,-,false,1.749881868400844,0.5781874454998993,-7.6690623015879416,24.071417140659026,18.17809022971308,20.324995925784766,44.77661740883856,26.26936445766005,2057.84558424132,4259.210664849703,4524.668231467736,4840.956864868523,4240.63849572025,3331.4674087937915,-456.3055355201641,1506.8834261911093,-229.49711216940446,1892.1277092573089,912.7530292384373,1696.2490804603872
C.1.1.2.1.3.1.1,Part 112,C.1.1.2.1.3.1,+,false,0.9338561952691525,0.28909372274994966,5.118827288970351,28.721044428837228,38.082514423877,28.23690002309109,26.7289356328547,29.057750463592832,1.1653744023503134,0.37074144170588635,1.0217089291343224,0.3723953238821935,1.1819552403384748,0.37017423652493897,0.024492219948517715,0.02351283871158888,0.022118243911945664,0.022566176940390956,0.058857174830539566,0.02209918015384651
C.1.1.2.1.3.1.2,Part 113,C.1.1.2.1.3.1,-,false,0.46186563328118063,0.28909372274994966,-75.57860091328621,28.721044428837228,-4.03018151409924,28.23690002309109,53.984742099419236,29.057750463592832,0.6544389798744261,0.37074144170588635,0.6051954167904072,0.3723953238821935,0.6569215736905387,0.37017423652493897,0.008806620127162554,0.02351283871158888,0.05389548984110589,0.022566176940390956,0.007088110613877704,0.02209918015384651
C.1.1.2.1.3.1.3,Part 114,C.1.1.2.1.3.1,-,false,0.3358498263717629,0.28909372274994966,48.036784678697586,28.721044428837228,-9.105567447841167,28.23690002309109,87.98765544779599,29.057750463592832,0.4036096597763855,0.37074144170588635,0.30456547608063844,0.3723953238821935,0.38373968395260816,0.37017423652493897,0.005718439933556093,0.02351283871158888,-0.0019330384034318149,0.022566176940390956,0.02271026451536909,0.02209918015384651
C.1.1.2.1.3.1.4,Part 115,C.1.1.2.1.3.1,-,false,0.018310213478747756,0.28909372274994966,31.33829841390252,28.721044428837228,63.64885116927326,28.23690002309109,-59.613018995150924,29.057750463592832,0.019225622157582483,0.37074144170588635,0.022425787941668107,0.3723953238821935,0.023856757290600834,0.37017423652493897,0.0005787205242036946,0.02351283871158888,0.0012334291663465362,0.022566176940390956,-0.00033729378829955233,0.02209918015384651
C.1.1.2.1.3.2,Subassembly 33,C.1.1.2.1.3,-,false,1.6961654523094185,0.5007250159521434,2.1100759138696272,21.66683725625312,-51.349370181503815,19.054274112699964,9.907759222590665,18.953663577901832,2041.2310418837362,2049.2257741197404,3389.4523885549897,2872.0103889218944,3737.8788265312987,3133.3967628713735,-1587.3778978871935,1509.3803417215563,1358.0725782616196,1341.6556000262308,692.1001214233353,1012.5626036643738
C.1.1.2.1.3.2.1,Part 116,C.1.1.2.1.3.2,-,false,0.3936766101690009,0.28909372274994966,-67.25974958389997,28.721044428837228,-98.08319783769548,28.23690002309109,44.33659543283284,29.057750463592832,0.5036420194160385,0.37074144170588635,0.4364101412128482,0.3723953238821935,0.40619304174458926,0.37017423652493897,-0.01574896619593659,0.02351283871158888,-0.003018634211898349,0.022566176940390956,0.012361048749388657,0.02209918015384651
C.1.1.2.1.3.2.2,Part 117,C.1.1.2.1.3.2,-,false,0.5246422383305617,0.28909372274994966,32.32352756895125,28.721044428837228,-46.409074077382684,28.23690002309109,-16.949916956946254,29.057750463592832,0.6436906708469579,0.37074144170588635,0.6149535511979446,0.3723953238821935,0.7098660760803621,0.37017423652493897,0.011890361589308753,0.02351283871158888,-0.0021314587259172865,0.022566176940390956,0.0028707870176387803,0.02209918015384651
C.1.1.2.1.3.2.3,Part 118,C.1.1.2.1.3.2,-,false,0.7778466038098559,0.28909372274994966,16.84051863849163,28.721044428837228,-31.029005255550146,28.23690002309109,10.597925912588835,29.057750463592832,0.8273860842706021,0.37074144170588635,0.8026428459334166,0.3723953238821935,0.8194783115407178,0.37017423652493897,0.03416966765977332,0.02351283871158888,0.031207226482758837,0.022566176940390956,-0.04057685660210353,0.02209918015384651
C.1.1.2.1.3.3,Subassembly 34,C.1.1.2.1.3,-,false,1.3894437424989883,0.5007250159521434,-2.443398947419296,21.442037792241926,5.345178308115871,29.022499095213114,66.92340456056074,18.887773372674808,6990.08338578325,4388.765180732865,1625.883998580981,1822.0330027973232,8121.360754743575,4797.845944904423,-2524.8656926147896,2186.256525446597,-443.7676224295219,890.8737315595885,-1281.024845702742,1904.9295649589171
C.1.1.2.1.3.3.1,Part 119,C.1.1.2.1.3.3,-,false,0.18373120276862756,0.28909372274994966,31.09825341962278,28.721044428837228,-24.085907684639096,28.23690002309109,57.6162351295352,29.057750463592832,0.27372510531737737,0.37074144170588635,0.23628389847206127,0.3723953238821935,0.24874276083070115,0.37017423652493897,0.01729516478271456,0.02351283871158888,-0.006797130441033234,0.022566176940390956,0.00623895865617146,0.02209918015384651
C.1.1.2.1.3.3.2,Part 120,C.1.1.2.1.3.3,-,false,0.6625305184298195,0.28909372274994966,-35.391599126160145,28.721044428837228,-56.95078456774354,28.23690002309109,55.88827421888709,29.057750463592832,0.6410104854477704,0.37074144170588635,0.7055550495293766,0.3723953238821935,0.6513105721243234,0.37017423652493897,-0.004701371570255442,0.02351283871158888,-0.052928650254065304,0.022566176940390956,0.020656573819666957,0.02209918015384651
C.1.1.2.1.3.3.3,Part 121,C.1.1.2.1.3.3,-,false,0.5431820213005413,0.28909372274994966,26.398755982518196,28.721044428837228,91.28393102437258,28.23690002309109,83.53133285418153,29.057750463592832,0.8120921944048798,0.37074144170588635,0.7307946289592773,0.3723953238821935,0.7262356898771161,0.37017423652493897,-0.018511053224840215,0.02351283871158888,0.01200263532458008,0.022566176940390956,-0.006901353997963102,0.02209918015384651
C.1.1.2.1.3.4,Subassembly 35,C.1.1.2.1.3,-,false,1.1314012984172441,0.40884026350990615,-21.640709361941397,25.21059993728186,-50.94334776738303,45.864454651104005,-48.02492848266029,44.36757137706029,8766.616362255403,12600.083352889742,4204.3549542002165,6224.36204862821,4724.793815785539,6934.827925508937,-611.2401171894594,1371.867583816278,-575.8724568224042,1293.9342055003924,-4374.805331990363,6290.093547703817
C.1.1.2.1.3.4.1,Part 122,C.1.1.2.1.3.4,+,false,0.1748610637704842,0.28909372274994966,-1.9168300554156303,28.721044428837228,98.88286697678268,28.23690002309109,93.15288970246911,29.057750463592832,0.2098309765660314,0.37074144170588635,0.20114654134717325,0.3723953238821935,0.197896232797806,0.37017423652493897,-0.0029645845771882505,0.02351283871158888,-0.0036342567532666125,0.022566176940390956,0.015297162709185689,0.02209918015384651
C.1.1.2.1.3.4.2,Part 123,C.1.1.2.1.3.4,+,false,0.95654023464676,0.28909372274994966,-25.246348092332482,28.721044428837228,-78.3324426971376,28.23690002309109,-73.83304671384394,29.057750463592832,1.2842653344273014,0.37074144170588635,1.3928357564714327,0.3723953238821935,1.3104788193380403,0.37017423652493897,0.03837439862975049,0.02351283871158888,-0.04813686107031087,0.022566176940390956,-0.03632213506196913,0.02209918015384651
C.1.1.2.1.4,Assembly 10,C.1.1.2.1,-,false,3.2158284589499235,0.8176805270198123,-14.988946121972784,20.355542099891167,-49.40569323877145,20.29056291137664,14.04044060506893,20.5274844643313,21066.71489019577,9167.976372226178,21006.8159760326,9628.146821891425,21622.8021604335,9678.240577056215,-4600.871269204705,4378.590881273634,-7434.329197668341,4639.570968278899,749.2605621419307,4590.08979405475
C.1.1.2.1.4.1,Subassembly 36,C.1.1.2.1.4,-,false,1.1858441858624573,0.5007250159521434,-41.27032250926029,35.756286634107134,-30.962317966441137,34.20101505273474,-37.609584907195504,23.721220430144246,7126.066631023257,4488.777118966491,5895.751153059144,5533.974546609789,10354.932087120611,6689.564786812297,-3264.8917885635465,2673.582550509902,-2252.2252001513025,2202.4987870103023,-2484.9890858998206,1962.070078047627
C.1.1.2.1.4.1.1,Part 124,C.1.1.2.1.4.1,-,false,0.23447460628300906,0.28909372274994966,77.25934558548033,28.721044428837228,19.524044264107943,28.23690002309109,12.23496524617076,29.057750463592832,0.33760943682442096,0.37074144170588635,0.3257122136181345,0.3723953238821935,0.3508556112357001,0.37017423652493897,0.018267723266434745,0.02351283871158888,-0.0025852143004990906,0.022566176940390956,0.003166833910781492,0.02209918015384651
C.1.1.2.1.4.1.2,Part 125,C.1.1.2.1.4.1,+,false,0.6192206798119004,0.28909372274994966,-86.5062297321856,28.721044428837228,-96.74830525182188,28.23690002309109,-68.38606670498848,29.057750463592832,0.9871806816772882,0.37074144170588635,0.9941350619349281,0.3723953238821935,0.9835767364973861,0.37017423652493897,0.006783720605849883,0.02351283871158888,0.006824846766921822,0.022566176940390956,-0.010056441023861532,0.02209918015384651
C.1.1.2.1.4.1.3,Part 126,C.1.1.2.1.4.1,-,false,0.33214889976754786,0.28909372274994966,-40.611545788124204,28.721044428837228,56.04165489785373,28.23690002309109,-15.420281514525414,29.057750463592832,0.3638069389480099,0.37074144170588635,0.3772242942786602,0.3723953238821935,0.37874346984864543,0.37017423652493897,-0.006927884021614925,0.02351283871158888,0.009380585960091711,0.022566176940390956,-0.009317533936621646,0.02209918015384651
C.1.1.2.1.4.2,Subassembly 37,C.1.1.2.1.4,-,false,1.8650571135808716,0.5007250159521434,6.417740151970341,21.44270571597451,-67.75402781944764,20.596213935133008,54.30968193137387,19.198932565872713,4624.598149056641,3371.3850810992126,5581.849814093202,3840.3659568689427,7133.846002694636,4710.35891331623,-3287.0124914483613,2344.628660976575,-1240.0000673867075,1780.9449646511723,-314.8605269061391,1542.410948311979
C.1.1.2.1.4.2.1,Part 127,C.1.1.2.1.4.2,-,false,0.4957759951716289,0.28909372274994966,18.431154219433665,28.721044428837228,-82.50533048994839,28.23690002309109,98.84459828026593,29.057750463592832,0.5286776004907918,0.37074144170588635,0.5708044860358918,0.3723953238821935,0.52383640923802,0.37017423652493897,0.017712193363592185,0.02351283871158888,-0.0035164365329158434,0.022566176940390956,-0.007319028275059267,0.02209918015384651
C.1.1.2.1.4.2.2,Part 128,C.1.1.2.1.4.2,-,false,0.8807608322163578,0.28909372274994966,-37.91659162379801,28.721044428837228,-96.924460073933,28.23690002309109,29.28264937363565,29.057750463592832,1.1063320662331158,0.37074144170588635,1.2682195369159506,0.3723953238821935,1.049335223667783,0.37017423652493897,-0.08539073804645332,0.02351283871158888,0.0179739801162003,0.022566176940390956,-0.003457029164869484,0.02209918015384651
C.1.1.2.1.4.2.3,Part 129,C.1.1.2.1.4.2,-,false,0.4885202861928847,0.28909372274994966,74.1569550242275,28.721044428837228,-0.19180597737431526,28.23690002309109,54.23494102433324,29.057750463592832,0.7329805623354415,0.37074144170588635,0.6990801407418776,0.3723953238821935,0.6730097009794579,0.37017423652493897,0.01009572963695184,0.02351283871158888,0.014573420691217233,0.022566176940390956,-0.016796732980520805,0.02209918015384651
C.1.1.2.1.4.3,Subassembly 38,C.1.1.2.1.4,-,false,0.16492715950659476,0.40884026350990615,-68.09769518603234,68.66476605357506,25.47416666196201,33.3967404714165,-69.96969200265025,32.72363287704766,8.125646962479921,91.78572733185703,38.389032734146774,420.24164859213255,39.09716146119096,427.57026169233535,-12.196100941871396,136.87291486503162,11.189143659713034,126.55269912995415,3.930915985046254,45.75799665395567
C.1.1.2.1.4.3.1,Part 130,C.1.1.2.1.4.3,+,false,0.14198284141719342,0.28909372274994966,-73.916393565014,28.721044428837228,23.420857964083552,28.23690002309109,-68.08523307554424,29.057750463592832,0.17459145689449226,0.37074144170588635,0.18512921711189126,0.3723953238821935,0.2117745645151967,0.37017423652493897,-0.0007834183456654027,0.02351283871158888,0.002452268902502458,0.022566176940390956,0.01859493967813753,0.02209918015384651
C.1.1.2.1.4.3.2,Part 131,C.1.1.2.1.4.3,-,false,0.02294431808940135,0.28909372274994966,-32.0907271001488,28.721044428837228,38.18034525029361,28.23690002309109,-81.63100318051875,29.057750463592832,0.023836702726453995,0.37074144170588635,0.025088736877533106,0.3723953238821935,0.02798837960848096,0.37017423652493897,-0.0032552824928376786,0.02351283871158888,0.0006857683075510088,0.022566176940390956,0.0004502117066058381,0.02209918015384651
C.1.1.2.1.5,Assembly 11,C.1.1.2.1,-,false,11.052525830938713,1.3247938674382216,-26.70180131328178,10.591612912799578,-3.297984899161226,9.535587172123687,5.771178385922059,10.265664598294764,61962.00239895747,14754.520013088066,68562.90344515508,17008.218060271443,61028.26258218259,16060.108992097283,-15634.941035432897,7400.439706993476,-3903.3828929858882,7954.415527361973,-1163.5134650783702,6975.990064159383
C.1.1.2.1.5.1,Subassembly 39,C.1.1.2.1.5,-,false,2.848190835721092,0.6464332159373649,-24.34399254437216,19.731456374564054,3.287728305288172,19.26603584956629,22.674906407993053,15.458570723112018,10633.872822070707,5520.412047873524,14284.805355168144,7322.318146710639,19967.70759803769,8820.953853436064,-5642.220845658072,4010.8042470520977,-4496.405278975375,3196.6160812913818,-2867.333548504591,2439.3391654770635
C.1.1.2.1.5.1.1,Part 132,C.1.1.2.1.5.1,-,false,0.5447481498254929,0.28909372274994966,-20.864103361964226,28.721044428837228,-81.62685362622142,28.23690002309109,17.97395357862115,29.057750463592832,0.5130627845459527,0.37074144170588635,0.4968297851749982,0.3723953238821935,0.5109684194588667,0.37017423652493897,0.0036725636275820503,0.02351283871158888,-0.006936378657597641,0.022566176940390956,0.01882163310990817,0.02209918015384651
C.1.1.2.1.5.1.2,Part 133,C.1.1.2.1.5.1,-,false,0.8436234026858583,0.28909372274994966,-49.32384677231312,28.721044428837228,18.329235026612878,28.23690002309109,36.198614398017526,29.057750463592832,1.38693099467527,0.37074144170588635,1.3063913980778492,0.3723953238821935,1.3178038998415318,0.37017423652493897,-0.015861692037110478,0.02351283871158888,0.02828794807666528,0.022566176940390956,-0.00411327201991964,0.02209918015384651
C.1.1.2.1.5.1.3,Part 134,C.1.1.2.1.5.1,+,false,0.5824006713996641,0.28909372274994966,93.24663882143795,28.721044428837228,76.3129263650626,28.23690002309109,61.39633618295193,29.057750463592832,0.7129259852741276,0.37074144170588635,0.686126297392601,0.3723953238821935,0.6654475053164781,0.37017423652493897,0.010834347812575203,0.02351283871158888,0.03531242626553843,0.022566176940390956,0.0061909824000929,0.02209918015384651
C.1.1.2.1.5.1.4,Part 135,C.1.1.2.1.5.1,+,false,0.12478426721296274,0.28909372274994966,-24.885624833405018,28.721044428837228,69.08309417776763,28.23690002309109,33.07829308323562,29.057750463592832,0.16729162841915973,0.37074144170588635,0.1675720632074804,0.3723953238821935,0.1788596220331902,0.37017423652493897,0.0061222076255589685,0.02351283871158888,-0.000639257326523658,0.022566176940390956,0.012940473403577082,0.02209918015384651
C.1.1.2.1.5.1.5,Part 136,C.1.1.2.1.5.1,-,false,0.7526343445971142,0.28909372274994966,-89.76666345261037,28.721044428837228,-19.528738548979163,28.23690002309109,-20.769359869882464,29.057750463592832,0.9786911379695393,0.37074144170588635,0.9700725852833165,0.3723953238821935,0.9060240286801441,0.37017423652493897,0.002023714339072712,0.02351283871158888,-0.00039750999514207643,0.022566176940390956,0.00885074351613383,0.02209918015384651
C.1.1.2.1.5.2,Subassembly 40,C.1.1.2.1.5,-,false,1.609108484207187,0.5007250159521434,-62.98658297489551,26.104472439896927,-24.640488473890073,25.127817568318424,-23.368309690162295,26.26616482604091,10495.242378494046,5871.342597480227,8718.43080966913,5611.993322405682,5657.265095658617,5112.489306299155,-775.1198878957305,2473.9562496522976,-1961.7406127779523,2428.946646072159,-4824.459043919755,2822.2578020855567
C.1.1.2.1.5.2.1,Part 137,C.1.1.2.1.5.2,+,false,0.676165806948673,0.28909372274994966,-96.10035391524434,28.721044428837228,-69.41496604122221,28.23690002309109,-94.27793025970459,29.057750463592832,0.8177669569200914,0.37074144170588635,0.7299320788650162,0.3723953238821935,0.8097335357735644,0.37017423652493897,0.01811276072234147,0.02351283871158888,-0.05779361816424772,0.022566176940390956,0.04648571447315491,0.02209918015384651
C.1.1.2.1.5.2.2,Part 138,C.1.1.2.1.5.2,-,false,0.8123143940349109,0.28909372274994966,-49.23978759907186,28.721044428837228,22.621416673064232,28.23690002309109,40.08059962652624,29.057750463592832,1.002210221059507,0.37074144170588635,1.185394183821374,0.3723953238821935,0.9463297037965218,0.37017423652493897,-0.022432198261390094,0.02351283871158888,0.034175143590491466,0.022566176940390956,0.08665344471318208,0.02209918015384651
C.1.1.2.1.5.2.3,Part 139,C.1.1.2.1.5.2,-,false,0.12062828322360292,0.28909372274994966,30.05693545565009,28.721044428837228,-91.9261603616178,28.23690002309109,-53.16067193634808,29.057750463592832,0.15840495688468167,0.37074144170588635,0.15415726107422356,0.3723953238821935,0.1506746933151752,0.37017423652493897,0.006711086624961781,0.02351283871158888,-0.0015860072164172753,0.022566176940390956,-0.0007317874406657901,0.02209918015384651
C.1.1.2.1.5.3,Subassembly 41,C.1.1.2.1.5,-,false,0.964943844099529,0.5007250159521434,-69.15055481234776,30.892100502755667,10.672727360084073,30.990423744988586,-65.84365203416877,27.62825876107644,2577.397037716498,2722.2077061023538,2511.398231015163,2674.834823997744,2056.9184670658847,3909.749615471609,-1006.618649041541,1954.578154789646,75.46078384018838,830.4833806470791,-176.53835805840828,815.4924578682949
C.1.1.2.1.5.3.1,Part 140,C.1.1.2.1.5.3,-,false,0.28459705574368127,0.28909372274994966,-83.23765029199421,28.721044428837228,6.243040785193443,28.23690002309109,-6.131899217143655,29.057750463592832,0.3174809909585794,0.37074144170588635,0.36332572703877697,0.3723953238821935,0.36544653798551574,0.37017423652493897,-0.021020534893919716,0.02351283871158888,0.0011902640754227955,0.022566176940390956,0.00030644695781537024,0.02209918015384651
C.1.1.2.1.5.3.2,Part 141,C.1.1.2.1.5.3,+,false,0.5458731079851277,0.28909372274994966,-81.45713596604764,28.721044428837228,-7.000693446025252,28.23690002309109,-96.07520098797977,29.057750463592832,0.5347265581717263,0.37074144170588635,0.5734655753935646,0.3723953238821935,0.5902595852370592,0.37017423652493897,-0.02793345944694969,0.02351283871158888,0.027203295076605523,0.022566176940390956,0.0036293523578296983,0.02209918015384651
C.1.1.2.1.5.3.3,Part 142,C.1.1.2.1.5.3,-,false,0.1344736803707201,0.28909372274994966,10.61953529715538,28.721044428837228,91.78987140767276,28.23690002309109,-69.49640740640461,29.057750463592832,0.1994522258616676,0.37074144170588635,0.1967005418142774,0.3723953238821935,0.1966584182224298,0.37017423652493897,0.0025516026135663145,0.02351283871158888,0.0011009687983479684,0.022566176940390956,0.0003185896142718945,0.02209918015384651
C.1.1.2.1.5.4,Subassembly 42,C.1.1.2.1.5,-,false,3.222242954750778,0.6464332159373649,7.028207089787453,18.236425164117858,8.996883292892319,17.053533451349757,-12.24991348682863,17.48967024229969,12767.368472023538,6684.555683724957,13297.588849603835,7113.578737829268,15617.550134587227,7430.13509966566,-5055.232168805023,3433.7792672953083,1633.3044270641578,3268.295688229378,5400.260272371043,3315.8475538101493
C.1.1.2.1.5.4.1,Part 143,C.1.1.2.1.5.4,+,false,0.1215258111958392,0.28909372274994966,97.89935210719705,28.721044428837228,-14.352465933188796,28.23690002309109,42.845899472013116,29.057750463592832,0.17301150346399724,0.37074144170588635,0.15823515097252172,0.3723953238821935,0.17622942245687723,0.37017423652493897,0.006047759901812523,0.02351283871158888,0.008413166574839984,0.022566176940390956,-0.0004807438877178667,0.02209918015384651
C.1.1.2.1.5.4.2,Part 144,C.1.1.2.1.5.4,+,false,0.46269242569990454,0.28909372274994966,-2.2517085541039705,28.721044428837228,83.73118420131505,28.23690002309109,-98.01948610693216,29.057750463592832,0.6048215949955417,0.37074144170588635,0.7201245139841406,0.3723953238821935,0.5765976279600344,0.37017423652493897,-0.06448649363053159,0.02351283871158888,0.007168666867494928,0.022566176940390956,0.0162296272098285,0.02209918015384651
C.1.1.2.1.5.4.3,Part 145,C.1.1.2.1.5.4,+,false,0.9827399011156521,0.28909372274994966,66.33293624036014,28.721044428837228,49.1757424082607,28.23690002309109,-18.6045931186527,29.057750463592832,1.3108250003809785,0.37074144170588635,1.2985415627352457,0.3723953238821935,1.0950475129815074,0.37017423652493897,-0.04401540679121507,0.02351283871158888,-0.07174685322028279,0.022566176940390956,0.05532002807269491,0.02209918015384651
C.1.1.2.1.5.4.4,Part 146,C.1.1.2.1.5.4,-,false,0.8762005920649972,0.28909372274994966,-55.63594405539334,28.721044428837228,-45.388418808579445,28.23690002309109,27.493249252438545,29.057750463592832,1.17859494960956,0.37074144170588635,1.1898543637982602,0.3723953238821935,0.9244969492842944,0.37017423652493897,-0.004802690682821149,0.02351283871158888,0.033619872224326,0.022566176940390956,-0.023429283271321405,0.02209918015384651
C.1.1.2.1.5.4.5,Part 147,C.1.1.2.1.5.4,+,false,0.7790842246743851,0.28909372274994966,-5.9667938854545355,28.721044428837228,-21.262207766994834,28.23690002309109,-6.58764666877687,29.057750463592832,0.9049289085296087,0.37074144170588635,1.0021354911993983,0.3723953238821935,0.9534793197752769,0.37017423652493897,-0.046207166276300594,0.02351283871158888,-0.08452388087665226,0.022566176940390956,0.06762880194057005,0.02209918015384651
C.1.1.2.1.5.5,Subassembly 43,C.1.1.2.1.5,-,false,2.4080397121601274,0.6464332159373649,-33.369032667258665,23.349701713883835,-18.876203743944878,19.486701130261665,58.061088595803916,20.19719046429248,8612.194947446987,5315.630762633261,7344.924206269195,6643.30007801089,7966.404599643123,6384.730102103138,-851.2750658061543,2629.857759381251,2796.0902994184107,2982.3789097935874,-1018.5817830854243,2551.742198776832
C.1.1.2.1.5.5.1,Part 148,C.1.1.2.1.5.5,+,false,0.5692882913739886,0.28909372274994966,-20.47927901148796,28.721044428837228,-33.217661594972014,28.23690002309109,8.835651725530624,29.057750463592832,0.8289207536336094,0.37074144170588635,0.7676713468109841,0.3723953238821935,0.8125309094102543,0.37017423652493897,0.0005303710081927901,0.02351283871158888,0.009410466876182872,0.022566176940390956,0.03702571528161821,0.02209918015384651
C.1.1.2.1.5.5.2,Part 149,C.1.1.2.1.5.5,-,false,0.15183776629413478,0.28909372274994966,59.654495073482394,28.721044428837228,49.16452025063336,28.23690002309109,-8.414956089109182,29.057750463592832,0.165857578928367,0.37074144170588635,0.17216267449049777,0.3723953238821935,0.16724703343679237,0.37017423652493897,-0.00197736672212002,0.02351283871158888,0.0058231361076871374,0.022566176940390956,0.0018797894763217964,0.02209918015384651
C.1.1.2.1.5.5.3,Part 150,C.1.1.2.1.5.5,-,false,0.10770200214954093,0.28909372274994966,74.13820647634566,28.721044428837228,-30.705874180421233,28.23690002309109,4.817138891667128,29.057750463592832,0.1257832376891619,0.37074144170588635,0.10392978416812212,0.3723953238821935,0.13898286923139067,0.37017423652493897,-0.003402490667846773,0.02351283871158888,0.0012548029673312864,0.022566176940390956,-7.626846859778377e-6,0.02209918015384651
C.1.1.2.1.5.5.4,Part 151,C.1.1.2.1.5.5,-,false,0.9767942562880926,0.28909372274994966,-53.13462843187153,28.721044428837228,18.97773602977395,28.23690002309109,98.64025609567761,29.057750463592832,1.4181757016777667,0.37074144170588635,1.304351102648269,0.3723953238821935,1.3441982823391134,0.37017423652493897,0.027490749776944545,0.02351283871158888,-0.07202193601768515,0.022566176940390956,-0.03568700747841831,0.02209918015384651
C.1.1.2.1.5.5.5,Part 152,C.1.1.2.1.5.5,-,false,0.6024173960543703,0.28909372274994966,-56.167668756097555,28.721044428837228,-81.73653865233064,28.23690002309109,65.05627376027405,29.057750463592832,0.7724924516764912,0.37074144170588635,0.8379278897473506,0.3723953238821935,0.7378951037295188,0.37017423652493897,0.032745472532650435,0.02351283871158888,-0.021583451067481694,0.022566176940390956,-0.01001994014271302,0.02209918015384651
C.1.1.2.2,Subsystem 4,C.1.1.2,-,false,18.22715183463041,1.7820933926902207,-4.868964782135025,7.869633600524663,-14.797855482181655,7.423458649925451,10.650613679203293,7.847228142105054,102056.67474914368,19136.771438154654,100336.90119787194,21176.009173007686,100312.44363424747,18881.39609356407,-6284.731227025179,8959.90918348857,1082.1755359313802,9935.863826669936,-4106.363420615689,8374.640674145685
C.1.1.2.2.1,Assembly 12,C.1.1.2.2,-,false,7.448503571380396,1.1919639546010696,0.6379370148955974,12.488160200507439,-1.3526413049182509,11.927614088683717,17.883163879580483,11.882802004780391,46133.404346965915,12276.208122949629,46061.706376434486,13012.844026496965,44259.58339041629,12821.847167468924,-3593.94263710787,6208.323931518655,-3876.700127720149,5828.28157433354,-4969.922546802821,5324.487356352981
C.1.1.2.2.1.1,Subassembly 44,C.1.1.2.2.1,-,false,1.8700212576393969,0.5781874454998993,19.042977724330875,20.15470312446756,14.85304684236597,24.111499644546317,29.791329751981607,18.407122272746985,4580.802114057332,3696.47071482153,2527.903280838264,2398.280520240986,4727.644159359155,4101.02831969691,-1162.8377714127914,1921.1458882475536,29.129574997786193,1079.6554796153575,-1276.6138581311134,1501.3082334120152
C.1.1.2.2.1.1.1,Part 153,C.1.1.2.2.1.1,-,false,0.855321117463056,0.28909372274994966,4.351499816402793,28.721044428837228,-21.02312254719436,28.23690002309109,6.591932894662023,29.057750463592832,1.011890819436567,0.37074144170588635,1.1037062744217299,0.3723953238821935,1.0899136050558529,0.37017423652493897,0.03067171311202662,0.02351283871158888,0.02717709442391499,0.022566176940390956,0.01112129199620427,0.02209918015384651
C.1.1.2.2.1.1.2,Part 154,C.1.1.2.2.1.1,+,false,0.08018356888229028,0.28909372274994966,55.72422328405082,28.721044428837228,-63.476700987666845,28.23690002309109,21.198144974187016,29.057750463592832,0.09829198843261945,0.37074144170588635,0.09654515079313099,0.3723953238821935,0.0966067730546954,0.37017423652493897,0.0009798259919753046,0.02351283871158888,0.00024115810899414248,0.022566176940390956,7.37659657377281e-5,0.02209918015384651
C.1.1.2.2.1.1.3,Part 155,C.1.1.2.2.1.1,+,false,0.3022511094980873,0.28909372274994966,75.32320339232683,28.721044428837228,81.75194882787764,28.23690002309109,27.09015137515962,29.057750463592832,0.33478560117777884,0.37074144170588635,0.3329397819957529,0.3723953238821935,0.3270648789313383,0.37017423652493897,0.01622390100726502,0.02351283871158888,-0.015992914831490568,0.022566176940390956,-0.01936987097497332,0.02209918015384651
C.1.1.2.2.1.1.4,Part 156,C.1.1.2.2.1.1,+,false,0.6322654617959633,0.28909372274994966,7.3610767256468534,28.721044428837228,41.338973538950086,28.23690002309109,63.55626191943884,29.057750463592832,0.9551482203657099,0.37074144170588635,0.9194819283207218,0.3723953238821935,0.8733881917209926,0.37017423652493897,0.04531404116053733,0.02351283871158888,0.004886040855269214,0.022566176940390956,-0.029527678514451056,0.02209918015384651
C.1.1.2.2.1.2,Subassembly 45,C.1.1.2.2.1,-,false,2.091520572860958,0.6464332159373649,5.2805352549354145,28.09852011809438,-30.244744182931463,21.748951895013516,27.842401890770056,24.953402444148413,16280.358228482952,7574.064988563821,22474.942155002846,9561.488692511293,13831.676678087722,8057.959147747066,4127.204708166517,3792.784729286596,-3366.1510448047657,4079.8741607652946,-3275.998559440784,3185.236149886907
C.1.1.2.2.1.2.1,Part 157,C.1.1.2.2.1.2,+,false,0.6295002899167593,0.28909372274994966,-25.61848503537476,28.721044428837228,-57.095806021243334,28.23690002309109,-84.21276365406811,29.057750463592832,0.6434653361214111,0.37074144170588635,0.6757857073193699,0.3723953238821935,0.7229691868410921,0.37017423652493897,0.006136141931393743,0.02351283871158888,-0.0016994229790750132,0.022566176940390956,-0.0033163206767449814,0.02209918015384651
C.1.1.2.2.1.2.2,Part 158,C.1.1.2.2.1.2,-,false,0.7332497966079973,0.28909372274994966,77.08858493715525,28.721044428837228,-36.88400159589946,28.23690002309109,91.61950079724193,29.057750463592832,0.9606364971161523,0.37074144170588635,0.9855901543380022,0.3723953238821935,0.9440147050071717,0.37017423652493897,-0.028827491222627472,0.02351283871158888,0.03276269160907726,0.022566176940390956,0.03920061223880837,0.02209918015384651
C.1.1.2.2.1.2.3,Part 159,C.1.1.2.2.1.2,+,false,0.3508497709115036,0.28909372274994966,-91.8515557423234,28.721044428837228,45.420784410089254,28.23690002309109,94.70796925015748,29.057750463592832,0.4205162186672067,0.37074144170588635,0.5004571198168236,0.3723953238821935,0.43971269939499696,0.37017423652493897,-0.007283636028104069,0.02351283871158888,-0.018455258131757347,0.022566176940390956,-0.03375045589190957,0.02209918015384651
C.1.1.2.2.1.2.4,Part 160,C.1.1.2.2.1.2,+,false,0.1311549131362699,0.28909372274994966,-99.81856071390212,28.721044428837228,36.38377725146711,28.23690002309109,23.7374025862664,29.057750463592832,0.14938146417337916,0.37074144170588635,0.15153397534380042,0.3723953238821935,0.154632344761327,0.37017423652493897,-0.0027815909208092644,0.02351283871158888,-0.002273090261887583,0.022566176940390956,0.0006452655050746567,0.02209918015384651
C.1.1.2.2.1.2.5,Part 161,C.1.1.2.2.1.2,-,false,0.24676580228842795,0.28909372274994966,64.69208640046418,28.721044428837228,-85.01289207488298,28.23690002309109,31.298457086086273,29.057750463592832,0.31763448575623865,0.37074144170588635,0.26658696509313023,0.3723953238821935,0.28184354054357186,0.37017423652493897,-0.025203932874431536,0.02351283871158888,-0.0006307231815927926,0.022566176940390956,-7.151757905495217e-5,0.02209918015384651
C.1.1.2.2.1.3,Subassembly 46,C.1.1.2.2.1,-,false,1.7429508695597762,0.5007250159521434,-43.44618008436389,18.540257475337402,-1.9126241707650773,25.753725082471316,-0.8353909417971653,24.691713977190314,13572.373198565532,6628.922375742476,5465.1972311524105,4138.030922518527,10164.286023046825,5685.636967927616,-3062.965297546595,2580.016298452773,-619.9803356658347,1535.5070425009012,-1945.0615619422588,2756.7065189037585
C.1.1.2.2.1.3.1,Part 162,C.1.1.2.2.1.3,+,false,0.7893546829856932,0.28909372274994966,-67.3292264342308,28.721044428837228,-73.68204486556351,28.23690002309109,-38.91388191841543,29.057750463592832,1.1290150077386103,0.37074144170588635,1.1553110575148235,0.3723953238821935,1.1540887704207425,0.37017423652493897,0.03496088578509725,0.02351283871158888,-0.06512104541504529,0.022566176940390956,0.0332753571194644,0.02209918015384651
C.1.1.2.2.1.3.2,Part 163,C.1.1.2.2.1.3,+,false,0.34623989950399847,0.28909372274994966,-43.06602762080729,28.721044428837228,1.5229502692818642,28.23690002309109,96.34249876253307,29.057750463592832,0.44940755420150236,0.37074144170588635,0.4369300211826027,0.3723953238821935,0.46562037221866565,0.37017423652493897,-0.00170280583917383,0.02351283871158888,0.02977670813782962,0.022566176940390956,0.044653474482573605,0.02209918015384651
C.1.1.2.2.1.3.3,Part 164,C.1.1.2.2.1.3,+,false,0.6073562870700844,0.28909372274994966,-12.623134488239884,28.721044428837228,89.40444383770227,28.23690002309109,-6.745311804115772,29.057750463592832,0.7477489793465344,0.37074144170588635,0.7959935845449397,0.3723953238821935,0.78254186501959,0.37017423652493897,-0.03885328169766915,0.02351283871158888,-0.0012848464781238028,0.022566176940390956,-0.041375048005681744,0.02209918015384651
C.1.1.2.2.1.4,Subassembly 47,C.1.1.2.2.1,-,false,1.7440108713202647,0.6464332159373649,19.392718687921658,25.49727348914511,16.479511789349306,19.915598635943788,11.878067649556943,24.869859431961554,7761.514924205168,4475.295001993062,9768.192266047621,5985.777663628189,8064.592031452636,5005.821217777005,-2591.833928552899,2183.5938634389568,1828.7092076742917,2811.5187837570297,1118.321514207783,1967.8640139937615
C.1.1.2.2.1.4.1,Part 165,C.1.1.2.2.1.4,+,false,0.3922002762623597,0.28909372274994966,41.76503103226423,28.721044428837228,16.801129328086972,28.23690002309109,-31.626209104433656,29.057750463592832,0.48126984569039655,0.37074144170588635,0.5040004115610209,0.3723953238821935,0.49089795328071667,0.37017423652493897,-0.048019304466833994,0.02351283871158888,-0.003057873010357374,0.022566176940390956,0.03230530719502631,0.02209918015384651
C.1.1.2.2.1.4.2,Part 166,C.1.1.2.2.1.4,+,false,0.36562424327223564,0.28909372274994966,5.3220359608531,28.721044428837228,-41.46459153853357,28.23690002309109,65.6319173052907,29.057750463592832,0.5162617026691243,0.37074144170588635,0.4954593465074545,0.3723953238821935,0.5326384598125916,0.37017423652493897,0.030207636725343538,0.02351283871158888,0.02205165776763099,0.022566176940390956,-0.03535328358763729,0.02209918015384651
C.1.1.2.2.1.4.3,Part 167,C.1.1.2.2.1.4,-,false,0.19489581103413367,0.28909372274994966,-73.25983932241797,28.721044428837228,-26.92969162017107,28.23690002309109,-48.997609969228506,29.057750463592832,0.2217614715819434,0.37074144170588635,0.24654102146115023,0.3723953238821935,0.23082892828115417,0.37017423652493897,-0.02575661379570556,0.02351283871158888,-0.0007370291618240341,0.022566176940390956,-0.003283593917601211,0.02209918015384651
C.1.1.2.2.1.4.4,Part 168,C.1.1.2.2.1.4,+,false,0.28059754030313344,0.28909372274994966,-43.049339298158884,28.721044428837228,26.16354515776038,28.23690002309109,93.12769616954029,29.057750463592832,0.308688770596357,0.37074144170588635,0.30325470210694705,0.3723953238821935,0.3512915592998523,0.37017423652493897,0.00012055425453756205,0.02351283871158888,0.018464009269710403,0.022566176940390956,0.01283015502173616,0.02209918015384651
C.1.1.2.2.1.4.5,Part 169,C.1.1.2.2.1.4,+,false,0.510693000448402,0.28909372274994966,81.95249321870506,28.721044428837228,68.96228790283203,28.23690002309109,-14.606244023889303,29.057750463592832,0.5349014972267188,0.37074144170588635,0.524934917587324,0.3723953238821935,0.5736673343665503,0.37017423652493897,-0.04917564918169298,0.02351283871158888,-0.024640099051106902,0.022566176940390956,0.011977660643177224,0.02209918015384651
C.1.1.2.2.2,Assembly 13,C.1.1.2.2,-,false,2.793848690938903,0.6464332159373648,-21.40009707187319,15.534353323054303,23.63630475883233,18.08063018451818,-1.3348119586099294,18.468866541043052,15754.538064410179,6755.533964936606,9732.336255096474,5192.086049280334,11224.614255035,5589.491445518823,1325.1797124745285,2668.1529069581943,-1097.8757646335782,2362.0911675912625,74.47651337419097,3143.063458086148
C.1.1.2.2.2.1,Subassembly 48,C.1.1.2.2.2,-,false,1.3784646292303222,0.40884026350990615,-33.13474464984104,22.400351809298773,-3.363801776010158,27.787735790081378,-0.557200167013529,21.19346879387262,6271.426410342605,4159.099111597139,1820.319187925209,2109.3898149688434,7248.121141309136,4545.1994916056265,2859.1568021664243,2193.8072064983494,-767.2394413186853,1050.9347412779023,1569.559039333847,1962.4971541924983
C.1.1.2.2.2.1.1,Part 170,C.1.1.2.2.2.1,+,false,0.6996860573282465,0.28909372274994966,-1.7720005940645933,28.721044428837228,-67.52090468071401,28.23690002309109,16.659361915662885,29.057750463592832,0.7565597034536904,0.37074144170588635,0.7140389968962108,0.3723953238821935,0.7799959383165427,0.37017423652493897,-0.041547433095870986,0.02351283871158888,-0.01745733488467227,0.022566176940390956,-0.04193598402791303,0.02209918015384651
C.1.1.2.2.2.1.2,Part 171,C.1.1.2.2.2.1,-,false,0.6787785719020758,0.28909372274994966,-65.46351229771972,28.721044428837228,62.76944437995553,28.23690002309109,-18.304060399532318,29.057750463592832,0.7822071559843139,0.37074144170588635,0.7778822248011155,0.3723953238821935,0.978182922344661,0.37017423652493897,0.014097647102195519,0.02351283871158888,-0.01694636423436308,0.022566176940390956,0.01500608161680842,0.02209918015384651
C.1.1.2.2.2.2,Subassembly 49,C.1.1.2.2.2,-,false,1.4153840617085807,0.5007250159521434,-9.971540639504346,20.8919604289553,49.932129934934935,19.84897482550879,-2.0921402195302217,30.047963237396157,7497.861477064483,4654.284923258925,7535.688471840768,4638.158009773543,1618.2049776500833,1686.7367507863787,-671.8729375177036,813.6372716160243,-355.4652014324578,2029.810177551415,-1552.210986772875,2037.9027489226426
C.1.1.2.2.2.2.1,Part 172,C.1.1.2.2.2.2,+,false,0.4198192962212488,0.28909372274994966,-37.14067074470222,28.721044428837228,14.053925639018416,28.23690002309109,-85.41102516464889,29.057750463592832,0.4565478244430911,0.37074144170588635,0.43155697305090707,0.3723953238821935,0.44063510654598226,0.37017423652493897,-0.01574009883870208,0.02351283871158888,-0.02596286629234972,0.022566176940390956,-0.005362394374839528,0.02209918015384651
C.1.1.2.2.2.2.2,Part 173,C.1.1.2.2.2.2,+,false,0.7348289012997411,0.28909372274994966,-10.253697354346514,28.721044428837228,62.32720548287034,28.23690002309109,63.26927565969527,29.057750463592832,0.9086654377186083,0.37074144170588635,0.817470985763932,0.3723953238821935,0.9042395640767662,0.37017423652493897,0.04881666259776883,0.02351283871158888,-0.00671583145843677,0.022566176940390956,-0.0737893775556489,0.02209918015384651
C.1.1.2.2.2.2.3,Part 174,C.1.1.2.2.2.2,-,false,0.26073586418759076,0.28909372274994966,34.56955854780972,28.721044428837228,72.76789420284331,28.23690002309109,-52.1450235042721,29.057750463592832,0.3281893917850688,0.37074144170588635,0.31658153701329195,0.3723953238821935,0.35617066525768576,0.37017423652493897,0.023748535612479228,0.02351283871158888,0.008651694245284846,0.022566176940390956,-0.0021481332233297193,0.02209918015384651
C.1.1.2.2.3,Assembly 14,C.1.1.2.2,-,false,7.9847995723111085,1.1563748909997986,-4.22182210081867,12.449369048861335,-40.787982374489836,9.770354385243092,8.097486317078793,12.409891185274457,28458.566061791385,11288.132808677037,42707.117436876884,15668.405660513961,32968.370086790026,10888.32520138551,-5373.86924820884,4741.324639391652,6893.777334612579,7576.114453859485,756.2532708824685,4358.531952768692
C.1.1.2.2.3.1,Subassembly 50,C.1.1.2.2.3,-,false,1.7899949761810712,0.5781874454998993,50.59611300880514,20.745081949216413,-10.277745241141082,16.256558643017687,-4.908987565862508,18.518368566527954,2486.2298722191917,2187.5540115893273,5119.368523079636,3832.7129167070657,4079.683745684356,3134.899915248627,-738.7629728353611,1336.7879531590154,-1986.19734690606,1867.3558076282575,-405.7011125521964,1002.4513528125922
C.1.1.2.2.3.1.1,Part 175,C.1.1.2.2.3.1,+,false,0.3818557383387815,0.28909372274994966,78.52229713462293,28.721044428837228,21.36943400837481,28.23690002309109,-9.543733717873693,29.057750463592832,0.5319513754691908,0.37074144170588635,0.5483133823325838,0.3723953238821935,0.4872504616722236,0.37017423652493897,-0.008903521278638978,0.02351283871158888,0.018111536032810044,0.022566176940390956,-0.008122788963804048,0.02209918015384651
C.1.1.2.2.3.1.2,Part 176,C.1.1.2.2.3.1,-,false,0.34342165624699555,0.28909372274994966,41.91951500251889,28.721044428837228,2.2042570635676384,28.23690002309109,22.982495417818427,29.057750463592832,0.40729414914632167,0.37074144170588635,0.47263102522078565,0.3723953238821935,0.47056312665341976,0.37017423652493897,-0.006881955584817899,0.02351283871158888,-0.006839163063818052,0.022566176940390956,-0.009270036525564025,0.02209918015384651
C.1.1.2.2.3.1.3,Part 177,C.1.1.2.2.3.1,+,false,0.6777255211237352,0.28909372274994966,83.33116816356778,28.721044428837228,-21.35280929505825,28.23690002309109,15.441287821158767,29.057750463592832,0.9386723776818713,0.37074144170588635,0.7963311692494339,0.3723953238821935,0.7530448965205254,0.37017423652493897,-0.052695440524780354,0.02351283871158888,0.0012846230703561275,0.022566176940390956,0.05640080099556968,0.02209918015384651
C.1.1.2.2.3.1.4,Part 178,C.1.1.2.2.3.1,-,false,0.38699206047155893,0.28909372274994966,-26.587445428594947,28.721044428837228,-33.18620836362243,28.23690002309109,-60.725729214027524,29.057750463592832,0.4727235236998924,0.37074144170588635,0.5222823067161467,0.3723953238821935,0.48139932215659925,0.37017423652493897,0.025724385298106316,0.02351283871158888,-0.011550567601656537,0.022566176940390956,-0.0023495446656244673,0.02209918015384651
C.1.1.2.2.3.2,Subassembly 51,C.1.1.2.2.3,-,false,3.265384811228141,0.6464332159373649,1.8430844618695317,17.204927428720044,-72.09557973110854,14.764639128856894,0.8461501343586872,17.45434224732792,6566.442860214721,4527.158622860416,12367.910106967245,6509.750177418542,7901.562914503439,4855.907586351207,-2096.075076547242,2305.421607718066,2677.580857776139,3151.9067039606575,-9.072327129877511,2000.6381558545372
C.1.1.2.2.3.2.1,Part 179,C.1.1.2.2.3.2,-,false,0.921826909518335,0.28909372274994966,-51.94877693429589,28.721044428837228,-91.24262607656419,28.23690002309109,46.45874951966107,29.057750463592832,1.1651781250013817,0.37074144170588635,1.26555224577138,0.3723953238821935,1.0835543969554178,0.37017423652493897,-0.015265954075495313,0.02351283871158888,0.09962482356939162,0.022566176940390956,-0.07392358763382721,0.02209918015384651
C.1.1.2.2.3.2.2,Part 180,C.1.1.2.2.3.2,+,false,0.8862786426742095,0.28909372274994966,54.19662734493613,28.721044428837228,-68.70926516130567,28.23690002309109,-41.655086586251855,29.057750463592832,1.0921190348871317,0.37074144170588635,1.1557262504995385,0.3723953238821935,1.131124092215032,0.37017423652493897,0.1221352198976941,0.02351283871158888,-0.05467236166137991,0.022566176940390956,-0.05448487207736866,0.02209918015384651
C.1.1.2.2.3.2.3,Part 181,C.1.1.2.2.3.2,+,false,0.3094832809737418,0.28909372274994966,65.61011811718345,28.721044428837228,-31.50172927416861,28.23690002309109,38.402926130220294,29.057750463592832,0.4233542535556114,0.37074144170588635,0.43254369374762774,0.3723953238821935,0.3669955389625493,0.37017423652493897,0.008415277523069996,0.02351283871158888,0.014774548870305677,0.022566176940390956,-0.010480292298601068,0.02209918015384651
C.1.1.2.2.3.2.4,Part 182,C.1.1.2.2.3.2,+,false,0.22355187601805665,0.28909372274994966,-42.93162287212908,28.721044428837228,-96.18664039298892,28.23690002309109,-82.45789795182645,29.057750463592832,0.3079912211934493,0.37074144170588635,0.35107218112298116,0.3723953238821935,0.3078917453193108,0.37017423652493897,-0.02019461563142872,0.02351283871158888,0.005513813084381957,0.022566176940390956,0.006168232857509408,0.02209918015384651
C.1.1.2.2.3.2.5,Part 183,C.1.1.2.2.3.2,+,false,0.9242441020437981,0.28909372274994966,-5.231239879503846,28.721044428837228,-64.01164601556957,28.23690002309109,3.6815470084547997,29.057750463592832,1.0950805614993238,0.37074144170588635,1.1707770162630593,0.3723953238821935,1.0120576525062939,0.37017423652493897,-0.010934337522805072,0.02351283871158888,-0.08165481635000502,0.022566176940390956,0.0296555379743003,0.02209918015384651
C.1.1.2.2.3.3,Subassembly 52,C.1.1.2.2.3,-,false,0.9042685998999513,0.40884026350990615,-44.12431627490372,44.74082732628019,-32.188208635495656,27.630835740261183,73.36857524151401,48.586903987386485,816.3719651594015,4672.575093725355,1416.8520160842768,8093.944013202667,647.2246323535072,3709.188146456086,-119.57975133950889,715.0056935566982,702.8095570387854,4018.2030979760443,134.80845197186923,805.8319844527565
C.1.1.2.2.3.3.1,Part 184,C.1.1.2.2.3.3,-,false,0.04803869580011815,0.28909372274994966,66.72488856129348,28.721044428837228,-10.92528160661459,28.23690002309109,-51.6026321798563,29.057750463592832,0.06142990296864371,0.37074144170588635,0.06211455597531635,0.3723953238821935,0.06698754323627717,0.37017423652493897,-0.0033889768570873873,0.02351283871158888,0.00012456251773068552,0.022566176940390956,0.002252160035002961,0.02209918015384651
C.1.1.2.2.3.3.2,Part 185,C.1.1.2.2.3.3,-,false,0.8562299040998332,0.28909372274994966,-50.343500170856714,28.721044428837228,-33.38116309605539,28.23690002309109,80.38007272407413,29.057750463592832,1.0210523919141257,0.37074144170588635,1.0426604759076454,0.3723953238821935,0.825067983737281,0.37017423652493897,0.002357001642284754,0.02351283871158888,-0.0052327181802938934,0.022566176940390956,-0.0066476320400703625,0.02209918015384651
C.1.1.2.2.3.4,Subassembly 53,C.1.1.2.2.3,-,false,1.494205376476748,0.5007250159521434,-35.55934921452879,23.231222705364043,-15.856691270065312,21.911062116448857,-31.255618875744435,19.75044298276489,1858.7457656762022,1955.2288813398304,2292.080337531563,2331.715257034724,3611.159299136013,3061.5713135796414,-1755.464983925602,1509.4246195589092,489.80184251025776,1078.7063984792937,328.0213651238119,961.636048328705
C.1.1.2.2.3.4.1,Part 186,C.1.1.2.2.3.4,-,false,0.3002359834588133,0.28909372274994966,25.597803201526403,28.721044428837228,30.103622004389763,28.23690002309109,-57.109012082219124,29.057750463592832,0.36829728687696506,0.37074144170588635,0.42310058052205446,0.3723953238821935,0.35415201145191993,0.37017423652493897,0.03080669356825065,0.02351283871158888,-0.011446127957038359,0.022566176940390956,-0.009596556081073104,0.02209918015384651
C.1.1.2.2.3.4.2,Part 187,C.1.1.2.2.3.4,+,false,0.3281037449145224,0.28909372274994966,-14.040295174345374,28.721044428837228,14.488649740815163,28.23690002309109,-18.506762851029634,29.057750463592832,0.4284691494171979,0.37074144170588635,0.41935830629330473,0.3723953238821935,0.392214819135819,0.37017423652493897,0.006701085850058464,0.02351283871158888,0.016201924786676227,0.022566176940390956,0.023212845009562173,0.02209918015384651
C.1.1.2.2.3.4.3,Part 188,C.1.1.2.2.3.4,+,false,0.8658656481034123,0.28909372274994966,-64.91963169537485,28.721044428837228,-43.292079120874405,28.23690002309109,-27.12198505178094,29.057750463592832,1.077036074914798,0.37074144170588635,1.1624130034062254,0.3723953238821935,1.0652868370570392,0.37017423652493897,-0.13159559804711357,0.02351283871158888,-0.047983866772825394,0.022566176940390956,-0.041762921962672866,0.02209918015384651
C.1.1.2.2.3.5,Subassembly 54,C.1.1.2.2.3,-,false,0.5309458085251972,0.40884026350990615,-70.18111139502382,29.48269485701874,-35.91138841172938,34.0023999068388,96.1270937732749,26.384238452898675,100.22429417941565,517.9992889658733,39.32961740938295,219.48104718476537,137.44658443859123,700.6255626957136,61.28672242096492,317.25722356883,-5.389284163481445,61.81497108100646,8.69353690229656,99.26191670213635
C.1.1.2.2.3.5.1,Part 189,C.1.1.2.2.3.5,-,false,0.47780262160301207,0.28909372274994966,-73.00108168274164,28.721044428837228,-31.360478466376662,28.23690002309109,95.72706767357886,29.057750463592832,0.5265216427943255,0.37074144170588635,0.5261432335377831,0.3723953238821935,0.5543274632164974,0.37017423652493897,0.02960063515569681,0.02351283871158888,-0.00012168005271508214,0.022566176940390956,0.00016350315055952514,0.02209918015384651
C.1.1.2.2.3.5.2,Part 190,C.1.1.2.2.3.5,+,false,0.05314318692218512,0.28909372274994966,-44.827170949429274,28.721044428837228,-76.82795417495072,28.23690002309109,99.72366993315518,29.057750463592832,0.06773992825147897,0.37074144170588635,0.07836658136671154,0.3723953238821935,0.06488608151294459,0.37017423652493897,0.005263767600881721,0.02351283871158888,0.004183776910756587,0.022566176940390956,-0.00301476035404252,0.02209918015384651
C.1.1.2.3,Subsystem 5,C.1.1.2,-,false,31.66261834547459,2.276326249260491,2.8282316487796813,6.520477815416599,3.5704264865922064,6.132595055852162,10.993853832967268,6.094760851232559,207419.6511169976,29275.009237210103,237064.7470659124,32486.824920143194,230720.11322500277,33804.398607566356,16255.874990328333,16373.733166274165,-17826.255321625347,15058.245724625083,2608.8610310662093,13930.827914589068
C.1.1.2.3.1,Assembly 15,C.1.1.2.3,-,false,6.776666811689967,1.2265207905297186,6.74761162547304,14.030995004288307,1.947211890432477,13.263995555054244,25.372945206962566,12.82923577877861,28442.75301994515,11510.289720531477,33394.138525291215,12844.808953536723,37770.27970316629,15512.206860273636,825.0985040784553,7560.209718628592,-2881.9617885173902,5469.169368781902,-2051.2112366456363,5386.78274279549
C.1.1.2.3.1.1,Subassembly 55,C.1.1.2.3.1,-,false,1.8335733300319408,0.6464332159373649,51.0155304639657,16.983652330986057,-19.231104361428457,16.768274644397497,26.700556443985498,25.696714687580553,4963.66946390069,4216.248678847564,5157.750832302399,4362.161126163971,2076.550264149479,1929.4976930416688,-701.0560722770974,928.3089173636005,-466.4063588791215,1561.7639992968263,680.6757344731562,1378.0745039551146
C.1.1.2.3.1.1.1,Part 191,C.1.1.2.3.1.1,-,false,0.2017568920047488,0.28909372274994966,68.65355842746794,28.721044428837228,0.6748892366886139,28.23690002309109,67.41321492008865,29.057750463592832,0.24496460754134886,0.37074144170588635,0.25679066894576086,0.3723953238821935,0.19759319167786243,0.37017423652493897,-0.006378790443042046,0.02351283871158888,-0.011015689262780133,0.022566176940390956,0.014957847660477037,0.02209918015384651
C.1.1.2.3.1.1.2,Part 192,C.1.1.2.3.1.1,+,false,0.19057214169902728,0.28909372274994966,62.64283275231719,28.721044428837228,-57.9179001506418,28.23690002309109,96.48704556748271,29.057750463592832,0.21287893065200106,0.37074144170588635,0.20975969055237606,0.3723953238821935,0.2293773328263036,0.37017423652493897,-0.015535023367661199,0.02351283871158888,-0.0036337337007628936,0.022566176940390956,-0.0188370907797132,0.02209918015384651
C.1.1.2.3.1.1.3,Part 193,C.1.1.2.3.1.1,-,false,0.5426606895879377,0.28909372274994966,80.8619745541364,28.721044428837228,8.39486550539732,28.23690002309109,6.17535631172359,29.057750463592832,0.8269090735238956,0.37074144170588635,0.7506516924279656,0.3723953238821935,0.7343245518450107,0.37017423652493897,0.07182772582190096,0.02351283871158888,-0.05154987776560595,0.022566176940390956,-0.024594550556900477,0.02209918015384651
C.1.1.2.3.1.1.4,Part 194,C.1.1.2.3.1.1,-,false,0.2217793539171107,0.28909372274994966,17.347895121201873,28.721044428837228,-26.311938371509314,28.23690002309109,-75.32026804983616,29.057750463592832,0.2942299446199009,0.37074144170588635,0.31046253632181203,0.3723953238821935,0.2813837037222907,0.37017423652493897,0.006218850816250379,0.02351283871158888,-0.02413819180300856,0.022566176940390956,0.012351308300200899,0.02209918015384651
C.1.1.2.3.1.1.5,Part 195,C.1.1.2.3.1.1,+,false,0.6768042528231163,0.28909372274994966,29.585199523717165,28.721044428837228,-34.10200816579163,28.23690002309109,44.80167152360082,29.057750463592832,0.7392883402225693,0.37074144170588635,0.8312327009620615,0.3723953238821935,0.8362273992383054,0.37017423652493897,0.02514644397238257,0.02351283871158888,0.01741511537849129,0.022566176940390956,0.020945190167058127,0.02209918015384651
C.1.1.2.3.1.2,Subassembly 56,C.1.1.2.3.1,-,false,0.4758445786868688,0.40884026350990615,-11.475700010882365,36.171236357576724,-12.332447809426109,27.397537516654843,-7.733425097060875,35.014325977393106,52.95511802744218,438.8901968485617,104.09391104494843,854.6105464684498,62.405016266326946,516.0047311221656,17.488581181742173,152.55546855440272,-51.56122222328342,425.5652885421578,15.972318034295798,139.32171536072835
C.1.1.2.3.1.2.1,Part 196,C.1.1.2.3.1.2,+,false,0.03308807502221316,0.28909372274994966,28.40084624476731,28.721044428837228,-24.667787086218596,28.23690002309109,28.634455800056458,29.057750463592832,0.03507778863209477,0.37074144170588635,0.039794912554532526,0.3723953238821935,0.041501837097676686,0.37017423652493897,0.0005716764811712153,0.02351283871158888,0.00010225247334140415,0.022566176940390956,-7.3559638454395216e-6,0.02209918015384651
C.1.1.2.3.1.2.2,Part 197,C.1.1.2.3.1.2,+,false,0.44275650366465563,0.28909372274994966,-14.455753704532981,28.721044428837228,-11.410603346303105,28.23690002309109,-10.451269242912531,29.057750463592832,0.47554547574018785,0.37074144170588635,0.4739426683714093,0.3723953238821935,0.4059268710803595,0.37017423652493897,0.0028811845819153334,0.02351283871158888,-0.010076932861846102,0.022566176940390956,-0.019369151282463012,0.02209918015384651
C.1.1.2.3.1.3,Subassembly 57,C.1.1.2.3.1,-,false,1.7888333261816296,0.5781874454998993,12.968423249419613,29.3668440595873,-2.293724204044972,21.85549715473876,48.280948353314294,18.49091465937132,2627.6275206518503,3327.97571419892,10789.920491014314,5836.2880377426645,12447.144645575421,6771.023787833425,2172.525024890039,3102.4469518847804,738.2223824431431,2531.2471789423994,478.6911540863925,1547.9702939350182
C.1.1.2.3.1.3.1,Part 198,C.1.1.2.3.1.3,+,false,0.5433124298229813,0.28909372274994966,91.01874330081046,28.721044428837228,-27.00051823630929,28.23690002309109,34.61931757628918,29.057750463592832,0.7382956422295451,0.37074144170588635,0.7107770884193192,0.3723953238821935,0.8113776701219594,0.37017423652493897,0.01318499833317646,0.02351283871158888,-0.02182231900762043,0.022566176940390956,-0.006105077178933551,0.02209918015384651
C.1.1.2.3.1.3.2,Part 199,C.1.1.2.3.1.3,+,false,0.34429813690832817,0.28909372274994966,86.92097919993103,28.721044428837228,-4.746119165793061,28.23690002309109,56.174975261092186,29.057750463592832,0.41979101797520396,0.37074144170588635,0.3710750195989728,0.3723953238821935,0.41846541440958507,0.37017423652493897,-0.036823989763189055,0.02351283871158888,-0.007268370627463555,0.022566176940390956,0.015092720033780762,0.02209918015384651
C.1.1.2.3.1.3.3,Part 200,C.1.1.2.3.1.3,-,false,0.7634404668330681,0.28909372274994966,-62.20163619145751,28.721044428837228,31.335248751565814,28.23690002309109,45.288399839773774,29.057750463592832,0.7506995817795064,0.37074144170588635,0.7634941794798735,0.3723953238821935,0.7933615100188953,0.37017423652493897,-0.022147348672817348,0.02351283871158888,-0.002487193942590132,0.022566176940390956,-0.005297538129773369,0.02209918015384651
C.1.1.2.3.1.3.4,Part 201,C.1.1.2.3.1.3,-,false,0.13778229261725208,0.28909372274994966,-63.09048677794635,28.721044428837228,-85.07544659078121,28.23690002309109,99.00784189812839,29.057750463592832,0.17923436663313697,0.37074144170588635,0.18238904714735232,0.3723953238821935,0.16877397682766557,0.37017423652493897,-0.005829413648427368,0.02351283871158888,8.768979596522473e-5,0.022566176940390956,0.013625494200226625,0.02209918015384651
C.1.1.2.3.1.4,Subassembly 58,C.1.1.2.3.1,-,false,1.6173462128080427,0.6464332159373649,-10.557037037415144,20.930653943215866,71.75978411426344,16.117671225854526,33.791283551783934,29.677024155031877,4216.068012814219,4027.413795941917,5370.74007375043,4664.47056869793,1329.2151109957513,1996.800180042284,76.10582741347602,796.353409678726,-1004.5042609064652,1724.866115830078,-368.51344887360125,1202.543519352261
C.1.1.2.3.1.4.1,Part 202,C.1.1.2.3.1.4,+,false,0.07755370915262029,0.28909372274994966,-5.862633092328906,28.721044428837228,72.41359152831137,28.23690002309109,-66.02655639871955,29.057750463592832,0.10696283434151345,0.37074144170588635,0.11241554872105647,0.3723953238821935,0.10620296057443154,0.37017423652493897,-0.007846729545288353,0.02351283871158888,-0.005205180699407828,0.022566176940390956,-0.007361154328928053,0.02209918015384651
C.1.1.2.3.1.4.2,Part 203,C.1.1.2.3.1.4,-,false,0.10513522690092214,0.28909372274994966,57.00324783101678,28.721044428837228,47.535066306591034,28.23690002309109,-16.182217560708523,29.057750463592832,0.13551568426536068,0.37074144170588635,0.13368519737671267,0.3723953238821935,0.11999905947091685,0.37017423652493897,-0.004373116928128338,0.02351283871158888,-0.008104542666268142,0.022566176940390956,-0.004497123293024494,0.02209918015384651
C.1.1.2.3.1.4.3,Part 204,C.1.1.2.3.1.4,+,false,0.25733619152544995,0.28909372274994966,7.374726561829448,28.721044428837228,80.04060229286551,28.23690002309109,92.05705286003649,29.057750463592832,0.2771713747403308,0.37074144170588635,0.33526471192253005,0.3723953238821935,0.34104150255091464,0.37017423652493897,-0.025175789319774364,0.02351283871158888,-0.015170073867423271,0.022566176940390956,0.005649570345318704,0.02209918015384651
C.1.1.2.3.1.4.4,Part 205,C.1.1.2.3.1.4,-,false,0.6430239959149622,0.28909372274994966,-40.56690093129873,28.721044428837228,69.87919686362147,28.23690002309109,-7.449634652584791,29.057750463592832,0.7825312164095768,0.37074144170588635,0.7553746232066285,0.3723953238821935,0.8028865719582547,0.37017423652493897,-0.011248901337559134,0.02351283871158888,0.009332727233953871,0.022566176940390956,-0.020336001319640418,0.02209918015384651
C.1.1.2.3.1.4.5,Part 206,C.1.1.2.3.1.4,-,false,0.5342970893140883,0.28909372274994966,2.947690337896347,28.721044428837228,74.7065988369286,28.23690002309109,79.68378127552569,29.057750463592832,0.6129229295080617,0.37074144170588635,0.6611321472380082,0.3723953238821935,0.6752065583022,0.37017423652493897,0.02353989303576627,0.02351283871158888,0.008023090549977647,0.022566176940390956,0.013821623675489572,0.02209918015384651
C.1.1.2.3.1.5,Subassembly 59,C.1.1.2.3.1,-,false,1.0610693639814854,0.40884026350990615,-45.68760172527842,46.143208609872886,-54.31478095471155,41.75451706999472,-13.526258024587756,30.114863091445322,1205.8146509738096,4740.530426181194,1565.867010077599,6143.338251610888,2439.9485892017537,9544.498766361468,-1205.9600467081982,4720.405794346563,480.6900160867613,1915.8806557178195,414.2997062846399,1652.3050804727486
C.1.1.2.3.1.5.1,Part 207,C.1.1.2.3.1.5,+,false,0.9916431890237145,0.28909372274994966,-55.29658221639693,28.721044428837228,-62.59580650366843,28.23690002309109,-10.22542673163116,29.057750463592832,1.3052119954712176,0.37074144170588635,1.298355961276188,0.3723953238821935,1.1960568089899328,0.37017423652493897,-0.0026266695130579085,0.02351283871158888,0.010798719757647375,0.022566176940390956,-0.02861200530929836,0.02209918015384651
C.1.1.2.3.1.5.2,Part 208,C.1.1.2.3.1.5,-,false,0.06942617495777086,0.28909372274994966,91.56149867922068,28.721044428837228,63.96658178418875,28.23690002309109,-60.67341645248234,29.057750463592832,0.07283614190677053,0.37074144170588635,0.0762629662462501,0.3723953238821935,0.08098728686827261,0.37017423652493897,0.00983192775955202,0.02351283871158888,-0.0019387864821624144,0.022566176940390956,0.001152984632487434,0.02209918015384651
C.1.1.2.3.2,Assembly 16,C.1.1.2.3,-,false,6.757135045843199,1.0423422407897138,-16.034816069792864,15.069512099850096,9.78767629717178,13.890880191212926,11.391061685281509,12.682932964480521,39324.968400801285,12978.672558969642,48078.366291498314,14966.387333303153,53370.530647982094,18352.72100212791,5545.653112032111,8974.172301783292,-4883.688821454109,6700.7905155570115,-1167.5972313075702,6196.705718736
C.1.1.2.3.2.1,Subassembly 60,C.1.1.2.3.2,-,false,0.8363523058644495,0.40884026350990615,16.711763770757898,35.35991551973585,-38.350562027554005,35.69353256673558,-54.16554467799582,26.300596460720904,1045.0300088923125,2016.3672857796332,986.4253667855937,1920.0251102375337,1812.7545220557824,3356.8079774647376,-905.3765769084481,1677.7456022979027,308.99644886374415,693.0428497878536,319.03576471544886,714.340963381971
C.1.1.2.3.2.1.1,Part 209,C.1.1.2.3.2.1,+,false,0.13887204244593157,0.28909372274994966,89.26507718861103,28.721044428837228,36.58494339324534,28.23690002309109,-79.73456969484687,29.057750463592832,0.14514116367016228,0.37074144170588635,0.14596382733371122,0.3723953238821935,0.14465895499196033,0.37017423652493897,0.005346107723156964,0.02351283871158888,0.0015761853435010964,0.022566176940390956,-0.0037011263911777134,0.02209918015384651
C.1.1.2.3.2.1.2,Part 210,C.1.1.2.3.2.1,+,false,0.697480263418518,0.28909372274994966,2.2660118993371725,28.721044428837228,-53.27062103897333,28.23690002309109,-49.074615351855755,29.057750463592832,0.9396640060114518,0.37074144170588635,0.8412246628530119,0.3723953238821935,0.962606489559149,0.37017423652493897,0.020095831167865057,0.02351283871158888,-0.07976675379093173,0.022566176940390956,0.029116783923820194,0.02209918015384651
C.1.1.2.3.2.2,Subassembly 61,C.1.1.2.3.2,-,false,1.0292410368828568,0.5007250159521434,-66.3170520466184,45.49885973160002,39.48233516073526,47.714946997765374,-39.81876401287083,24.81159119520951,3653.465265632309,6186.749473165555,3393.0004239507853,5937.602354052878,6548.1097795433725,11163.784557079158,3234.5557134885366,5571.357854211041,-801.0962487262585,1614.1327675760122,766.5691463938646,1634.2719499258787
C.1.1.2.3.2.2.1,Part 211,C.1.1.2.3.2.2,+,false,0.7717454422237352,0.28909372274994966,-87.09769323468208,28.721044428837228,57.12637607939541,28.23690002309109,-47.994602378457785,29.057750463592832,1.021487361083056,0.37074144170588635,1.0702934663447334,0.3723953238821935,1.1697831672251717,0.37017423652493897,-0.04207693301034161,0.02351283871158888,0.04459838752703561,0.022566176940390956,0.10953832114419812,0.02209918015384651
C.1.1.2.3.2.2.2,Part 212,C.1.1.2.3.2.2,+,false,0.11227221190836281,0.28909372274994966,-99.41370082087815,28.721044428837228,97.38592957146466,28.23690002309109,-29.90108672529459,29.057750463592832,0.15903547245720948,0.37074144170588635,0.14521923226222264,0.3723953238821935,0.14012225356268734,0.37017423652493897,0.004382316501913142,0.02351283871158888,0.002159721094211143,0.022566176940390956,-0.0019180314823680834,0.02209918015384651
C.1.1.2.3.2.2.3,Part 213,C.1.1.2.3.2.2,+,false,0.1452233827507589,0.28909372274994966,69.70235966145992,28.721044428837228,-99.04682179912925,28.23690002309109,-4.038118151947856,29.057750463592832,0.16467064719103577,0.37074144170588635,0.16516332636656902,0.3723953238821935,0.16574756405439617,0.37017423652493897,6.73015669809325e-5,0.02351283871158888,0.0008064859573860474,0.022566176940390956,9.45429883206804e-5,0.02209918015384651
C.1.1.2.3.2.3,Subassembly 62,C.1.1.2.3.2,-,false,2.3097574131095318,0.6464332159373649,-55.7179706711554,22.19800940765393,49.45528408050255,16.40117765532497,23.92778667463705,21.26476560760994,7029.469476401165,4467.741663452216,11477.972674129896,6401.843966444356,6837.364659506828,5056.4398232258245,233.69447044300915,1790.7809771550249,2846.113554767493,2539.855911644194,741.3575414770705,2037.7721235835704
C.1.1.2.3.2.3.1,Part 214,C.1.1.2.3.2.3,-,false,0.9044022637305316,0.28909372274994966,-73.1652638874948,28.721044428837228,47.319724690169096,28.23690002309109,-9.99916298314929,29.057750463592832,0.9492325947565305,0.37074144170588635,0.9360320524630835,0.3723953238821935,0.8839911821577315,0.37017423652493897,0.009948496644084932,0.02351283871158888,0.019967147101891583,0.022566176940390956,-0.025267237121970227,0.02209918015384651
C.1.1.2.3.2.3.2,Part 215,C.1.1.2.3.2.3,-,false,0.2961221624750178,0.28909372274994966,57.75272874161601,28.721044428837228,23.951233038678765,28.23690002309109,2.959229564294219,29.057750463592832,0.3626336955522084,0.37074144170588635,0.3879335935391537,0.3723953238821935,0.3270495279040912,0.37017423652493897,0.013342437011175195,0.02351283871158888,0.020906812089557816,0.022566176940390956,-0.027296757254632677,0.02209918015384651
C.1.1.2.3.2.3.3,Part 216,C.1.1.2.3.2.3,+,false,0.22443272114475257,0.28909372274994966,-4.827612871304154,28.721044428837228,99.99984567984939,28.23690002309109,-53.286241833120584,29.057750463592832,0.26050450990952745,0.37074144170588635,0.28602244937862803,0.3723953238821935,0.2639115457422525,0.37017423652493897,0.02205493497426421,0.02351283871158888,-0.004006234463396817,0.022566176940390956,0.005434384403010348,0.02209918015384651
C.1.1.2.3.2.3.4,Part 217,C.1.1.2.3.2.3,+,false,0.3628422315439675,0.28909372274994966,-91.83305935002863,28.721044428837228,73.45646698959172,28.23690002309109,86.74204144626856,29.057750463592832,0.4874537378145461,0.37074144170588635,0.48705138601994724,0.3723953238821935,0.44344065095010604,0.37017423652493897,-0.0049053120278111425,0.02351283871158888,0.0156571873612094,0.022566176940390956,-0.016236185597347543,0.02209918015384651
C.1.1.2.3.2.3.5,Part 218,C.1.1.2.3.2.3,-,false,0.5219580342152622,0.28909372274994966,-86.63846324197948,28.721044428837228,29.20695743523538,28.23690002309109,84.14441836066544,29.057750463592832,0.7293026154351471,0.37074144170588635,0.735436075843346,0.3723953238821935,0.7321682560002494,0.37017423652493897,-0.009181125230816344,0.02351283871158888,-0.006440108924525716,0.022566176940390956,-0.006741881939528966,0.02209918015384651
C.1.1.2.3.2.4,Subassembly 63,C.1.1.2.3.2,-,false,2.581784289986361,0.5007250159521434,28.904385125609544,20.1066147609887,-21.944248910949447,19.573300331748968,41.82694272353329,17.843703053120926,9469.156002243108,5739.144598317708,10822.45409302585,6353.756743357676,16742.210617914694,7983.741820626273,-7189.90437595758,3958.9810690724507,-4000.7320210708867,3112.3942676492943,-3265.1525195374315,2847.5825152374427
C.1.1.2.3.2.4.1,Part 219,C.1.1.2.3.2.4,+,false,0.9988584387758747,0.28909372274994966,-42.60098938830197,28.721044428837228,-68.97324780002236,28.23690002309109,10.626331716775894,29.057750463592832,1.3874784053624771,0.37074144170588635,1.307586360478764,0.3723953238821935,1.256634479098342,0.37017423652493897,-0.13110482560099634,0.02351283871158888,0.04625486455079787,0.022566176940390956,0.016983430869299314,0.02209918015384651
C.1.1.2.3.2.4.2,Part 220,C.1.1.2.3.2.4,+,false,0.5840093918405473,0.28909372274994966,46.205307403579354,28.721044428837228,-58.744016010314226,28.23690002309109,47.29798976331949,29.057750463592832,0.7925765243026777,0.37074144170588635,0.837003196750336,0.3723953238821935,0.7932874879269525,0.37017423652493897,-0.036248160328857026,0.02351283871158888,-0.043563745725989436,0.022566176940390956,-0.04072657822490108,0.02209918015384651
C.1.1.2.3.2.4.3,Part 221,C.1.1.2.3.2.4,+,false,0.9989164593699388,0.28909372274994966,90.2907453943044,28.721044428837228,46.59674004651606,28.23690002309109,69.82713281176984,29.057750463592832,1.1095701631112358,0.37074144170588635,1.1100416041463839,0.3723953238821935,1.112370446975694,0.37017423652493897,-0.017234259898404644,0.02351283871158888,0.018538264519253334,0.022566176940390956,0.01709519954696141,0.02209918015384651
C.1.1.2.3.3,Assembly 17,C.1.1.2.3,-,false,8.74118715945608,1.0014500319042867,18.685195565838118,11.413210747436105,-2.916579258229092,10.636040341766636,-4.219459367620513,12.211912950901143,73408.96875536501,17118.95104808237,74306.83797118398,17182.692765867636,54792.44537927324,13928.577453852999,1995.468828348629,6573.81958584583,-7445.44306688574,7981.298053604893,6711.832831683621,8093.771117678239
C.1.1.2.3.3.1,Subassembly 64,C.1.1.2.3.3,-,false,3.4916543128469497,0.5781874454998993,51.19043990795974,14.908329644541633,7.333855475371969,18.375859921673648,45.84651484676554,19.236467997494557,34156.64136027418,12159.316967076487,18545.525009407887,8934.831745951391,19083.914840799443,8031.941866575398,636.3543906612579,3834.9990999555016,1439.074215338888,3515.378046427734,9054.000639138187,5611.00926486008
C.1.1.2.3.3.1.1,Part 222,C.1.1.2.3.3.1,+,false,0.6981337218536064,0.28909372274994966,67.63584432192147,28.721044428837228,73.54285116307437,28.23690002309109,-92.03836084343493,29.057750463592832,0.8445897074929012,0.37074144170588635,0.8524050803617161,0.3723953238821935,0.8139248541718875,0.37017423652493897,-0.013188904285200972,0.02351283871158888,0.0015370608965754537,0.022566176940390956,-0.06759867719942336,0.02209918015384651
C.1.1.2.3.3.1.2,Part 223,C.1.1.2.3.3.1,+,false,0.9647084078663029,0.28909372274994966,78.57757876627147,28.721044428837228,-56.53379508294165,28.23690002309109,92.2572017647326,29.057750463592832,1.119175687159004,0.37074144170588635,1.2611308568725628,0.3723953238821935,1.0751581449878107,0.37017423652493897,-0.03904206589218167,0.02351283871158888,0.027826538221908642,0.022566176940390956,0.07962088554850537,0.02209918015384651
C.1.1.2.3.3.1.3,Part 224,C.1.1.2.3.3.1,-,false,0.9123147654340137,0.28909372274994966,25.994484685361385,28.721044428837228,-59.17880036868155,28.23690002309109,75.86501985788345,29.057750463592832,0.9567876611695977,0.37074144170588635,0.9558885021706184,0.3723953238821935,0.8850765849763327,0.37017423652493897,0.0030148245862326043,0.02351283871158888,0.03158207208613933,0.022566176940390956,0.01556459289111984,0.02209918015384651
C.1.1.2.3.3.1.4,Part 225,C.1.1.2.3.3.1,+,false,0.9164974176930264,0.28909372274994966,34.91646875627339,28.721044428837228,90.33616781234741,28.23690002309109,72.14552643708885,29.057750463592832,1.1165697394666352,0.37074144170588635,1.1605305403015118,0.3723953238821935,1.2445897060531552,0.37017423652493897,0.05241478792559159,0.02351283871158888,0.07428953166550448,0.022566176940390956,-0.11462705715255231,0.02209918015384651
C.1.1.2.3.3.2,Subassembly 65,C.1.1.2.3.3,-,false,3.217780872141244,0.5781874454998993,1.3313436381813504,18.47342945612833,3.929439308283572,16.825030688179993,-66.77771582119499,15.325427124075588,8650.864947800284,5092.636679765947,13343.902432752864,6593.406499741442,18124.963170871077,7940.798839862667,6228.152166841617,3753.1849664256256,3610.8893706956655,2995.0395094106852,-1609.0287011494704,2359.6650160468866
C.1.1.2.3.3.2.1,Part 226,C.1.1.2.3.3.2,-,false,0.9521157774229069,0.28909372274994966,27.95442072674632,28.721044428837228,-17.813743744045496,28.23690002309109,-96.69689703732729,29.057750463592832,1.371600012959723,0.37074144170588635,1.2419443960559506,0.3723953238821935,1.342665845706661,0.37017423652493897,-0.07520682467824574,0.02351283871158888,-0.007326237124911683,0.022566176940390956,0.04274520311737465,0.02209918015384651
C.1.1.2.3.3.2.2,Part 227,C.1.1.2.3.3.2,+,false,0.9317316875497345,0.28909372274994966,-51.0455621406436,28.721044428837228,-4.449240770190954,28.23690002309109,-37.096175737679005,29.057750463592832,1.2477798228030526,0.37074144170588635,1.1724668222578458,0.3723953238821935,1.2328642761254631,0.37017423652493897,0.020919445093805503,0.02351283871158888,0.03271571023539337,0.022566176940390956,0.07338760775987871,0.02209918015384651
C.1.1.2.3.3.2.3,Part 228,C.1.1.2.3.3.2,-,false,0.6940943061190191,0.28909372274994966,-54.334507742896676,28.721044428837228,87.44880226440728,28.23690002309109,-52.77128373272717,29.057750463592832,0.7778768636204603,0.37074144170588635,0.8285365676523015,0.3723953238821935,0.786388175813045,0.37017423652493897,0.042779019462823,0.02351283871158888,0.05916467742656986,0.022566176940390956,-0.040436065287044694,0.02209918015384651
C.1.1.2.3.3.2.4,Part 229,C.1.1.2.3.3.2,-,false,0.6398391010495834,0.28909372274994966,98.3718675095588,28.721044428837228,-42.11589437909424,28.23690002309109,-80.6726023554802,29.057750463592832,0.8736377868553544,0.37074144170588635,0.8523942566839732,0.3723953238821935,0.8865886617287865,0.37017423652493897,0.007195729646190966,0.02351283871158888,0.0664610558232108,0.022566176940390956,0.03868451980895579,0.02209918015384651
C.1.1.2.3.3.3,Subassembly 66,C.1.1.2.3.3,-,false,1.047543550181901,0.40884026350990615,-66.86771413010199,23.967454581746004,-47.68288646814449,20.5490213424658,-35.66197989664319,26.122690466669727,1865.6477528621513,1955.5215449163275,2799.0007476015253,2478.4675485640964,1203.2230714319753,1512.293424081309,-378.7280190058864,722.992398526252,1359.1446549913853,1229.2410809717348,482.09903281227105,901.5262994352415
C.1.1.2.3.3.3.1,Part 230,C.1.1.2.3.3.3,+,false,0.4732876319605857,0.28909372274994966,-31.702012661844492,28.721044428837228,-35.20986712537706,28.23690002309109,-80.42764598503709,29.057750463592832,0.5776282630512082,0.37074144170588635,0.612928435004331,0.3723953238821935,0.657295392667476,0.37017423652493897,0.047315951687357305,0.02351283871158888,-0.0209877133098088,0.022566176940390956,-0.025580359002634334,0.02209918015384651
C.1.1.2.3.3.3.2,Part 231,C.1.1.2.3.3.3,+,false,0.5742559182213154,0.28909372274994966,-95.85042209364474,28.721044428837228,-57.96284284442663,28.23690002309109,1.2327832635492086,29.057750463592832,0.6094341659991354,0.37074144170588635,0.5918451796024123,0.3723953238821935,0.5940358472508244,0.37017423652493897,-0.008256612516430856,0.02351283871158888,-0.00900113820804338,0.022566176940390956,-0.0053345997541966,0.02209918015384651
C.1.1.2.3.3.4,Subassembly 67,C.1.1.2.3.3,-,false,0.9842084242859855,0.40884026350990615,51.16227476574263,35.57400262589794,-14.017181109407279,27.37951722031038,56.157077078938215,28.41140796990721,29.070425851301945,198.46590610082572,286.23247162756974,1839.9033433500103,278.38731035357324,1791.3724643953258,-52.050843661814085,359.0409059153994,68.87911037359837,461.65501994295363,13.430888118923587,96.07386635679599
C.1.1.2.3.3.4.1,Part 232,C.1.1.2.3.3.4,-,false,0.04330555290146731,0.28909372274994966,-25.640655355527997,28.721044428837228,-28.993777837604284,28.23690002309109,75.9551013354212,29.057750463592832,0.043565605630665215,0.37074144170588635,0.048302207446119176,0.3723953238821935,0.05053253801369557,0.37017423652493897,0.0033737695972688793,0.02351283871158888,-0.003095254732756547,0.022566176940390956,-0.0007330748379831833,0.02209918015384651
C.1.1.2.3.3.4.2,Part 233,C.1.1.2.3.3.4,+,false,0.9409028713845182,0.28909372274994966,54.69717029482126,28.721044428837228,-13.32787531428039,28.23690002309109,55.245862528681755,29.057750463592832,1.111065119286856,0.37074144170588635,1.2257314538222586,0.3723953238821935,0.9732723834667619,0.37017423652493897,-0.05047023546156895,0.02351283871158888,-0.0034150040870669952,0.022566176940390956,-0.00023428343943622182,0.02209918015384651
C.1.1.2.3.4,Assembly 18,C.1.1.2.3,-,false,3.323058825741289,0.7648700959862226,-33.4868973654338,21.38983382203289,57.551927266181615,18.425056442157654,17.567782059957818,19.37484774500335,13212.692555714088,8250.096391863191,30505.687808489532,11907.56548276426,22902.04565992346,10527.698596436958,-2378.590704758287,4854.631926573994,-13097.11964782995,5821.467934394916,-2342.3133410631526,3799.5844838291764
C.1.1.2.3.4.1,Subassembly 68,C.1.1.2.3.4,-,false,2.14174658659962,0.5781874454998993,-9.326548477070675,27.706220588406108,45.73502595864985,21.97687781362273,20.75352532228529,23.51558188345588,11452.93475902588,7023.334255657797,26495.655053333816,10957.65715506586,17983.901994779502,9363.83566509534,-3920.8550128542397,4275.419110364019,-12784.181020867958,5390.762095002267,-2991.275598611973,3128.20512870414
C.1.1.2.3.4.1.1,Part 234,C.1.1.2.3.4.1,+,false,0.2811081306487322,0.28909372274994966,-27.522867592051625,28.721044428837228,59.66183729469776,28.23690002309109,19.088839506730437,29.057750463592832,0.4283722611925715,0.37074144170588635,0.4406517655099938,0.3723953238821935,0.4294795600464828,0.37017423652493897,0.013364300055362094,0.02351283871158888,0.007087496858972354,0.022566176940390956,-0.013233216165753982,0.02209918015384651
C.1.1.2.3.4.1.2,Part 235,C.1.1.2.3.4.1,-,false,0.07347928326041438,0.28909372274994966,-94.68974452465773,28.721044428837228,-51.4374659396708,28.23690002309109,-27.355687180534005,29.057750463592832,0.09184769553994289,0.37074144170588635,0.08356440776952441,0.3723953238821935,0.0973344283336313,0.37017423652493897,0.0017784309639501618,0.02351283871158888,-0.001244502880692563,0.022566176940390956,0.004280943903010156,0.02209918015384651
C.1.1.2.3.4.1.3,Part 236,C.1.1.2.3.4.1,-,false,0.862738692422863,0.28909372274994966,94.40713622607291,28.721044428837228,68.24324573390186,28.23690002309109,99.64995072223246,29.057750463592832,1.1817757892294176,0.37074144170588635,1.257720481406359,0.3723953238821935,1.0375093898927759,0.37017423652493897,0.03869749474441674,0.02351283871158888,0.0025811752327822715,0.022566176940390956,0.027866661974746687,0.02209918015384651
C.1.1.2.3.4.1.4,Part 237,C.1.1.2.3.4.1,-,false,0.9244204802676104,0.28909372274994966,-93.82002893835306,28.721044428837228,28.217578772455454,28.23690002309109,-48.54828384704888,29.057750463592832,1.291964255238476,0.37074144170588635,1.2932585161554613,0.3723953238821935,1.4997073295702223,0.37017423652493897,0.006319896740008379,0.02351283871158888,-0.06675934375577333,0.022566176940390956,-0.02549416487631085,0.02209918015384651
C.1.1.2.3.4.2,Subassembly 69,C.1.1.2.3.4,-,false,1.1813122391416693,0.5007250159521434,-77.29017227292594,24.75111697400508,78.97624439505509,31.350440489289706,11.791955371807886,33.82822136206128,857.3168977905092,3820.5810722721967,432.08632802761366,2355.3168185795216,560.0469040953789,1737.806703531257,-177.81400022830957,480.8243375483358,150.78089974058153,449.60678788715785,422.15560393882254,1868.5342202202494
C.1.1.2.3.4.2.1,Part 238,C.1.1.2.3.4.2,+,false,0.0019436514207627625,0.28909372274994966,-68.10006583109498,28.721044428837228,9.63552058674395,28.23690002309109,98.50059025920928,29.057750463592832,0.002584144316889135,0.37074144170588635,0.002689371680209796,0.3723953238821935,0.00271806309481121,0.37017423652493897,-8.529725864750898e-5,0.02351283871158888,-3.44165367412081e-5,0.022566176940390956,5.08053796833044e-5,0.02209918015384651
C.1.1.2.3.4.2.2,Part 239,C.1.1.2.3.4.2,+,false,0.9790661035573576,0.28909372274994966,-73.9092618227005,28.721044428837228,88.23915966786444,28.23690002309109,3.864906867966056,29.057750463592832,1.2407586676459126,0.37074144170588635,1.2054609125229616,0.3723953238821935,1.275079346344032,0.37017423652493897,-0.036854777886873635,0.02351283871158888,0.061095103961103514,0.022566176940390956,0.07972386482844457,0.02209918015384651
C.1.1.2.3.4.2.3,Part 240,C.1.1.2.3.4.2,-,false,0.2003024841635488,0.28909372274994966,-93.90502953901887,28.721044428837228,34.372543124482036,28.23690002309109,49.69749189913273,29.057750463592832,0.28662027833267745,0.37074144170588635,0.29221896998465985,0.3723953238821935,0.2688814984333837,0.37017423652493897,0.012961118038136304,0.02351283871158888,0.001663460913538437,0.022566176940390956,0.001974934410863552,0.02209918015384651
C.1.1.2.3.5,Assembly 19,C.1.1.2.3,-,false,6.064570502744056,1.0014500319042867,16.50907667505881,13.383536039059488,-21.77190951307458,12.75584356790396,12.809410167339315,13.009497008728966,35216.20402834881,10474.670755988576,36967.02321501229,12381.389666531612,37435.859347399455,11407.983675733878,-83.43151290140759,5471.428558425191,8061.855785321939,6132.6736687709445,3079.5469911087785,5089.643165724998
C.1.1.2.3.5.1,Subassembly 70,C.1.1.2.3.5,-,false,0.672759840320563,0.40884026350990615,61.867224221825836,20.77484999417757,-14.017417635788297,41.97417473763255,-7.775784225151657,23.560225738771372,2432.0457836145797,2353.9124040586244,191.94646023260879,475.69161424923004,2243.2567907699813,2209.642386802378,51.99226795199533,771.8957347904066,-15.104256847318748,225.41301125102586,652.5754274766327,935.764966388452
C.1.1.2.3.5.1.1,Part 241,C.1.1.2.3.5.1,-,false,0.40747015800722874,0.28909372274994966,60.78723571263254,28.721044428837228,32.55494451150298,28.23690002309109,-21.33576483465731,29.057750463592832,0.4791398664944725,0.37074144170588635,0.4639180009684186,0.3723953238821935,0.4648673295844197,0.37017423652493897,0.026220854424162734,0.02351283871158888,0.031630515653453,0.022566176940390956,0.012390263391158172,0.02209918015384651
C.1.1.2.3.5.1.2,Part 242,C.1.1.2.3.5.1,+,false,0.2652896823133342,0.28909372274994966,63.52602634578943,28.721044428837228,-85.54996876046062,28.23690002309109,13.051589811220765,29.057750463592832,0.3076657600595202,0.37074144170588635,0.2772827945777175,0.3723953238821935,0.32772355994094815,0.37017423652493897,0.007565802376756121,0.02351283871158888,0.003281872609789513,0.022566176940390956,0.000556871355465161,0.02209918015384651
C.1.1.2.3.5.2,Subassembly 71,C.1.1.2.3.5,-,false,1.8645965582812205,0.5007250159521434,24.761844493038083,18.300911269714792,-21.12554725379609,21.14036631658685,-22.155330813830894,18.28056202008535,5805.816790378122,3903.599959309232,2799.8362826090925,2521.3883182262384,5980.247337650177,3904.828660391052,1787.9648680110163,1856.8746080158855,637.2838863129118,1234.7523894235007,-2325.8234388035676,1892.2679493032624
C.1.1.2.3.5.2.1,Part 243,C.1.1.2.3.5.2,-,false,0.6740902617666871,0.28909372274994966,6.337791075929999,28.721044428837228,-39.97856080532074,28.23690002309109,-41.56942963600159,29.057750463592832,0.9120442700703385,0.37074144170588635,0.8352067696535924,0.3723953238821935,0.8566534960006296,0.37017423652493897,0.10909237505333497,0.02351283871158888,-0.07060637082347898,0.022566176940390956,-0.0173487109896762,0.02209918015384651
C.1.1.2.3.5.2.2,Part 244,C.1.1.2.3.5.2,+,false,0.5944403135681059,0.28909372274994966,66.01294544525445,28.721044428837228,-69.33551244437695,28.23690002309109,-38.90138026326895,29.057750463592832,0.6950740749304091,0.37074144170588635,0.7852348276637291,0.3723953238821935,0.6884946302404884,0.37017423652493897,0.04391105620897433,0.02351283871158888,0.0010093464096753483,0.022566176940390956,0.047806464977739126,0.02209918015384651
C.1.1.2.3.5.2.3,Part 245,C.1.1.2.3.5.2,+,false,0.5960659829464275,0.28909372274994966,4.4589875265955925,28.721044428837228,48.273782432079315,28.23690002309109,16.500426270067692,29.057750463592832,0.7515715892082144,0.37074144170588635,0.7149020029049378,0.3723953238821935,0.6442586150956495,0.37017423652493897,-0.012609304131748197,0.02351283871158888,-0.027343461633190867,0.022566176940390956,0.06778020234732142,0.02209918015384651
C.1.1.2.3.5.3,Subassembly 72,C.1.1.2.3.5,-,false,1.934354973759968,0.6464332159373649,26.32334016481258,25.840198772136112,17.837505433449213,19.989234944533685,2.2500838816994255,26.65104873968416,10465.97712216351,5913.790953611463,11032.561570196236,8253.319423823186,7860.865273248677,6035.366022771283,3178.3017237025056,2416.554566383518,2771.327406479765,3983.0376563463965,-1334.8952249673694,2456.65839473334
C.1.1.2.3.5.3.1,Part 246,C.1.1.2.3.5.3,-,false,0.426708983233897,0.28909372274994966,54.957071831449866,28.721044428837228,-26.894796872511506,28.23690002309109,40.740666817873716,29.057750463592832,0.5666966112309123,0.37074144170588635,0.45225350431721256,0.3723953238821935,0.5075383730044312,0.37017423652493897,0.03395526593589006,0.02351283871158888,-0.0037670822160265614,0.022566176940390956,-0.024623832317804326,0.02209918015384651
C.1.1.2.3.5.3.2,Part 247,C.1.1.2.3.5.3,-,false,0.03967274279939011,0.28909372274994966,-86.93004208616912,28.721044428837228,-4.279834823682904,28.23690002309109,-92.0446497388184,29.057750463592832,0.052361918914424724,0.37074144170588635,0.05453069445344211,0.3723953238821935,0.05101928682565523,0.37017423652493897,-0.0006893305535136083,0.02351283871158888,-0.00018528774769578868,0.022566176940390956,0.00012095919189205661,0.02209918015384651
C.1.1.2.3.5.3.3,Part 248,C.1.1.2.3.5.3,+,false,0.28528343165386466,0.28909372274994966,13.421092322096229,28.721044428837228,3.1691616401076317,28.23690002309109,67.5136974081397,29.057750463592832,0.27782003406544536,0.37074144170588635,0.36603044168395876,0.3723953238821935,0.375824505232686,0.37017423652493897,-0.001901370304835307,0.02351283871158888,0.002387921735145522,0.022566176940390956,-0.015419167725190856,0.02209918015384651
C.1.1.2.3.5.3.4,Part 249,C.1.1.2.3.5.3,+,false,0.7154089570406359,0.28909372274994966,65.5456108506769,28.721044428837228,3.2566203270107508,28.23690002309109,-69.9621846433729,29.057750463592832,0.8590745322381049,0.37074144170588635,0.8258846949842853,0.3723953238821935,0.9410905476130074,0.37017423652493897,-0.03242001221496807,0.02351283871158888,0.005518777833620126,0.022566176940390956,-0.006471231020192947,0.02209918015384651
C.1.1.2.3.5.3.5,Part 250,C.1.1.2.3.5.3,+,false,0.46728085903218014,0.28909372274994966,-42.38130250014365,28.721044428837228,91.84238146990538,28.23690002309109,45.81987471319735,29.057750463592832,0.6514667621166179,0.37074144170588635,0.6869592564301479,0.3723953238821935,0.6054931263830541,0.37017423652493897,-0.03015966653876525,0.02351283871158888,-0.024446808654346737,0.022566176940390956,-0.003821265151584969,0.02209918015384651
C.1.1.2.3.5.4,Subassembly 73,C.1.1.2.3.5,-,false,1.5928591303823052,0.40884026350990615,-24.227414536263808,28.432138411619437,-73.90507231874194,20.030909958761136,75.25656020718766,20.61464281647328,115.2513227674228,545.1640698353752,9610.088892812499,5599.496883762936,9605.547211309613,5597.132464640766,-720.3687041400841,2475.6920426742595,-750.3517005918521,2548.0213294725863,-56.542413594810284,272.2632593704321
C.1.1.2.3.5.4.1,Part 251,C.1.1.2.3.5.4,-,false,0.7736773352290038,0.28909372274994966,55.44500448741019,28.721044428837228,-67.89552294649184,28.23690002309109,81.51691113598645,29.057750463592832,0.9450998219769743,0.37074144170588635,0.9361747651469021,0.3723953238821935,0.9812421124642215,0.37017423652493897,-0.034573533211430515,0.02351283871158888,-0.05875326049368346,0.022566176940390956,0.0049728838083378775,0.02209918015384651
C.1.1.2.3.5.4.2,Part 252,C.1.1.2.3.5.4,-,false,0.8191817951533013,0.28909372274994966,-99.47413657791913,28.721044428837228,-79.58079921081662,28.23690002309109,69.34396345168352,29.057750463592832,1.0165200114908017,0.37074144170588635,0.8619024267732524,0.3723953238821935,0.9045909438979252,0.37017423652493897,-0.04499799537123948,0.02351283871158888,0.05661484550008761,0.022566176940390956,0.050151234001809805,0.02209918015384651
C.1.1.3,Element 3,C.1.1,-,false,124.21314944311953,4.5342578677466605,3.7271956212864645,3.088007854312033,7.282725153743474,2.9313484185990344,0.036789295927028016,3.06794248468618,732250.0763650603,54406.47144448591,773959.428078013,58036.15832067158,737221.3559228815,55279.2817655689,-12285.795577943542,25085.93719382096,33805.80546019256,26789.40014291999,6819.345597538704,25179.22372046592
C.1.1.3.1,Subsystem 6,C.1.1.3,-,false,21.954797007077605,1.7820933926902205,3.5817450438169205,7.203619353167992,31.355890453945488,6.120720597889054,-14.190464322917729,7.207565990613079,109609.11228444966,19735.44376745105,159531.60096202645,24744.35083083119,113961.6772143449,20418.002786741454,9129.865924363376,9095.287475116693,7716.417856287842,11609.914750308068,-10442.849615141573,8718.801558885412
C.1.1.3.1.1,Assembly 20,C.1.1.3.1,-,false,4.73517044808832,0.8176805270198123,-2.664654332809981,13.785598927091721,41.02021658167296,13.675646323798304,-6.997706504444773,15.23105115252286,28420.496424833866,9672.070764435859,32489.447081705668,10808.376023849916,20744.024213562,7981.348870993414,2428.6039444630674,3522.2977921952465,-6878.676018570835,5218.782726556674,-1411.3136397420951,4211.835459836796
C.1.1.3.1.1.1,Subassembly 74,C.1.1.3.1.1,-,false,2.6416965171946214,0.6464332159373649,10.901826405449638,19.239771017933617,33.42184311525554,19.390828347833548,6.475037744243574,18.91720123833353,15359.000739854351,7008.334677131809,18652.747279766645,8261.29699636686,15454.332244647787,6950.658856517474,145.17539578827362,2937.068755917562,-9157.328823366823,4106.044695149432,-458.1487756670187,3000.977603770748
C.1.1.3.1.1.1.1,Part 253,C.1.1.3.1.1.1,+,false,0.35033208354143425,0.28909372274994966,13.602188974618912,28.721044428837228,-65.77278128825128,28.23690002309109,-6.666752602905035,29.057750463592832,0.3451315091971734,0.37074144170588635,0.37349270270549456,0.3723953238821935,0.36684707891031126,0.37017423652493897,0.002415436040320097,0.02351283871158888,-0.027704416596818528,0.022566176940390956,-0.009512960607667983,0.02209918015384651
C.1.1.3.1.1.1.2,Part 254,C.1.1.3.1.1.1,+,false,0.37120659729721955,0.28909372274994966,-62.285100715234876,28.721044428837228,57.06980703398585,28.23690002309109,-43.37607226334512,29.057750463592832,0.49607162528760934,0.37074144170588635,0.4775353950779882,0.3723953238821935,0.4539264988517809,0.37017423652493897,-0.005497845660090447,0.02351283871158888,0.017209049791670917,0.022566176940390956,-0.02672127156081648,0.02209918015384651
C.1.1.3.1.1.1.3,Part 255,C.1.1.3.1.1.1,+,false,0.6543512409906834,0.28909372274994966,-51.047305250540376,28.721044428837228,64.39496669918299,28.23690002309109,-63.441044837236404,29.057750463592832,0.7911021543726762,0.37074144170588635,0.7677910643895419,0.3723953238821935,0.7822651732118955,0.37017423652493897,0.05353398171293455,0.02351283871158888,-0.022248246027141726,0.022566176940390956,0.05630771579297367,0.02209918015384651
C.1.1.3.1.1.1.4,Part 256,C.1.1.3.1.1.1,+,false,0.9333964975576382,0.28909372274994966,83.1282596103847,28.721044428837228,60.246955370530486,28.23690002309109,80.36078028380871,29.057750463592832,1.1941203888105794,0.37074144170588635,0.9467571635607344,0.3723953238821935,1.2086177127420223,0.37017423652493897,-0.10079783510275,0.02351283871158888,0.011651422040814175,0.022566176940390956,-0.06477818727760966,0.02209918015384651
C.1.1.3.1.1.1.5,Part 257,C.1.1.3.1.1.1,+,false,0.3324100978076458,0.28909372274994966,8.922457927837968,28.721044428837228,-24.73820853047073,28.23690002309109,6.15625623613596,29.057750463592832,0.4767158223678171,0.37074144170588635,0.4287285618635684,0.3723953238821935,0.4339084575214057,0.37017423652493897,0.006328744820123114,0.02351283871158888,0.01758982153966447,0.022566176940390956,-0.02893292084444509,0.02209918015384651
C.1.1.3.1.1.2,Subassembly 75,C.1.1.3.1.1,-,false,2.0934739308936985,0.5007250159521434,-19.783818984432358,18.668924058292845,50.608392687601345,18.637049090377207,-23.99858768743625,24.149099012418784,11631.933203482122,6199.840120361436,11652.387732165082,6322.237000863021,3844.9850234010464,3235.820051046183,1667.4879635916295,1596.9911652343908,3370.782589135948,2867.3747970863456,-1564.8496580401106,2725.294123476129
C.1.1.3.1.1.2.1,Part 258,C.1.1.3.1.1.2,-,false,0.9713401052930858,0.28909372274994966,11.97202461771667,28.721044428837228,19.448707485571504,28.23690002309109,-68.73131752945483,29.057750463592832,1.030563715857309,0.37074144170588635,1.0010890770162502,0.3723953238821935,1.147349795278835,0.37017423652493897,0.030591710421028935,0.02351283871158888,-0.0042139216655627115,0.022566176940390956,0.040984992218540586,0.02209918015384651
C.1.1.3.1.1.2.2,Part 259,C.1.1.3.1.1.2,+,false,0.6721225370683241,0.28909372274994966,-55.15542821958661,28.721044428837228,68.07067100889981,28.23690002309109,75.01546856947243,29.057750463592832,0.6224034653634422,0.37074144170588635,0.6288802860472109,0.3723953238821935,0.6216715156389743,0.37017423652493897,-0.002980722553823145,0.02351283871158888,0.0012678343995902587,0.022566176940390956,-0.012983322297216344,0.02209918015384651
C.1.1.3.1.1.2.3,Part 260,C.1.1.3.1.1.2,+,false,0.4500112885322887,0.28909372274994966,-35.49824417568743,28.721044428837228,91.78482885472476,28.23690002309109,-75.32815379090607,29.057750463592832,0.568529815188794,0.37074144170588635,0.5043313559220088,0.3723953238821935,0.5860855112191878,0.37017423652493897,0.023967253528599523,0.02351283871158888,0.0053934726510995795,0.022566176940390956,0.016128148044183502,0.02209918015384651
C.1.1.3.1.2,Assembly 21,C.1.1.3.1,-,false,6.4585098842883015,0.8176805270198123,-27.422124617296184,13.156381164481877,25.88825502955012,11.038894113833761,-21.866916856218445,12.423131694259718,26626.645142350786,10106.303250837092,44296.751005499995,12832.269823607736,33864.94211163425,11046.80896760236,1334.8088086198022,4961.151496385732,3750.267910123922,5966.326159012762,-7660.931059264119,4767.96072088524
C.1.1.3.1.2.1,Subassembly 76,C.1.1.3.1.2,-,false,1.610968574834522,0.40884026350990615,69.37372663420251,22.012081390018583,24.24372768667736,20.175403177398714,-37.294047367439774,20.880982086162714,131.08471800736248,587.077497312871,1653.8410119811933,2124.27653429017,1534.1974252451278,2040.8811255544156,-86.63789692751718,982.0778779467179,435.57880239021455,1054.7762493652856,24.707862652956624,285.4271821563574
C.1.1.3.1.2.1.1,Part 261,C.1.1.3.1.2.1,-,false,0.9208727725881618,0.28909372274994966,96.02795224636793,28.721044428837228,25.754825212061405,28.23690002309109,-44.89626814611256,29.057750463592832,1.1780845293487074,0.37074144170588635,1.468029121522247,0.3723953238821935,1.1407529997326853,0.37017423652493897,-0.04012158849002713,0.02351283871158888,0.010713916873302944,0.022566176940390956,0.002397577920364697,0.02209918015384651
C.1.1.3.1.2.1.2,Part 262,C.1.1.3.1.2.1,+,false,0.6900958022463601,0.28909372274994966,33.805982908234,28.721044428837228,22.227299585938454,28.23690002309109,-27.14954554103315,29.057750463592832,0.7588880408306196,0.37074144170588635,0.8862795417196262,0.3723953238821935,0.9004089994697978,0.37017423652493897,0.014127457032560888,0.02351283871158888,0.027891246430802874,0.022566176940390956,-0.01039358433194291,0.02209918015384651
C.1.1.3.1.2.2,Subassembly 77,C.1.1.3.1.2,-,false,3.6909713220461273,0.5781874454998993,-66.90261917407994,14.77137451055628,23.445848253993557,15.848723522168106,-30.280304687863858,17.520008733970354,22705.135491625617,9559.4080127513,16436.480072576032,8011.234572313236,9616.892084907871,5712.5826187943085,1499.8563123674571,2751.2889705753087,2332.518531502365,3650.023763615649,-6970.275726506686,4531.038461084472
C.1.1.3.1.2.2.1,Part 263,C.1.1.3.1.2.2,+,false,0.9413825466895942,0.28909372274994966,-84.61358374916017,28.721044428837228,45.72876738384366,28.23690002309109,-69.54333679750562,29.057750463592832,1.2695341479387285,0.37074144170588635,1.2036281343311614,0.3723953238821935,1.1547955480858163,0.37017423652493897,-0.06875479925575317,0.02351283871158888,-0.010738434992778009,0.022566176940390956,0.039220520668120984,0.02209918015384651
C.1.1.3.1.2.2.2,Part 264,C.1.1.3.1.2.2,+,false,0.953823660824215,0.28909372274994966,-55.915615474805236,28.721044428837228,-53.96787775680423,28.23690002309109,-85.33980087377131,29.057750463592832,0.9618780277315447,0.37074144170588635,0.9508211853745024,0.3723953238821935,0.9059315953604018,0.37017423652493897,0.0346433284407284,0.02351283871158888,0.024045305289706928,0.022566176940390956,-0.013406080941731473,0.02209918015384651
C.1.1.3.1.2.2.3,Part 265,C.1.1.3.1.2.2,-,false,0.9507657685515005,0.28909372274994966,-88.23057794943452,28.721044428837228,62.856541480869055,28.23690002309109,73.85254860855639,29.057750463592832,1.245257917211919,0.37074144170588635,1.1715836147943077,0.3723953238821935,1.088693176443494,0.37017423652493897,-0.023702967493313847,0.02351283871158888,0.06826779494755832,0.022566176940390956,-0.0012854224717464267,0.02209918015384651
C.1.1.3.1.2.2.4,Part 266,C.1.1.3.1.2.2,+,false,0.8449993459808175,0.28909372274994966,-35.575941717252135,28.721044428837228,41.66119294241071,28.23690002309109,-41.5553062222898,29.057750463592832,1.000740602264269,0.37074144170588635,1.0098566950774743,0.3723953238821935,0.8955893944788258,0.37017423652493897,-0.07052705647277463,0.02351283871158888,-0.02726766454590198,0.022566176940390956,-0.029959999045877584,0.02209918015384651
C.1.1.3.1.2.3,Subassembly 78,C.1.1.3.1.2,-,false,1.1565699874076527,0.40884026350990615,-36.25315210585073,25.79154634433539,35.97336476105772,20.916180192007538,26.471010178021967,22.387183939223892,299.3560818042556,739.4714123667427,1922.1522706981807,2054.1145948907065,1632.6261237822932,1859.7074668081862,-81.94453028604936,825.5806880745282,-691.1588926463769,980.1209328414119,-34.82680272011376,352.8544730138323
C.1.1.3.1.2.3.1,Part 267,C.1.1.3.1.2.3,-,false,0.3990789232524112,0.28909372274994966,-87.92814319022,28.721044428837228,33.370931120589375,28.23690002309109,4.518514405936003,29.057750463592832,0.4993905052332954,0.37074144170588635,0.4680890662663117,0.3723953238821935,0.5236262643573312,0.37017423652493897,0.035250958535723916,0.02351283871158888,-0.01848529808548552,0.022566176940390956,-0.007443518717315208,0.02209918015384651
C.1.1.3.1.2.3.2,Part 268,C.1.1.3.1.2.3,-,false,0.7574910641552415,0.28909372274994966,-9.028540784493089,28.721044428837228,37.34443890862167,28.23690002309109,38.036530604586005,29.057750463592832,1.085988324908633,0.37074144170588635,0.9411251785101542,0.3723953238821935,0.8765610911194566,0.37017423652493897,-0.036515027284567736,0.02351283871158888,0.08152323760279603,0.022566176940390956,-0.008338097411659216,0.02209918015384651
C.1.1.3.1.3,Assembly 22,C.1.1.3.1,-,false,7.178835646673571,1.081689663197327,40.48911827052698,11.996177847307651,26.11918186797147,9.914369713705224,-24.40753816147842,13.68328822676147,36406.41559549707,11474.992081328444,47069.07744970075,13724.623818036755,25148.6563808691,9447.171022015764,6836.25507176213,4024.3046271796825,3024.306995322408,6052.374942422058,2887.6857650339653,4766.7342356121435
C.1.1.3.1.3.1,Subassembly 79,C.1.1.3.1.3,-,false,2.895505491018062,0.5781874454998993,68.725719550301,15.648556222344574,20.346631151570175,14.954167508031205,-69.63704070737383,16.335868636104294,5496.676477674757,3816.7427214635773,6623.305258458119,4300.516008931383,4494.341872082425,3458.4468497858925,1172.3692352629805,1682.7657854102938,-1431.064118652118,2063.033683051891,1340.1200185984333,1795.742635689315
C.1.1.3.1.3.1.1,Part 269,C.1.1.3.1.3.1,-,false,0.7552149838383775,0.28909372274994966,16.30487642250955,28.721044428837228,41.70290273614228,28.23690002309109,-96.58639398403466,29.057750463592832,0.9806093264436713,0.37074144170588635,1.0074705016244765,0.3723953238821935,0.9560956446860153,0.37017423652493897,-0.08405008993904409,0.02351283871158888,-0.08412041250075607,0.022566176940390956,0.03650060023863229,0.02209918015384651
C.1.1.3.1.3.1.2,Part 270,C.1.1.3.1.3.1,-,false,0.6606783553028945,0.28909372274994966,86.63584208115935,28.721044428837228,12.109112739562988,28.23690002309109,-7.506129052489996,29.057750463592832,0.9930458614088498,0.37074144170588635,0.991372570388312,0.3723953238821935,0.9812374841152306,0.37017423652493897,0.0025908724554307046,0.02351283871158888,0.00018148602731744411,0.022566176940390956,0.0001964727865071506,0.02209918015384651
C.1.1.3.1.3.1.3,Part 271,C.1.1.3.1.3.1,+,false,0.6912593172150664,0.28909372274994966,88.21610664017498,28.721044428837228,-17.485354654490948,28.23690002309109,-65.57553191669285,29.057750463592832,0.6100052526675863,0.37074144170588635,0.6529572923972892,0.3723953238821935,0.678571295636607,0.37017423652493897,0.04316205983161274,0.02351283871158888,0.008023826489047753,0.022566176940390956,0.004693404630064313,0.02209918015384651
C.1.1.3.1.3.1.4,Part 272,C.1.1.3.1.3.1,-,false,0.788352834661724,0.28909372274994966,86.8435769341886,28.721044428837228,39.96409913524985,28.23690002309109,-99.45053015835583,29.057750463592832,1.0525254060784688,0.37074144170588635,1.0648584150233433,0.3723953238821935,1.0924118762277755,0.37017423652493897,0.041606553373961644,0.02351283871158888,-0.0031064086413085355,0.022566176940390956,-0.00038925071180354693,0.02209918015384651
C.1.1.3.1.3.2,Subassembly 80,C.1.1.3.1.3,-,false,1.7097435189750976,0.5007250159521434,1.975755124921633,25.63004313043411,41.802308445517134,21.5437676475663,-6.510310188903581,24.483580921580533,5114.324656361997,3927.0889714212467,8200.465935356951,5367.891891546551,8092.473510819575,4985.54655941014,3622.3972266432747,2419.383319364016,-2681.4754581335783,2502.6032660707197,1286.3807097161434,1591.6337326849325
C.1.1.3.1.3.2.1,Part 273,C.1.1.3.1.3.2,-,false,0.9768240581154823,0.28909372274994966,-47.41086442954838,28.721044428837228,73.20753554813564,28.23690002309109,-31.987325195223093,29.057750463592832,0.8800924858894497,0.37074144170588635,0.9159050114096706,0.3723953238821935,0.9523200161105341,0.37017423652493897,0.001086591242318731,0.02351283871158888,-0.012586614579215042,0.022566176940390956,0.012104638069395893,0.02209918015384651
C.1.1.3.1.3.2.2,Part 274,C.1.1.3.1.3.2,+,false,0.25537284385273235,0.28909372274994966,58.97910385392606,28.721044428837228,25.44229393824935,28.23690002309109,81.1688160058111,29.057750463592832,0.29186901986818004,0.37074144170588635,0.29349861922566334,0.3723953238821935,0.3122881687375152,0.37017423652493897,0.014870443509481166,0.02351283871158888,0.0016174942667759751,0.022566176940390956,0.0016197103779840784,0.02209918015384651
C.1.1.3.1.3.2.3,Part 275,C.1.1.3.1.3.2,+,false,0.477546617006883,0.28909372274994966,72.51322655938566,28.721044428837228,-13.688563043251634,28.23690002309109,-1.2842373922467232,29.057750463592832,0.603187338049231,0.37074144170588635,0.6019458182092132,0.3723953238821935,0.5841928516360604,0.37017423652493897,0.0018082758596553341,0.02351283871158888,0.003778141957881892,0.022566176940390956,0.0010040443577650823,0.02209918015384651
C.1.1.3.1.3.3,Subassembly 81,C.1.1.3.1.3,-,false,0.8630290277875028,0.5007250159521434,41.0467209407394,48.493738693322435,40.97199990024505,19.478842035139575,24.431580756857755,42.63341099072716,3923.050153902923,3651.5395285263608,7982.750891778032,6529.2690353056105,4486.856020592198,4924.454195497775,592.4374167188622,1156.9977355922574,1349.2703006398328,2325.4169574813413,-842.6646132397706,1163.8838331258862
C.1.1.3.1.3.3.1,Part 276,C.1.1.3.1.3.3,+,false,0.3882750416311901,0.28909372274994966,82.98041033558547,28.721044428837228,46.63001396693289,28.23690002309109,68.63532420247793,29.057750463592832,0.5134519744349403,0.37074144170588635,0.5266967115668738,0.3723953238821935,0.4363105052574482,0.37017423652493897,-0.002509714717017153,0.02351283871158888,-0.0364854809768939,0.022566176940390956,0.0028371410191746927,0.02209918015384651
C.1.1.3.1.3.3.2,Part 277,C.1.1.3.1.3.3,-,false,0.26259506153757683,0.28909372274994966,78.57895875349641,28.721044428837228,18.341201590374112,28.23690002309109,-74.68567094765604,29.057750463592832,0.3317300256891948,0.37074144170588635,0.3187521032327962,0.3723953238821935,0.31066051621656837,0.37017423652493897,0.005221628987863486,0.02351283871158888,0.005274844018927083,0.022566176940390956,-0.012544664523111773,0.02209918015384651
C.1.1.3.1.3.3.3,Part 278,C.1.1.3.1.3.3,+,false,0.21215892461873592,0.28909372274994966,-82.1514209266752,28.721044428837228,58.627963392063975,28.23690002309109,66.21389323845506,29.057750463592832,0.29804026080744483,0.37074144170588635,0.28662850783559407,0.3723953238821935,0.28576333851084784,0.37017423652493897,-0.023939250208943632,0.02351283871158888,0.021341632877149998,0.022566176940390956,0.0007780960577164109,0.02209918015384651
C.1.1.3.1.3.4,Subassembly 82,C.1.1.3.1.3,-,false,1.7105576088929084,0.5781874454998993,30.905992729309638,18.692236647751965,12.72116199781042,21.585354210761132,9.624069907841234,29.557484811699172,10347.264640318614,6033.343353549113,8749.927137143846,5415.5437506156995,2058.5347416304194,2456.326205743636,171.1642375874992,1149.8433977856703,376.79058118008174,2282.3872519050656,2185.8352244930966,2753.006999858458
C.1.1.3.1.3.4.1,Part 279,C.1.1.3.1.3.4,-,false,0.0796404043759685,0.28909372274994966,-20.937465084716678,28.721044428837228,69.190364331007,28.23690002309109,86.66236279532313,29.057750463592832,0.10368158308599461,0.37074144170588635,0.11016089598137602,0.3723953238821935,0.10466910909698864,0.37017423652493897,-0.005090819739572896,0.02351283871158888,-0.0018534140864118255,0.022566176940390956,0.0001970398635431634,0.02209918015384651
C.1.1.3.1.3.4.2,Part 280,C.1.1.3.1.3.4,-,false,0.5992493163826875,0.28909372274994966,33.10775747522712,28.721044428837228,-17.123185843229294,28.23690002309109,97.63681297190487,29.057750463592832,0.7468408203521136,0.37074144170588635,0.7708896742742051,0.3723953238821935,0.7961123529012294,0.37017423652493897,0.008264479374425884,0.02351283871158888,-0.02350251201482062,0.022566176940390956,0.01888485359550897,0.02209918015384651
C.1.1.3.1.3.4.3,Part 281,C.1.1.3.1.3.4,+,false,0.33510842293617316,0.28909372274994966,36.76092238165438,28.721044428837228,67.45433560572565,28.23690002309109,-56.81755640543997,29.057750463592832,0.36463873443370753,0.37074144170588635,0.4309386004329424,0.3723953238821935,0.37829257303458796,0.37017423652493897,-0.004504852986252152,0.02351283871158888,0.038181641686040435,0.022566176940390956,-0.012584964318461352,0.02209918015384651
C.1.1.3.1.3.4.4,Part 282,C.1.1.3.1.3.4,-,false,0.6965594651980791,0.28909372274994966,32.12253162637353,28.721044428837228,5.608240840956569,28.23690002309109,-42.93682421557605,29.057750463592832,0.9499373043627023,0.37074144170588635,0.8691069344418099,0.3723953238821935,0.949128355553683,0.37017423652493897,-0.01117247453881469,0.02351283871158888,-0.00020040106540835425,0.022566176940390956,-0.0009360542018633984,0.02209918015384651
C.1.1.3.1.4,Assembly 23,C.1.1.3.1,-,false,3.5822810280274133,0.8176805270198123,-6.226363777755104,17.181508939390234,38.933189947563946,16.66237266004845,10.616691643344664,15.652922020997515,13538.201594324091,6623.644704272737,15580.629692394961,7363.281325641498,16649.946480858045,8070.152485355091,-2314.526028811614,4014.140467044787,5566.253689894514,3390.045153457603,-2600.596067628476,2903.469454977278
C.1.1.3.1.4.1,Subassembly 83,C.1.1.3.1.4,-,false,0.919804460500367,0.40884026350990615,-10.94322952240565,36.22126672425843,6.301250308309261,36.62120034861112,9.244205208580459,23.572295819404005,2088.0820146149754,2682.2541805058363,1969.955790915671,2566.462630522987,4020.3568044682797,4787.751455197138,-2008.6977536501688,2393.249625531841,-188.78411930286327,759.6963064595897,-194.38771863303595,782.0855237678004
C.1.1.3.1.4.1.1,Part 283,C.1.1.3.1.4.1,-,false,0.2084483498572372,0.28909372274994966,-96.01093241944909,28.721044428837228,-81.30620876327157,28.23690002309109,1.0111707728356123,29.057750463592832,0.26681576158109216,0.37074144170588635,0.2376899871101428,0.3723953238821935,0.27077906223512227,0.37017423652493897,-0.012964369702082378,0.02351283871158888,0.019659304800306393,0.022566176940390956,0.017664549741799974,0.02209918015384651
C.1.1.3.1.4.1.2,Part 284,C.1.1.3.1.4.1,-,false,0.7113561106431298,0.28909372274994966,13.984119845554233,28.721044428837228,31.972823245450854,28.23690002309109,11.656727455556393,29.057750463592832,0.8858934281676961,0.37074144170588635,0.9918782537469021,0.3723953238821935,0.9695064216949099,0.37017423652493897,0.004187664518983513,0.02351283871158888,-0.03440105526948157,0.022566176940390956,-0.00016293245020117535,0.02209918015384651
C.1.1.3.1.4.2,Subassembly 84,C.1.1.3.1.4,-,false,1.941307207124075,0.5781874454998993,3.563063766696666,21.61657150563345,69.7903526388524,17.01779692739347,17.99993692317833,23.99869840990527,6282.87209144243,4405.282320398181,11526.112331451404,6246.586552628209,6553.420352897399,4276.44141918783,1742.774751828959,1966.949469151211,5676.204853779502,3032.579429002485,-1733.9020702128737,1911.7376178885702
C.1.1.3.1.4.2.1,Part 285,C.1.1.3.1.4.2,+,false,0.5259021329942625,0.28909372274994966,-17.64671364799142,28.721044428837228,89.54165210016072,28.23690002309109,43.38798294775188,29.057750463592832,0.5699289325638927,0.37074144170588635,0.5951089484357659,0.3723953238821935,0.601127148301748,0.37017423652493897,0.022493407523167995,0.02351283871158888,0.019144821259585804,0.022566176940390956,0.01057045903422532,0.02209918015384651
C.1.1.3.1.4.2.2,Part 286,C.1.1.3.1.4.2,+,false,0.02628880715300329,0.28909372274994966,0.01230696216225624,28.721044428837228,62.76070298627019,28.23690002309109,-53.94966620951891,29.057750463592832,0.029127629948469222,0.37074144170588635,0.026762449049083932,0.3723953238821935,0.027475363535445323,0.37017423652493897,-0.00021024904939354158,0.02351283871158888,0.0016200013543922697,0.022566176940390956,0.0006147594074536535,0.02209918015384651
C.1.1.3.1.4.2.3,Part 287,C.1.1.3.1.4.2,+,false,0.7893841061438434,0.28909372274994966,66.85028658248484,28.721044428837228,48.17043375223875,28.23690002309109,-42.84108933061361,29.057750463592832,1.091784143986187,0.37074144170588635,1.067747839567025,0.3723953238821935,0.9870523454670007,0.37017423652493897,-0.018251024293104035,0.02351283871158888,-0.03305758531602982,0.022566176940390956,0.06358601399355998,0.02209918015384651
C.1.1.3.1.4.2.4,Part 288,C.1.1.3.1.4.2,-,false,0.5997321608329658,0.28909372274994966,-60.982941929250956,28.721044428837228,81.23541325330734,28.23690002309109,78.97178935818374,29.057750463592832,0.5724571920338896,0.37074144170588635,0.602166344081884,0.3723953238821935,0.6050067643493143,0.37017423652493897,-0.004557661028207018,0.02351283871158888,-0.007580448849620853,0.022566176940390956,0.028612424439612358,0.02209918015384651
C.1.1.3.1.4.3,Subassembly 85,C.1.1.3.1.4,-,false,0.7211693604029714,0.40884026350990615,-26.56235265831067,39.522746707027785,-2.510928910081897,32.61843834653009,-7.5076614513707645,28.758207626214002,756.2083266695985,1486.4107780132938,1235.3582823859792,2313.425332187343,1504.8394480942368,2771.96215691409,-712.8012457251521,1323.175252786777,490.9071056494623,965.9025975006049,352.8739739844035,708.7018027730799
C.1.1.3.1.4.3.1,Part 289,C.1.1.3.1.4.3,+,false,0.5838619578559883,0.28909372274994966,-44.54403277486563,28.721044428837228,-15.438520535826683,28.23690002309109,1.3942868448793888,29.057750463592832,0.5610682329908524,0.37074144170588635,0.6361642061100627,0.3723953238821935,0.6411788066437182,0.37017423652493897,-0.043219678325177244,0.02351283871158888,-0.03578488802047932,0.022566176940390956,0.02160606419841678,0.02209918015384651
C.1.1.3.1.4.3.2,Part 290,C.1.1.3.1.4.3,+,false,0.1373074025469832,0.28909372274994966,49.899795511737466,28.721044428837228,52.46009826660156,28.23690002309109,-45.36074777133763,29.057750463592832,0.14359605070649073,0.37074144170588635,0.16375187259050455,0.3723953238821935,0.15566337197996727,0.37017423652493897,-0.010840928079334247,0.02351283871158888,0.0013230675657378201,0.022566176940390956,0.008099615278531801,0.02209918015384651
C.1.1.3.2,Subsystem 7,C.1.1.3,-,false,24.58382684952789,2.0029000638085734,2.67972580892662,6.9842455447562966,5.465927234815022,7.067623451719996,-2.379195358704115,7.070003613200977,152685.98246578747,26645.736940587223,150788.93518369133,27251.014111720895,144993.16098324518,26318.923473032144,-13028.601179231267,11764.476633159511,9792.025927336226,12269.223452874465,18382.577786408052,11869.431755070511
C.1.1.3.2.1,Assembly 24,C.1.1.3.2,-,false,8.021209506025306,1.1919639546010696,-16.009715763169545,11.977074295155004,-16.00892999522716,11.762803255222487,9.684183667774278,10.484466447495196,48092.11901170148,12897.350016385932,35665.489636160135,13348.378685910886,41102.723367123144,14497.690820496411,-3381.208994300372,6423.455481906356,4942.171493446998,4958.789113462961,5279.378697546487,6178.095755281718
C.1.1.3.2.1.1,Subassembly 86,C.1.1.3.2.1,-,false,1.5597652341928332,0.6464332159373649,-50.95422483080978,19.22352029101153,-22.88357959429486,24.221514690863902,3.761585657428117,17.293734137402613,4125.091961885459,3058.3202041635627,2440.181636777229,2268.52270420932,5803.313305439635,3774.2693982753826,-2145.2186666206776,1748.0225333713352,-739.9830218373392,1087.5798297800384,-954.3317289445613,1300.1003797512317
C.1.1.3.2.1.1.1,Part 291,C.1.1.3.2.1.1,+,false,0.20872391965100542,0.28909372274994966,-42.453552316874266,28.721044428837228,-91.48890930227935,28.23690002309109,-1.6845434438437223,29.057750463592832,0.3030029730743317,0.37074144170588635,0.30041611316587397,0.3723953238821935,0.2710764406007241,0.37017423652493897,0.021860966315056476,0.02351283871158888,0.0015074379416920045,0.022566176940390956,-0.0018500085562770416,0.02209918015384651
C.1.1.3.2.1.1.2,Part 292,C.1.1.3.2.1.1,+,false,0.09709896455309354,0.28909372274994966,-63.63059016875923,28.721044428837228,-33.34314785897732,28.23690002309109,-29.783048667013645,29.057750463592832,0.12761271868433127,0.37074144170588635,0.1259134873340282,0.3723953238821935,0.15196374709935354,0.37017423652493897,-0.0003372534402745728,0.02351283871158888,-0.0023482677694220333,0.022566176940390956,-4.0643321109515175e-5,0.02209918015384651
C.1.1.3.2.1.1.3,Part 293,C.1.1.3.2.1.1,+,false,0.1320042049740441,0.28909372274994966,-51.368594728410244,28.721044428837228,6.137400772422552,28.23690002309109,5.860640527680516,29.057750463592832,0.1403687501784012,0.37074144170588635,0.13532897377185216,0.3723953238821935,0.15687191133581685,0.37017423652493897,0.0014135462505616815,0.02351283871158888,-0.0029205264864954673,0.022566176940390956,-0.0001900350111307211,0.02209918015384651
C.1.1.3.2.1.1.4,Part 294,C.1.1.3.2.1.1,+,false,0.5710190714714117,0.28909372274994966,-93.14301228150725,28.721044428837228,-59.18976194225252,28.23690002309109,-7.19731543213129,29.057750463592832,0.7935785843580989,0.37074144170588635,0.797762672320005,0.3723953238821935,0.7653546626028505,0.37017423652493897,0.0009849175668522937,0.02351283871158888,0.007588358096666954,0.022566176940390956,-0.0010469011182626,0.02209918015384651
C.1.1.3.2.1.1.5,Part 295,C.1.1.3.2.1.1,-,false,0.5509190735432785,0.28909372274994966,-8.113324595615268,28.721044428837228,35.629220586270094,28.23690002309109,22.592925187200308,29.057750463592832,0.6620054601795933,0.37074144170588635,0.6585418270075559,0.3723953238821935,0.6926666756982013,0.37017423652493897,0.015376956555522788,0.02351283871158888,-0.006891601694035384,0.022566176940390956,-0.0006528032837741772,0.02209918015384651
C.1.1.3.2.1.2,Subassembly 87,C.1.1.3.2.1,-,false,2.9359368637814187,0.5781874454998993,-6.7055215057422535,16.052316905978525,-43.15299347898984,17.127615392472617,-19.251996630328385,18.865006805929138,18207.82623630177,8143.252406382519,13527.794003623281,6914.195400285536,10180.589118021802,5548.241258029285,-90.48074164181487,2679.9712421530066,2667.8877948761815,3274.5230261342103,7792.469615895139,3924.3028596109602
C.1.1.3.2.1.2.1,Part 296,C.1.1.3.2.1.2,-,false,0.7267857742926571,0.28909372274994966,17.65443291515112,28.721044428837228,-99.3824243079871,28.23690002309109,7.7377688605338335,29.057750463592832,1.0189699300613975,0.37074144170588635,1.011737945280532,0.3723953238821935,1.1016671032062197,0.37017423652493897,0.01032309855838883,0.02351283871158888,-0.0376202693240189,0.022566176940390956,-0.026749786745504305,0.02209918015384651
C.1.1.3.2.1.2.2,Part 297,C.1.1.3.2.1.2,+,false,0.6219178375320044,0.28909372274994966,-62.12940663099289,28.721044428837228,-75.98449559882283,28.23690002309109,68.68572356179357,29.057750463592832,0.7294250165007358,0.37074144170588635,0.7688521813045557,0.3723953238821935,0.8059909878297835,0.37017423652493897,0.0014787089402329059,0.02351283871158888,-0.011753972019579508,0.022566176940390956,-0.012296948840622305,0.02209918015384651
C.1.1.3.2.1.2.3,Part 298,C.1.1.3.2.1.2,-,false,0.9906643488102127,0.28909372274994966,-5.472022807225585,28.721044428837228,23.642810713499784,28.23690002309109,-93.32370357587934,29.057750463592832,1.3695070907128233,0.37074144170588635,1.5401452426070448,0.3723953238821935,1.3913389016039324,0.37017423652493897,-0.0515723913759841,0.02351283871158888,0.010653319753149162,0.022566176940390956,-0.007955411765144669,0.02209918015384651
C.1.1.3.2.1.2.4,Part 299,C.1.1.3.2.1.2,-,false,0.5965689031465444,0.28909372274994966,19.347883528098464,28.721044428837228,-51.34479599073529,28.23690002309109,-20.803561015054584,29.057750463592832,0.7892307138756195,0.37074144170588635,0.7601693816530307,0.3723953238821935,0.8082400186559422,0.37017423652493897,0.023249749580558605,0.02351283871158888,-0.021664098105181082,0.022566176940390956,0.044985378330058015,0.02209918015384651
C.1.1.3.2.1.3,Subassembly 88,C.1.1.3.2.1,-,false,1.0781655693587382,0.5781874454998993,51.338589982629244,43.1677039568792,19.513449885737316,32.54344698074651,-9.270801841580855,17.063533570364562,2317.411602856895,2491.4993470097393,1052.2201308397262,5791.226627727743,3312.5037417122735,7413.157556600724,-1065.2711668055463,2934.2472165339373,-76.00824453680825,581.873913002774,49.676999742750894,825.5623897586447
C.1.1.3.2.1.3.1,Part 300,C.1.1.3.2.1.3,-,false,0.3302818592193071,0.28909372274994966,18.362718960270286,28.721044428837228,-49.72509811632335,28.23690002309109,-7.727361470460892,29.057750463592832,0.469462949777523,0.37074144170588635,0.4981432648281274,0.3723953238821935,0.4917618774933188,0.37017423652493897,-0.010115855753077836,0.02351283871158888,-0.02150208003476731,0.022566176940390956,-0.00087923625547887,0.02209918015384651
C.1.1.3.2.1.3.2,Part 301,C.1.1.3.2.1.3,-,false,0.3170500951097347,0.28909372274994966,39.879792649298906,28.721044428837228,49.74324256181717,28.23690002309109,-16.910056164488196,29.057750463592832,0.3868403339358573,0.37074144170588635,0.4332074035148762,0.3723953238821935,0.3714825106179182,0.37017423652493897,0.016979672110440942,0.02351283871158888,3.085962524271642e-5,0.022566176940390956,0.0005943747919141626,0.02209918015384651
C.1.1.3.2.1.3.3,Part 302,C.1.1.3.2.1.3,-,false,0.004349761590827257,0.28909372274994966,-88.5775972623378,28.721044428837228,85.53621731698513,28.23690002309109,-5.550558585673571,29.057750463592832,0.005913005331301421,0.37074144170588635,0.005501464960847597,0.3723953238821935,0.0052591730843552,0.37017423652493897,0.0004279151971362525,0.02351283871158888,2.36131770010035e-5,0.022566176940390956,0.0002209161769528973,0.02209918015384651
C.1.1.3.2.1.3.4,Part 303,C.1.1.3.2.1.3,-,false,0.42648385343886913,0.28909372274994966,86.82163748890162,28.721044428837228,49.98750961385667,28.23690002309109,-4.82497401535511,29.057750463592832,0.6509581627977518,0.37074144170588635,0.6067174619344557,0.3723953238821935,0.6184371040711442,0.37017423652493897,-0.022935411706845953,0.02351283871158888,-0.029081380340360178,0.022566176940390956,0.013408712220088409,0.02209918015384651
C.1.1.3.2.1.4,Subassembly 89,C.1.1.3.2.1,-,false,2.447341838692315,0.5781874454998993,-34.57022914554181,17.203059702228497,5.286456004137623,21.911792972225115,56.52246013510792,17.290799407172088,10465.156407163851,5889.520891144453,2483.6557333423566,2664.397507270976,9206.83190588984,5638.713061513838,1165.0376985633513,2578.6403972785315,-881.2978249365348,1281.3054394869932,2476.2068281969005,2693.2496381040737
C.1.1.3.2.1.4.1,Part 304,C.1.1.3.2.1.4,+,false,0.7463409944160376,0.28909372274994966,-26.504614809527993,28.721044428837228,62.05139560624957,28.23690002309109,61.13782003521919,29.057750463592832,1.0452339481371151,0.37074144170588635,1.1456713743509077,0.3723953238821935,0.9965550771022512,0.37017423652493897,-0.0037844778312448903,0.02351283871158888,-0.018690386601199538,0.022566176940390956,-0.0353752081346525,0.02209918015384651
C.1.1.3.2.1.4.2,Part 305,C.1.1.3.2.1.4,-,false,0.07366071792808361,0.28909372274994966,-79.16469965130091,28.721044428837228,81.36048577725887,28.23690002309109,63.619013130664825,29.057750463592832,0.07950071933095791,0.37074144170588635,0.08860937141400956,0.3723953238821935,0.08804109037191804,0.37017423652493897,-0.008543395605583287,0.02351283871158888,0.00783892662881568,0.022566176940390956,0.002312820694277688,0.02209918015384651
C.1.1.3.2.1.4.3,Part 306,C.1.1.3.2.1.4,+,false,0.7772379204537719,0.28909372274994966,-19.621654599905014,28.721044428837228,-78.24674462899566,28.23690002309109,89.25165296532214,29.057750463592832,0.9711164702176183,0.37074144170588635,0.9466826681114774,0.3723953238821935,0.8791674095456459,0.37017423652493897,0.0035185979756948505,0.02351283871158888,0.0022976645382708125,0.022566176940390956,0.0030417589459110278,0.02209918015384651
C.1.1.3.2.1.4.4,Part 307,C.1.1.3.2.1.4,-,false,0.8501022058944218,0.28909372274994966,-51.454595290124416,28.721044428837228,25.23170718923211,28.23690002309109,21.931632049381733,29.057750463592832,0.9203361436659883,0.37074144170588635,1.0513699248062658,0.3723953238821935,1.0125844164820472,0.37017423652493897,0.03954797218949646,0.02351283871158888,-0.0855337919866877,0.022566176940390956,0.019948801103531054,0.02209918015384651
C.1.1.3.2.2,Assembly 25,C.1.1.3.2,-,false,7.964605317942565,1.119655173703659,23.177263931937752,12.22252303192224,8.845085666922255,12.525150142985952,-17.001687518335324,13.314681153521803,45022.91940671184,15826.395618096787,46067.939854299046,16373.713670510599,45883.885529156585,13991.099464960414,1985.3246176596856,6427.912552654499,1752.5400102426715,7605.6138453846215,-268.39365297905215,6716.269501817188
C.1.1.3.2.2.1,Subassembly 90,C.1.1.3.2.2,-,false,1.5497204273643437,0.5007250159521434,-12.200028901379685,32.09434791154767,49.05796249586195,21.06058192240431,-73.35737246590675,34.689754358912104,1209.26422038928,6274.152158331834,8765.101740225009,9305.834494599176,8080.122408565616,5412.500142398559,-1411.8737106749807,2237.282079093111,-2451.463999745645,3967.912964763528,-475.8309167013161,1089.654182504393
C.1.1.3.2.2.1.1,Part 308,C.1.1.3.2.2.1,-,false,0.9628821893972345,0.28909372274994966,-67.02563893049955,28.721044428837228,38.92446053214371,28.23690002309109,-91.79585943929851,29.057750463592832,1.325991570317825,0.37074144170588635,1.3767848150268163,0.3723953238821935,1.331913580574206,0.37017423652493897,-0.08235468955166947,0.02351283871158888,-0.005362268663962171,0.022566176940390956,-0.08305653325092678,0.02209918015384651
C.1.1.3.2.2.1.2,Part 309,C.1.1.3.2.2.1,+,false,0.5805594417655375,0.28909372274994966,79.54693427309394,28.721044428837228,65.67559484392405,28.23690002309109,-44.329586112871766,29.057750463592832,0.7634266870756968,0.37074144170588635,0.7509323257853486,0.3723953238821935,0.7493895127889785,0.37017423652493897,-0.0007868340243789797,0.02351283871158888,-0.003883483413904091,0.022566176940390956,0.014998158225549642,0.02209918015384651
C.1.1.3.2.2.1.3,Part 310,C.1.1.3.2.2.1,+,false,0.006278796201571822,0.28909372274994966,-87.68620318733156,28.721044428837228,66.55258950777352,28.23690002309109,70.25857497937977,29.057750463592832,0.009083717793138048,0.37074144170588635,0.00852770142378268,0.3723953238821935,0.007307598921316748,0.37017423652493897,-0.0007172538256833759,0.02351283871158888,-0.0002211488279135332,0.022566176940390956,-2.006876692919036e-5,0.02209918015384651
C.1.1.3.2.2.2,Subassembly 91,C.1.1.3.2.2,-,false,0.8653289071782492,0.5781874454998993,14.12531633433657,45.784427134217566,-39.15810217280058,40.740852722065675,-31.913534681502743,50.18797548039743,3683.2619329516274,5500.607024365402,5760.912170488314,6078.193595888625,2964.467881187208,4863.88860432609,673.8000814070933,2265.2718087429184,1999.3710304471547,2784.3376746560893,60.71496127383115,2184.5620133179154
C.1.1.3.2.2.2.1,Part 311,C.1.1.3.2.2.2,-,false,0.507306068098871,0.28909372274994966,51.52768441475928,28.721044428837228,-43.57835128903389,28.23690002309109,-80.80584607087076,29.057750463592832,0.5182907025904251,0.37074144170588635,0.6396566292883058,0.3723953238821935,0.60675846262782,0.37017423652493897,0.027774789788406237,0.02351283871158888,-0.05421418779891808,0.022566176940390956,0.013214062933677433,0.02209918015384651
C.1.1.3.2.2.2.2,Part 312,C.1.1.3.2.2.2,-,false,0.27923376768874003,0.28909372274994966,-58.8215580675751,28.721044428837228,-27.714911568909883,28.23690002309109,39.66203657910228,29.057750463592832,0.3003349372228094,0.37074144170588635,0.30397909106428844,0.3723953238821935,0.3530848292248687,0.37017423652493897,-0.0016256423900652857,0.02351283871158888,-0.004426881182763229,0.022566176940390956,0.01567681694051682,0.02209918015384651
C.1.1.3.2.2.2.3,Part 313,C.1.1.3.2.2.2,+,false,0.053065631135599686,0.28909372274994966,74.80520722456276,28.721044428837228,-99.91779676638544,28.23690002309109,72.3065145779401,29.057750463592832,0.06803522128108468,0.37074144170588635,0.06849965363191944,0.3723953238821935,0.07269471227138315,0.37017423652493897,0.00015071735385599846,0.02351283871158888,-0.0007294193082956819,0.022566176940390956,-0.0010525329059136177,0.02209918015384651
C.1.1.3.2.2.2.4,Part 314,C.1.1.3.2.2.2,+,false,0.025723440255038442,0.28909372274994966,-56.83076097629964,28.721044428837228,49.14056593552232,28.23690002309109,-59.64905023574829,29.057750463592832,0.03401345992686182,0.37074144170588635,0.03412561256690141,0.3723953238821935,0.03451290554819782,0.37017423652493897,-0.0003071215644418075,0.02351283871158888,0.0008896193491510361,0.022566176940390956,-0.0007108032788825308,0.02209918015384651
C.1.1.3.2.2.3,Subassembly 92,C.1.1.3.2.2,-,false,1.6550438557702583,0.5007250159521434,21.766300233010114,23.233954130420024,57.43092795865037,22.799666588150362,-10.512089942651688,28.15819835914093,6686.226284151897,5212.629345319063,7795.860806031146,5418.964334124994,1979.0823989945757,3004.436508892993,297.49952229492783,1471.892455954797,2627.124903280184,2610.925843636063,-1324.6040815572278,2447.4309877685696
C.1.1.3.2.2.3.1,Part 315,C.1.1.3.2.2.3,+,false,0.8841884749981109,0.28909372274994966,-2.67761186696589,28.721044428837228,69.39258752390742,28.23690002309109,46.854346012696624,29.057750463592832,1.189376320613317,0.37074144170588635,1.205941083905937,0.3723953238821935,1.1648997578996236,0.37017423652493897,0.014061573413145526,0.02351283871158888,-0.013567785908019301,0.022566176940390956,-0.03654059910570495,0.02209918015384651
C.1.1.3.2.2.3.2,Part 316,C.1.1.3.2.2.3,+,false,0.05425436808075756,0.28909372274994966,-33.90569421462715,28.721044428837228,-9.006574749946594,28.23690002309109,-83.4563790820539,29.057750463592832,0.06582503402006419,0.37074144170588635,0.0727462769581792,0.3723953238821935,0.07228960061863357,0.37017423652493897,-0.004232131433138974,0.02351283871158888,-0.00023667541681533072,0.022566176940390956,-0.0045218793984314505,0.02209918015384651
C.1.1.3.2.2.3.3,Part 317,C.1.1.3.2.2.3,-,false,0.7166010126913898,0.28909372274994966,56.1417390126735,28.721044428837228,47.701892303302884,28.23690002309109,-75.77182915993035,29.057750463592832,0.8076271387470669,0.37074144170588635,0.986578090013967,0.3723953238821935,0.7817123876828004,0.37017423652493897,-0.0071684844781875045,0.02351283871158888,-0.0007451193538291595,0.022566176940390956,-0.007232231292846808,0.02209918015384651
C.1.1.3.2.2.4,Subassembly 93,C.1.1.3.2.2,-,false,2.7976520654533523,0.5007250159521434,41.47903144385975,19.24182025129106,-7.482026449602659,17.51362983708311,16.438307166781026,17.920889412465538,7013.155130346754,4809.334710921264,11534.661156868357,6409.515328624735,11649.57888515359,6357.199940106987,-2510.194729129066,3061.202093229916,4051.0231609679386,3138.146114844848,-728.2114150059268,2368.6500331377615
C.1.1.3.2.2.4.1,Part 318,C.1.1.3.2.2.4,+,false,0.8889756215265952,0.28909372274994966,-32.88555843755603,28.721044428837228,-45.80324599519372,28.23690002309109,42.835584888234735,29.057750463592832,1.1406320663721565,0.37074144170588635,1.3118710687285449,0.3723953238821935,1.218674073820137,0.37017423652493897,0.07079337227403804,0.02351283871158888,0.02208765741710296,0.022566176940390956,0.05792516059510751,0.02209918015384651
C.1.1.3.2.2.4.2,Part 319,C.1.1.3.2.2.4,+,false,0.9409341678854544,0.28909372274994966,97.86626021377742,28.721044428837228,-19.441911624744534,28.23690002309109,-32.84712606109679,29.057750463592832,1.3635594218624387,0.37074144170588635,1.25727050418053,0.3723953238821935,1.1556787094732983,0.37017423652493897,0.10141737961065309,0.02351283871158888,-0.016584724243580835,0.022566176940390956,0.008074147491905158,0.02209918015384651
C.1.1.3.2.2.4.3,Part 320,C.1.1.3.2.2.4,-,false,0.9677422760413028,0.28909372274994966,54.965718602761626,28.721044428837228,39.3487214576453,28.23690002309109,40.10970429517329,29.057750463592832,0.9196409710813536,0.37074144170588635,0.940467217425216,0.3723953238821935,0.9065334421784903,0.37017423652493897,-0.005298217016151351,0.02351283871158888,-0.021174314867082475,0.022566176940390956,0.010126942005534816,0.02209918015384651
C.1.1.3.2.2.5,Subassembly 94,C.1.1.3.2.2,-,false,1.0968600621763618,0.40884026350990615,35.75047621864896,22.41548726430508,-41.76692340467025,35.9662357137342,-20.69844917679401,22.70612091804125,6141.279759939006,4391.821405387105,759.7727837792918,1190.0918257065134,6124.053950187825,4380.851296216056,1459.9993172012782,1750.7777850315917,379.04071376375043,594.889230169203,-1493.4550342467855,1775.6720366583202
C.1.1.3.2.2.5.1,Part 321,C.1.1.3.2.2.5,+,false,0.38982657161960377,0.28909372274994966,10.995585890486836,28.721044428837228,55.75889269821346,28.23690002309109,4.62368200533092,29.057750463592832,0.593875336164907,0.37074144170588635,0.570095051626122,0.3723953238821935,0.5977647188323771,0.37017423652493897,-0.008331680534444092,0.02351283871158888,-0.0018383308505807877,0.022566176940390956,-0.00862451112800756,0.02209918015384651
C.1.1.3.2.2.5.2,Part 322,C.1.1.3.2.2.5,-,false,0.7070334905567579,0.28909372274994966,49.39921302720904,28.721044428837228,-95.53828649222851,28.23690002309109,-34.6599371638149,29.057750463592832,0.8683287334960428,0.37074144170588635,0.8252912129048904,0.3723953238821935,0.8172652405743035,0.37017423652493897,-0.04404569806229386,0.02351283871158888,-0.052528960149597084,0.022566176940390956,0.02704553983832496,0.02209918015384651
C.1.1.3.2.3,Assembly 26,C.1.1.3.2,-,false,2.5698179918832613,0.7081321085790055,4.449442760771421,20.230864546616516,39.93713626320637,24.914140242212206,-49.85309956323329,19.18156059617906,14949.527023657676,9041.20105872142,13830.787563692045,6583.552485248391,17440.74364879273,9475.291369760362,-3244.7269545407235,3558.681987893376,-1423.0906616012605,3192.543629668814,2035.242152088312,2866.3168514423423
C.1.1.3.2.3.1,Subassembly 95,C.1.1.3.2.3,-,false,0.520552234563278,0.40884026350990615,-30.42796814598923,31.965586368192202,-65.47524187322686,49.71182769286749,-52.15635553973427,23.569939703760298,1038.823948847909,1880.2622698678183,280.7954212194919,626.7907744172105,1286.1019914830308,2287.2146128199015,-519.0892477608735,963.4143759110988,65.95835522006001,241.53870538108555,129.82957113775058,467.1287821461309
C.1.1.3.2.3.1.1,Part 323,C.1.1.3.2.3.1,+,false,0.3878688797953073,0.28909372274994966,-43.5926400590688,28.721044428837228,-91.387655492872,28.23690002309109,-48.86414282955229,29.057750463592832,0.42184964004594716,0.37074144170588635,0.41817877777390067,0.3723953238821935,0.4444434323184965,0.37017423652493897,-0.005996255359739961,0.02351283871158888,-0.001913937062915384,0.022566176940390956,0.002494752411062521,0.02209918015384651
C.1.1.3.2.3.1.2,Part 324,C.1.1.3.2.3.1,+,false,0.13268335476797075,0.28909372274994966,8.055883552879095,28.721044428837228,10.273663187399507,28.23690002309109,-61.78037249483168,29.057750463592832,0.14959516876052975,0.37074144170588635,0.15794006943016725,0.3723953238821935,0.17241936283603132,0.37017423652493897,-0.004380634094447134,0.02351283871158888,-0.004021442459459437,0.022566176940390956,-0.01596463004876237,0.02209918015384651
C.1.1.3.2.3.2,Subassembly 96,C.1.1.3.2.3,-,false,1.0475631772505585,0.40884026350990615,-16.293326675344616,34.18791085761913,54.31336680486648,20.214292459491332,-18.467857182245115,27.917388067863264,2521.5667486038446,2328.2750587483683,7650.37033851565,4717.804746377044,5264.358879054649,3650.001597770115,590.771334488379,1500.4345372054506,-3570.225491152778,2303.2262612665027,405.90267030401094,1038.7012391167477
C.1.1.3.2.3.2.1,Part 325,C.1.1.3.2.3.2,+,false,0.5126135343068745,0.28909372274994966,-88.23857898823917,28.721044428837228,62.4933329410851,28.23690002309109,-67.9025755263865,29.057750463592832,0.48396662788528616,0.37074144170588635,0.5335215442545749,0.3723953238821935,0.479101358373085,0.37017423652493897,0.001507180322832044,0.02351283871158888,0.03241985306728057,0.022566176940390956,2.4370241434969285e-5,0.02209918015384651
C.1.1.3.2.3.2.2,Part 326,C.1.1.3.2.3.2,+,false,0.534949642943684,0.28909372274994966,52.64794761314988,28.721044428837228,46.47494424134493,28.23690002309109,28.902780450880527,29.057750463592832,0.7796976661674203,0.37074144170588635,0.7908133779174921,0.3723953238821935,0.8014815913535941,0.37017423652493897,-0.01290336293397582,0.02351283871158888,0.0008880044080371539,0.022566176940390956,0.017782637268793578,0.02209918015384651
C.1.1.3.2.3.3,Subassembly 97,C.1.1.3.2.3,-,false,1.0017025800694246,0.40884026350990615,44.26652662612905,24.51742395322753,79.68210651543662,28.67728947157582,-81.47831428502478,32.97836277341605,1769.5182354238898,2773.3578983809966,1191.0745710207168,1967.8159389792177,635.124117754234,1162.874149596063,-129.75622894742244,426.21127724785043,179.64423858841198,585.4837793681878,839.4744586157211,1329.198154303366
C.1.1.3.2.3.3.1,Part 327,C.1.1.3.2.3.3,-,false,0.829036572795827,0.28909372274994966,46.66926125064492,28.721044428837228,90.90984002687037,28.23690002309109,-97.02342553064227,29.057750463592832,0.792048226688685,0.37074144170588635,0.9074065093255873,0.3723953238821935,0.8705383520500798,0.37017423652493897,-0.002907549974660929,0.02351283871158888,-0.004094885363753678,0.022566176940390956,0.024382285112802046,0.02209918015384651
C.1.1.3.2.3.3.2,Part 328,C.1.1.3.2.3.3,+,false,0.17266600727359765,0.28909372274994966,32.73006435483694,28.721044428837228,25.773396529257298,28.23690002309109,-6.840196717530489,29.057750463592832,0.18975978613601396,0.37074144170588635,0.16764062792869464,0.3723953238821935,0.18417335811917462,0.37017423652493897,0.004465007722107403,0.02351283871158888,-0.007410885440029033,0.022566176940390956,-0.006391626421596712,0.02209918015384651
C.1.1.3.2.4,Assembly 27,C.1.1.3.2,-,false,6.028194033676758,0.9141946211470768,-0.28811582030875765,13.918478870620627,14.881007813744745,12.737960681671138,21.126813351754226,14.264651444936886,25250.536644563865,10683.228033042642,37022.667989401765,12970.80254951201,26978.504305899663,11292.921375837657,-4628.661509110165,5231.306397429213,-311.67511286700164,6090.584908188319,5993.478810475741,5005.56482402894
C.1.1.3.2.4.1,Subassembly 98,C.1.1.3.2.4,-,false,1.8293687644712628,0.5007250159521434,-10.350144871444712,24.76276413310605,28.528443448927813,21.711202702602304,-10.197567510946783,29.77247560402662,11327.003430988043,7018.523554947837,11432.178352224155,7979.050626852278,2906.413011911943,4292.275842823146,1215.5492771325885,1964.9140795018568,-2632.0285635278888,3835.238996910599,3616.822497105072,3193.85039298304
C.1.1.3.2.4.1.1,Part 329,C.1.1.3.2.4.1,-,false,0.1287167886684183,0.28909372274994966,87.03090269118547,28.721044428837228,-30.540409218519926,28.23690002309109,90.15979957766831,29.057750463592832,0.16228324661940166,0.37074144170588635,0.18592483896238873,0.3723953238821935,0.169379665314911,0.37017423652493897,-0.005206167910981763,0.02351283871158888,-0.0003557462758003533,0.022566176940390956,-0.012137712710591424,0.02209918015384651
C.1.1.3.2.4.1.2,Part 330,C.1.1.3.2.4.1,-,false,0.7194973043771461,0.28909372274994966,-5.321806250140071,28.721044428837228,5.8911309111863375,28.23690002309109,64.91381684318185,29.057750463592832,0.7433649994239266,0.37074144170588635,0.7614583436374497,0.3723953238821935,0.7599770598861778,0.37017423652493897,-0.0073631579731272675,0.02351283871158888,0.01065898338305345,0.022566176940390956,0.010820393022586878,0.02209918015384651
C.1.1.3.2.4.1.3,Part 331,C.1.1.3.2.4.1,+,false,0.9811546714256983,0.28909372274994966,-26.812841603532434,28.721044428837228,52.877956395968795,28.23690002309109,-78.44380689784884,29.057750463592832,1.1952775255256611,0.37074144170588635,1.1333585747959691,0.3723953238821935,1.2088887158634742,0.37017423652493897,0.04448588940602053,0.02351283871158888,0.014076505407049527,0.022566176940390956,0.030402675473276016,0.02209918015384651
C.1.1.3.2.4.2,Subassembly 99,C.1.1.3.2.4,-,false,1.115462921152124,0.5007250159521434,18.062270850627925,31.130147468939633,20.54678017939325,37.00521914071327,76.37912888641077,28.255470284560634,1810.0222254250723,4372.955199802982,1229.714739765951,2590.8411862381145,2109.37716669385,5233.347224834797,864.1020592994934,2440.2991988773897,581.2519956406895,1219.3581895375628,-567.5331819407473,1694.955459517341
C.1.1.3.2.4.2.1,Part 332,C.1.1.3.2.4.2,+,false,0.8908846303960308,0.28909372274994966,6.145137874409556,28.721044428837228,30.200060736387968,28.23690002309109,86.38933976180851,29.057750463592832,1.1732807924076296,0.37074144170588635,1.2262073962193647,0.3723953238821935,1.1639888072078595,0.37017423652493897,0.08138156012891873,0.02351283871158888,-0.06547237091048538,0.022566176940390956,0.016495638048970227,0.02209918015384651
C.1.1.3.2.4.2.2,Part 333,C.1.1.3.2.4.2,-,false,0.10032512529427186,0.28909372274994966,92.65729235485196,28.721044428837228,-89.4319798797369,28.23690002309109,25.90523068793118,29.057750463592832,0.11913864855595321,0.37074144170588635,0.134912528368046,0.3723953238821935,0.12936075126750263,0.37017423652493897,0.0073934246424274975,0.02351283871158888,-0.007472614650957768,0.022566176940390956,-0.006519047686285644,0.02209918015384651
C.1.1.3.2.4.2.3,Part 334,C.1.1.3.2.4.2,-,false,0.12425316546182148,0.28909372274994966,43.277207762002945,28.721044428837228,40.1331914588809,28.23690002309109,45.36066073924303,29.057750463592832,0.16995944008708636,0.37074144170588635,0.1719286949193182,0.3723953238821935,0.1619421745124618,0.37017423652493897,3.326645094867894e-5,0.02351283871158888,0.0014322597037123236,0.022566176940390956,-0.001125542427615782,0.02209918015384651
C.1.1.3.2.4.3,Subassembly 100,C.1.1.3.2.4,-,false,1.2583704793360084,0.40884026350990615,-26.005772884248312,21.40413480208315,-25.40433454352479,22.186351526783163,34.3006310786928,24.128041355240182,1836.0232470038945,2036.1406291740225,1343.8617410976508,1717.120235901905,697.8482316535828,1173.2125025901478,-246.12817485416355,583.3034224685221,355.5840295313873,813.6442177740158,858.4001196444294,999.4566304969728
C.1.1.3.2.4.3.1,Part 335,C.1.1.3.2.4.3,-,false,0.8138346412456594,0.28909372274994966,-19.35315211303532,28.721044428837228,-9.34449820779264,28.23690002309109,11.100184358656406,29.057750463592832,1.254307671626655,0.37074144170588635,1.2892499073621049,0.3723953238821935,1.2123385561143551,0.37017423652493897,0.00475683828348402,0.02351283871158888,-0.005411595769007989,0.022566176940390956,0.030432322462455426,0.02209918015384651
C.1.1.3.2.4.3.2,Part 336,C.1.1.3.2.4.3,-,false,0.44453583809034897,0.28909372274994966,-38.185068173334,28.721044428837228,-54.80590360239148,28.23690002309109,76.77488313056529,29.057750463592832,0.5605673530624556,0.37074144170588635,0.5885100498271254,0.3723953238821935,0.4944968784011927,0.37017423652493897,0.0011743317180756795,0.02351283871158888,0.017871565634935114,0.022566176940390956,-0.0019844118834329845,0.02209918015384651
C.1.1.3.2.4.4,Subassembly 101,C.1.1.3.2.4,-,false,1.8249918687173632,0.40884026350990615,16.314876609110016,28.94262548096925,25.515430051618807,21.154501918699797,9.671634259638058,20.86714247714973,1994.165055979371,2454.2313199726377,15462.542651982916,7679.306296005431,16743.53301909526,8050.517298781979,-4971.467106370172,3666.6958746206096,2317.648497191415,3478.2844581504796,762.7801442125196,1240.3398954178153
C.1.1.3.2.4.4.1,Part 337,C.1.1.3.2.4.4,+,false,0.9935060153647791,0.28909372274994966,99.54300043173134,28.721044428837228,52.90783024393022,28.23690002309109,-3.098144009709358,29.057750463592832,1.2726673316890742,0.37074144170588635,1.104507471678157,0.3723953238821935,1.2862151596833427,0.37017423652493897,0.113966584528572,0.02351283871158888,-0.06579783463571051,0.022566176940390956,0.04940191283725343,0.02209918015384651
C.1.1.3.2.4.4.2,Part 338,C.1.1.3.2.4.4,+,false,0.831485853352584,0.28909372274994966,-83.13076198101044,28.721044428837228,-7.214548764750361,28.23690002309109,24.929682817310095,29.057750463592832,1.1061638413519386,0.37074144170588635,0.9906589384755864,0.3723953238821935,1.1828486285053241,0.37017423652493897,-0.024591749429249916,0.02351283871158888,-0.027798027141805084,0.022566176940390956,-0.06585028412634386,0.02209918015384651
C.1.1.3.3,Subsystem 8,C.1.1.3,-,false,31.042946416208988,2.201672198793144,2.6631761926013446,5.982954469352481,-0.5989699466023461,5.683461239800526,1.6776948831031437,5.93147440424244,178269.57653273578,25732.24876156434,195264.21905900078,26881.969452066296,190609.8752521568,26661.0456067713,-16222.681624074843,12727.866996903902,1733.1352225143228,12605.473374463107,1391.3442534966498,12059.93956864893
C.1.1.3.3.1,Assembly 28,C.1.1.3.3,-,false,7.143061533371452,1.0014500319042867,22.684410166810377,10.704580090468529,-2.8694936288777666,12.189038789089148,-13.74745489953297,12.720731291319044,46700.13160725338,13779.85885389026,32546.26560614103,11075.949466820128,36610.288177552626,10691.519974362927,-9674.370920117615,5002.574885378281,-4296.275202901931,4836.433763504707,-306.1448909359543,6661.992168669573
C.1.1.3.3.1.1,Subassembly 102,C.1.1.3.3.1,-,false,1.1567824624860659,0.40884026350990615,-14.207988396287224,24.801446350828922,-66.79698315057487,26.480087159501046,-55.82527213110062,40.26916321513275,3471.6992426069673,5271.281021867711,3134.7332843702525,4792.82727380931,338.4162465896842,738.7091635379448,3.0176719073096225,285.97089684166025,9.038495073468399,872.1150706255747,-1027.539092792421,1718.616962818622
C.1.1.3.3.1.1.1,Part 339,C.1.1.3.3.1.1,+,false,0.17296256762440315,0.28909372274994966,-14.564425311982632,28.721044428837228,-26.097243139520288,28.23690002309109,68.29932532273233,29.057750463592832,0.23515190848664183,0.37074144170588635,0.24636589810555753,0.3723953238821935,0.23377505428179532,0.37017423652493897,0.0009190094128724061,0.02351283871158888,-0.010515800318927333,0.022566176940390956,0.002593748427671645,0.02209918015384651
C.1.1.3.3.1.1.2,Part 340,C.1.1.3.3.1.1,+,false,0.9838198948616628,0.28909372274994966,-14.145324239507318,28.721044428837228,-73.95228827372193,28.23690002309109,-77.64726332388818,29.057750463592832,1.272949086677975,0.37074144170588635,1.1470384580883433,0.3723953238821935,1.2795345707875208,0.37017423652493897,-0.06831570111704816,0.02351283871158888,-0.030336452443956587,0.022566176940390956,0.1408859925617021,0.02209918015384651
C.1.1.3.3.1.2,Subassembly 103,C.1.1.3.3.1,-,false,1.7167463173738218,0.5007250159521434,34.36209499349572,18.674345382798712,4.7440558831696675,26.1444635616413,-7.6300237641101765,25.879360760142912,15076.555652039657,7667.058589804854,8601.626803783229,4982.200643342606,9333.38564812182,5175.8112400723785,-20.663627980875162,2202.813170892056,-570.2896055232918,2131.9026150754967,7399.417889698618,3820.3354695259545
C.1.1.3.3.1.2.1,Part 341,C.1.1.3.3.1.2,-,false,0.5552727924224455,0.28909372274994966,45.22345131263137,28.721044428837228,99.64423952624202,28.23690002309109,-92.10035386495292,29.057750463592832,0.6266058186470491,0.37074144170588635,0.6183279141637241,0.3723953238821935,0.6721429327674253,0.37017423652493897,0.014988545156790763,0.02351283871158888,-0.042082998472465646,0.022566176940390956,-0.0326383529731137,0.02209918015384651
C.1.1.3.3.1.2.2,Part 342,C.1.1.3.3.1.2,+,false,0.6642862837191206,0.28909372274994966,-0.12150341644883156,28.721044428837228,-22.469228319823742,28.23690002309109,3.6420139484107494,29.057750463592832,0.788842049384512,0.37074144170588635,0.8668521507371356,0.3723953238821935,0.7379916356314895,0.37017423652493897,-0.010146073839353233,0.02351283871158888,-0.000711125070657171,0.022566176940390956,0.0012417534232498,0.02209918015384651
C.1.1.3.3.1.2.3,Part 343,C.1.1.3.3.1.2,-,false,0.4971872412322555,0.28909372274994966,68.30497281625867,28.721044428837228,-64.88379389047623,28.23690002309109,71.64839040488005,29.057750463592832,0.7390924411943168,0.37074144170588635,0.6412912874456442,0.3723953238821935,0.5967274879637402,0.37017423652493897,-0.007283921236905591,0.02351283871158888,0.0013296151538236527,0.022566176940390956,0.010705195410016874,0.02209918015384651
C.1.1.3.3.1.3,Subassembly 104,C.1.1.3.3.1,-,false,3.6786215612986126,0.6464332159373649,19.558963077032693,14.737191210361171,15.468745444627851,16.11173776982775,-1.466877440554488,15.178955008988757,18589.972338287367,7501.4043154813135,13613.455248849583,6534.756753334017,16851.23822724458,7131.567846578453,-7303.392034961167,3488.441864317413,-2199.7087868203353,3184.9985371899984,-2352.1062849296964,3583.066489636267
C.1.1.3.3.1.3.1,Part 344,C.1.1.3.3.1.3,+,false,0.7082670163041912,0.28909372274994966,-7.923644687980413,28.721044428837228,-49.34416888281703,28.23690002309109,-5.094885872676969,29.057750463592832,0.8310048517949346,0.37074144170588635,0.8171105974087458,0.3723953238821935,0.9152684446968447,0.37017423652493897,-0.006635538494853262,0.02351283871158888,0.004183277509689184,0.022566176940390956,-0.04061732463389712,0.02209918015384651
C.1.1.3.3.1.3.2,Part 345,C.1.1.3.3.1.3,+,false,0.7039202037192881,0.28909372274994966,77.4934052489698,28.721044428837228,77.67855464480817,28.23690002309109,-36.64542925544083,29.057750463592832,0.8978087242555083,0.37074144170588635,0.9427405973278487,0.3723953238821935,0.9582910226102995,0.37017423652493897,0.047254869640635154,0.02351283871158888,-0.003307730206997259,0.022566176940390956,-0.002696946277858248,0.02209918015384651
C.1.1.3.3.1.3.3,Part 346,C.1.1.3.3.1.3,+,false,0.5958952019563876,0.28909372274994966,44.66969342902303,28.721044428837228,85.3391538374126,28.23690002309109,24.265004228800535,29.057750463592832,0.7713652964993101,0.37074144170588635,0.6968887104444396,0.3723953238821935,0.7985076519388641,0.37017423652493897,-0.017454868630698374,0.02351283871158888,0.09199885539149083,0.022566176940390956,0.02230476182137807,0.02209918015384651
C.1.1.3.3.1.3.4,Part 347,C.1.1.3.3.1.3,+,false,0.8632667303956114,0.28909372274994966,30.22816083393991,28.721044428837228,19.483605585992336,28.23690002309109,65.16060717403889,29.057750463592832,1.310280276323307,0.37074144170588635,1.3092027430011184,0.3723953238821935,1.219558064498851,0.37017423652493897,0.004857887101179674,0.02351283871158888,-0.002589224195977213,0.022566176940390956,-0.001204902973619892,0.02209918015384651
C.1.1.3.3.1.3.5,Part 348,C.1.1.3.3.1.3,-,false,0.8072724089231342,0.28909372274994966,-36.79119385778904,28.721044428837228,-37.78122067451477,28.23690002309109,-57.85218561068177,29.057750463592832,0.8511451997168983,0.37074144170588635,0.9283186293498258,0.3723953238821935,0.8772118188480884,0.37017423652493897,0.024868290144069972,0.02351283871158888,0.038762012521037545,0.022566176940390956,0.05005484338480435,0.02209918015384651
C.1.1.3.3.1.4,Subassembly 105,C.1.1.3.3.1,-,false,0.5909111922129523,0.40884026350990615,80.43622590163409,25.859660084107695,-14.004459553105818,27.08497414319622,-25.598293838501462,41.55479048168975,674.4378397869779,1629.3879013799813,630.9688754706493,1532.48024291564,134.59988305581703,405.744741726193,-63.334083204842614,197.4887794678707,-162.5602153153214,471.5835949819194,-227.87960557796742,594.1217691640999
C.1.1.3.3.1.4.1,Part 349,C.1.1.3.3.1.4,-,false,0.48454553055693395,0.28909372274994966,76.3405176345259,28.721044428837228,-19.746251730248332,28.23690002309109,-40.3416823130101,29.057750463592832,0.4435015590057802,0.37074144170588635,0.5665401783028494,0.3723953238821935,0.5595896048069,0.37017423652493897,-0.026817732010076874,0.02351283871158888,-0.012258042220934025,0.022566176940390956,-0.004432627929189525,0.02209918015384651
C.1.1.3.3.1.4.2,Part 350,C.1.1.3.3.1.4,+,false,0.10636566165601835,0.28909372274994966,99.09410011023283,28.721044428837228,12.152099749073386,28.23690002309109,41.56476310454309,29.057750463592832,0.12124309108592712,0.37074144170588635,0.11976485657182949,0.3723953238821935,0.1381998386436675,0.37017423652493897,0.0031644404808769274,0.02351283871158888,-6.34067392692426e-5,0.022566176940390956,-0.001641676819240469,0.02209918015384651
C.1.1.3.3.2,Assembly 29,C.1.1.3.3,-,false,4.003333694955101,0.8176805270198123,28.1322164751464,17.13094520174855,-8.478240906956303,16.150852381145985,17.67775061652393,14.8346382792481,18502.492347632575,8245.037889095545,26650.19853338539,9683.94507932898,26744.739707365567,10114.40901375591,8350.078153205754,4703.605650737948,909.6918895873486,4476.07942714055,-3303.17275722163,3895.667460827672
C.1.1.3.3.2.1,Subassembly 106,C.1.1.3.3.2,-,false,2.9940569970475046,0.6464332159373649,30.059899586358846,20.717006971082494,-21.865274300079566,17.470738675122718,25.79865216135028,17.51802736047386,15193.75838027431,7212.114276279608,24974.559370444054,9450.312081950931,23513.298880072965,9318.81692903457,7836.811988733043,4345.466272618858,1027.4988871099767,4341.110642051513,-4721.587894963078,3478.6024073493536
C.1.1.3.3.2.1.1,Part 351,C.1.1.3.3.2.1,-,false,0.77704927199753,0.28909372274994966,70.05582912825048,28.721044428837228,-90.65169123932719,28.23690002309109,-53.16146709956229,29.057750463592832,0.9895311238446165,0.37074144170588635,0.84551021282698,0.3723953238821935,0.9724325137632895,0.37017423652493897,-0.036116724543611714,0.02351283871158888,-0.0013055538886287076,0.022566176940390956,-0.020873950018523157,0.02209918015384651
C.1.1.3.3.2.1.2,Part 352,C.1.1.3.3.2.1,-,false,0.34672079734317957,0.28909372274994966,90.2286637108773,28.721044428837228,-14.014111133292317,28.23690002309109,10.395548678934574,29.057750463592832,0.4724925320319602,0.37074144170588635,0.4765015014220238,0.3723953238821935,0.48873816688708965,0.37017423652493897,-0.014557722872197195,0.02351283871158888,-0.03173305962860533,0.022566176940390956,0.00013034053223681666,0.02209918015384651
C.1.1.3.3.2.1.3,Part 353,C.1.1.3.3.2.1,+,false,0.8570563166863285,0.28909372274994966,-77.57854368537664,28.721044428837228,27.805724507197738,28.23690002309109,38.91883506439626,29.057750463592832,1.1371704390374393,0.37074144170588635,1.1473445203900074,0.3723953238821935,1.0822245381959128,0.37017423652493897,0.021969742746294284,0.02351283871158888,0.08954292109316597,0.022566176940390956,-0.09571725841884535,0.02209918015384651
C.1.1.3.3.2.1.4,Part 354,C.1.1.3.3.2.1,+,false,0.8075060287709348,0.28909372274994966,95.47860003076494,28.721044428837228,-29.560013441368937,28.23690002309109,87.90220720693469,29.057750463592832,1.0222307270645512,0.37074144170588635,1.0425468890200875,0.3723953238821935,1.0088720804606368,0.37017423652493897,0.06613813756534859,0.02351283871158888,-0.051207983586662245,0.022566176940390956,0.056839000670519446,0.02209918015384651
C.1.1.3.3.2.1.5,Part 355,C.1.1.3.3.2.1,-,false,0.20572458224953152,0.28909372274994966,-30.770735954865813,28.721044428837228,47.99015307798982,28.23690002309109,51.574612967669964,29.057750463592832,0.2839137586999741,0.37074144170588635,0.2687665489168035,0.3723953238821935,0.27125756260417366,0.37017423652493897,0.0027132013043448767,0.02351283871158888,-0.005324956905221535,0.022566176940390956,-0.00343109518570215,0.02209918015384651
C.1.1.3.3.2.2,Subassembly 107,C.1.1.3.3.2,-,false,1.0092766979075969,0.5007250159521434,22.413672572189515,28.82088552559873,31.23489334402283,30.923333829971686,-6.41320694053573,24.327581746941398,397.1840379751472,2131.241612664933,848.2948689816669,1442.5717847313906,1058.973369606776,2553.9931352836147,206.79360290599837,1077.7898102935646,68.10674644042818,640.6567040373775,127.31418645043985,807.174289710943
C.1.1.3.3.2.2.1,Part 356,C.1.1.3.3.2.2,-,false,0.2372182305334136,0.28909372274994966,-25.50076711922884,28.721044428837228,37.69216509535909,28.23690002309109,1.8723068293184042,29.057750463592832,0.29134553987413647,0.37074144170588635,0.3015563682877139,0.3723953238821935,0.3665896343791621,0.37017423652493897,-0.008189519011996816,0.02351283871158888,0.012289423546843217,0.022566176940390956,-0.02760671114873288,0.02209918015384651
C.1.1.3.3.2.2.2,Part 357,C.1.1.3.3.2.2,-,false,0.04752086375420913,0.28909372274994966,66.05742904357612,28.721044428837228,-46.46932524628937,28.23690002309109,28.583692107349634,29.057750463592832,0.057919704634129085,0.37074144170588635,0.054995967699237265,0.3723953238821935,0.0649351684678988,0.37017423652493897,-0.004256242558669406,0.02351283871158888,0.001327113246219507,0.022566176940390956,-0.004210082649598986,0.02209918015384651
C.1.1.3.3.2.2.3,Part 358,C.1.1.3.3.2.2,-,false,0.7245376036199741,0.28909372274994966,35.23866543546319,28.721044428837228,34.217194048687816,28.23690002309109,-11.421308340504766,29.057750463592832,0.9112260261089657,0.37074144170588635,0.9854030878342958,0.3723953238821935,0.9851808842484352,0.37017423652493897,-0.03404675019815247,0.02351283871158888,-0.03454329038095409,0.022566176940390956,-0.012396529647119573,0.02209918015384651
C.1.1.3.3.3,Assembly 30,C.1.1.3.3,-,false,10.514999999251216,1.2265207905297186,-15.31210125086863,9.919525450962563,15.108715665082384,9.344055379356384,-7.242404945677322,9.413278932397635,58357.94329348022,13528.313538203362,60703.56948270314,13726.234343497996,63602.4084194988,14320.88951978502,-9681.538820809023,6819.518845333132,13965.23492871253,6628.9974813705885,7126.254048751177,6527.864411974234
C.1.1.3.3.3.1,Subassembly 108,C.1.1.3.3.3,-,false,2.997771540727234,0.5781874454998993,-59.97227526736987,14.706995920099937,-12.062514566295148,16.970371880925445,13.719707354701466,17.537411714793446,14453.691274094796,6727.679522556372,8060.396660732785,4834.264007136745,7467.772948182492,4669.354859209784,-475.18357009518377,2161.8543117743525,944.3386571365262,2289.65931997309,382.2973788029669,3248.7490218257035
C.1.1.3.3.3.1.1,Part 359,C.1.1.3.3.3.1,+,false,0.8504522860716097,0.28909372274994966,-49.115600530058146,28.721044428837228,44.19183866120875,28.23690002309109,-43.12542281113565,29.057750463592832,1.2859925581689495,0.37074144170588635,1.2703321565005177,0.3723953238821935,1.2792177094362849,0.37017423652493897,-0.012581350744978818,0.02351283871158888,0.017977905440962234,0.022566176940390956,0.011617879109940707,0.02209918015384651
C.1.1.3.3.3.1.2,Part 360,C.1.1.3.3.3.1,-,false,0.6315701652944553,0.28909372274994966,-83.37428821250796,28.721044428837228,1.954424660652876,28.23690002309109,72.82711169682443,29.057750463592832,0.7236730051605913,0.37074144170588635,0.7205043949279477,0.3723953238821935,0.8530657457063536,0.37017423652493897,0.016007201976327993,0.02351283871158888,0.06380973638404938,0.022566176940390956,-0.02362741773822745,0.02209918015384651
C.1.1.3.3.3.1.3,Part 361,C.1.1.3.3.3.1,+,false,0.6996143925464712,0.28909372274994966,-63.59420269727707,28.721044428837228,-88.62598459236324,28.23690002309109,-22.760992124676704,29.057750463592832,0.9098811334073331,0.37074144170588635,0.8575401273555749,0.3723953238821935,0.8742757121999164,0.37017423652493897,-0.04562700392134493,0.02351283871158888,-0.022545919239275007,0.022566176940390956,-0.0021049229370553877,0.02209918015384651
C.1.1.3.3.3.1.4,Part 362,C.1.1.3.3.3.1,+,false,0.8161346968146972,0.28909372274994966,-50.07086815312505,28.721044428837228,-15.8969531301409,28.23690002309109,58.48685218952596,29.057750463592832,0.9474334592935165,0.37074144170588635,0.9142407891330531,0.3723953238821935,0.9510547762293589,0.37017423652493897,0.004616361332841578,0.02351283871158888,-0.0045825795372115685,0.022566176940390956,-0.015149540630757522,0.02209918015384651
C.1.1.3.3.3.2,Subassembly 109,C.1.1.3.3.3,-,false,1.064028270998504,0.40884026350990615,0.8047684784785102,31.8085228413183,4.711309563071165,20.239183014663837,16.716060387004102,29.171983622497127,2852.2545619953416,2541.282601589866,6866.6898419057225,4515.515606015504,4018.136565537364,3128.415718164466,69.05171907811621,1287.86866477937,3382.7036982751674,2246.6790999932223,-58.11567383863665,1084.9927584677703
C.1.1.3.3.3.2.1,Part 363,C.1.1.3.3.3.2,-,false,0.44449189454852606,0.28909372274994966,73.33115013316274,28.721044428837228,3.464101580902934,28.23690002309109,-44.381224643439054,29.057750463592832,0.6340587886663713,0.37074144170588635,0.6257638950324168,0.3723953238821935,0.6074280828308877,0.37017423652493897,-0.011954897470110134,0.02351283871158888,-0.01721122078046567,0.022566176940390956,0.011125900437416226,0.02209918015384651
C.1.1.3.3.3.2.2,Part 364,C.1.1.3.3.3.2,-,false,0.6195363764499779,0.28909372274994966,-51.22993038967252,28.721044428837228,5.6061300449073315,28.23690002309109,60.55085202679038,29.057750463592832,0.766592003874242,0.37074144170588635,0.8736708767852546,0.3723953238821935,0.8176724382256669,0.37017423652493897,0.01026958985554561,0.02351283871158888,-0.015242290774441194,0.022566176940390956,0.04479842730099822,0.02209918015384651
C.1.1.3.3.3.3,Subassembly 110,C.1.1.3.3.3,-,false,2.4005059999492953,0.6464332159373649,21.093815433866173,20.146257484007013,2.3472877997857275,20.455895125248926,-29.23705162603596,20.55145819618231,17998.036326702826,7648.943280585482,14084.14507098088,6519.795266833718,15842.262239032681,7153.1206008311265,-6570.098982667732,3284.809083439366,2253.8645926700365,3028.478033785712,5064.073242799943,3741.560488628619
C.1.1.3.3.3.3.1,Part 365,C.1.1.3.3.3.3,+,false,0.6631013120673597,0.28909372274994966,-26.361875887960196,28.721044428837228,-91.08197679743171,28.23690002309109,32.93327162973583,29.057750463592832,0.8681920304754445,0.37074144170588635,0.8343259704647652,0.3723953238821935,0.9656238455132924,0.37017423652493897,0.010485765311351203,0.02351283871158888,0.07894198419442901,0.022566176940390956,-0.006375601374078912,0.02209918015384651
C.1.1.3.3.3.3.2,Part 366,C.1.1.3.3.3.3,-,false,0.43639439152251,0.28909372274994966,60.67314734682441,28.721044428837228,51.530647557228804,28.23690002309109,34.53284106217325,29.057750463592832,0.5965071925441982,0.37074144170588635,0.6196004966756115,0.3723953238821935,0.6755973245670407,0.37017423652493897,0.019010842469309133,0.02351283871158888,0.00013449155068283064,0.022566176940390956,-0.00020597936091259472,0.02209918015384651
C.1.1.3.3.3.3.3,Part 367,C.1.1.3.3.3.3,-,false,0.29280219084909187,0.28909372274994966,51.96624989621341,28.721044428837228,20.35210942849517,28.23690002309109,-84.27569982595742,29.057750463592832,0.38775073085315237,0.37074144170588635,0.37682545416182517,0.3723953238821935,0.41072470042932147,0.37017423652493897,-0.030480396750700398,0.02351283871158888,0.021042182170702382,0.022566176940390956,0.0004046926077895442,0.02209918015384651
C.1.1.3.3.3.3.4,Part 368,C.1.1.3.3.3.3,-,false,0.7366351738085505,0.28909372274994966,61.88151203095913,28.721044428837228,62.26568752899766,28.23690002309109,-88.20957448333502,29.057750463592832,0.8327232536244488,0.37074144170588635,0.7531982390595652,0.3723953238821935,0.8055498768810735,0.37017423652493897,0.009441943800766153,0.02351283871158888,-0.0004412399267944972,0.022566176940390956,-0.0024008129387950152,0.02209918015384651
C.1.1.3.3.3.3.5,Part 369,C.1.1.3.3.3.3,+,false,0.2715729317017831,0.28909372274994966,-70.55536163970828,28.721044428837228,-30.49886655062437,28.23690002309109,-64.20878088101745,29.057750463592832,0.3161118053732044,0.37074144170588635,0.36828978337773255,0.3723953238821935,0.3312912321796915,0.37017423652493897,-0.00846343292733176,0.02351283871158888,-0.033531751516162125,0.022566176940390956,-0.009268383138734036,0.02209918015384651
C.1.1.3.3.3.4,Subassembly 111,C.1.1.3.3.3,-,false,2.1556833896718453,0.5007250159521434,23.98546645899551,18.996763002755312,64.42192378114161,19.998123485015558,-14.493783461233518,19.71433872687352,5239.517403565071,3903.7426197375994,4886.071070446039,3812.8350766905564,4801.843761580311,3639.313031086136,35.08772449579442,1717.6927161818708,2374.6297882516456,1896.5768225010627,-600.5581313727452,1893.043064720378
C.1.1.3.3.3.4.1,Part 370,C.1.1.3.3.3.4,-,false,0.9836174107897095,0.28909372274994966,-11.059313593432307,28.721044428837228,65.70983855053782,28.23690002309109,23.10982048511505,29.057750463592832,1.5057223389342758,0.37074144170588635,1.53427055622812,0.3723953238821935,1.5314362347455965,0.37017423652493897,-0.012060290262935716,0.02351283871158888,-0.01515338425031792,0.022566176940390956,-0.0058937719634679555,0.02209918015384651
C.1.1.3.3.3.4.2,Part 371,C.1.1.3.3.3.4,+,false,0.7890587515793741,0.28909372274994966,53.98680209182203,28.721044428837228,95.98496975377202,28.23690002309109,-39.544238056987524,29.057750463592832,1.1721711015514373,0.37074144170588635,1.0951211235738731,0.3723953238821935,1.1008474308553882,0.37017423652493897,-0.07280050465536486,0.02351283871158888,0.05799694573055922,0.022566176940390956,0.011487199058910876,0.02209918015384651
C.1.1.3.3.3.4.3,Part 372,C.1.1.3.3.3.4,+,false,0.38300722730276177,0.28909372274994966,52.177726570516825,28.721044428837228,-3.9107633754611015,28.23690002309109,-59.45711024105549,29.057750463592832,0.38422021901327974,0.37074144170588635,0.4476683081339953,0.3723953238821935,0.4538802454009414,0.37017423652493897,0.027468949864668555,0.02351283871158888,0.039544325396093476,0.022566176940390956,0.011665527210420832,0.02209918015384651
C.1.1.3.3.3.5,Subassembly 112,C.1.1.3.3.3,-,false,1.8970107979043387,0.5781874454998993,-44.50199401511804,22.600643273700587,23.989263578525442,19.46195917999472,-17.733726667265387,19.259790438320792,6292.0782285975965,3821.711671532245,9012.314848530626,4972.178603351715,8978.960741242227,5267.396043367565,3289.486030806638,2491.879301484781,658.6136701753896,2097.2355709325543,92.26299024720618,1804.3989692315258
C.1.1.3.3.3.5.1,Part 373,C.1.1.3.3.3.5,-,false,0.4930017203444149,0.28909372274994966,48.9634505007416,28.721044428837228,-30.859337421134114,28.23690002309109,-24.25348130054772,29.057750463592832,0.7428852804728492,0.37074144170588635,0.7512146991308191,0.3723953238821935,0.7529417182912935,0.37017423652493897,0.013259708736063101,0.02351283871158888,0.012344322066848802,0.022566176940390956,-0.008900075135714076,0.02209918015384651
C.1.1.3.3.3.5.2,Part 374,C.1.1.3.3.3.5,+,false,0.49086345958150923,0.28909372274994966,-71.60062612965703,28.721044428837228,56.60618063993752,28.23690002309109,-78.87534759938717,29.057750463592832,0.6061484588404196,0.37074144170588635,0.554689354793227,0.3723953238821935,0.679233732908539,0.37017423652493897,0.026031544239559713,0.02351283871158888,-0.008043975478040356,0.022566176940390956,-0.059851779504421804,0.02209918015384651
C.1.1.3.3.3.5.3,Part 375,C.1.1.3.3.3.5,-,false,0.24642546586622485,0.28909372274994966,-84.09838699735701,28.721044428837228,-18.07793523184955,28.23690002309109,1.7397694289684296,29.057750463592832,0.30882200594334985,0.37074144170588635,0.3082591801718887,0.3723953238821935,0.29144252165497686,0.37017423652493897,0.014654766119721687,0.02351283871158888,-0.021475599004901584,0.022566176940390956,0.02084967314682651,0.02209918015384651
C.1.1.3.3.3.5.4,Part 376,C.1.1.3.3.3.5,-,false,0.6667201521121897,0.28909372274994966,-79.02822960168123,28.721044428837228,56.081335339695215,28.23690002309109,24.90436127409339,29.057750463592832,0.8349685941386452,0.37074144170588635,0.8474066305350284,0.3723953238821935,0.7989530974833681,0.37017423652493897,0.009647740900007574,0.02351283871158888,-0.03165659888702023,0.022566176940390956,0.01557464612257966,0.02209918015384651
C.1.1.3.3.4,Assembly 31,C.1.1.3.3,-,false,9.381551188631217,1.2928664318747298,-3.3021412653766937,11.522083922607795,-13.113368741829307,10.131066561504804,16.592507870809133,11.391987221742353,44711.97167929083,13401.820167835911,60524.64188943183,15950.238827113679,50111.95299232394,15309.381547275436,-8613.498472465479,7359.169567558964,-8568.83225601011,7485.97766919722,-5604.480644744064,5749.0805842953
C.1.1.3.3.4.1,Subassembly 113,C.1.1.3.3.4,-,false,2.4163755214146807,0.6464332159373649,17.15173913803412,21.37437504986131,6.979886901576667,18.085380288808953,61.73286635376213,16.58984762217682,6586.1953852492825,4306.032227017998,10991.17863174943,5582.067745641134,13721.428864357313,6434.8610295201,-4386.369759900621,2951.43387337332,-905.9457622344152,2500.7240084490422,-1626.877541225338,2115.9797929706383
C.1.1.3.3.4.1.1,Part 377,C.1.1.3.3.4.1,-,false,0.16786196228140035,0.28909372274994966,85.8563244342804,28.721044428837228,16.847784537822008,28.23690002309109,68.2447683531791,29.057750463592832,0.18772929224369217,0.37074144170588635,0.16351796613933164,0.3723953238821935,0.18264884543448073,0.37017423652493897,0.002366922563690748,0.02351283871158888,-7.671349051615627e-5,0.022566176940390956,-0.013367497632409162,0.02209918015384651
C.1.1.3.3.4.1.2,Part 378,C.1.1.3.3.4.1,+,false,0.7761300614897627,0.28909372274994966,-40.10105608031154,28.721044428837228,-18.691003043204546,28.23690002309109,82.37731056287885,29.057750463592832,0.8337004375924344,0.37074144170588635,0.8948591043860825,0.3723953238821935,0.9861817588244333,0.37017423652493897,-0.0727409255035611,0.02351283871158888,0.05749437187098973,0.022566176940390956,-0.010528134551486382,0.02209918015384651
C.1.1.3.3.4.1.3,Part 379,C.1.1.3.3.4.1,+,false,0.3677954891961999,0.28909372274994966,6.675472250208259,28.721044428837228,-64.9044412188232,28.23690002309109,6.5065456088632345,29.057750463592832,0.45608195124425166,0.37074144170588635,0.4488835622870266,0.3723953238821935,0.5122677597952316,0.37017423652493897,-0.028238561556379542,0.02351283871158888,-0.003921683895963335,0.022566176940390956,0.046778849140629394,0.02209918015384651
C.1.1.3.3.4.1.4,Part 380,C.1.1.3.3.4.1,-,false,0.35258977467520164,0.28909372274994966,-42.390523571521044,28.721044428837228,19.009209191426635,28.23690002309109,34.90069201216102,29.057750463592832,0.35212763824570303,0.37074144170588635,0.3520464040277288,0.3723953238821935,0.3167711626335207,0.37017423652493897,0.004601997288405874,0.02351283871158888,0.0049188604272641405,0.022566176940390956,-0.018591595479338606,0.02209918015384651
C.1.1.3.3.4.1.5,Part 381,C.1.1.3.3.4.1,-,false,0.7519982337721158,0.28909372274994966,93.94692704081535,28.721044428837228,60.78961477614939,28.23690002309109,78.5638467874378,29.057750463592832,1.0658366598083429,0.37074144170588635,1.0515183722742143,0.3723953238821935,0.9352413116792168,0.37017423652493897,-0.03138950107287084,0.02351283871158888,-0.049741399104252855,0.022566176940390956,0.028469702048991283,0.02209918015384651
C.1.1.3.3.4.2,Subassembly 114,C.1.1.3.3.4,-,false,2.0659983968331943,0.6464332159373649,-11.100563706032066,21.35035675349924,8.314801412135612,18.59358543430246,-5.220615408631324,27.185477492558157,9384.87362108956,6117.237788238491,12183.584574959017,7563.84782112837,4654.643312073181,3661.3486037475063,-744.7450227637438,1594.309662863061,-5531.63077725781,3615.8304493140413,-1234.6851465405114,2421.338789059716
C.1.1.3.3.4.2.1,Part 382,C.1.1.3.3.4.2,-,false,0.62546605390287,0.28909372274994966,2.355882665142417,28.721044428837228,-3.5654504783451557,28.23690002309109,25.43421327136457,29.057750463592832,0.6564305318742797,0.37074144170588635,0.7143324744289306,0.3723953238821935,0.7175145145447938,0.37017423652493897,-0.0146954903636636,0.02351283871158888,-0.01780526800032754,0.022566176940390956,-0.025956038590863963,0.02209918015384651
C.1.1.3.3.4.2.2,Part 383,C.1.1.3.3.4.2,-,false,0.14246590520720928,0.28909372274994966,-13.453342951834202,28.721044428837228,-45.40736894123256,28.23690002309109,-40.9826572984457,29.057750463592832,0.16077365099943794,0.37074144170588635,0.15703020875757595,0.3723953238821935,0.15542495318233188,0.37017423652493897,5.4811923751243034e-5,0.02351283871158888,-0.0028249315988940864,0.022566176940390956,0.00194954496673525,0.02209918015384651
C.1.1.3.3.4.2.3,Part 384,C.1.1.3.3.4.2,+,false,0.30736152279307133,0.28909372274994966,64.03149636462331,28.721044428837228,38.015674659982324,28.23690002309109,99.04580633156002,29.057750463592832,0.36714965255547966,0.37074144170588635,0.4088369471696716,0.3723953238821935,0.3272964155798288,0.37017423652493897,-0.004865696717759781,0.02351283871158888,0.04523094933536531,0.022566176940390956,0.010244793744234936,0.02209918015384651
C.1.1.3.3.4.2.4,Part 385,C.1.1.3.3.4.2,-,false,0.8813279117320199,0.28909372274994966,-53.15743167884648,28.721044428837228,10.442890552803874,28.23690002309109,-68.36772146634758,29.057750463592832,1.1694444186108524,0.37074144170588635,1.2350173669635875,0.3723953238821935,1.221708662038103,0.37017423652493897,0.03883823840806931,0.02351283871158888,0.021780530814033063,0.022566176940390956,0.03573074102659063,0.02209918015384651
C.1.1.3.3.4.2.5,Part 386,C.1.1.3.3.4.2,+,false,0.10937700319802389,0.28909372274994966,42.76658818125725,28.721044428837228,45.61534714885056,28.23690002309109,81.8830500356853,29.057750463592832,0.13144777401524757,0.37074144170588635,0.1344541654665131,0.3723953238821935,0.16944041406185276,0.37017423652493897,-0.004704860740521314,0.02351283871158888,-0.005551590956860193,0.022566176940390956,-0.004846641111376362,0.02209918015384651
C.1.1.3.3.4.3,Subassembly 115,C.1.1.3.3.4,-,false,0.9395518994564191,0.40884026350990615,-4.043768375100353,33.520377685102986,-10.875771793517124,24.61298497742668,9.094300849646991,38.663531217927414,1358.7004939698836,2744.760490461251,2146.3873040341336,4223.923366103853,793.4412424532886,1675.3003027852678,-43.69194222007221,387.94067138069454,-1034.8226057162199,2043.7052054056871,-57.27464604161261,507.76661509629076
C.1.1.3.3.4.3.1,Part 387,C.1.1.3.3.4.3,-,false,0.1324007549379021,0.28909372274994966,-75.64562722109258,28.721044428837228,-14.837086573243141,28.23690002309109,-84.6807558555156,29.057750463592832,0.17553472010336704,0.37074144170588635,0.14803501730536697,0.3723953238821935,0.16591079093823602,0.37017423652493897,0.015232586893970855,0.02351283871158888,-0.0009567312334899193,0.022566176940390956,-0.01238921084133365,0.02209918015384651
C.1.1.3.3.4.3.2,Part 388,C.1.1.3.3.4.3,+,false,0.807151144518517,0.28909372274994966,7.701417431235313,28.721044428837228,-10.22597891278565,28.23690002309109,24.476659391075373,29.057750463592832,0.8202455337025117,0.37074144170588635,0.8113282285181346,0.3723953238821935,0.7152272549742393,0.37017423652493897,-0.00677213545481405,0.02351283871158888,-0.005947729133492619,0.022566176940390956,0.011259169536033297,0.02209918015384651
C.1.1.3.3.4.4,Subassembly 116,C.1.1.3.3.4,-,false,1.826766617608024,0.5007250159521434,-60.965228207131254,18.811481108692995,-39.32343979700054,18.243179220022974,36.86647962521003,18.089926203536404,719.4514301428406,1191.0471392107495,987.7118113685935,1453.5255256823812,1467.870867675783,1785.3215389577033,717.7097490240482,888.9113403189855,10.291227284686386,721.612898155165,14.108911033251061,599.7106902964067
C.1.1.3.3.4.4.1,Part 389,C.1.1.3.3.4.4,-,false,0.7139046251026447,0.28909372274994966,-87.40574680268764,28.721044428837228,-17.880180245265365,28.23690002309109,39.53604926355183,29.057750463592832,1.0309447711844637,0.37074144170588635,0.9377386227914168,0.3723953238821935,1.030668584191264,0.37017423652493897,-0.004976498780813686,0.02351283871158888,0.003565080235109526,0.022566176940390956,0.011396028594465521,0.02209918015384651
C.1.1.3.3.4.4.2,Part 390,C.1.1.3.3.4.4,-,false,0.295551092278678,0.28909372274994966,-33.12367140315473,28.721044428837228,-65.27239489369094,28.23690002309109,51.6985178925097,29.057750463592832,0.37477406366690624,0.37074144170588635,0.39944932687267626,0.3723953238821935,0.31260582175360674,0.37017423652493897,-0.014740451163008633,0.02351283871158888,0.006089068610954781,0.022566176940390956,-0.00154250272482289,0.02209918015384651
C.1.1.3.3.4.4.3,Part 391,C.1.1.3.3.4.4,-,false,0.817310900226701,0.28909372274994966,-47.937864949926734,28.721044428837228,-48.670189175754786,28.23690002309109,29.171191062778234,29.057750463592832,0.8674163361629236,0.37074144170588635,0.9735490142799794,0.3723953238821935,0.9580039967475,0.37017423652493897,-0.07595666677287743,0.02351283871158888,0.0028398898663351073,0.022566176940390956,0.0013683141854874232,0.02209918015384651
C.1.1.3.3.4.5,Subassembly 117,C.1.1.3.3.4,-,false,2.1328587533188985,0.6464332159373649,30.79344601876602,27.253014615384494,-35.17112189050362,26.793509296571578,-27.48028389403998,22.360653065107744,11587.828266891858,7415.555639827802,13671.84039495386,7790.484889733644,15562.378478372571,10790.418852802424,-2353.2801428915195,5316.368658955246,-3859.648289417881,3123.2131325927685,-386.76179209453153,2410.1892784988277
C.1.1.3.3.4.5.1,Part 392,C.1.1.3.3.4.5,+,false,0.12312743554264308,0.28909372274994966,-13.61965243704617,28.721044428837228,-58.821651339530945,28.23690002309109,66.03744337335229,29.057750463592832,0.11273701249619117,0.37074144170588635,0.1339467200102361,0.3723953238821935,0.12687587134572648,0.37017423652493897,-0.0019741660899585184,0.02351283871158888,-0.0029936174079168154,0.022566176940390956,-0.0028560964563378696,0.02209918015384651
C.1.1.3.3.4.5.2,Part 393,C.1.1.3.3.4.5,-,false,0.6775872212552931,0.28909372274994966,91.47244468331337,28.721044428837228,-54.22576982527971,28.23690002309109,22.372767562046647,29.057750463592832,0.9057019679536699,0.37074144170588635,0.9133459686867721,0.3723953238821935,0.8425530044257208,0.37017423652493897,0.036452692810385504,0.02351283871158888,0.008803544887606823,0.022566176940390956,0.007259635117751276,0.02209918015384651
C.1.1.3.3.4.5.3,Part 394,C.1.1.3.3.4.5,-,false,0.0985529834907502,0.28909372274994966,-87.99872137606144,28.721044428837228,89.85906043089926,28.23690002309109,-32.657551718875766,29.057750463592832,0.13685297609509237,0.37074144170588635,0.11839772132804591,0.3723953238821935,0.12420754512393485,0.37017423652493897,-0.007056821975560023,0.02351283871158888,0.0011114850167873698,0.022566176940390956,0.0001008320147939265,0.02209918015384651
C.1.1.3.3.4.5.4,Part 395,C.1.1.3.3.4.5,+,false,0.8121832358497195,0.28909372274994966,-30.786744970828295,28.721044428837228,-77.6023690123111,28.23690002309109,-77.66235861927271,29.057750463592832,1.0780461154567795,0.37074144170588635,1.078477733319452,0.3723953238821935,1.1877220575344243,0.37017423652493897,0.014635663293714646,0.02351283871158888,0.08743197372177619,0.022566176940390956,-0.03052663406862784,0.02209918015384651
C.1.1.3.3.4.5.5,Part 396,C.1.1.3.3.4.5,+,false,0.4214078771804925,0.28909372274994966,92.66907656565309,28.721044428837228,54.915151139721274,28.23690002309109,-37.03661574982107,29.057750463592832,0.6136963861147711,0.37074144170588635,0.6108861521766994,0.3723953238821935,0.617636003029593,0.37017423652493897,0.009244017657946283,0.02351283871158888,-0.009184020189321615,0.022566176940390956,0.0013082082895758164,0.02209918015384651
C.1.1.3.4,Subsystem 9,C.1.1.3,-,false,26.398134766193575,2.2578941544144424,19.02563671968412,6.953561643286083,4.3948100620363295,6.397538494221726,4.026449809467887,6.800136934210632,154675.84042991034,25289.83279447582,139341.51626712887,27687.91722386467,143446.70257157166,26031.285911843945,17788.30716934082,11235.680134346483,5018.182656841629,12470.61096683762,6853.650907745424,11746.200468563009
C.1.1.3.4.1,Assembly 32,C.1.1.3.4,-,false,6.813372346870368,0.958815407608614,36.89906873326529,13.025432540773258,-5.086034163932607,11.513838482448643,18.541415155574764,12.505285320225463,33478.937626943676,10509.991514978872,30161.532058760036,13297.801208025254,29028.777510262204,12448.959813096639,-3162.522338562925,4887.68205512199,522.1102635281422,5955.855708031771,10806.121982450466,4996.107954288549
C.1.1.3.4.1.1,Subassembly 118,C.1.1.3.4.1,-,false,0.6156473704546225,0.40884026350990615,69.56138541866616,79.63659284605107,10.596774839583333,29.573191162281805,-28.960459662449125,39.93770659797043,106.89245932913391,1249.4582140337093,714.8283168253002,8372.638410362213,639.2117930558007,7486.571787760993,97.39775773283766,1151.6371706958384,-237.98743900937367,2792.8595073155243,37.1396321221986,440.291436777839
C.1.1.3.4.1.1.1,Part 397,C.1.1.3.4.1.1,-,false,0.02372396921156906,0.28909372274994966,-89.363680081442,28.721044428837228,35.44211769476533,28.23690002309109,-89.64144736528397,29.057750463592832,0.033405870504254906,0.37074144170588635,0.02913846666516851,0.3723953238821935,0.03283746375896864,0.37017423652493897,0.0005528425961646448,0.02351283871158888,3.479115362449733e-5,0.022566176940390956,0.0013328242043395139,0.02209918015384651
C.1.1.3.4.1.1.2,Part 398,C.1.1.3.4.1.1,+,false,0.5919234012430534,0.28909372274994966,75.93101593665779,28.721044428837228,9.600986959412694,28.23690002309109,-26.528398552909493,29.057750463592832,0.770352850091484,0.37074144170588635,0.7259125163010768,0.3723953238821935,0.7313072816393326,0.37017423652493897,0.032472403891672996,0.02351283871158888,0.0302403569417911,0.022566176940390956,0.06243446399647014,0.02209918015384651
C.1.1.3.4.1.2,Subassembly 119,C.1.1.3.4.1,-,false,3.3447851882535033,0.6464332159373649,37.78810971883872,14.976044772869844,31.397939128856756,13.843347446028957,-10.81543364311996,17.3111872135405,6787.448211073657,4475.6400903167,8103.972607407806,5102.675202846645,2582.7343318147687,2545.5440649171287,-252.41909767454518,1198.5509578248145,1805.4323330267075,2376.3837128668924,809.2370862763755,1869.5411697655481
C.1.1.3.4.1.2.1,Part 399,C.1.1.3.4.1.2,+,false,0.523581439486472,0.28909372274994966,50.42078816331923,28.721044428837228,17.9677443113178,28.23690002309109,-72.7757129818201,29.057750463592832,0.6823414106800034,0.37074144170588635,0.6193806633975562,0.3723953238821935,0.7157345643301456,0.37017423652493897,0.009529132218344998,0.02351283871158888,0.00633316435621075,0.022566176940390956,0.03633333192775019,0.02209918015384651
C.1.1.3.4.1.2.2,Part 400,C.1.1.3.4.1.2,-,false,0.8158563330559991,0.28909372274994966,24.250193033367395,28.721044428837228,15.537180751562119,28.23690002309109,39.37647631391883,29.057750463592832,1.0297092509290482,0.37074144170588635,0.9790000251639716,0.3723953238821935,1.1612455427057145,0.37017423652493897,-0.008917556040880119,0.02351283871158888,0.0040147945059103,0.022566176940390956,0.04399860010379668,0.02209918015384651
C.1.1.3.4.1.2.3,Part 401,C.1.1.3.4.1.2,-,false,0.2222717572071124,0.28909372274994966,-13.808929780498147,28.721044428837228,20.651404466480017,28.23690002309109,72.60958417318761,29.057750463592832,0.2632585799068577,0.37074144170588635,0.2820702391516388,0.3723953238821935,0.28973382773890394,0.37017423652493897,0.02805320581064509,0.02351283871158888,-0.006327180711395032,0.022566176940390956,-0.02744353798096605,0.02209918015384651
C.1.1.3.4.1.2.4,Part 402,C.1.1.3.4.1.2,-,false,0.9888013822126668,0.28909372274994966,25.683790165930986,28.721044428837228,47.29431327432394,28.23690002309109,-33.63154106773436,29.057750463592832,1.0904188596546653,0.37074144170588635,1.0730393353960321,0.3723953238821935,1.2771831703843701,0.37017423652493897,-0.031710692012962435,0.02351283871158888,-0.015609301703289464,0.022566176940390956,-0.018873175179580544,0.02209918015384651
C.1.1.3.4.1.2.5,Part 403,C.1.1.3.4.1.2,+,false,0.794274276291253,0.28909372274994966,72.8743418585509,28.721044428837228,39.760535676032305,28.23690002309109,-16.46910044364631,29.057750463592832,1.141200087811568,0.37074144170588635,1.0508460947210099,0.3723953238821935,1.045731743840879,0.37017423652493897,0.008551433170079208,0.02351283871158888,-0.025862813057664028,0.022566176940390956,-0.02199402020909095,0.02209918015384651
C.1.1.3.4.1.3,Subassembly 120,C.1.1.3.4.1,-,false,2.8529397881622423,0.5781874454998993,28.8084246206925,18.42323571399097,-51.24408283678674,17.060645783245878,63.20999101820902,15.270757301984586,5938.424960333336,4003.3591966858385,10532.348461177196,5827.956559041592,14278.677832502668,6847.385011939453,-1518.2274643813173,3272.3564222419886,-3118.8671027463656,2776.3803593993075,36.43162202725455,1816.833646965791
C.1.1.3.4.1.3.1,Part 404,C.1.1.3.4.1.3,-,false,0.9421622136284131,0.28909372274994966,-47.65594904311001,28.721044428837228,-53.82715044543147,28.23690002309109,36.67666702531278,29.057750463592832,1.0437591953727015,0.37074144170588635,0.9793043709895538,0.3723953238821935,0.9745845104575208,0.37017423652493897,0.035738875647215035,0.02351283871158888,0.021095684951311106,0.022566176940390956,-0.045095875833028244,0.02209918015384651
C.1.1.3.4.1.3.2,Part 405,C.1.1.3.4.1.3,-,false,0.648505211758893,0.28909372274994966,31.843072921037674,28.721044428837228,-76.02740949951112,28.23690002309109,67.62630278244615,29.057750463592832,0.9037261117087232,0.37074144170588635,0.8829578768385948,0.3723953238821935,0.8634103312708705,0.37017423652493897,-0.034788890906275086,0.02351283871158888,0.007737350664627605,0.022566176940390956,-0.006804706602077034,0.02209918015384651
C.1.1.3.4.1.3.3,Part 406,C.1.1.3.4.1.3,+,false,0.6997341790245846,0.28909372274994966,79.95043797418475,28.721044428837228,-88.08560236357152,28.23690002309109,85.12953044846654,29.057750463592832,0.9176902665123767,0.37074144170588635,0.8563765098178954,0.3723953238821935,0.9557048970472372,0.37017423652493897,0.04706473445192353,0.02351283871158888,-0.03542613242964024,0.022566176940390956,-0.042300210842502545,0.02209918015384651
C.1.1.3.4.1.3.4,Part 407,C.1.1.3.4.1.3,-,false,0.5625381837503519,0.28909372274994966,89.76080897264183,28.721044428837228,27.479560999199748,28.23690002309109,75.29244753532112,29.057750463592832,0.6565068204623983,0.37074144170588635,0.6586151501643953,0.3723953238821935,0.5456336650326229,0.37017423652493897,0.010321119441103366,0.02351283871158888,-0.03817678724386985,0.022566176940390956,0.03758965539000718,0.02209918015384651
C.1.1.3.4.2,Assembly 33,C.1.1.3.4,-,false,3.4001490504173564,0.958815407608614,-17.824276138959252,21.71880624863584,5.37651894045035,18.448412777827773,-12.188308985490071,17.41610442735712,15873.74444631826,7225.264910552807,14725.82998821234,9289.192514990948,18968.874098263266,10816.274954753544,1897.7628870701028,4795.73718939001,3607.216036685362,3664.666923741506,-1484.7689885899185,3313.874424695649
C.1.1.3.4.2.1,Subassembly 121,C.1.1.3.4.2,-,false,2.2305032982409467,0.6464332159373649,2.374100580508956,19.54214192046842,8.079367108098323,20.684341029399114,-16.666141844311653,21.584899293566714,11521.1186064581,6001.585965587111,8961.86763063373,5182.236746279183,10849.901535766652,5466.525433076525,3039.1805605772447,2413.995400516705,3220.908156853319,2409.0452265670024,-612.8942172778757,2870.373167899775
C.1.1.3.4.2.1.1,Part 408,C.1.1.3.4.2.1,+,false,0.18278025591745972,0.28909372274994966,55.44453551992774,28.721044428837228,-0.27556465938687325,28.23690002309109,-70.84898184984922,29.057750463592832,0.2230402212027222,0.37074144170588635,0.21958040602385492,0.3723953238821935,0.21344178653409862,0.37017423652493897,0.021819800609497612,0.02351283871158888,0.0008911287761991166,0.022566176940390956,-0.0186394999023912,0.02209918015384651
C.1.1.3.4.2.1.2,Part 409,C.1.1.3.4.2.1,-,false,0.43897415247443133,0.28909372274994966,-18.61683363094926,28.721044428837228,72.86121970973909,28.23690002309109,23.037515114992857,29.057750463592832,0.44605191823287443,0.37074144170588635,0.423119749996979,0.3723953238821935,0.4591348811002982,0.37017423652493897,-0.009507339906636107,0.02351283871158888,0.016389828073156927,0.022566176940390956,-0.005493112804234082,0.02209918015384651
C.1.1.3.4.2.1.3,Part 410,C.1.1.3.4.2.1,+,false,0.4230969448143151,0.28909372274994966,-72.17906429432333,28.721044428837228,23.088056361302733,28.23690002309109,45.48424556851387,29.057750463592832,0.47713580324547084,0.37074144170588635,0.5160729656899032,0.3723953238821935,0.5112368028958486,0.37017423652493897,0.005362689733715618,0.02351283871158888,-0.013146447500463534,0.022566176940390956,0.024373738886708192,0.02209918015384651
C.1.1.3.4.2.1.4,Part 411,C.1.1.3.4.2.1,-,false,0.8920250170012005,0.28909372274994966,37.23470354452729,28.721044428837228,-52.53887167200446,28.23690002309109,-28.632713202387094,29.057750463592832,1.0363791732454524,0.37074144170588635,1.1797234902122078,0.3723953238821935,1.1593994525113964,0.37017423652493897,0.016031035594379205,0.02351283871158888,-0.04507704927717492,0.022566176940390956,0.02967864631956357,0.02209918015384651
C.1.1.3.4.2.1.5,Part 412,C.1.1.3.4.2.1,+,false,0.29362692803354,0.28909372274994966,2.241061720997095,28.721044428837228,78.95983019843698,28.23690002309109,-95.49570959061384,29.057750463592832,0.38827923413755033,0.37074144170588635,0.37646143764130113,0.3723953238821935,0.3405159154270556,0.37017423652493897,-0.017483453178526016,0.02351283871158888,-0.027673259923126595,0.022566176940390956,-0.0037475097195479373,0.02209918015384651
C.1.1.3.4.2.2,Subassembly 122,C.1.1.3.4.2,-,false,0.16892274450929837,0.40884026350990615,-61.23507682630823,171.07373562053482,13.266199239687454,96.7420196073456,53.83752778438514,29.226510210563752,84.21955243417405,868.5320624270385,270.2796281477772,2779.2878876751756,350.17984946060756,3599.724487936083,148.176334209273,1525.373574132704,-23.308530565531136,258.29322919866416,12.887176025138501,142.97662791950816
C.1.1.3.4.2.2.1,Part 413,C.1.1.3.4.2.2,+,false,0.024139781995909288,0.28909372274994966,36.310502188280225,28.721044428837228,-40.669127414003015,28.23690002309109,62.32147407718003,29.057750463592832,0.02725767100247586,0.37074144170588635,0.028449406874629875,0.3723953238821935,0.029119918900478353,0.37017423652493897,-0.0011269054922727296,0.02351283871158888,0.0009569078179064694,0.022566176940390956,-0.0005473443458944047,0.02209918015384651
C.1.1.3.4.2.2.2,Part 414,C.1.1.3.4.2.2,-,false,0.14478296251338907,0.28909372274994966,-77.49893115833402,28.721044428837228,22.258880455046892,28.23690002309109,52.422992466017604,29.057750463592832,0.23362975257959445,0.37074144170588635,0.23358908022952157,0.3723953238821935,0.22890509317639687,0.37017423652493897,-0.003198497675131393,0.02351283871158888,0.0006681676007187626,0.022566176940390956,-0.0010659668910849155,0.02209918015384651
C.1.1.3.4.2.3,Subassembly 123,C.1.1.3.4.2,-,false,1.0007230076671112,0.5781874454998993,-55.51649867151163,41.896946133290655,-1.9796207162089177,38.79898944690101,-13.3529115640137,20.645466499754615,3404.95997319839,3330.691480925952,2061.144343201497,4943.807657362849,5037.777539972991,7271.7133427699555,-948.209686373365,3335.262162142835,-232.36535099331758,950.3804596307252,-815.1886381885938,1194.2962914951227
C.1.1.3.4.2.3.1,Part 415,C.1.1.3.4.2.3,+,false,0.06433200815482996,0.28909372274994966,-62.4487120192498,28.721044428837228,13.181356946006417,28.23690002309109,-18.05400256998837,29.057750463592832,0.08566464022186969,0.37074144170588635,0.07957924592555442,0.3723953238821935,0.07906301086929615,0.37017423652493897,-0.00036168274917020086,0.02351283871158888,0.002018733544854123,0.022566176940390956,0.0005957072987563077,0.02209918015384651
C.1.1.3.4.2.3.2,Part 416,C.1.1.3.4.2.3,-,false,0.10031190048041753,0.28909372274994966,71.95553602650762,28.721044428837228,82.88714457303286,28.23690002309109,8.078076411038637,29.057750463592832,0.10514094988994091,0.37074144170588635,0.11587802145332216,0.3723953238821935,0.11635948471954839,0.37017423652493897,0.00845071023177046,0.02351283871158888,0.003539751587460147,0.022566176940390956,-0.001929995543931993,0.02209918015384651
C.1.1.3.4.2.3.3,Part 417,C.1.1.3.4.2.3,-,false,0.5723079992267304,0.28909372274994966,-66.13396527245641,28.721044428837228,-49.28406924009323,28.23690002309109,-25.011775083839893,29.057750463592832,0.6609021357116578,0.37074144170588635,0.6154983600102096,0.3723953238821935,0.6562060659766807,0.37017423652493897,0.020567430151987084,0.02351283871158888,0.01615066952888317,0.022566176940390956,-0.01762408074186115,0.02209918015384651
C.1.1.3.4.2.3.4,Part 418,C.1.1.3.4.2.3,-,false,0.2637710998051334,0.28909372274994966,-79.26640072837472,28.721044428837228,64.68511871062219,28.23690002309109,4.939874680712819,29.057750463592832,0.3782530263720684,0.37074144170588635,0.41130659593939833,0.3723953238821935,0.3772507662053588,0.37017423652493897,0.007664042749313265,0.02351283871158888,-0.0004993204632608903,0.022566176940390956,-0.006820167317350705,0.02209918015384651
C.1.1.3.4.3,Assembly 34,C.1.1.3.4,-,false,6.770554654841778,1.1919639546010696,33.00269732809781,13.277372206249167,5.0573956430638844,12.644179127817619,1.6457804529611602,13.664887389403724,37303.26363231941,11733.076055486516,31615.660967461696,11935.837829279157,29208.506952986478,11532.112568196444,5822.254765518897,4971.470286116372,1555.437086006335,5107.82393664394,-2281.5619982480525,5661.863971175445
C.1.1.3.4.3.1,Subassembly 124,C.1.1.3.4.3,-,false,1.951630712288665,0.6464332159373649,29.173886256889894,28.824376821657424,13.847058947100713,20.72806237729388,4.702336915976589,24.445972109900637,9598.806681782906,5713.079957227359,10318.529194653349,7401.84291797683,2467.8157857450387,5404.5309117622355,-666.2731908256434,1987.7036018946978,1358.3766993932381,2942.955394706203,1976.8100916321644,2579.2185250996235
C.1.1.3.4.3.1.1,Part 419,C.1.1.3.4.3.1,-,false,0.9094892434936482,0.28909372274994966,31.119699776172638,28.721044428837228,2.8392952401190996,28.23690002309109,69.49903233908117,29.057750463592832,1.1504223119759562,0.37074144170588635,1.1416502130204527,0.3723953238821935,1.1305561568253273,0.37017423652493897,0.012050616902505026,0.02351283871158888,-0.05505218775244497,0.022566176940390956,0.14646742835867904,0.02209918015384651
C.1.1.3.4.3.1.2,Part 420,C.1.1.3.4.3.1,+,false,0.056092325994046406,0.28909372274994966,-42.156867450103164,28.721044428837228,56.02856012992561,28.23690002309109,5.715644173324108,29.057750463592832,0.06504277006679979,0.37074144170588635,0.06544339871914866,0.3723953238821935,0.06000423625942878,0.37017423652493897,-0.005251276244350761,0.02351283871158888,0.00023519043571815527,0.022566176940390956,0.00031209772740813774,0.02209918015384651
C.1.1.3.4.3.1.3,Part 421,C.1.1.3.4.3.1,+,false,0.7712667896512431,0.28909372274994966,50.49127829261124,28.721044428837228,34.31079708971083,28.23690002309109,-74.79756544344127,29.057750463592832,0.9871082772418219,0.37074144170588635,1.135314894551172,0.3723953238821935,0.958963437482463,0.37017423652493897,-0.015573484141639272,0.02351283871158888,0.03863617195036039,0.022566176940390956,0.006372216276006405,0.02209918015384651
C.1.1.3.4.3.1.4,Part 422,C.1.1.3.4.3.1,+,false,0.004991268917685375,0.28909372274994966,-87.43514423258603,28.721044428837228,54.64492975734174,28.23690002309109,46.778071066364646,29.057750463592832,0.006088800972864968,0.37074144170588635,0.007678660092115591,0.3723953238821935,0.0059435410288471505,0.37017423652493897,0.000131165732127468,0.02351283871158888,8.949518996066784e-6,0.022566176940390956,-8.833961850856149e-5,0.02209918015384651
C.1.1.3.4.3.1.5,Part 423,C.1.1.3.4.3.1,+,false,0.20979108423204162,0.28909372274994966,-35.78577642329037,28.721044428837228,-25.91273649595678,28.23690002309109,14.792789099738002,29.057750463592832,0.22360810381027588,0.37074144170588635,0.27521734285092225,0.3723953238821935,0.24899191416365518,0.37017423652493897,0.0072782882331234805,0.02351283871158888,0.0041285929694535465,0.022566176940390956,-0.013297867711905137,0.02209918015384651
C.1.1.3.4.3.2,Subassembly 125,C.1.1.3.4.3,-,false,1.657802368374076,0.5007250159521434,51.74941005665938,17.22927756862461,16.583806362816418,23.6395397206895,7.4259151467049005,24.237050869825097,10726.732206954846,5658.899226577285,5187.237609719264,3642.3482975952898,5551.083424186009,3746.55827176437,68.84842137343598,1716.2152266396524,99.0197915868479,1608.8964060085757,-5201.312318924223,2807.164017775008
C.1.1.3.4.3.2.1,Part 424,C.1.1.3.4.3.2,-,false,0.7085896115608048,0.28909372274994966,50.68416763097048,28.721044428837228,82.89898103103042,28.23690002309109,71.7518663033843,29.057750463592832,0.9043909380336036,0.37074144170588635,1.0121323017280928,0.3723953238821935,0.8309264105436839,0.37017423652493897,0.021018447601426845,0.02351283871158888,0.01599300158227033,0.022566176940390956,0.020155343136182443,0.02209918015384651
C.1.1.3.4.3.2.2,Part 425,C.1.1.3.4.3.2,-,false,0.6071510485748295,0.28909372274994966,51.124310214072466,28.721044428837228,-40.69296699017286,28.23690002309109,-34.6518465783447,29.057750463592832,0.9696378865536255,0.37074144170588635,0.7297743049644179,0.3723953238821935,0.7529669742050189,0.37017423652493897,-0.00981735626742393,0.02351283871158888,-0.010655605892752287,0.022566176940390956,0.0001062941215031453,0.02209918015384651
C.1.1.3.4.3.2.3,Part 426,C.1.1.3.4.3.2,-,false,0.3420617082384415,0.28909372274994966,55.06562381051481,28.721044428837228,-19.12492853589356,28.23690002309109,-51.139960857108235,29.057750463592832,0.4226112484799215,0.37074144170588635,0.4280910250588482,0.3723953238821935,0.5254632884728919,0.37017423652493897,0.013279943992562025,0.02351283871158888,-0.00445438574511089,0.022566176940390956,-0.0005948309692246035,0.02209918015384651
C.1.1.3.4.3.3,Subassembly 126,C.1.1.3.4.3,-,false,0.27954920673929157,0.40884026350990615,39.1562056517129,20.567746774984535,85.16256415450343,24.022994078401926,-16.79968178746062,103.12512262991534,1289.4720730319837,2212.9789802699406,1268.5491798734397,2179.3773299230525,21.355378773420274,101.25219996975025,0.7744311204412079,48.563303332331785,-6.123439021416647,377.68791640017474,162.94544557053558,457.13543587411425
C.1.1.3.4.3.3.1,Part 427,C.1.1.3.4.3.3,+,false,0.1619111926262267,0.28909372274994966,39.433434093371034,28.721044428837228,77.78569520451128,28.23690002309109,40.61036272905767,29.057750463592832,0.24154281886653436,0.37074144170588635,0.22907819321482933,0.3723953238821935,0.21653905545625635,0.37017423652493897,0.0021217997868077194,0.02351283871158888,0.0022567388079550985,0.022566176940390956,0.006999220167089734,0.02209918015384651
C.1.1.3.4.3.3.2,Part 428,C.1.1.3.4.3.3,+,false,0.11763801411306486,0.28909372274994966,38.77464202232659,28.721044428837228,95.31572475098073,28.23690002309109,-95.81605116836727,29.057750463592832,0.1643331654313929,0.37074144170588635,0.16215992295845438,0.3723953238821935,0.1714428350223776,0.37017423652493897,0.010306780963460351,0.02351283871158888,-0.0025066130310973473,0.022566176940390956,-0.005056696363882812,0.02209918015384651
C.1.1.3.4.3.4,Subassembly 127,C.1.1.3.4.3,-,false,2.371201636014972,0.6464332159373649,19.083087313308273,21.875951093763835,-19.338972628175245,21.21323717650528,11.441134044285736,22.31305090266338,9496.702700166967,6523.575005234381,10737.759626364668,6662.750499800318,16097.60841677081,7633.927998256519,7663.69338139528,3791.794428702702,-619.5385082684229,2808.9895505558134,14.922325002559177,2892.5940596420173
C.1.1.3.4.3.4.1,Part 429,C.1.1.3.4.3.4,-,false,0.029794306237716228,0.28909372274994966,45.429380843415856,28.721044428837228,26.719054905697703,28.23690002309109,-94.2824135068804,29.057750463592832,0.0351440098797554,0.37074144170588635,0.03770904454056056,0.3723953238821935,0.034440097297161784,0.37017423652493897,0.00016006458800752843,0.02351283871158888,0.002924436136549487,0.022566176940390956,-0.00017606686273497803,0.02209918015384651
C.1.1.3.4.3.4.2,Part 430,C.1.1.3.4.3.4,+,false,0.5003303071025293,0.28909372274994966,59.56250415183604,28.721044428837228,-30.107643827795982,28.23690002309109,59.00630345568061,29.057750463592832,0.6510155006328452,0.37074144170588635,0.7674421556152697,0.3723953238821935,0.6215946714821855,0.37017423652493897,0.03319655461440689,0.02351283871158888,0.01838404888949848,0.022566176940390956,-0.03798131030457702,0.02209918015384651
C.1.1.3.4.3.4.3,Part 431,C.1.1.3.4.3.4,+,false,0.9400139372036792,0.28909372274994966,70.35587434656918,28.721044428837228,-78.75907151028514,28.23690002309109,-2.960251597687602,29.057750463592832,1.1048786939949125,0.37074144170588635,1.1028865908242194,0.3723953238821935,0.9030065288808734,0.37017423652493897,0.056158234996003656,0.02351283871158888,-0.10483425118501807,0.022566176940390956,-0.08826017583415448,0.02209918015384651
C.1.1.3.4.3.4.4,Part 432,C.1.1.3.4.3.4,-,false,0.158609783468768,0.28909372274994966,-44.00008297525346,28.721044428837228,40.450009098276496,28.23690002309109,-39.13062531501055,29.057750463592832,0.21768747069022196,0.37074144170588635,0.21859048473007575,0.3723953238821935,0.21110189911333235,0.37017423652493897,-0.016849790326129516,0.02351283871158888,0.0037306280567339623,0.022566176940390956,0.007845058481487095,0.02209918015384651
C.1.1.3.4.3.4.5,Part 433,C.1.1.3.4.3.4,+,false,0.7424533020022791,0.28909372274994966,-60.69240141659975,28.721044428837228,48.528230749070644,28.23690002309109,12.667262274771929,29.057750463592832,1.1081461745810353,0.37074144170588635,0.949089420021869,0.3723953238821935,0.9982687442612806,0.37017423652493897,-0.0056058837701114155,0.02351283871158888,0.007615769199301767,0.022566176940390956,-0.03573553233987374,0.02209918015384651
C.1.1.3.4.3.5,Subassembly 128,C.1.1.3.4.3,-,false,0.5103707314247732,0.40884026350990615,48.050727541882885,66.6631683192647,3.4755733505834736,27.280161743065136,-64.22385607942789,27.99843346788333,3.4724052789932256,38.41326591798387,296.12110726875306,3341.6993623393846,296.3984893187645,3344.433342074633,-21.366084566125167,262.7644059424068,19.578517862052774,246.161039564125,1.4285416985674746,19.169912318539758
C.1.1.3.4.3.5.1,Part 434,C.1.1.3.4.3.5,-,false,0.48597481388016606,0.28909372274994966,53.43048204667866,28.721044428837228,3.8660902995616198,28.23690002309109,-64.58254107274115,29.057750463592832,0.5813709162591114,0.37074144170588635,0.5370018953907398,0.3723953238821935,0.573491080162924,0.37017423652493897,-0.006438100087433812,0.02351283871158888,-0.04174474211502744,0.022566176940390956,0.004643443325828774,0.02209918015384651
C.1.1.3.4.3.5.2,Part 435,C.1.1.3.4.3.5,+,false,0.024395917544607074,0.28909372274994966,-59.11577641963959,28.721044428837228,-4.303654516115785,28.23690002309109,-57.07873138599098,29.057750463592832,0.032565620792309596,0.37074144170588635,0.03232860716542206,0.3723953238821935,0.030758970733119513,0.37017423652493897,0.00045978983486391015,0.02351283871158888,-0.0021135067278569243,0.022566176940390956,0.00018526442473190197,0.02209918015384651
C.1.1.3.4.4,Assembly 35,C.1.1.3.4,-,false,3.208625982074067,0.8176805270198123,-14.75206127718891,17.865444098463595,21.42474310847793,17.905434188891704,-22.35813123035988,22.743960971678444,19392.530734661148,11696.481325377445,15442.134884464078,12263.915567071997,12638.366863695966,7203.199477748254,-285.078332371422,3277.556496008648,4502.345879352373,5622.565259439396,2904.796153807259,4865.451063596329
C.1.1.3.4.4.1,Subassembly 129,C.1.1.3.4.4,-,false,1.4015354088898748,0.5007250159521434,7.917278310813669,31.624105461321204,9.376398748403085,25.093580798518772,-60.78605617939767,39.18809307579244,3541.0110300675856,8434.827587675078,4921.8914186647935,10209.955322889991,2350.1359345943606,4630.864790352324,467.1744789538885,2120.526160185589,689.8205318871666,4720.081983209289,-1186.3566155327346,3159.6693189300477
C.1.1.3.4.4.1.1,Part 436,C.1.1.3.4.4.1,+,false,0.3480424385853112,0.28909372274994966,57.54070375114679,28.721044428837228,14.480746164917946,28.23690002309109,-30.676222499459982,29.057750463592832,0.37923024432900126,0.37074144170588635,0.42781526515126506,0.3723953238821935,0.4651090471883633,0.37017423652493897,-0.023435525630714237,0.02351283871158888,0.024135619321135737,0.022566176940390956,0.005961486876783505,0.02209918015384651
C.1.1.3.4.4.1.2,Part 437,C.1.1.3.4.4.1,-,false,0.08925935830641538,0.28909372274994966,-94.65510570444167,28.721044428837228,77.24496074952185,28.23690002309109,93.67089378647506,29.057750463592832,0.11339744422302175,0.37074144170588635,0.11186144820662926,0.3723953238821935,0.10909778118314283,0.37017423652493897,-0.008898110007961358,0.02351283871158888,-0.00022610005020483852,0.022566176940390956,-0.0006522884395466499,0.02209918015384651
C.1.1.3.4.4.1.3,Part 438,C.1.1.3.4.4.1,-,false,0.9642336119981483,0.28909372274994966,-0.4992638248950243,28.721044428837228,1.2513617053627968,28.23690002309109,-85.95239333808422,29.057750463592832,0.9699863062211797,0.37074144170588635,1.2079574364458971,0.3723953238821935,1.2376753762277009,0.37017423652493897,-0.1174213643025402,0.02351283871158888,-0.026273893843116708,0.022566176940390956,-0.009570120433749545,0.02209918015384651
C.1.1.3.4.4.2,Subassembly 130,C.1.1.3.4.4,-,false,1.8070905731841922,0.6464332159373649,-32.33384859886744,18.046320412698453,30.769145370169298,24.69155519448172,7.445630852986167,21.909763348813897,11815.449054730025,6308.906585041946,5566.56055287084,3978.245656254261,8648.13507272026,4847.666619019595,-1431.9406354019522,2141.648218212583,1644.6762296275972,1774.4438839198422,5243.325402821345,3071.3456526215296
C.1.1.3.4.4.2.1,Part 439,C.1.1.3.4.4.2,-,false,0.3171077902994584,0.28909372274994966,11.465211166068912,28.721044428837228,96.86811096034944,28.23690002309109,-73.75914030708373,29.057750463592832,0.45994550420763664,0.37074144170588635,0.44076294215537776,0.3723953238821935,0.4131652531219322,0.37017423652493897,0.0005199851554080533,0.02351283871158888,0.02852347871642939,0.022566176940390956,0.002980288698795897,0.02209918015384651
C.1.1.3.4.4.2.2,Part 440,C.1.1.3.4.4.2,+,false,0.5156767961001024,0.28909372274994966,-40.47277043573558,28.721044428837228,89.64092768728733,28.23690002309109,-10.617992747575045,29.057750463592832,0.7028248822518219,0.37074144170588635,0.7517963562676144,0.3723953238821935,0.6639416659528959,0.37017423652493897,0.01839627751161948,0.02351283871158888,0.0070630304703299274,0.022566176940390956,-0.046866808845210245,0.02209918015384651
C.1.1.3.4.4.2.3,Part 441,C.1.1.3.4.4.2,-,false,0.5690418751575053,0.28909372274994966,-52.35967915505171,28.721044428837228,-54.447084898129106,28.23690002309109,67.87704508751631,29.057750463592832,0.7701473592136892,0.37074144170588635,0.8540617134153161,0.3723953238821935,0.8592896575430501,0.37017423652493897,-0.001201587182770149,0.02351283871158888,0.006131234676026237,0.022566176940390956,0.0017456708924400858,0.02209918015384651
C.1.1.3.4.4.2.4,Part 442,C.1.1.3.4.4.2,+,false,0.1152762261540629,0.28909372274994966,16.47229455411434,28.721044428837228,-3.7976374849677086,28.23690002309109,22.08794029429555,29.057750463592832,0.11423274068471265,0.37074144170588635,0.13817641051214025,0.3723953238821935,0.1327594593317718,0.37017423652493897,-0.00011505759661113631,0.02351283871158888,0.013558168601432892,0.022566176940390956,0.0020041304356723266,0.02209918015384651
C.1.1.3.4.4.2.5,Part 443,C.1.1.3.4.4.2,+,false,0.2899878854730632,0.28909372274994966,-45.86069555953145,28.721044428837228,34.7590456251055,28.23690002309109,3.96183580160141,29.057750463592832,0.34044218780609325,0.37074144170588635,0.34216827779801307,0.3723953238821935,0.35013035150955424,0.37017423652493897,0.005067793697219284,0.02351283871158888,-0.018874089907912697,0.022566176940390956,-0.0006734550510073482,0.02209918015384651
C.1.1.3.4.5,Assembly 36,C.1.1.3.4,-,false,6.205432731990004,1.081689663197327,21.80777878439356,12.898546620512901,4.73802671102935,13.979185837349068,13.214114863740255,13.056934242668042,41952.09547853398,12981.26755831626,30445.804497181485,10834.842993883482,40226.94952034435,12257.2511953779,10461.248632271687,5423.074927918709,1423.2050484743136,5209.618439246629,-5515.512938429425,6215.932492104661
C.1.1.3.4.5.1,Subassembly 131,C.1.1.3.4.5,-,false,0.8933736283231992,0.40884026350990615,3.8369888452199405,34.6251318679649,19.850542360869188,21.802271678721887,-29.105853513972328,26.414692258316094,987.180425474482,1313.1260827333012,3504.9068188207166,3091.7742369300063,2805.737290005019,2617.465564277495,617.8338072745888,1029.5460101148024,1497.4356084074398,1441.6076486606273,-347.6788914978621,607.9173185334098
C.1.1.3.4.5.1.1,Part 444,C.1.1.3.4.5.1,+,false,0.31187800780683755,0.28909372274994966,78.36190196685493,28.721044428837228,2.548074722290039,28.23690002309109,-71.03986721485853,29.057750463592832,0.358766294052545,0.37074144170588635,0.45850768320580665,0.3723953238821935,0.40571701567283897,0.37017423652493897,-0.002981333229521103,0.02351283871158888,0.018479235800641595,0.022566176940390956,0.009529533846192696,0.02209918015384651
C.1.1.3.4.5.1.2,Part 445,C.1.1.3.4.5.1,-,false,0.5814956205163617,0.28909372274994966,-36.133529618382454,28.721044428837228,29.13050758652389,28.23690002309109,-6.6150621976703405,29.057750463592832,0.8092511598099693,0.37074144170588635,0.7007570977343255,0.3723953238821935,0.7050345016199404,0.37017423652493897,-0.016192925273277113,0.02351283871158888,0.04886802956799248,0.022566176940390956,-0.01641922366939069,0.02209918015384651
C.1.1.3.4.5.2,Subassembly 132,C.1.1.3.4.5,-,false,2.4588028360148892,0.6464332159373649,22.1259780290922,20.325352233653806,-27.378347552352103,22.97345795141268,34.703241621060855,18.468063746962777,11464.77399359534,6810.859606012976,10158.553793686597,5753.8716196108935,17047.87119786616,7918.7683811821635,5893.810147239261,3410.4740273994803,-2680.162027062944,2682.6847638772347,1430.1653958820073,2977.861311784377
C.1.1.3.4.5.2.1,Part 446,C.1.1.3.4.5.2,-,false,0.5228137397051323,0.28909372274994966,-60.0142742972821,28.721044428837228,-16.18464714847505,28.23690002309109,9.75523549132049,29.057750463592832,0.6790532206009162,0.37074144170588635,0.607793780746232,0.3723953238821935,0.676490130055023,0.37017423652493897,-0.023595526019412574,0.02351283871158888,0.0196178674439043,0.022566176940390956,0.030465135507161373,0.02209918015384651
C.1.1.3.4.5.2.2,Part 447,C.1.1.3.4.5.2,+,false,0.22894971508253364,0.28909372274994966,5.651916330680251,28.721044428837228,83.51241177879274,28.23690002309109,71.98789604008198,29.057750463592832,0.29055284631210637,0.37074144170588635,0.27634499498260595,0.3723953238821935,0.294995404497698,0.37017423652493897,0.01634544882887808,0.02351283871158888,0.007249188140548639,0.022566176940390956,0.014629235826602624,0.02209918015384651
C.1.1.3.4.5.2.3,Part 448,C.1.1.3.4.5.2,+,false,0.6893118706266396,0.28909372274994966,-1.1883747298270464,28.721044428837228,24.5611316524446,28.23690002309109,12.492801202461123,29.057750463592832,0.831046085691071,0.37074144170588635,0.8274859558897861,0.3723953238821935,1.0029565028532625,0.37017423652493897,0.009048756782681747,0.02351283871158888,0.053072462305126036,0.022566176940390956,-0.006702095873235189,0.02209918015384651
C.1.1.3.4.5.2.4,Part 449,C.1.1.3.4.5.2,+,false,0.9115084869794082,0.28909372274994966,85.71678870357573,28.721044428837228,-94.70810191705823,28.23690002309109,64.41936157643795,29.057750463592832,1.2669812039375097,0.37074144170588635,1.3069677950158685,0.3723953238821935,1.148769429126702,0.37017423652493897,0.004238102117325041,0.02351283871158888,0.08339448320902551,0.022566176940390956,0.014340104925734794,0.02209918015384651
C.1.1.3.4.5.2.5,Part 450,C.1.1.3.4.5.2,-,false,0.10621902362117544,0.28909372274994966,67.53291697241366,28.721044428837228,-80.77259813435376,28.23690002309109,-33.73766173608601,29.057750463592832,0.16656362489037033,0.37074144170588635,0.16463505561182337,0.3723953238821935,0.17058897977468665,0.37017423652493897,0.0009354398285409536,0.02351283871158888,-6.876906624152896e-5,0.022566176940390956,-0.0008291113670801317,0.02209918015384651
C.1.1.3.4.5.3,Subassembly 133,C.1.1.3.4.5,-,false,2.0728487458424643,0.5781874454998993,23.342681645168845,19.520717019791956,17.379060808774437,24.17906175448765,11.388978969253795,22.176574628547034,19344.215357468725,9018.335445055975,10192.172041914328,5728.613992136611,13704.528700599525,6929.232439849777,4058.1121511218366,3108.4707106977776,2988.5771968740883,2640.6568771106527,-9409.190743889338,4477.635709172186
C.1.1.3.4.5.3.1,Part 451,C.1.1.3.4.5.3,-,false,0.24806270349677653,0.28909372274994966,38.488904014229774,28.721044428837228,1.7818327993154526,28.23690002309109,-5.157064041122794,29.057750463592832,0.3199103766104747,0.37074144170588635,0.3451475932042683,0.3723953238821935,0.3430850202777122,0.37017423652493897,0.008357385415948465,0.02351283871158888,0.021948817821131273,0.022566176940390956,0.009556949759083316,0.02209918015384651
C.1.1.3.4.5.3.2,Part 452,C.1.1.3.4.5.3,+,false,0.6117523147936444,0.28909372274994966,65.18396865576506,28.721044428837228,-89.62902100756764,28.23690002309109,-73.56894188560545,29.057750463592832,0.7836475243013408,0.37074144170588635,0.7817376337627282,0.3723953238821935,0.936314847512146,0.37017423652493897,-0.002231534834657638,0.02351283871158888,-0.010654113709594425,0.022566176940390956,-0.018593174876273544,0.02209918015384651
C.1.1.3.4.5.3.3,Part 453,C.1.1.3.4.5.3,-,false,0.9453501234266442,0.28909372274994966,9.240136854350567,28.721044428837228,84.18410453014076,28.23690002309109,71.61254864186049,29.057750463592832,1.0073219362129149,0.37074144170588635,1.012171959304027,0.3723953238821935,1.1000265940111011,0.37017423652493897,0.08542130311730473,0.02351283871158888,0.012987189307802322,0.022566176940390956,0.004717362666225057,0.02209918015384651
C.1.1.3.4.5.3.4,Part 454,C.1.1.3.4.5.3,+,false,0.26768360412539915,0.28909372274994966,-36.51109477505088,28.721044428837228,40.45621561817825,28.23690002309109,8.196037355810404,29.057750463592832,0.32781616604180586,0.37074144170588635,0.3053052767812128,0.3723953238821935,0.33856274027143235,0.37017423652493897,-0.007622666768213576,0.02351283871158888,-0.0045914575573862745,0.022566176940390956,0.007794474606989081,0.02209918015384651
C.1.1.3.4.5.4,Subassembly 134,C.1.1.3.4.5,-,false,0.7804075218094513,0.5007250159521434,37.30047817371956,44.3850548411799,55.04989122949243,21.65499914119633,-1.197267843474264,45.97569026510458,2204.631572146711,2943.3111012188106,3204.7762063780574,5451.976958662878,1140.9875520810265,3134.4688101564125,272.25975524720366,774.7731231362125,133.54912592095002,2677.1416731937484,-70.79453257381967,938.6046205703442
C.1.1.3.4.5.4.1,Part 455,C.1.1.3.4.5.4,+,false,0.06650748666119762,0.28909372274994966,-61.92862228490412,28.721044428837228,78.5804741550237,28.23690002309109,-86.9897248223424,29.057750463592832,0.06838749864555303,0.37074144170588635,0.06293185525826493,0.3723953238821935,0.06802642825942584,0.37017423652493897,0.002605432892014207,0.02351283871158888,0.001118479906078592,0.022566176940390956,0.0012674500604080187,0.02209918015384651
C.1.1.3.4.5.4.2,Part 456,C.1.1.3.4.5.4,+,false,0.4733419907672796,0.28909372274994966,30.664983857423067,28.721044428837228,57.449891325086355,28.23690002309109,40.5304794665426,29.057750463592832,0.556845090183731,0.37074144170588635,0.5164760257118595,0.3723953238821935,0.6222203837491571,0.37017423652493897,-0.054850706093484684,0.02351283871158888,0.0328379128277422,0.022566176940390956,-0.03399197839457565,0.02209918015384651
C.1.1.3.4.5.4.3,Part 457,C.1.1.3.4.5.4,+,false,0.24055804438097403,0.28909372274994966,77.79106409288943,28.721044428837228,43.82191188633442,28.23690002309109,-59.58506497554481,29.057750463592832,0.3306170994872622,0.37074144170588635,0.30516438737166784,0.3723953238821935,0.32654242627407176,0.37017423652493897,-0.015590895501857945,0.02351283871158888,0.00918350599806595,0.022566176940390956,-0.01889154217104471,0.02209918015384651
C.1.1.3.5,Subsystem 10,C.1.1.3,-,false,20.233444404111474,1.8511030230298948,-13.169376731375372,7.374205868843514,-0.7708221472779114,7.374135421576577,10.687100195150302,7.445440641594884,113358.01046175303,21595.59717935209,109629.45710082675,20786.824712873553,115927.29943455194,21023.764986407245,-8135.412867493238,9397.02885533142,7569.6316673651,9763.270139244802,-19217.99434126448,10388.727155750028
C.1.1.3.5.1,Assembly 37,C.1.1.3.5,-,false,9.2505251029192,1.2265207905297184,-23.890544009757775,10.723787185786655,-9.57217086512795,10.337082252134477,14.979791982578492,11.211981673125186,54383.79221949015,14927.25466162546,64151.65987328623,15512.602956328625,54682.40915945031,14090.130702773515,-1115.2084064320643,6203.79826626381,8663.664634281748,7561.079693272897,-13741.8156654224,7205.262573867297
C.1.1.3.5.1.1,Subassembly 135,C.1.1.3.5.1,-,false,3.2661567861572838,0.6464332159373649,-29.082375376604798,19.62746662469492,12.993499230485554,15.787391455493363,64.84364092663151,16.989478597037284,12626.28905009073,6335.513969799091,22228.002414267827,9838.721050135588,22468.080071907167,9057.373356349486,-2773.52028525448,3960.614844039717,8276.00663740346,4777.867272146302,-590.7457236728386,2934.3461990145292
C.1.1.3.5.1.1.1,Part 458,C.1.1.3.5.1.1,+,false,0.852228607890429,0.28909372274994966,11.89677082002163,28.721044428837228,78.33172748796642,28.23690002309109,78.24640246108174,29.057750463592832,1.0191807238627326,0.37074144170588635,0.9027187720533281,0.3723953238821935,1.0860216896509165,0.37017423652493897,0.0816520581507543,0.02351283871158888,0.013254648772264083,0.022566176940390956,0.01379489756306939,0.02209918015384651
C.1.1.3.5.1.1.2,Part 459,C.1.1.3.5.1.1,+,false,0.9781517378294374,0.28909372274994966,-85.21695537492633,28.721044428837228,-35.638842917978764,28.23690002309109,96.02976464666426,29.057750463592832,1.1894279637885954,0.37074144170588635,1.133324540379323,0.3723953238821935,1.2133297388067426,0.37017423652493897,0.023528587805677785,0.02351283871158888,-0.0757935796150287,0.022566176940390956,0.020193049044117204,0.02209918015384651
C.1.1.3.5.1.1.3,Part 460,C.1.1.3.5.1.1,+,false,0.7059542618249544,0.28909372274994966,-95.21634955890477,28.721044428837228,19.21276869252324,28.23690002309109,86.51930494233966,29.057750463592832,0.7967217870028317,0.37074144170588635,0.7171490701438248,0.3723953238821935,0.7711234643088769,0.37017423652493897,0.016859116287476,0.02351283871158888,0.00723925450695739,0.022566176940390956,-0.017748259546424717,0.02209918015384651
C.1.1.3.5.1.1.4,Part 461,C.1.1.3.5.1.1,-,false,0.1611299698406365,0.28909372274994966,-44.13274098187685,28.721044428837228,29.771981993690133,28.23690002309109,22.40537218749523,29.057750463592832,0.16725321386047218,0.37074144170588635,0.1686967579328828,0.3723953238821935,0.17814873261443437,0.37017423652493897,-0.010627065479733437,0.02351283871158888,-0.008583138368446852,0.022566176940390956,-0.0069019785610489335,0.02209918015384651
C.1.1.3.5.1.1.5,Part 462,C.1.1.3.5.1.1,+,false,0.5686922087718267,0.28909372274994966,92.41948639973998,28.721044428837228,-13.74738677404821,28.23690002309109,-23.76479711383581,29.057750463592832,0.7716076793871112,0.37074144170588635,0.7763645387377982,0.3723953238821935,0.8898418486430881,0.37017423652493897,0.0008876595156627811,0.02351283871158888,-0.0007235803758987441,0.022566176940390956,0.00020708640397413224,0.02209918015384651
C.1.1.3.5.1.2,Subassembly 136,C.1.1.3.5.1,-,false,1.1519550417771098,0.5007250159521434,-56.565916012043765,19.787842330770612,-33.44450008835592,31.964311157068817,-23.396138036652722,32.35606164643526,5899.12981257622,6017.523363657984,3056.5172594608284,3332.3046240924173,3241.09739138675,3508.442060326211,-736.4544121218422,1151.18303169823,-636.5758695667799,1075.2775955265788,-2863.4575078536704,3004.5637781255296
C.1.1.3.5.1.2.1,Part 463,C.1.1.3.5.1.2,+,false,0.24279296651482582,0.28909372274994966,-33.822951605543494,28.721044428837228,65.04495250992477,28.23690002309109,72.46500812470913,29.057750463592832,0.31572226114769975,0.37074144170588635,0.29345039114185656,0.3723953238821935,0.311584443280575,0.37017423652493897,0.02740623490253343,0.02351283871158888,0.01565162285770408,0.022566176940390956,0.02542376696352857,0.02209918015384651
C.1.1.3.5.1.2.2,Part 464,C.1.1.3.5.1.2,-,false,0.6697904606887605,0.28909372274994966,-66.57535820268095,28.721044428837228,-64.48161150328815,28.23690002309109,-45.590148493647575,29.057750463592832,0.9672626224717293,0.37074144170588635,0.9701426491373292,0.3723953238821935,0.893705853556378,0.37017423652493897,0.0456289932356362,0.02351283871158888,0.02610961099341013,0.022566176940390956,-0.01801196703694679,0.02209918015384651
C.1.1.3.5.1.2.3,Part 465,C.1.1.3.5.1.2,-,false,0.2393716145735234,0.28909372274994966,-51.6263282392174,28.721044428837228,-46.496111154556274,28.23690002309109,-58.52593225426972,29.057750463592832,0.2845513937057712,0.37074144170588635,0.28235374934067803,0.3723953238821935,0.2431978331049264,0.37017423652493897,0.017268125739333035,0.02351283871158888,-0.0008433170627217269,0.022566176940390956,-0.0008812957676617741,0.02209918015384651
C.1.1.3.5.1.3,Subassembly 137,C.1.1.3.5.1,-,false,2.1511481392625718,0.5781874454998993,-1.9431994267345665,22.16545868331777,-38.66263611859805,22.24601444600116,-42.23405356191207,17.665877373631183,5703.996830264714,5564.375476018459,10184.186603776963,5466.771663181834,13064.319629084617,7099.741771788375,1814.098410671545,2789.665103892541,1134.0622165344867,2438.985512824044,1886.4790046135051,2319.083712381474
C.1.1.3.5.1.3.1,Part 466,C.1.1.3.5.1.3,+,false,0.7402364585334436,0.28909372274994966,-44.25944513641298,28.721044428837228,-48.235469264909625,28.23690002309109,-18.56502965092659,29.057750463592832,0.938604890194411,0.37074144170588635,0.961304647707503,0.3723953238821935,0.6908370035330155,0.37017423652493897,0.0025464797714238735,0.02351283871158888,-0.02604349214569731,0.022566176940390956,0.0040440490153330465,0.02209918015384651
C.1.1.3.5.1.3.2,Part 467,C.1.1.3.5.1.3,+,false,0.43324308657250366,0.28909372274994966,-55.33792055211961,28.721044428837228,-58.96467235870659,28.23690002309109,-30.408555176109076,29.057750463592832,0.5624938775724406,0.37074144170588635,0.5999818993347447,0.3723953238821935,0.6101723224944161,0.37017423652493897,0.003481346388634529,0.02351283871158888,-0.005472061181803927,0.022566176940390956,0.05298425613091419,0.02209918015384651
C.1.1.3.5.1.3.3,Part 468,C.1.1.3.5.1.3,-,false,0.7111286660346668,0.28909372274994966,88.6565619148314,28.721044428837228,-60.5176470708102,28.23690002309109,-52.8477877844125,29.057750463592832,0.976328887157829,0.37074144170588635,0.9515660805855486,0.3723953238821935,1.0701742767975397,0.37017423652493897,0.0013663381044850594,0.02351283871158888,-0.012915727076441598,0.022566176940390956,-0.011604368292494206,0.02209918015384651
C.1.1.3.5.1.3.4,Part 469,C.1.1.3.5.1.3,-,false,0.2665399281219579,0.28909372274994966,-39.35285075567663,28.721044428837228,79.23190207220614,28.23690002309109,-98.87194382026792,29.057750463592832,0.36533245129072295,0.37074144170588635,0.38399999003229224,0.3723953238821935,0.3304229946885984,0.37017423652493897,-0.014928380362488308,0.02351283871158888,-0.00034931409991713184,0.022566176940390956,0.0006385616678204783,0.02209918015384651
C.1.1.3.5.1.4,Subassembly 138,C.1.1.3.5.1,-,false,1.3187348448268603,0.5781874454998993,-22.873706617702524,28.239922685282355,1.908975543624859,20.713455645133013,30.59484632050752,19.74571362829424,1165.2140764506842,1526.3770672185435,3622.7075169135996,3221.4400319970478,4497.627064649266,3803.488695719692,1878.308175756109,1710.625117027363,51.97202686655861,1111.7945125234621,-3.5741680154432167,645.5193717917593
C.1.1.3.5.1.4.1,Part 470,C.1.1.3.5.1.4,+,false,0.05379393326677382,0.28909372274994966,3.362171445041895,28.721044428837228,-19.867231836542487,28.23690002309109,78.27592073008418,29.057750463592832,0.059512283110862194,0.37074144170588635,0.057284198431538993,0.3723953238821935,0.06422225600541613,0.37017423652493897,0.0021444276580470847,0.02351283871158888,-0.0018989226702066705,0.022566176940390956,-0.0025391449245142925,0.02209918015384651
C.1.1.3.5.1.4.2,Part 471,C.1.1.3.5.1.4,-,false,0.2673411031479482,0.28909372274994966,63.81350485607982,28.721044428837228,-45.22587857209146,28.23690002309109,28.4212589263916,29.057750463592832,0.3347281847176712,0.37074144170588635,0.31812458275417416,0.3723953238821935,0.3747686086436962,0.37017423652493897,0.01267528623893561,0.02351283871158888,-0.024089665931105612,0.022566176940390956,0.006258429926214659,0.02209918015384651
C.1.1.3.5.1.4.3,Part 472,C.1.1.3.5.1.4,+,false,0.4736474926432129,0.28909372274994966,-17.277435772120953,28.721044428837228,0.4694958683103323,28.23690002309109,24.28442914970219,29.057750463592832,0.6336127418221724,0.37074144170588635,0.6260988087031966,0.3723953238821935,0.5526634153011218,0.37017423652493897,0.005648930516605661,0.02351283871158888,0.025454765069569403,0.022566176940390956,0.049651689126243986,0.02209918015384651
C.1.1.3.5.1.4.4,Part 473,C.1.1.3.5.1.4,-,false,0.5239523157689254,0.28909372274994966,-74.857531581074,28.721044428837228,29.496061708778143,28.23690002309109,32.513055205345154,29.057750463592832,0.6408368683918888,0.37074144170588635,0.6260877703208927,0.3723953238821935,0.7139552121810759,0.37017423652493897,0.010740171506611605,0.02351283871158888,-0.0326633502036774,0.022566176940390956,0.030185392793024807,0.02209918015384651
C.1.1.3.5.1.5,Subassembly 139,C.1.1.3.5.1,-,false,1.3625302908953745,0.40884026350990615,-19.45397004892185,24.424909646967215,-8.666395873235054,27.560927725905966,3.110359406823635,28.977727463717635,7301.543002128716,5171.838646687233,5305.320286781226,4133.291658739733,4713.9530099519725,3759.522451386126,-2134.2739431962955,1823.4637132379808,-2314.857862728042,1959.088942071285,-3637.9740616523095,2578.7156382162357
C.1.1.3.5.1.5.1,Part 474,C.1.1.3.5.1.5,+,false,0.4162971959328279,0.28909372274994966,-67.05261403694749,28.721044428837228,-83.46742051653564,28.23690002309109,-78.02020902745426,29.057750463592832,0.5308111760083822,0.37074144170588635,0.43273314828348447,0.3723953238821935,0.5073523344840073,0.37017423652493897,-0.02496227537438398,0.02351283871158888,-0.013729279060180961,0.022566176940390956,0.05013582958418038,0.02209918015384651
C.1.1.3.5.1.5.2,Part 475,C.1.1.3.5.1.5,-,false,0.9462330949625466,0.28909372274994966,1.4871512539684772,28.721044428837228,24.242468737065792,28.23690002309109,38.80391982384026,29.057750463592832,1.316600994963291,0.37074144170588635,1.0914832897109266,0.3723953238821935,1.2902879760838417,0.37017423652493897,-0.007844296853939715,0.02351283871158888,0.01978579195004356,0.022566176940390956,-0.08401086901832105,0.02209918015384651
C.1.1.3.5.2,Assembly 38,C.1.1.3.5,-,false,6.183674312149407,1.1563748909997986,1.908702105605684,14.657085846617315,10.271409647453892,14.848441150503856,5.369495200833816,14.173620205047929,35436.247158826765,12959.848480476137,28409.177382695976,11668.8163963031,41277.93577179713,13369.286223082754,-3019.018906075174,5915.885572050362,-3103.049202314926,5043.913479397659,-4027.3761949984973,6178.815071400394
C.1.1.3.5.2.1,Subassembly 140,C.1.1.3.5.2,-,false,1.9572807194809432,0.6464332159373649,40.19987047608272,19.53028664150906,-19.12273692794425,24.37965944552952,-1.3780732316953985,24.92849829638344,7667.853266387087,5807.938964654445,4394.05509052396,4572.777382157332,6239.275027467639,4777.341830121051,766.3215079421753,2154.7765072206107,-1184.5295705475191,1836.4537192614403,282.6462459501736,2332.7972251551128
C.1.1.3.5.2.1.1,Part 476,C.1.1.3.5.2.1,+,false,0.2124007968043443,0.28909372274994966,-25.68104132078588,28.721044428837228,54.07387805171311,28.23690002309109,-76.66985411196947,29.057750463592832,0.2732004462099619,0.37074144170588635,0.24200968129454017,0.3723953238821935,0.2720603545976912,0.37017423652493897,-0.011968646694734547,0.02351283871158888,-0.016712456410657356,0.022566176940390956,-0.002182925168597428,0.02209918015384651
C.1.1.3.5.2.1.2,Part 477,C.1.1.3.5.2.1,-,false,0.8352115565084387,0.28909372274994966,34.49557917192578,28.721044428837228,-26.44871873781085,28.23690002309109,25.456016091629863,29.057750463592832,0.7302139381672937,0.37074144170588635,0.9761035480191154,0.3723953238821935,0.9920480510142249,0.37017423652493897,-0.05799103773509501,0.02351283871158888,0.009734387723880848,0.022566176940390956,0.009602784364827175,0.02209918015384651
C.1.1.3.5.2.1.3,Part 478,C.1.1.3.5.2.1,-,false,0.24205635552457533,0.28909372274994966,76.53168644756079,28.721044428837228,70.73780265636742,28.23690002309109,30.486800195649266,29.057750463592832,0.32464668902420013,0.37074144170588635,0.27978398643442925,0.3723953238821935,0.263055836639231,0.37017423652493897,0.016614713241331548,0.02351283871158888,0.01399782298102264,0.022566176940390956,-0.018957547240597266,0.02209918015384651
C.1.1.3.5.2.1.4,Part 479,C.1.1.3.5.2.1,-,false,0.5823844344441313,0.28909372274994966,58.873468451201916,28.721044428837228,-71.7826466076076,28.23690002309109,-11.469634529203176,29.057750463592832,0.6441668946195129,0.37074144170588635,0.7186646275515615,0.3723953238821935,0.7793213298717644,0.37017423652493897,0.05129219420828757,0.02351283871158888,-0.0067679140619685395,0.022566176940390956,0.020065684329194835,0.02209918015384651
C.1.1.3.5.2.1.5,Part 480,C.1.1.3.5.2.1,+,false,0.08522757619945333,0.28909372274994966,29.49779937043786,28.721044428837228,-25.121706956997514,28.23690002309109,-98.24852924793959,29.057750463592832,0.09295107987150189,0.37074144170588635,0.09363749449332734,0.3723953238821935,0.09665229984110107,0.37017423652493897,0.00031482721439296025,0.02351283871158888,-0.0007078397963966121,0.022566176940390956,-0.0013766801883652617,0.02209918015384651
C.1.1.3.5.2.2,Subassembly 141,C.1.1.3.5.2,-,false,1.0273223030988592,0.5007250159521434,-24.626445243198205,35.489777316648485,-29.91012306096829,32.00675775527563,-18.55358056709841,26.915148918167503,4643.6983958695855,3384.2917142124816,5750.701910821414,3954.4535905352463,8133.340841073046,5128.861753618825,-4028.181685843335,2548.024047335412,672.9822996906108,1671.8176230632473,578.3488051754924,1480.0238163563401
C.1.1.3.5.2.2.1,Part 481,C.1.1.3.5.2.2,+,false,0.16374995881691576,0.28909372274994966,-67.04862541519105,28.721044428837228,-67.478201771155,28.23690002309109,-82.33389533124864,29.057750463592832,0.1898077490849003,0.37074144170588635,0.20152880244461618,0.3723953238821935,0.16429627004527667,0.37017423652493897,0.00561605382337779,0.02351283871158888,0.02384162093817892,0.022566176940390956,0.010141324329997838,0.02209918015384651
C.1.1.3.5.2.2.2,Part 482,C.1.1.3.5.2.2,-,false,0.4507169040031731,0.28909372274994966,-83.87389783747494,28.721044428837228,-81.38862894847989,28.23690002309109,12.456491077318788,29.057750463592832,0.6158056778280808,0.37074144170588635,0.5796172556689609,0.3723953238821935,0.5051401470904547,0.37017423652493897,0.009343448528794547,0.02351283871158888,0.005082597909516647,0.022566176940390956,0.04005551617207841,0.02209918015384651
C.1.1.3.5.2.2.3,Part 483,C.1.1.3.5.2.2,+,false,0.4128554402787704,0.28909372274994966,56.88019213266671,28.721044428837228,41.18983414955437,28.23690002309109,-27.11042449809611,29.057750463592832,0.5251657863510354,0.37074144170588635,0.5873546373931822,0.3723953238821935,0.5157196977397867,0.37017423652493897,-0.005497476757732408,0.02351283871158888,-0.029968072992941602,0.022566176940390956,-0.00027002658520572744,0.02209918015384651
C.1.1.3.5.2.3,Subassembly 142,C.1.1.3.5.2,-,false,1.2334115097650793,0.6464332159373649,-29.18322802191898,41.667072799737056,-15.194639480873436,23.522777314968568,25.879519583477638,31.955829692315692,4829.607617440035,3979.8446635264704,7978.425095522935,6829.502437311594,6329.161952387209,5607.881541988633,597.5398939534599,1970.1009360332157,-1739.47350919591,2960.289496604493,-1300.5924225891135,1838.1625212168735
C.1.1.3.5.2.3.1,Part 484,C.1.1.3.5.2.3,+,false,0.16437632891070098,0.28909372274994966,-87.94091385789216,28.721044428837228,8.840931532904506,28.23690002309109,-3.924263082444668,29.057750463592832,0.19322989172315935,0.37074144170588635,0.18117497347683426,0.3723953238821935,0.1639870371480213,0.37017423652493897,-0.005156382773976093,0.02351283871158888,-0.010925383719903361,0.022566176940390956,0.02123519131864228,0.02209918015384651
C.1.1.3.5.2.3.2,Part 485,C.1.1.3.5.2.3,+,false,0.24464886306924746,0.28909372274994966,51.770894788205624,28.721044428837228,-38.410535361617804,28.23690002309109,81.0674368403852,29.057750463592832,0.35059562263245053,0.37074144170588635,0.35202187162961696,0.3723953238821935,0.3586053470740151,0.37017423652493897,-0.008559046326059546,0.02351283871158888,0.0021574451421087866,0.022566176940390956,-0.0018875008007492736,0.02209918015384651
C.1.1.3.5.2.3.3,Part 486,C.1.1.3.5.2.3,-,false,0.4945702078763861,0.28909372274994966,-45.98975325934589,28.721044428837228,19.607096491381526,28.23690002309109,57.24931266158819,29.057750463592832,0.6302831230563763,0.37074144170588635,0.5453448119334797,0.3723953238821935,0.7254060587094954,0.37017423652493897,-0.008412597573371964,0.02351283871158888,0.0027969856382327298,0.022566176940390956,0.03360699727518125,0.02209918015384651
C.1.1.3.5.2.3.4,Part 487,C.1.1.3.5.2.3,-,false,0.11192142649460585,0.28909372274994966,84.71009056083858,28.721044428837228,-47.43609852157533,28.23690002309109,-23.268806701526046,29.057750463592832,0.1373412624547402,0.37074144170588635,0.13942781677990032,0.3723953238821935,0.11985992298820253,0.37017423652493897,0.006348304676403214,0.02351283871158888,-0.002555814129702577,0.022566176940390956,0.0007607875565043727,0.02209918015384651
C.1.1.3.5.2.3.5,Part 488,C.1.1.3.5.2.3,+,false,0.21789468341413887,0.28909372274994966,-96.10573016107082,28.721044428837228,-69.69127939082682,28.23690002309109,-59.55826546996832,29.057750463592832,0.2775584631756365,0.37074144170588635,0.2794096157926723,0.3723953238821935,0.3019541112248354,0.37017423652493897,-0.0008468145558568571,0.02351283871158888,-0.0026579386579302193,0.022566176940390956,-0.007667960070206363,0.02209918015384651
C.1.1.3.5.2.4,Subassembly 143,C.1.1.3.5.2,-,false,1.9656597798045259,0.5007250159521434,-2.841495515734685,20.24766302425275,76.51995404090623,23.27610682573371,11.721710818540918,26.11203154663393,4243.152509726533,6401.856868279927,4180.920130365874,4786.372046591782,2969.6048702785633,3481.358692247992,-1104.3139083611197,1358.3483498113294,-1551.443155759976,1618.2429504417967,-2029.0672800480675,3120.5237986717916
C.1.1.3.5.2.4.1,Part 489,C.1.1.3.5.2.4,+,false,0.9797311544348486,0.28909372274994966,24.184934701770544,28.721044428837228,99.54050313681364,28.23690002309109,43.70176154188812,29.057750463592832,1.2733607291849118,0.37074144170588635,1.1688262813881496,0.3723953238821935,1.3946195222107354,0.37017423652493897,0.015571141618372022,0.02351283871158888,-0.019751431039975308,0.022566176940390956,0.09809058418986746,0.02209918015384651
C.1.1.3.5.2.4.2,Part 490,C.1.1.3.5.2.4,+,false,0.10377336461236701,0.28909372274994966,-14.816736988723278,28.721044428837228,-10.649866750463843,28.23690002309109,-99.30578176863492,29.057750463592832,0.15507165814899845,0.37074144170588635,0.1568864109492887,0.3723953238821935,0.15828423479637294,0.37017423652493897,0.006754056841802575,0.02351283871158888,0.00019768165558448663,0.022566176940390956,-0.00018422986073554073,0.02209918015384651
C.1.1.3.5.2.4.3,Part 491,C.1.1.3.5.2.4,+,false,0.8821552607573103,0.28909372274994966,-31.448619114235044,28.721044428837228,61.20740743353963,28.23690002309109,-10.734829911962152,29.057750463592832,1.0604167900272277,0.37074144170588635,1.0755883193522682,0.3723953238821935,1.0431785297335203,0.37017423652493897,-0.014324567936260912,0.02351283871158888,-0.012068091469857777,0.022566176940390956,0.004789550252911379,0.02209918015384651
C.1.1.3.5.3,Assembly 39,C.1.1.3.5,-,false,4.799244989042869,0.7648700959862226,-11.931994961112096,12.724114493487857,1.9661775654112037,13.827012518349655,9.264518987319756,13.485910647119683,21676.429007468723,8171.44491748816,14237.106755634315,6439.133512950906,15983.957327295728,6739.104625267102,-2082.490746314316,3162.684798083061,1079.0319297591354,3047.6564412695234,-2180.081738366562,3950.724415524445
C.1.1.3.5.3.1,Subassembly 144,C.1.1.3.5.3,-,false,1.8987638791166246,0.5007250159521434,-2.1941113168548294,20.152918745910224,-3.074238871595755,22.83433348355383,36.31677117925892,18.311850933967733,7404.24963465867,4643.935535422351,3166.2092948129766,2740.3228668179436,9047.40190057097,5086.576722463866,-1068.4534574237189,2281.339204345071,1206.7737499554987,1302.6380026541285,1512.583270101191,2113.3536485020036
C.1.1.3.5.3.1.1,Part 492,C.1.1.3.5.3.1,-,false,0.456779734400101,0.28909372274994966,-65.07756817154586,28.721044428837228,-20.718311425298452,28.23690002309109,66.25896566547453,29.057750463592832,0.5219499861603093,0.37074144170588635,0.5240345911279958,0.3723953238821935,0.6072828593849432,0.37017423652493897,0.003379810394848723,0.02351283871158888,-0.0015570557014130606,0.022566176940390956,-0.013852493918282666,0.02209918015384651
C.1.1.3.5.3.1.2,Part 493,C.1.1.3.5.3.1,-,false,0.8545161055035424,0.28909372274994966,14.27876208908856,28.721044428837228,-52.957221725955606,28.23690002309109,37.10089614614844,29.057750463592832,1.1733830730280859,0.37074144170588635,1.1396127012612223,0.3723953238821935,1.1478849656533123,0.37017423652493897,-0.022730525926512812,0.02351283871158888,0.0068739508055629985,0.022566176940390956,0.02347491269355722,0.02209918015384651
C.1.1.3.5.3.1.3,Part 494,C.1.1.3.5.3.1,-,false,0.5874680392129812,0.28909372274994966,22.739250352606177,28.721044428837228,83.20324965752661,28.23690002309109,11.894957395270467,29.057750463592832,0.6274487930061973,0.37074144170588635,0.7727533694797315,0.3723953238821935,0.7970727530554764,0.37017423652493897,-0.0432451684166896,0.02351283871158888,0.029962829448293787,0.022566176940390956,0.005769132986700421,0.02209918015384651
C.1.1.3.5.3.2,Subassembly 145,C.1.1.3.5.3,-,false,2.900481109926244,0.5781874454998993,-18.306779357907025,16.27175385288757,5.2658234874416685,17.28571047234253,-8.44490140332495,17.88718978949191,11893.139418882216,6149.0855077878105,8473.75428658418,5089.858563259404,6558.8140608797385,4280.160168812462,-1168.244555873352,2110.7944043119364,699.8988972687093,2361.2491014902143,-4121.0593114441845,2985.309569257121
C.1.1.3.5.3.2.1,Part 495,C.1.1.3.5.3.2,-,false,0.7315342742293142,0.28909372274994966,-27.083597285673022,28.721044428837228,59.81912002898753,28.23690002309109,54.87254145555198,29.057750463592832,0.9046982971158939,0.37074144170588635,0.9475187028309325,0.3723953238821935,0.7458865510366658,0.37017423652493897,-0.01280273458091544,0.02351283871158888,0.004567230542952156,0.022566176940390956,0.005248098682998648,0.02209918015384651
C.1.1.3.5.3.2.2,Part 496,C.1.1.3.5.3.2,-,false,0.9129071567088831,0.28909372274994966,-8.936004992574453,28.721044428837228,-19.17416276410222,28.23690002309109,-72.87885313853621,29.057750463592832,1.1025994208789753,0.37074144170588635,1.12154690615921,0.3723953238821935,0.9919616068567793,0.37017423652493897,-0.0908055245648895,0.02351283871158888,-0.06132027589368768,0.022566176940390956,-0.026988278481022074,0.02209918015384651
C.1.1.3.5.3.2.3,Part 497,C.1.1.3.5.3.2,+,false,0.33162104671006093,0.28909372274994966,36.28541943617165,28.721044428837228,58.1856410484761,28.23690002309109,12.509159417822957,29.057750463592832,0.4775281663408432,0.37074144170588635,0.42359904073673266,0.3723953238821935,0.462655986295135,0.37017423652493897,-0.028136388917012176,0.02351283871158888,0.02027832792366263,0.022566176940390956,0.001679733290880705,0.02209918015384651
C.1.1.3.5.3.2.4,Part 498,C.1.1.3.5.3.2,+,false,0.924418632277986,0.28909372274994966,-40.1994860265404,28.721044428837228,-32.75319938547909,28.23690002309109,-2.436229260638356,29.057750463592832,1.4455758152316664,0.37074144170588635,1.4260410003644974,0.3723953238821935,1.4127503014989167,0.37017423652493897,0.020105404962665264,0.02351283871158888,0.01913291002739733,0.022566176940390956,0.02229040833634502,0.02209918015384651
C.1.1.4,Element 4,C.1.1,-,false,119.66025232612644,4.403344397586287,-6.075282627346583,3.1510878674624485,-2.4884651609288992,3.117721941602758,-4.992233379730092,3.1388649993745252,759925.0813497938,56332.81731528726,801578.2607786297,57820.15815730523,780136.643783377,57981.39261409782,-20200.93418018664,26894.788014429658,-23498.56949799716,27233.86608801572,-28439.929212214487,26401.64708814549
C.1.1.4.1,Subsystem 11,C.1.1.4,-,false,18.279298806732985,1.5834315318329186,-16.2717001146691,7.725230621268175,-10.240560359479536,7.624937510131202,-13.34736096840824,7.482671486933478,117835.73923769585,19974.876996767776,123033.1667278489,21047.87926816473,132082.53788150358,21918.75361646779,6613.618381547369,10294.048520300945,3954.173763627394,10010.760201953146,-8875.575780306566,9745.933274318486
C.1.1.4.1.1,Assembly 40,C.1.1.4.1,-,false,11.06298564883042,1.2265207905297186,-19.848967123085288,9.782367991927398,-16.85251623856646,9.9422858354822,-13.108299099752704,10.156054877939894,80865.13194669355,16774.134473493952,80770.52031155906,16937.983117894495,80455.69016222123,16772.89545539456,9762.731172521278,8028.333760897886,370.69951159243146,8252.550483548877,-2075.0312512509327,8279.120192624609
C.1.1.4.1.1.1,Subassembly 146,C.1.1.4.1.1,-,false,2.1841751735098662,0.5781874454998993,-39.182119512354596,20.22537274223434,23.616235246878933,20.84443243328816,-47.08905170510482,18.87184885126722,5643.070787556779,4221.4510854064265,5751.2176440649355,3998.8894165303827,7890.400570244408,4907.9485056130425,-2574.17583300954,2359.200067257328,2108.414975591904,1942.9488176137452,466.0602242955624,2013.8403690801922
C.1.1.4.1.1.1.1,Part 499,C.1.1.4.1.1.1,-,false,0.10599838715069927,0.28909372274994966,-84.07895197160542,28.721044428837228,-47.38326636143029,28.23690002309109,6.345878820866346,29.057750463592832,0.15278704907736385,0.37074144170588635,0.15308000367046964,0.3723953238821935,0.15540248025267547,0.37017423652493897,0.00398034431935545,0.02351283871158888,0.0052492795259989795,0.022566176940390956,0.0026196613458009067,0.02209918015384651
C.1.1.4.1.1.1.2,Part 500,C.1.1.4.1.1.1,-,false,0.6371688674567267,0.28909372274994966,19.163903687149286,28.721044428837228,37.46871817857027,28.23690002309109,-88.84721449576318,29.057750463592832,0.9004757441134695,0.37074144170588635,0.9801932116768823,0.3723953238821935,0.8920301554460848,0.37017423652493897,-0.012147946118455318,0.02351283871158888,-0.0075942226184956794,0.022566176940390956,-0.007629964553041381,0.02209918015384651
C.1.1.4.1.1.1.3,Part 501,C.1.1.4.1.1.1,+,false,0.8959677613631356,0.28909372274994966,-42.340896278619766,28.721044428837228,59.6509097609669,28.23690002309109,-28.858464350923896,29.057750463592832,1.259001407422434,0.37074144170588635,1.1515209076494384,0.3723953238821935,1.3046469321727268,0.37017423652493897,0.027184001078134335,0.02351283871158888,0.049499085633612785,0.022566176940390956,0.0470255881304107,0.02209918015384651
C.1.1.4.1.1.1.4,Part 502,C.1.1.4.1.1.1,-,false,0.5450401575393043,0.28909372274994966,-93.46640505827963,28.721044428837228,-38.00572855398059,28.23690002309109,-38.63285589031875,29.057750463592832,0.6172863254542152,0.37074144170588635,0.6575374937140223,0.3723953238821935,0.5697219682827084,0.37017423652493897,-0.038603057131318154,0.02351283871158888,-0.032253717968582854,0.022566176940390956,-0.025629205204220074,0.02209918015384651
C.1.1.4.1.1.2,Subassembly 147,C.1.1.4.1.1,-,false,1.6994527743111831,0.5781874454998993,-2.791149730836339,21.605841695106495,-68.47369816492333,16.9423127440173,25.8673596575601,28.950084526379012,8719.234600653877,5453.104099865773,10672.696203328833,6254.074349663063,3577.6250910957556,2673.7021306424335,-1204.0340826377653,1238.7437618783713,-1609.8244086319091,2770.8678225797867,-1644.4331894392612,2030.8686720988883
C.1.1.4.1.1.2.1,Part 503,C.1.1.4.1.1.2,+,false,0.2985605688514188,0.28909372274994966,42.47858445160091,28.721044428837228,-72.608512500301,28.23690002309109,-14.873924944549799,29.057750463592832,0.39686811994325477,0.37074144170588635,0.4186613130472625,0.3723953238821935,0.41960603939966684,0.37017423652493897,0.008888219400596102,0.02351283871158888,-0.0070280152672081014,0.022566176940390956,-0.004296165015230066,0.02209918015384651
C.1.1.4.1.1.2.2,Part 504,C.1.1.4.1.1.2,+,false,0.37265111112524757,0.28909372274994966,-54.33716285042465,28.721044428837228,-96.24383323825896,28.23690002309109,-84.89596317522228,29.057750463592832,0.48709901323801563,0.37074144170588635,0.520270368495399,0.3723953238821935,0.4647380356074044,0.37017423652493897,-0.05488208152097072,0.02351283871158888,-0.023222607450379754,0.022566176940390956,-0.022944397091971838,0.02209918015384651
C.1.1.4.1.1.2.3,Part 505,C.1.1.4.1.1.2,+,false,0.7397677671948913,0.28909372274994966,23.455810546875,28.721044428837228,-45.0782778672874,28.23690002309109,73.02248226478696,29.057750463592832,1.0063665260534227,0.37074144170588635,0.8706827870985145,0.3723953238821935,0.9042224637998537,0.37017423652493897,-0.0070543235260011865,0.02351283871158888,0.06793677252515268,0.022566176940390956,0.0035243387354903333,0.02209918015384651
C.1.1.4.1.1.2.4,Part 506,C.1.1.4.1.1.2,-,false,0.2884733271396253,0.28909372274994966,-50.3648157697171,28.721044428837228,-88.31648114137352,28.23690002309109,90.19211665727198,29.057750463592832,0.36546593879405004,0.37074144170588635,0.3823836746117036,0.3723953238821935,0.35777025923503464,0.37017423652493897,0.03321225145191976,0.02351283871158888,-9.27428305742713e-6,0.022566176940390956,-3.258799532586333e-5,0.02209918015384651
C.1.1.4.1.1.3,Subassembly 148,C.1.1.4.1.1,-,false,1.0292361675493884,0.40884026350990615,-34.29559814968252,22.361938894864014,35.47772116913336,30.563145886868647,32.00392209668803,22.91868752555049,2937.767921591192,2665.86439069248,555.6120870041044,976.5534252862336,2860.9388527033325,2614.6319496142455,-791.019171551439,1133.8903395619552,274.4546556447517,487.08689088338565,909.4041405749444,1183.9897987052684
C.1.1.4.1.1.3.1,Part 507,C.1.1.4.1.1.3,-,false,0.6799589239286724,0.28909372274994966,-23.37936842814088,28.721044428837228,71.64420271292329,28.23690002309109,19.454904785379767,29.057750463592832,0.9396641733695398,0.37074144170588635,0.8836162410866945,0.3723953238821935,0.9031940903405005,0.37017423652493897,0.05485065543238274,0.02351283871158888,-0.03919145476472046,0.022566176940390956,0.002945385441951963,0.02209918015384651
C.1.1.4.1.1.3.2,Part 508,C.1.1.4.1.1.3,-,false,0.34927724362071605,0.28909372274994966,-55.54687618277967,28.721044428837228,-34.929734002798796,28.23690002309109,56.43384549766779,29.057750463592832,0.45713847653811635,0.37074144170588635,0.42781133169479196,0.3723953238821935,0.4328969177629292,0.37017423652493897,-0.01961816360575059,0.02351283871158888,0.014412363623219269,0.022566176940390956,0.025370042095948682,0.02209918015384651
C.1.1.4.1.1.4,Subassembly 149,C.1.1.4.1.1,-,false,2.471437142374925,0.5007250159521434,-27.573493969733846,21.11454162226154,-35.026836136519414,20.5270187306847,-79.84787812215035,17.571001658189253,11114.053894368653,6008.305493620447,11679.28617967516,6290.809621546567,20002.85297436474,8649.153833039622,7497.973168353479,4235.801343225187,1728.264775109807,2927.9388443627486,905.0510323329174,2886.78114744323
C.1.1.4.1.1.4.1,Part 509,C.1.1.4.1.1.4,+,false,0.8177969777865801,0.28909372274994966,63.316851714625955,28.721044428837228,-93.38567056693137,28.23690002309109,-99.15952100418508,29.057750463592832,0.9374087253379887,0.37074144170588635,0.9514757553391375,0.3723953238821935,0.8685434771771978,0.37017423652493897,0.0643372036197539,0.02351283871158888,-0.04455661814485534,0.022566176940390956,0.01916930260284995,0.02209918015384651
C.1.1.4.1.1.4.2,Part 510,C.1.1.4.1.1.4,+,false,0.9193144191103056,0.28909372274994966,-81.98665287345648,28.721044428837228,45.633562095463276,28.23690002309109,-91.58319300040603,29.057750463592832,0.9433558125814777,0.37074144170588635,1.195947309742223,0.3723953238821935,1.2085314562068112,0.37017423652493897,-0.1005473448582731,0.02351283871158888,-0.0029584935395142887,0.022566176940390956,0.003047434934544749,0.02209918015384651
C.1.1.4.1.1.4.3,Part 511,C.1.1.4.1.1.4,+,false,0.7343257454780396,0.28909372274994966,-60.674673644825816,28.721044428837228,-71.01439191028476,28.23690002309109,-43.64943685941398,29.057750463592832,0.9768430900978795,0.37074144170588635,0.9807778606629555,0.3723953238821935,1.0248103057913742,0.37017423652493897,-0.02571439581950459,0.02351283871158888,0.05819663789954853,0.022566176940390956,0.06701639868147345,0.02209918015384651
C.1.1.4.1.1.5,Subassembly 150,C.1.1.4.1.1,-,false,3.678684391085058,0.6464332159373649,-7.018914562542803,18.869935533677033,-19.463929505224353,16.426192057293505,21.277409532162327,15.4187214006521,18129.29599308303,7704.310401322725,27276.918118659036,9900.84538289794,32079.57061800935,10824.414713011476,3074.2787316112676,5139.320629312636,2660.4156494114827,4693.297658095326,-4036.8036579710933,3806.64146334936
C.1.1.4.1.1.5.1,Part 512,C.1.1.4.1.1.5,+,false,0.9244312414054293,0.28909372274994966,-89.39456627704203,28.721044428837228,-72.10332262329757,28.23690002309109,-11.877620220184326,29.057750463592832,0.9625880694857643,0.37074144170588635,0.9995136022350133,0.3723953238821935,0.931533633211416,0.37017423652493897,0.0319529691275307,0.02351283871158888,-0.0007976356947282433,0.022566176940390956,0.0019611538758315767,0.02209918015384651
C.1.1.4.1.1.5.2,Part 513,C.1.1.4.1.1.5,+,false,0.9096533798619639,0.28909372274994966,14.317942783236504,28.721044428837228,23.003308288753033,28.23690002309109,11.833685915917158,29.057750463592832,1.1503000977823834,0.37074144170588635,1.352556402018026,0.3723953238821935,1.1871868457136197,0.37017423652493897,0.06340178962361812,0.02351283871158888,-0.03235343579978285,0.022566176940390956,0.024507867845197238,0.02209918015384651
C.1.1.4.1.1.5.3,Part 514,C.1.1.4.1.1.5,+,false,0.6854223290602677,0.28909372274994966,-81.22497540898621,28.721044428837228,61.280407942831516,28.23690002309109,91.70466652140021,29.057750463592832,0.840288786584783,0.37074144170588635,0.765126331573571,0.3723953238821935,0.9136166916816478,0.37017423652493897,-0.031214598633100672,0.02351283871158888,-0.06336153824575526,0.022566176940390956,0.01069291073437795,0.02209918015384651
C.1.1.4.1.1.5.4,Part 515,C.1.1.4.1.1.5,-,false,0.49952153636235747,0.28909372274994966,72.25212324410677,28.721044428837228,-92.67154415138066,28.23690002309109,62.323373928666115,29.057750463592832,0.5346172155904334,0.37074144170588635,0.5911417852422811,0.3723953238821935,0.6126056555355612,0.37017423652493897,-0.03708017841672464,0.02351283871158888,0.020139354272028558,0.022566176940390956,0.010303087585634347,0.02209918015384651
C.1.1.4.1.1.5.5,Part 516,C.1.1.4.1.1.5,-,false,0.6596559043950401,0.28909372274994966,96.07480685226619,28.721044428837228,-32.71956550888717,28.23690002309109,-23.496990418061614,29.057750463592832,1.0029103028587736,0.37074144170588635,0.8145827853681636,0.3723953238821935,0.7839846645719909,0.37017423652493897,-0.015701094904586873,0.02351283871158888,0.05128851210941665,0.022566176940390956,0.018949446427329923,0.02209918015384651
C.1.1.4.1.2,Assembly 41,C.1.1.4.1,-,false,7.216313157902565,1.001450031904287,-10.787562618113247,12.53265475356088,-0.1040860407431898,11.72531773038104,-13.713855321445363,10.808898238155772,35743.89203351809,10608.787471738962,41902.43749768554,12430.894014349213,50043.12661832193,13872.18929083917,-2486.2894188927257,6307.675629722405,3559.509211006864,5635.993961064739,-6844.839739210619,5026.001890652663
C.1.1.4.1.2.1,Subassembly 151,C.1.1.4.1.2,-,false,1.2753560230182484,0.40884026350990615,73.03096301567876,25.760110064133244,9.699611473914713,21.56952288946436,-10.331112578522077,22.66173337781495,513.5713725198705,1004.7797029065646,2269.163393759423,2327.05067335648,2059.7511378521017,2188.1954801692564,-537.2709183886516,992.4040870761726,829.3628074799155,1107.6213551998615,233.64993820429567,494.25047895609305
C.1.1.4.1.2.1.1,Part 517,C.1.1.4.1.2.1,-,false,0.41000311004486867,0.28909372274994966,16.853980906307697,28.721044428837228,-6.128946784883738,28.23690002309109,14.10215892829001,29.057750463592832,0.47778954938366125,0.37074144170588635,0.5714028656326395,0.3723953238821935,0.48031025401157584,0.37017423652493897,-0.004502894132199777,0.02351283871158888,-0.018596824840074997,0.022566176940390956,-0.02018899642869716,0.02209918015384651
C.1.1.4.1.2.1.2,Part 518,C.1.1.4.1.2.1,+,false,0.8653529129733797,0.28909372274994966,99.6475457213819,28.721044428837228,17.19916225410998,28.23690002309109,-21.90756555646658,29.057750463592832,0.9645578906122143,0.37074144170588635,0.8943157698886668,0.3723953238821935,0.9146077309781221,0.37017423652493897,-0.04379352077068726,0.02351283871158888,0.021122798752214622,0.022566176940390956,0.024274443940810565,0.02209918015384651
C.1.1.4.1.2.2,Subassembly 152,C.1.1.4.1.2,-,false,1.9863272017547864,0.6464332159373649,-25.64792777386371,23.93511774813393,11.101040202455827,25.0891768076395,7.582706646362277,19.44416909970867,12279.730186973358,5990.292250424986,11520.747971991761,6937.576293603617,15082.49350805903,8005.607943126942,4207.861957931411,3654.036498943014,3538.7945135593463,3075.5303734897398,-4186.631010826217,2741.500820797883
C.1.1.4.1.2.2.1,Part 519,C.1.1.4.1.2.2,+,false,0.6837532957738731,0.28909372274994966,-56.20675147511065,28.721044428837228,55.573108745738864,28.23690002309109,66.8166727758944,29.057750463592832,0.8410994866521762,0.37074144170588635,0.8097497730051931,0.3723953238821935,0.718105479632145,0.37017423652493897,0.021607717832973276,0.02351283871158888,-0.028564621897542386,0.022566176940390956,0.003961467486292775,0.02209918015384651
C.1.1.4.1.2.2.2,Part 520,C.1.1.4.1.2.2,-,false,0.39166785358823836,0.28909372274994966,94.9291265103966,28.721044428837228,-66.76699281670153,28.23690002309109,-53.59317106194794,29.057750463592832,0.43534843491940195,0.37074144170588635,0.380285334329808,0.3723953238821935,0.4248309822193187,0.37017423652493897,0.007679311515031858,0.02351283871158888,0.003376428021013025,0.022566176940390956,-0.011841042450287682,0.02209918015384651
C.1.1.4.1.2.2.3,Part 521,C.1.1.4.1.2.2,-,false,0.3471679254688788,0.28909372274994966,-46.54039852321148,28.721044428837228,97.59303494356573,28.23690002309109,-0.3798075020313263,29.057750463592832,0.38467490654491604,0.37074144170588635,0.4135284416805727,0.3723953238821935,0.42745379410190576,0.37017423652493897,0.01747201067888183,0.02351283871158888,0.004078329259058244,0.022566176940390956,-0.003093103025726222,0.02209918015384651
C.1.1.4.1.2.2.4,Part 522,C.1.1.4.1.2.2,+,false,0.18107663277769462,0.28909372274994966,-48.79382927902043,28.721044428837228,-37.45818850584328,28.23690002309109,5.572905112057924,29.057750463592832,0.2328714827508313,0.37074144170588635,0.2604739659824552,0.3723953238821935,0.23155667554441034,0.37017423652493897,-0.01654653336893626,0.02351283871158888,0.012686905446272614,0.022566176940390956,-0.006469262526130462,0.02209918015384651
C.1.1.4.1.2.2.5,Part 523,C.1.1.4.1.2.2,+,false,0.3826614941461012,0.28909372274994966,-64.55197799950838,28.721044428837228,-44.15359911508858,28.23690002309109,-27.46795155107975,29.057750463592832,0.5602413092688002,0.37074144170588635,0.5295045602444619,0.3723953238821935,0.5264923557380612,0.37017423652493897,0.03884203471140327,0.02351283871158888,0.026965996211844034,0.022566176940390956,-0.01463950706222535,0.02209918015384651
C.1.1.4.1.2.3,Subassembly 153,C.1.1.4.1.2,-,false,3.9546299331295307,0.6464332159373649,-30.35473205726577,14.77287667815908,-8.893846983462497,15.625421009217424,-25.501593355160985,14.976010630608954,20808.106919136313,8251.02463116321,15734.70911269006,7081.779340676361,21310.538584754486,8641.16989026268,-4759.4683882418385,4163.533967784009,-163.5144526988272,3456.6671529608016,-1965.8202185005332,3907.4197594092234
C.1.1.4.1.2.3.1,Part 524,C.1.1.4.1.2.3,+,false,0.6760756892520003,0.28909372274994966,-48.60744355246425,28.721044428837228,1.9151626620441675,28.23690002309109,-81.41932506114244,29.057750463592832,0.7201907668695394,0.37074144170588635,0.922481063063426,0.3723953238821935,0.8243393060295088,0.37017423652493897,-0.005033514329887098,0.02351283871158888,0.00998159031917946,0.022566176940390956,0.002482970801378602,0.02209918015384651
C.1.1.4.1.2.3.2,Part 525,C.1.1.4.1.2.3,+,false,0.7991010712103452,0.28909372274994966,33.9585923589766,28.721044428837228,17.71317757666111,28.23690002309109,22.58733408525586,29.057750463592832,0.9998229199778262,0.37074144170588635,0.8945321315626844,0.3723953238821935,0.8637840937328598,0.37017423652493897,0.009636668893692189,0.02351283871158888,-0.05779031517671056,0.022566176940390956,-0.018506995438087405,0.02209918015384651
C.1.1.4.1.2.3.3,Part 526,C.1.1.4.1.2.3,-,false,0.9110064355321229,0.28909372274994966,-94.47562443092465,28.721044428837228,-90.03030015155673,28.23690002309109,-1.1231498327106237,29.057750463592832,1.096439154251778,0.37074144170588635,0.8712155216492115,0.3723953238821935,1.0668016034817485,0.37017423652493897,-0.038325947877435616,0.02351283871158888,-0.03377123354790197,0.022566176940390956,-0.08827234052661215,0.02209918015384651
C.1.1.4.1.2.3.4,Part 527,C.1.1.4.1.2.3,+,false,0.8071762318208348,0.28909372274994966,-37.0194410905242,28.721044428837228,76.13122160546482,28.23690002309109,0.8116914425045252,29.057750463592832,1.1201184169649436,0.37074144170588635,1.1614061531548077,0.3723953238821935,1.1666480153913994,0.37017423652493897,-0.036721524236853285,0.02351283871158888,0.024626946470446755,0.022566176940390956,0.03349693345283089,0.02209918015384651
C.1.1.4.1.2.3.5,Part 528,C.1.1.4.1.2.3,+,false,0.7612705053142272,0.28909372274994966,2.145552961155772,28.721044428837228,-39.47928776033223,28.23690002309109,-83.39385520666838,29.057750463592832,1.1552668000444546,0.37074144170588635,1.206785808894924,0.3723953238821935,1.1756614795846687,0.37017423652493897,0.01825743615970654,0.02351283871158888,-0.007411964907153561,0.022566176940390956,0.007563782476518617,0.02209918015384651
C.1.1.4.2,Subsystem 12,C.1.1.4,-,false,18.895376798995073,1.805389719922977,-15.279181902800083,7.393866237877022,-3.4323749165347492,8.048202395108124,-2.795277754781757,8.128862296623232,123780.02571989398,24090.854043718024,117355.16619031268,21529.133267155063,99754.15908095233,21884.349994593544,12473.993758313602,10154.995080563329,-9562.238572935054,10244.887993174047,16315.711758488393,10746.460523204809
C.1.1.4.2.1,Assembly 42,C.1.1.4.2,-,false,8.958404655794846,1.1919639546010696,-16.18772418212669,10.372057821360611,8.585900593565773,11.23628025127915,-11.140076707724218,10.977678459851026,63336.75710341278,15219.56543131251,56712.16646987146,13719.943378973712,52578.69787282648,13738.5128050958,15794.239139437817,6479.065764101622,-12575.32936059726,6630.795117738319,4960.599693085545,7180.959195185249
C.1.1.4.2.1.1,Subassembly 154,C.1.1.4.2.1,-,false,2.7516231605238284,0.6464332159373649,-34.49833425195016,17.067509462451515,36.0387821361655,19.984753702782076,-8.20112874827087,19.542118313906496,18026.08416041734,8191.068958727249,12552.244915223244,6114.22985232806,12485.176526945796,6706.679274583518,2017.0896989202174,3048.568149319477,-3643.5328913899866,2942.8371836722176,1524.3145698744443,3895.0204803952406
C.1.1.4.2.1.1.1,Part 529,C.1.1.4.2.1.1,+,false,0.6284591646608897,0.28909372274994966,-83.70220358483493,28.721044428837228,22.98341770656407,28.23690002309109,-77.08602547645569,29.057750463592832,0.7289515272536714,0.37074144170588635,0.8334239015420141,0.3723953238821935,0.7199228073363848,0.37017423652493897,0.07553193767996923,0.02351283871158888,0.001305894580315578,0.022566176940390956,-0.014377140353095685,0.02209918015384651
C.1.1.4.2.1.1.2,Part 530,C.1.1.4.2.1.1,-,false,0.9020827550760004,0.28909372274994966,-20.45930097810924,28.721044428837228,68.3692891150713,28.23690002309109,-39.147092029452324,29.057750463592832,1.046361233998187,0.37074144170588635,1.0315495523945122,0.3723953238821935,0.9627952470400111,0.37017423652493897,0.010770943595708456,0.02351283871158888,0.05680548400965103,0.022566176940390956,0.04825170812887449,0.02209918015384651
C.1.1.4.2.1.1.3,Part 531,C.1.1.4.2.1.1,+,false,0.6377317892864812,0.28909372274994966,-38.39931106194854,28.721044428837228,91.98016212321818,28.23690002309109,57.15541415847838,29.057750463592832,0.9075033494396808,0.37074144170588635,0.9017053980353069,0.3723953238821935,0.8867787444231682,0.37017423652493897,0.002319907716101171,0.02351283871158888,0.0016200842797732954,0.022566176940390956,0.003408526271620471,0.02209918015384651
C.1.1.4.2.1.1.4,Part 532,C.1.1.4.2.1.1,+,false,0.462340191899566,0.28909372274994966,22.843413753435016,28.721044428837228,-74.99502301216125,28.23690002309109,63.385929726064205,29.057750463592832,0.6094834430086261,0.37074144170588635,0.6522789903461221,0.3723953238821935,0.6532951422963912,0.37017423652493897,-0.0006806878436304592,0.02351283871158888,0.016704705983983804,0.022566176940390956,0.02231075947651505,0.02209918015384651
C.1.1.4.2.1.1.5,Part 533,C.1.1.4.2.1.1,+,false,0.1210092596008908,0.28909372274994966,-82.14233331382275,28.721044428837228,-7.761460728943348,28.23690002309109,-37.70593642257154,29.057750463592832,0.14621557235676333,0.37074144170588635,0.15875580355933167,0.3723953238821935,0.1598558902233007,0.37017423652493897,-0.0013767401604286532,0.02351283871158888,-0.006732267851022406,0.022566176940390956,0.004230501478983469,0.02209918015384651
C.1.1.4.2.1.2,Subassembly 155,C.1.1.4.2.1,-,false,2.776875978151569,0.5781874454998993,17.37874337296569,15.12092324795614,-45.299649530873864,15.445002964585212,-6.9224991660185875,20.23555925046402,13400.032825000548,6679.473704219191,12333.849866481414,6428.750256667373,2345.7273219146778,2367.4755865005436,127.58668973113609,1186.3226236442754,2286.777431986684,2737.4674949835417,-434.49875345212786,2881.466022432286
C.1.1.4.2.1.2.1,Part 534,C.1.1.4.2.1.2,+,false,0.4657461544717662,0.28909372274994966,5.800252268090844,28.721044428837228,-72.93368326500058,28.23690002309109,-25.423532770946622,29.057750463592832,0.5480583530158745,0.37074144170588635,0.5033229840496285,0.3723953238821935,0.523754412413112,0.37017423652493897,-0.02342975070662707,0.02351283871158888,-0.02320241428108455,0.022566176940390956,0.059725708379910356,0.02209918015384651
C.1.1.4.2.1.2.2,Part 535,C.1.1.4.2.1.2,-,false,0.708368724582484,0.28909372274994966,-2.962869079783559,28.721044428837228,-18.834841949865222,28.23690002309109,84.76543403230608,29.057750463592832,0.9557488699156569,0.37074144170588635,0.9478724504228753,0.3723953238821935,0.8907177825407292,0.37017423652493897,0.0715800352531528,0.02351283871158888,0.07652906918950679,0.022566176940390956,-0.011895995890804813,0.02209918015384651
C.1.1.4.2.1.2.3,Part 536,C.1.1.4.2.1.2,+,false,0.6628257029645611,0.28909372274994966,35.52412101998925,28.721044428837228,-21.8517092987895,28.23690002309109,-98.48964870907366,29.057750463592832,0.9830451768702235,0.37074144170588635,0.9849088532831146,0.3723953238821935,0.9842174754763611,0.37017423652493897,0.003545144513851524,0.02351283871158888,-0.0005210878980795506,0.022566176940390956,-0.0015091910428400648,0.02209918015384651
C.1.1.4.2.1.2.4,Part 537,C.1.1.4.2.1.2,+,false,0.9399353961327579,0.28909372274994966,25.65035130828619,28.721044428837228,-68.08663532137871,28.23690002309109,-2.2828385699540377,29.057750463592832,1.097678129085793,0.37074144170588635,1.1465270037558788,0.3723953238821935,0.9542284492203658,0.37017423652493897,-0.02442688857373019,0.02351283871158888,-0.055751840769548214,0.022566176940390956,-0.046223090685541104,0.02209918015384651
C.1.1.4.2.1.3,Subassembly 156,C.1.1.4.2.1,-,false,2.130981319835177,0.6464332159373649,0.9303193157699206,22.958179987460255,17.433475942513105,20.21530567853172,-1.9779331982533925,23.352005106095604,13407.117227111441,6584.452160008452,19249.11408675341,8461.236267363363,11361.306027293906,6255.075286921388,2998.562352430605,2905.887503932828,-8738.03442210185,4102.590725241945,3710.446634201728,2867.15814242982
C.1.1.4.2.1.3.1,Part 538,C.1.1.4.2.1.3,-,false,0.7383363500193227,0.28909372274994966,-69.46453819982708,28.721044428837228,55.96396620385349,28.23690002309109,-94.76968771778047,29.057750463592832,0.7691287407056433,0.37074144170588635,0.7059330592358886,0.3723953238821935,0.7518713933723802,0.37017423652493897,0.002617184935424134,0.02351283871158888,-0.012043657024025588,0.022566176940390956,0.017934178162199856,0.02209918015384651
C.1.1.4.2.1.3.2,Part 539,C.1.1.4.2.1.3,-,false,0.3451222735252231,0.28909372274994966,16.026701079681516,28.721044428837228,20.043739024549723,28.23690002309109,61.908615566790104,29.057750463592832,0.375324994078699,0.37074144170588635,0.368040021751063,0.3723953238821935,0.4115690276752031,0.37017423652493897,-0.0015055319594046539,0.02351283871158888,-0.0026964433776489713,0.022566176940390956,0.008751069413777667,0.02209918015384651
C.1.1.4.2.1.3.3,Part 540,C.1.1.4.2.1.3,+,false,0.052552033765474335,0.28909372274994966,-64.08582553267479,28.721044428837228,82.70698431879282,28.23690002309109,-15.889395726844668,29.057750463592832,0.06360908333705996,0.37074144170588635,0.06285384151786627,0.3723953238821935,0.06517171056053056,0.37017423652493897,-0.0045690687115205455,0.02351283871158888,-0.003387823044323876,0.022566176940390956,0.005779686744971064,0.02209918015384651
C.1.1.4.2.1.3.4,Part 541,C.1.1.4.2.1.3,+,false,0.7164267662265338,0.28909372274994966,80.08025335147977,28.721044428837228,-3.715879423543811,28.23690002309109,61.16606825962663,29.057750463592832,0.8430160260796978,0.37074144170588635,0.7708042621553833,0.3723953238821935,0.7888681653646481,0.37017423652493897,-0.0748368805427142,0.02351283871158888,-0.01976521840754839,0.022566176940390956,0.04886149207397042,0.02209918015384651
C.1.1.4.2.1.3.5,Part 542,C.1.1.4.2.1.3,-,false,0.2785438962986227,0.28909372274994966,-22.489386424422264,28.721044428837228,-45.85138885304332,28.23690002309109,5.043858662247658,29.057750463592832,0.32740854031804395,0.37074144170588635,0.313891588789434,0.3723953238821935,0.3250402143584981,0.37017423652493897,-0.009300320141077572,0.02351283871158888,-0.014073114757763489,0.022566176940390956,-0.008192898554829096,0.02209918015384651
C.1.1.4.2.1.4,Subassembly 157,C.1.1.4.2.1,-,false,1.298924197284272,0.5007250159521434,-77.24151759489253,20.334508837510715,51.11300675984958,31.189716175084705,-41.41353206786446,22.727573457253435,4408.174244056164,4931.1258724957925,1616.9211887294919,1874.91079523414,4216.078145644897,4280.3972078355055,1195.3131713164112,1398.1783984390456,499.5373657265489,845.8400471993326,-1748.2924537169615,2144.032951672579
C.1.1.4.2.1.4.1,Part 543,C.1.1.4.2.1.4,+,false,0.6805268835944589,0.28909372274994966,-99.55102046951652,28.721044428837228,88.09943278320134,28.23690002309109,-26.05195203796029,29.057750463592832,0.8353861292482151,0.37074144170588635,0.8298846727665306,0.3723953238821935,0.87564849004982,0.37017423652493897,0.017574295771792432,0.02351283871158888,-0.0007373827787249098,0.022566176940390956,-0.0011680976378086743,0.02209918015384651
C.1.1.4.2.1.4.2,Part 544,C.1.1.4.2.1.4,-,false,0.2165224535432644,0.28909372274994966,-51.99009836651385,28.721044428837228,-57.73820839822292,28.23690002309109,-99.54786384478211,29.057750463592832,0.28376107568454423,0.37074144170588635,0.30767209346058827,0.3723953238821935,0.2622591836229972,0.37017423652493897,-0.007219193944532361,0.02351283871158888,0.012428906731383332,0.022566176940390956,-0.012101320503557035,0.02209918015384651
C.1.1.4.2.1.4.3,Part 545,C.1.1.4.2.1.4,-,false,0.4018748601465486,0.28909372274994966,-53.06802932173014,28.721044428837228,47.127873031422496,28.23690002309109,-36.10486467368901,29.057750463592832,0.5553258955821561,0.37074144170588635,0.5007267768773431,0.3723953238821935,0.506531662518624,0.37017423652493897,-0.05634551638548464,0.02351283871158888,0.024153508237850934,0.022566176940390956,0.02393250925198019,0.02209918015384651
C.1.1.4.2.2,Assembly 43,C.1.1.4.2,-,false,3.694085677728755,0.8176805270198123,-58.141624703044975,13.540449890241248,-18.789256914278134,14.17808965079476,27.560896085513043,18.08011261748741,20656.296028670782,8159.214799879371,18535.65308019059,7851.901832099162,7651.024982952108,4224.394066039429,357.55090030643134,1850.3114827117058,-3010.7717512425093,3402.8146633562747,1229.5186160937665,3458.076395239755
C.1.1.4.2.2.1,Subassembly 158,C.1.1.4.2.2,-,false,1.5231474720067344,0.5781874454998993,-44.93612701366761,22.926073490123816,-29.030677555784493,19.90416470045429,23.39767332194726,31.788617675819218,8833.919611877274,5697.806522201302,10291.060638423329,6108.393779370501,2658.186967354895,2369.865475463687,511.83710714224935,953.9310265802908,-2726.0640628086994,2574.632896649602,2043.4132216551998,2255.8092884881194
C.1.1.4.2.2.1.1,Part 546,C.1.1.4.2.2.1,-,false,0.25636351422360165,0.28909372274994966,16.567286243662238,28.721044428837228,-25.547335715964437,28.23690002309109,29.57569658756256,29.057750463592832,0.304352013479283,0.37074144170588635,0.2688870682151256,0.3723953238821935,0.31801408114176444,0.37017423652493897,0.04057703859762528,0.02351283871158888,0.004149136417418268,0.022566176940390956,-0.010230417881111144,0.02209918015384651
C.1.1.4.2.2.1.2,Part 547,C.1.1.4.2.2.1,+,false,0.4265429007196799,0.28909372274994966,-94.37498175539076,28.721044428837228,-7.771098846569657,28.23690002309109,-82.91450361721218,29.057750463592832,0.5306955308005038,0.37074144170588635,0.5304025783148245,0.3723953238821935,0.4667624810250703,0.37017423652493897,0.026647985301828984,0.02351283871158888,-0.05231512571603075,0.022566176940390956,-0.03131181646354376,0.02209918015384651
C.1.1.4.2.2.1.3,Part 548,C.1.1.4.2.2.1,-,false,0.07483926034369506,0.28909372274994966,-50.029705138877034,28.721044428837228,18.062815396115184,28.23690002309109,-41.40526936389506,29.057750463592832,0.09031389749193572,0.37074144170588635,0.10456432226114966,0.3723953238821935,0.09110165943614627,0.37017423652493897,-0.010910682490777191,0.02351283871158888,-0.006770658948247846,0.022566176940390956,-3.697602270605658e-7,0.02209918015384651
C.1.1.4.2.2.1.4,Part 549,C.1.1.4.2.2.1,+,false,0.7654017967197578,0.28909372274994966,-37.4867572914809,28.721044428837228,-46.64961490780115,28.23690002309109,86.91031346097589,29.057750463592832,1.025983105500719,0.37074144170588635,0.9522094112097353,0.3723953238821935,1.1253164273782172,0.37017423652493897,-0.02816918943121456,0.02351283871158888,-0.022442803188690328,0.022566176940390956,0.04084812667436109,0.02209918015384651
C.1.1.4.2.2.2,Subassembly 159,C.1.1.4.2.2,-,false,2.170938205722021,0.5781874454998993,-67.40670667044088,15.927240619282573,-11.603794924271865,19.388683806136097,30.481846212519134,21.147965888808944,11505.608921593395,5754.615642774952,7747.698817795693,4777.976299736824,4269.021242256114,3191.276250633651,-504.80913729248823,1415.6547791680216,-427.1981782116377,2080.3988866346513,-703.3872185961641,2546.191883708664
C.1.1.4.2.2.2.1,Part 550,C.1.1.4.2.2.2,+,false,0.5870577115502674,0.28909372274994966,-67.26254322566092,28.721044428837228,-38.265931187197566,28.23690002309109,-50.29050302691758,29.057750463592832,0.9474624115586364,0.37074144170588635,0.9292519126193977,0.3723953238821935,0.9060865628793592,0.37017423652493897,0.03298156795088358,0.02351283871158888,0.004370402340443938,0.022566176940390956,-0.005939288031687957,0.02209918015384651
C.1.1.4.2.2.2.2,Part 551,C.1.1.4.2.2.2,-,false,0.8029823325271718,0.28909372274994966,-62.90370328351855,28.721044428837228,-28.55105842463672,28.23690002309109,96.41939611174166,29.057750463592832,0.9374900921613957,0.37074144170588635,0.9804289116120805,0.3723953238821935,0.9499191182170574,0.37017423652493897,-0.06876600890451912,0.02351283871158888,0.05487835049668996,0.022566176940390956,-0.07923946599343144,0.02209918015384651
C.1.1.4.2.2.2.3,Part 552,C.1.1.4.2.2.2,-,false,0.552696571841836,0.28909372274994966,-61.351537657901645,28.721044428837228,60.49366411752999,28.23690002309109,31.701836129650474,29.057750463592832,0.68733282373598,0.37074144170588635,0.6772730218494515,0.3723953238821935,0.6441308233078188,0.37017423652493897,-0.02291490719414696,0.02351283871158888,-0.00406134666606856,0.022566176940390956,0.013507009809684462,0.02209918015384651
C.1.1.4.2.2.2.4,Part 553,C.1.1.4.2.2.2,-,false,0.22820158980274574,0.28909372274994966,-98.28789196908474,28.721044428837228,-57.99896940588951,28.23690002309109,3.299996303394437,29.057750463592832,0.27265577626979587,0.37074144170588635,0.2583815740212346,0.3723953238821935,0.2448786297821035,0.37017423652493897,0.020159222194703827,0.02351283871158888,-0.02437106528308207,0.022566176940390956,0.037826121537472016,0.02209918015384651
C.1.1.4.2.3,Assembly 44,C.1.1.4.2,-,false,6.2428864654714715,1.081689663197327,11.387429185951472,12.73600973973877,-11.591251058779093,15.865531977777835,-8.783248452170131,14.943589617734922,32954.50976574415,15803.475245737985,26622.09283115464,12291.659923161578,25710.235781210016,14875.188192554544,-2702.305410554612,6564.65133361089,288.40267840576143,5542.883491000898,7810.056378840933,6722.065646069609
C.1.1.4.2.3.1,Subassembly 160,C.1.1.4.2.3,-,false,2.8056827578104566,0.6464332159373649,16.023186381412376,16.653902418845348,25.624940465358343,16.12198315192817,-33.8591977644566,20.451838604134863,7217.544015990396,6553.5796127356525,5139.3993939355005,7362.242922063029,5626.065775790281,4041.1776695113504,-672.6548853509155,1829.6310276266054,-1186.2048846797888,3239.009246737235,-238.74150424425767,2091.951298622244
C.1.1.4.2.3.1.1,Part 554,C.1.1.4.2.3.1,+,false,0.6390874491217546,0.28909372274994966,44.47537660598755,28.721044428837228,77.97959730960429,28.23690002309109,-36.490082601085305,29.057750463592832,0.5718513319100267,0.37074144170588635,0.593640463540544,0.3723953238821935,0.595917365410761,0.37017423652493897,-0.024137199261449593,0.02351283871158888,0.01996523645553008,0.022566176940390956,-0.011746420250287628,0.02209918015384651
C.1.1.4.2.3.1.2,Part 555,C.1.1.4.2.3.1,+,false,0.6867221168074756,0.28909372274994966,-10.688582994043827,28.721044428837228,23.70650079101324,28.23690002309109,-79.03767903335392,29.057750463592832,0.9231429596934091,0.37074144170588635,0.9236895947026476,0.3723953238821935,0.9285492114978481,0.37017423652493897,0.005315808831326371,0.02351283871158888,-0.021973862324148163,0.022566176940390956,0.013402329831122786,0.02209918015384651
C.1.1.4.2.3.1.3,Part 556,C.1.1.4.2.3.1,+,false,0.7489517897311598,0.28909372274994966,-1.8283696379512548,28.721044428837228,28.59921739436686,28.23690002309109,-5.588723905384541,29.057750463592832,0.751780520643569,0.37074144170588635,0.7858954161948697,0.3723953238821935,0.7520851906183658,0.37017423652493897,0.013360890583591106,0.02351283871158888,0.03372653169667156,0.022566176940390956,-0.026624408490709968,0.02209918015384651
C.1.1.4.2.3.1.4,Part 557,C.1.1.4.2.3.1,-,false,0.6538818781422451,0.28909372274994966,27.86654271185398,28.721044428837228,-30.13402889482677,28.23690002309109,-31.85533881187439,29.057750463592832,0.7845183122916826,0.37074144170588635,0.8793151402722938,0.3723953238821935,0.8231047052948112,0.37017423652493897,-0.05421460090447962,0.02351283871158888,0.03553407384820725,0.022566176940390956,0.03931396092729838,0.02209918015384651
C.1.1.4.2.3.1.5,Part 558,C.1.1.4.2.3.1,-,false,0.07703952400782145,0.28909372274994966,91.12650458700955,28.721044428837228,52.75932983495295,28.23690002309109,98.83786719292402,29.057750463592832,0.09003545196587522,0.37074144170588635,0.09319265062849776,0.3723953238821935,0.10503822958214182,0.37017423652493897,-0.002071234390311979,0.02351283871158888,0.005433185009588266,0.022566176940390956,-0.005962003645871171,0.02209918015384651
C.1.1.4.2.3.2,Subassembly 161,C.1.1.4.2.3,-,false,1.5327791157760657,0.5781874454998993,-10.280747542086655,34.13139862982351,-56.39480310104474,41.08973872255616,52.60563567716931,21.52987746920077,324.2870937524732,7669.5056973811415,5514.234906086864,5323.427327039419,5820.2311082592805,11209.611821718276,459.53363104863394,5006.928094516998,-22.896448144677755,2029.724438136477,-45.11935633684945,1354.4595331046437
C.1.1.4.2.3.2.1,Part 559,C.1.1.4.2.3.2,+,false,0.8591342536716257,0.28909372274994966,41.44640960730612,28.721044428837228,-63.33728148601949,28.23690002309109,52.37458241172135,29.057750463592832,1.0965468854936127,0.37074144170588635,1.0847419509756013,0.3723953238821935,1.066529365277042,0.37017423652493897,-0.01188852046246876,0.02351283871158888,0.005844404768099375,0.022566176940390956,0.028539371019446154,0.02209918015384651
C.1.1.4.2.3.2.2,Part 560,C.1.1.4.2.3.2,-,false,0.0049375325427390634,0.28909372274994966,95.65344690345228,28.721044428837228,83.07131957262754,28.23690002309109,77.80659068375826,29.057750463592832,0.00610876098741308,0.37074144170588635,0.005442463683858844,0.3723953238821935,0.006308753217115438,0.37017423652493897,0.0001403527327509397,0.02351283871158888,1.3260319660579889e-5,0.022566176940390956,8.883368461058734e-5,0.02209918015384651
C.1.1.4.2.3.2.3,Part 561,C.1.1.4.2.3.2,-,false,0.009036969212582336,0.28909372274994966,40.00760447233915,28.721044428837228,72.95060381293297,28.23690002309109,75.86175962351263,29.057750463592832,0.01090247294954537,0.37074144170588635,0.012545484649135883,0.3723953238821935,0.012485647303607668,0.37017423652493897,8.836987982284184e-5,0.02351283871158888,7.419283863169482e-5,0.022566176940390956,-1.7849561648082135e-6,0.02209918015384651
C.1.1.4.2.3.2.4,Part 562,C.1.1.4.2.3.2,+,false,0.6596703603491187,0.28909372274994966,-79.13040807470679,28.721044428837228,-50.16894810833037,28.23690002309109,52.39933622069657,29.057750463592832,0.8684199615390704,0.37074144170588635,0.9679389923495302,0.3723953238821935,0.8710903445486811,0.37017423652493897,0.04275996013393244,0.02351283871158888,0.038811496128369524,0.022566176940390956,0.022350567648236255,0.02209918015384651
C.1.1.4.2.3.3,Subassembly 162,C.1.1.4.2.3,-,false,1.9044245918849483,0.6464332159373649,21.997492098960798,18.102718691962746,-30.3595856728033,25.726922098585657,-21.249187515443563,27.456058529598938,9942.417753884507,7877.712774354054,7137.528022894845,5483.7482025953295,5635.933762984687,4887.331096908763,-896.3280228923061,1794.5605912557653,-1119.4130732945428,1657.1836772972415,1705.3176297234495,3426.6069247801934
C.1.1.4.2.3.3.1,Part 563,C.1.1.4.2.3.3,-,false,0.6277585705115926,0.28909372274994966,35.83303205668926,28.721044428837228,-24.605528684332967,28.23690002309109,13.133471505716443,29.057750463592832,0.6588166881277798,0.37074144170588635,0.68855310931017,0.3723953238821935,0.747473104081539,0.37017423652493897,0.005145008010603911,0.02351283871158888,0.009485129676954314,0.022566176940390956,-0.05088716452832105,0.02209918015384651
C.1.1.4.2.3.3.2,Part 564,C.1.1.4.2.3.3,+,false,0.6717972078570165,0.28909372274994966,-3.6818392109125853,28.721044428837228,-66.98945756070316,28.23690002309109,-63.15990178845823,29.057750463592832,0.6848663668307794,0.37074144170588635,0.6865844209665427,0.3723953238821935,0.615360991149833,0.37017423652493897,-0.005363122223356696,0.02351283871158888,0.007347015021025872,0.022566176940390956,-0.03821034159040357,0.02209918015384651
C.1.1.4.2.3.3.3,Part 565,C.1.1.4.2.3.3,-,false,0.2436396779124625,0.28909372274994966,75.95817060209811,28.721044428837228,26.662041386589408,28.23690002309109,-42.508628219366074,29.057750463592832,0.3299325861738954,0.37074144170588635,0.3223920137726299,0.3723953238821935,0.30894218608930507,0.37017423652493897,0.0006379470038580912,0.02351283871158888,-0.0010388216119853457,0.022566176940390956,0.001437451576463343,0.02209918015384651
C.1.1.4.2.3.3.4,Part 566,C.1.1.4.2.3.3,-,false,0.19961190195451492,0.28909372274994966,23.01814374513924,28.721044428837228,-83.50895131006837,28.23690002309109,97.36863914877176,29.057750463592832,0.2654232912503311,0.37074144170588635,0.27809692576339706,0.3723953238821935,0.26425225296215754,0.37017423652493897,-0.00157327623618214,0.02351283871158888,-0.013981965897234766,0.022566176940390956,-0.010154826337579002,0.02209918015384651
C.1.1.4.2.3.3.5,Part 567,C.1.1.4.2.3.3,-,false,0.16161723364936187,0.28909372274994966,-7.608089875429869,28.721044428837228,79.23393836244941,28.23690002309109,-95.04326554015279,29.057750463592832,0.18490934789817873,0.37074144170588635,0.17710767664219454,0.3723953238821935,0.17571955929648203,0.37017423652493897,0.004375307414183448,0.02351283871158888,-0.0020381048765742565,0.022566176940390956,0.014013253837733686,0.02209918015384651
C.1.1.4.3,Subsystem 13,C.1.1.4,-,false,28.661211896482158,2.182609743038185,-2.539935567465075,6.345161759253232,6.394255903478225,6.572644057440153,0.007562045256758512,6.488261208733657,184245.87799056387,28604.223975880635,188970.1127349171,27059.763548760468,190697.37335814006,28023.371590235067,-22506.307198311133,13423.149764257487,-19880.92016843664,13179.039639421408,-10909.315663533536,13629.26227072128
C.1.1.4.3.1,Assembly 45,C.1.1.4.3,-,false,8.276784756872804,1.0014500319042867,1.56163180389151,11.827720259395464,18.518446603736493,11.543790763524175,-5.428710821870944,11.959265472484063,58318.12742392662,15382.277640984008,65591.04539328055,15979.009348951056,60830.67129926845,15116.304075668504,1310.831932653301,7457.148133493446,-21243.50078372054,8054.670148790735,-2467.6712883877317,7563.508033485237
C.1.1.4.3.1.1,Subassembly 163,C.1.1.4.3.1,-,false,2.0210982513511553,0.5007250159521434,-26.133202034445887,17.187156935021385,5.811015587411931,22.581119112489645,2.260971244198367,20.067116877670248,11564.238645863234,5982.836951480414,3799.8874616438234,3169.441667890077,8589.883524472147,4966.780539222374,1655.0435716888865,2309.6191168130104,1153.7521819714284,1469.5943906356208,-4154.356361727645,2925.976648780144
C.1.1.4.3.1.1.1,Part 568,C.1.1.4.3.1.1,+,false,0.8065986763322726,0.28909372274994966,-10.833349404856563,28.721044428837228,-72.0840894151479,28.23690002309109,-35.41034609079361,29.057750463592832,0.8727911528726691,0.37074144170588635,0.8798708728587485,0.3723953238821935,0.7773476110004565,0.37017423652493897,-0.035036843269332915,0.02351283871158888,-0.07660405653541293,0.022566176940390956,0.07264522211248191,0.02209918015384651
C.1.1.4.3.1.1.2,Part 569,C.1.1.4.3.1.1,-,false,0.6751535173088777,0.28909372274994966,-28.28746736049652,28.721044428837228,53.00339697860181,28.23690002309109,-3.930800361558795,29.057750463592832,1.000326475243058,0.37074144170588635,0.826854712009798,0.3723953238821935,0.9027142988374947,0.37017423652493897,0.03131651596773279,0.02351283871158888,0.07934209751355806,0.022566176940390956,0.016300339201205466,0.02209918015384651
C.1.1.4.3.1.1.3,Part 570,C.1.1.4.3.1.1,-,false,0.539346057710005,0.28909372274994966,-46.31761037744582,28.721044428837228,63.228671392425895,28.23690002309109,66.34975168853998,29.057750463592832,0.6057957122756009,0.37074144170588635,0.6535129085354897,0.3723953238821935,0.6079532882499885,0.37017423652493897,-0.0237810064960045,0.02351283871158888,0.011299809443557782,0.022566176940390956,0.00980316885851607,0.02209918015384651
C.1.1.4.3.1.2,Subassembly 164,C.1.1.4.3.1,-,false,1.0364939973549916,0.40884026350990615,-50.70266550974705,29.95554774330097,80.05295779603406,35.27061724474805,-65.5808951009564,33.90794058325806,2909.0097139542218,4577.392127424302,2014.3222121401243,3262.891419254988,2328.1062734987363,3715.743159282674,1073.8100079160408,1739.2565613855365,-963.5542037905361,1573.4535754595051,1445.3370269234517,2277.911914787345
C.1.1.4.3.1.2.1,Part 571,C.1.1.4.3.1.2,+,false,0.8712604045490734,0.28909372274994966,-62.147762067615986,28.721044428837228,97.22028323449194,28.23690002309109,-80.98488850519061,29.057750463592832,1.2674694936894066,0.37074144170588635,1.3650474460137054,0.3723953238821935,1.2578833584376354,0.37017423652493897,0.03160772878268484,0.02351283871158888,0.00939403217593755,0.022566176940390956,-0.041928482569012854,0.02209918015384651
C.1.1.4.3.1.2.2,Part 572,C.1.1.4.3.1.2,-,false,0.16523359280591832,0.28909372274994966,9.646197501569986,28.721044428837228,-10.468652565032244,28.23690002309109,15.642839716747403,29.057750463592832,0.18605388394751585,0.37074144170588635,0.2221832698722716,0.3723953238821935,0.21734918475683057,0.37017423652493897,0.004220553160068899,0.02351283871158888,-0.006009814813861999,0.022566176940390956,0.013788005873994294,0.02209918015384651
C.1.1.4.3.1.3,Subassembly 165,C.1.1.4.3.1,-,false,2.2310221408952495,0.5007250159521434,-51.6007389133617,19.99525804205821,-13.175120612082852,18.4352428668882,-44.13675708679854,19.748497823514942,3242.48185214378,3243.316583800097,6656.206897022232,4847.1189525523705,4115.579261994705,3643.75015094498,-226.92983531989415,1751.313936637167,-3221.443282732951,2424.5688795144665,-405.11257212393076,1548.6149516890173
C.1.1.4.3.1.3.1,Part 573,C.1.1.4.3.1.3,-,false,0.9844077281497885,0.28909372274994966,-6.16714246571064,28.721044428837228,-12.968294229358435,28.23690002309109,-6.8360373843461275,29.057750463592832,1.097402270270673,0.37074144170588635,1.0169660815939237,0.3723953238821935,1.1060157730603195,0.37017423652493897,0.05025355058673975,0.02351283871158888,-0.010566011771067281,0.022566176940390956,0.11968075547228059,0.02209918015384651
C.1.1.4.3.1.3.2,Part 574,C.1.1.4.3.1.3,-,false,0.983066041162936,0.28909372274994966,-92.69731459207833,28.721044428837228,-22.00828343629837,28.23690002309109,-83.30649198032916,29.057750463592832,1.3075234008202243,0.37074144170588635,1.3908132550135497,0.3723953238821935,1.1410880881993417,0.37017423652493897,-0.01382025968840965,0.02351283871158888,1.4040649634041584e-7,0.022566176940390956,0.0023475482338300895,0.02209918015384651
C.1.1.4.3.1.3.3,Part 575,C.1.1.4.3.1.3,+,false,0.26354837158252487,0.28909372274994966,-68.0096261203289,28.721044428837228,19.001063471660018,28.23690002309109,-37.3550059273839,29.057750463592832,0.4203564976739275,0.37074144170588635,0.4265443008644212,0.3723953238821935,0.41808562670064187,0.37017423652493897,-0.002530499115762736,0.02351283871158888,-0.003561421436528379,0.022566176940390956,-0.002622962972975264,0.02209918015384651
C.1.1.4.3.1.4,Subassembly 166,C.1.1.4.3.1,-,false,1.4483643829736392,0.40884026350990615,70.7388305817685,22.261375490977677,70.99451487270255,21.35236364746494,78.91288290471138,22.171245516280205,186.82486315115895,627.3168274838987,516.765972675103,1058.7743502073874,394.55099131764683,915.1004526297561,106.66465921386964,445.2934029382822,235.73182931625192,529.7540131199136,-69.524142019299,306.6748544972811
C.1.1.4.3.1.4.1,Part 576,C.1.1.4.3.1.4,+,false,0.4552455420200713,0.28909372274994966,47.41039630025625,28.721044428837228,77.8739676810801,28.23690002309109,94.13015800528228,29.057750463592832,0.5744331515348395,0.37074144170588635,0.5559206481007796,0.3723953238821935,0.5726534718639972,0.37017423652493897,-0.0018468662969857925,0.02351283871158888,-0.013806764760521648,0.022566176940390956,0.008184652031829212,0.02209918015384651
C.1.1.4.3.1.4.2,Part 577,C.1.1.4.3.1.4,+,false,0.993118840953568,0.28909372274994966,81.43258169293404,28.721044428837228,67.84097463823855,28.23690002309109,71.9372860621661,29.057750463592832,1.0854334812130173,0.37074144170588635,1.1455400213171718,0.3723953238821935,1.2353600302111918,0.37017423652493897,-0.11076367568579323,0.02351283871158888,-0.02604495772071208,0.022566176940390956,0.011428361884830074,0.02209918015384651
C.1.1.4.3.1.5,Subassembly 167,C.1.1.4.3.1,-,false,1.5398059842977672,0.40884026350990615,85.0515307285443,21.15095872299733,-9.662118593468605,25.512448897455183,1.71954224323221,27.187142545623892,11118.024789463128,6196.137179046096,6658.354211899099,4550.554212789798,5347.968676675937,3912.6856164682076,1474.097135504625,1863.3445774537338,-1659.3736178934873,2084.5149043478336,5519.1413481553955,3084.400685811512
C.1.1.4.3.1.5.1,Part 578,C.1.1.4.3.1.5,+,false,0.6317836605468765,0.28909372274994966,64.71298728138208,28.721044428837228,57.985171442851424,28.23690002309109,-74.4332299567759,29.057750463592832,0.8302302590252909,0.37074144170588635,0.7929546916747786,0.3723953238821935,0.7824910653845862,0.37017423652493897,-0.0262613785025231,0.02351283871158888,0.007174324060803509,0.022566176940390956,0.003659208346762329,0.02209918015384651
C.1.1.4.3.1.5.2,Part 579,C.1.1.4.3.1.5,-,false,0.9080223237508908,0.28909372274994966,99.20267998240888,28.721044428837228,-56.72974172048271,28.23690002309109,54.70510870218277,29.057750463592832,1.3429724114963764,0.37074144170588635,1.2701845229348838,0.3723953238821935,1.2709593863106332,0.37017423652493897,0.03478001377515316,0.02351283871158888,0.004313622161004088,0.022566176940390956,-0.027748598271113045,0.02209918015384651
C.1.1.4.3.2,Assembly 46,C.1.1.4.3,-,false,8.765205808654194,1.2265207905297186,-0.583325361916016,11.370479966874319,-1.5098320420436293,11.31115623573156,-3.137198350848337,11.028443948941792,42936.56762025345,14603.682406157068,50811.976226490326,13483.85111240548,48207.982181961575,14735.571373134737,-10300.542154349208,7202.303041201963,-9524.32735125857,6525.808695327052,-5156.702164946029,6760.072807735215
C.1.1.4.3.2.1,Subassembly 168,C.1.1.4.3.2,-,false,0.91761245964095,0.40884026350990615,86.18671541483974,23.738473725419787,64.6507769683107,51.11244437434329,84.23859475454796,27.05192346854376,4788.506766537272,6471.9586186632105,337.7788095589379,718.6436769795055,4454.7512393648985,6043.493838053948,81.47863804508617,1040.1261021127546,22.303953849007993,285.9736480675474,-1221.4667177743693,1899.9776123400682
C.1.1.4.3.2.1.1,Part 580,C.1.1.4.3.2.1,-,false,0.7358381890321616,0.28909372274994966,85.55333097465336,28.721044428837228,99.2712639272213,28.23690002309109,93.73734663240612,29.057750463592832,0.9293189078969663,0.37074144170588635,0.8943825958847074,0.3723953238821935,0.863344267161111,0.37017423652493897,0.025021063246738313,0.02351283871158888,-0.04068541962047893,0.022566176940390956,0.06691461668440601,0.02209918015384651
C.1.1.4.3.2.1.2,Part 581,C.1.1.4.3.2.1,+,false,0.18177427060878837,0.28909372274994966,88.75071117654443,28.721044428837228,-75.4959904588759,28.23690002309109,45.786814112216234,29.057750463592832,0.2159100735788343,0.37074144170588635,0.24185380993458014,0.3723953238821935,0.18853456525796025,0.37017423652493897,-0.00011197166823510621,0.02351283871158888,0.0035915518035626428,0.022566176940390956,-0.009848288424389305,0.02209918015384651
C.1.1.4.3.2.2,Subassembly 169,C.1.1.4.3.2,-,false,3.344304431135999,0.6464332159373649,-18.360890786455357,17.052885102897196,-29.401736303894324,16.37222629719751,4.212741655039006,15.299747152473827,5959.441727337654,4171.387243382803,8718.396037125312,5180.4017856929,10028.48990467135,6114.8158932064525,-3972.980358744278,3018.199650359832,-3391.3068542751207,2433.61180105844,-1710.8195226508572,1817.1584757501735
C.1.1.4.3.2.2.1,Part 582,C.1.1.4.3.2.2,+,false,0.8669420333269517,0.28909372274994966,-72.9844493791461,28.721044428837228,-54.542559292167425,28.23690002309109,-37.68028072081506,29.057750463592832,1.0705245710311226,0.37074144170588635,1.07576171874703,0.3723953238821935,1.3660182309242799,0.37017423652493897,0.0053437163424603085,0.02351283871158888,-0.023459772690525932,0.022566176940390956,0.043790615525153134,0.02209918015384651
C.1.1.4.3.2.2.2,Part 583,C.1.1.4.3.2.2,+,false,0.3446949692459311,0.28909372274994966,62.88189422339201,28.721044428837228,56.431751465424895,28.23690002309109,25.264057470485568,29.057750463592832,0.502299963161536,0.37074144170588635,0.5115285741510668,0.3723953238821935,0.5015946308286685,0.37017423652493897,0.002704509236806771,0.02351283871158888,0.0027625676506873014,0.022566176940390956,-0.010183550308785271,0.02209918015384651
C.1.1.4.3.2.2.3,Part 584,C.1.1.4.3.2.2,+,false,0.9991648010311183,0.28909372274994966,-36.093724658712745,28.721044428837228,-42.64837778173387,28.23690002309109,6.684871204197407,29.057750463592832,0.9764572606991789,0.37074144170588635,0.9168374543124701,0.3723953238821935,0.9441844556800005,0.37017423652493897,-0.022605669214486538,0.02351283871158888,-0.0014970573623820506,0.022566176940390956,0.000367879143992848,0.02209918015384651
C.1.1.4.3.2.2.4,Part 585,C.1.1.4.3.2.2,-,false,0.22930727002304047,0.28909372274994966,10.920222429558635,28.721044428837228,9.986065980046988,28.23690002309109,35.70701773278415,29.057750463592832,0.35489902247098315,0.37074144170588635,0.3703487215093558,0.3723953238821935,0.35977977300296343,0.37017423652493897,-0.0021077304500223383,0.02351283871158888,-4.4862380427924946e-5,0.022566176940390956,7.855969687733738e-5,0.02209918015384651
C.1.1.4.3.2.2.5,Part 586,C.1.1.4.3.2.2,-,false,0.9041953575089574,0.28909372274994966,15.210539009422064,28.721044428837228,-33.36887317709625,28.23690002309109,25.635775830596685,29.057750463592832,0.9809673462533376,0.37074144170588635,1.0259054973620636,0.3723953238821935,0.847084015046195,0.37017423652493897,-0.01267750919999319,0.02351283871158888,0.01695835079185267,0.022566176940390956,0.01902947869014241,0.02209918015384651
C.1.1.4.3.2.3,Subassembly 170,C.1.1.4.3.2,-,false,2.016333829658106,0.6464332159373649,20.701466824556853,19.102378860167917,-0.786254005059274,18.58831216786932,-19.383814955569576,23.28118877295886,6479.306122541577,4930.0027542403695,8869.916713811432,5295.662955860167,6362.199765197556,3902.944565004138,838.9262775227452,1748.6792707210054,707.5483799211961,2197.728679132118,-1030.3386698964591,2106.034996743111
C.1.1.4.3.2.3.1,Part 587,C.1.1.4.3.2.3,+,false,0.10974312634416857,0.28909372274994966,37.778127985075116,28.721044428837228,52.712550619617105,28.23690002309109,76.85025939717889,29.057750463592832,0.14545869476211204,0.37074144170588635,0.14430438866334505,0.3723953238821935,0.12410002010498686,0.37017423652493897,0.005910819981491447,0.02351283871158888,-0.003263841324965932,0.022566176940390956,0.014093329485940678,0.02209918015384651
C.1.1.4.3.2.3.2,Part 588,C.1.1.4.3.2.3,-,false,0.45529639883409256,0.28909372274994966,-8.79065990447998,28.721044428837228,-0.7168313954025507,28.23690002309109,49.17320990934968,29.057750463592832,0.634628509404182,0.37074144170588635,0.6096522944332439,0.3723953238821935,0.6198715692581757,0.37017423652493897,-0.015789449918281604,0.02351283871158888,-0.01928378526527994,0.022566176940390956,-0.004918880867733209,0.02209918015384651
C.1.1.4.3.2.3.3,Part 589,C.1.1.4.3.2.3,+,false,0.28313015251536855,0.28909372274994966,34.413322200998664,28.721044428837228,57.712893979623914,28.23690002309109,-30.869585927575827,29.057750463592832,0.3952854533412433,0.37074144170588635,0.36342049563386675,0.3723953238821935,0.3540532777624591,0.37017423652493897,-0.0118354610617851,0.02351283871158888,0.03769667273417954,0.022566176940390956,-0.010576398360564832,0.02209918015384651
C.1.1.4.3.2.3.4,Part 590,C.1.1.4.3.2.3,-,false,0.641334931537509,0.28909372274994966,79.2581157758832,28.721044428837228,-33.784930128604174,28.23690002309109,-47.89508325047791,29.057750463592832,0.6793592097573864,0.37074144170588635,0.607680210556734,0.3723953238821935,0.6978975407343123,0.37017423652493897,-0.0050337870014808325,0.02351283871158888,0.009546757024649747,0.022566176940390956,0.007302995440491721,0.02209918015384651
C.1.1.4.3.2.3.5,Part 591,C.1.1.4.3.2.3,+,false,0.5268292204269673,0.28909372274994966,-36.02099670097232,28.721044428837228,-3.2584079541265965,28.23690002309109,-57.79769471846521,29.057750463592832,0.5152005969782072,0.37074144170588635,0.5003554709795122,0.3723953238821935,0.4651185688899954,0.37017423652493897,-0.00515238008314637,0.02351283871158888,0.011558711851901134,0.022566176940390956,-0.014553249124662052,0.02209918015384651
C.1.1.4.3.2.4,Subassembly 171,C.1.1.4.3.2,-,false,1.70062033262942,0.5007250159521434,-2.967387797346855,22.620771092072435,18.42209324638709,16.531415894259883,-46.56622587060293,20.503769553212237,2878.9821792141847,2632.3423736358936,6717.376639612778,4175.049317123323,3882.3526795952876,3126.390170184858,-284.2993487659188,1246.2845144813652,-1087.2271217361445,1872.518021368204,-94.12431204973892,1197.5172109752637
C.1.1.4.3.2.4.1,Part 592,C.1.1.4.3.2.4,-,false,0.6222756587970071,0.28909372274994966,-41.583311930298805,28.721044428837228,15.35527459345758,28.23690002309109,-97.60544435121119,29.057750463592832,0.7633877135686887,0.37074144170588635,0.7326336942129332,0.3723953238821935,0.6974698235665074,0.37017423652493897,0.020541241309192344,0.02351283871158888,0.02252378312326079,0.022566176940390956,0.06140045773560951,0.02209918015384651
C.1.1.4.3.2.4.2,Part 593,C.1.1.4.3.2.4,+,false,0.6343683958356269,0.28909372274994966,-20.117552764713764,28.721044428837228,17.424153303727508,28.23690002309109,-3.173608426004648,29.057750463592832,0.7160316039069908,0.37074144170588635,0.8192711213122226,0.3723953238821935,0.7582056512860335,0.37017423652493897,-0.09059207532236102,0.02351283871158888,-0.006717858152166623,0.022566176940390956,-0.022894753323617713,0.02209918015384651
C.1.1.4.3.2.4.3,Part 594,C.1.1.4.3.2.4,+,false,0.44397627799678596,0.28909372274994966,75.66130026243627,28.721044428837228,24.1464264690876,28.23690002309109,-37.03067544847727,29.057750463592832,0.6070584513632067,0.37074144170588635,0.5748620740549539,0.3723953238821935,0.47742288035191494,0.37017423652493897,0.026180467016522532,0.02351283871158888,0.008559906189002825,0.022566176940390956,0.04092632033875103,0.02209918015384651
C.1.1.4.3.2.5,Subassembly 172,C.1.1.4.3.2,-,false,0.7863347555897198,0.5007250159521434,-75.65382273909584,20.043871954385722,-5.053351412291178,45.4465384586286,-0.7751807292125447,36.13642155326206,4595.135385122493,4115.367077938035,1917.9102408797905,1944.4333876651851,2855.0236152959055,3162.9016317539645,121.8163932705347,945.7484927188752,83.73239794866583,751.889586928663,2016.635802655377,1752.98540090512
C.1.1.4.3.2.5.1,Part 595,C.1.1.4.3.2.5,-,false,0.21141506774141453,0.28909372274994966,-61.93469692952931,28.721044428837228,34.88537222146988,28.23690002309109,-62.02297578565776,29.057750463592832,0.21155481802466644,0.37074144170588635,0.19162972423682545,0.3723953238821935,0.20454667459509468,0.37017423652493897,-0.0045764944922120215,0.02351283871158888,-0.0028316954538534387,0.022566176940390956,-0.00448013427923099,0.02209918015384651
C.1.1.4.3.2.5.2,Part 596,C.1.1.4.3.2.5,+,false,0.42681109623238445,0.28909372274994966,-76.16292117163539,28.721044428837228,-57.035246631130576,28.23690002309109,42.93741104193032,29.057750463592832,0.40125260414341757,0.37074144170588635,0.39643732441148505,0.3723953238821935,0.41806574057907264,0.37017423652493897,0.0032411073175351583,0.02351283871158888,0.00011461311960420589,0.022566176940390956,0.010257559606107608,0.02209918015384651
C.1.1.4.3.2.5.3,Part 597,C.1.1.4.3.2.5,+,false,0.14810859161592088,0.28909372274994966,-93.7698619440198,28.721044428837228,87.73533538915217,28.23690002309109,-39.31658072397113,29.057750463592832,0.19107249053578962,0.37074144170588635,0.17954552893449496,0.3723953238821935,0.19238040576723525,0.37017423652493897,0.006368426861721866,0.02351283871158888,-0.004160709909507991,0.022566176940390956,-0.0016844437592338237,0.02209918015384651
C.1.1.4.3.3,Assembly 47,C.1.1.4.3,-,false,4.265620759699959,1.0014500319042867,5.373902397818913,15.85795583135652,-19.44964582876801,19.468017417810618,-5.405982795955818,18.5610716709911,32880.986530616145,12483.790649742929,25556.55492309847,10130.001507240846,27974.829835509645,10808.350407412643,611.2347514399145,4512.976161909211,7788.311181096751,4613.039655510543,-1038.02946328607,5925.829251716997
C.1.1.4.3.3.1,Subassembly 173,C.1.1.4.3.3,-,false,1.977383007567143,0.6464332159373649,-2.8466266280718346,24.590873426437156,3.8035327374768375,24.680029171874388,-29.954201236562408,20.96908761281244,9950.017580757958,5708.248118882421,7406.184542996731,5114.204319891691,12221.649930828211,6531.110307653972,451.34890057958887,2773.355822269381,3115.1146004482403,2357.3744881572334,-1272.964951121102,2660.137517141739
C.1.1.4.3.3.1.1,Part 598,C.1.1.4.3.3.1,+,false,0.9364393398214598,0.28909372274994966,18.053495464846492,28.721044428837228,60.10230388492346,28.23690002309109,-36.785451881587505,29.057750463592832,1.481118330393314,0.37074144170588635,1.4671997173191935,0.3723953238821935,1.4529240368855632,0.37017423652493897,-0.0034257630175328103,0.02351283871158888,-0.008811573143954504,0.022566176940390956,0.03667034175302378,0.02209918015384651
C.1.1.4.3.3.1.2,Part 599,C.1.1.4.3.3.1,-,false,0.3504300986316521,0.28909372274994966,-95.96335315145552,28.721044428837228,4.882714664563537,28.23690002309109,24.19962123967707,29.057750463592832,0.44827762874589333,0.37074144170588635,0.4459444848445588,0.3723953238821935,0.4109705619947464,0.37017423652493897,-0.006202891125401592,0.02351283871158888,0.015748807480085586,0.022566176940390956,0.018059685242964262,0.02209918015384651
C.1.1.4.3.3.1.3,Part 600,C.1.1.4.3.3.1,-,false,0.16554944202816113,0.28909372274994966,7.517693750560284,28.721044428837228,-48.106974409893155,28.23690002309109,3.316257568076253,29.057750463592832,0.23140397240232954,0.37074144170588635,0.22305672091389891,0.3723953238821935,0.21675261238427423,0.37017423652493897,0.0002860452119445841,0.02351283871158888,0.015978375674585703,0.022566176940390956,-8.768428067218783e-5,0.02209918015384651
C.1.1.4.3.3.1.4,Part 601,C.1.1.4.3.3.1,+,false,0.10452514446899296,0.28909372274994966,-74.16816940531135,28.721044428837228,-42.442279448732734,28.23690002309109,8.191929431632161,29.057750463592832,0.11225229261476123,0.37074144170588635,0.11816795145459982,0.3723953238821935,0.1288751704164729,0.37017423652493897,0.010037411725029779,0.02351283871158888,0.0013012015741664033,0.022566176940390956,0.0007657993104434903,0.02209918015384651
C.1.1.4.3.3.1.5,Part 602,C.1.1.4.3.3.1,+,false,0.4204389826168772,0.28909372274994966,41.86448487453163,28.721044428837228,-90.55250431410968,28.23690002309109,-82.45935449376702,29.057750463592832,0.6034603438235938,0.37074144170588635,0.6316481335124572,0.3723953238821935,0.5895291890872871,0.37017423652493897,0.034116664588859494,0.02351283871158888,0.00896616449497183,0.022566176940390956,-0.006897048633327298,0.02209918015384651
C.1.1.4.3.3.2,Subassembly 174,C.1.1.4.3.3,-,false,1.4300033007457387,0.5781874454998993,8.050080131705005,28.63243689242288,-76.68651574713266,31.654914445369876,21.03950640761238,32.51655432340126,5767.996648624112,6226.244879746819,9154.386355289116,6373.862870904845,5600.869936165235,5169.367691279494,-50.42770607193745,1958.3951328039711,4459.19651712347,3069.511091718913,485.67300824684065,2708.4433268506127
C.1.1.4.3.3.2.1,Part 603,C.1.1.4.3.3.2,-,false,0.4595927965408191,0.28909372274994966,-72.91880464181304,28.721044428837228,-75.09202337823808,28.23690002309109,99.56393404863775,29.057750463592832,0.40720172849512176,0.37074144170588635,0.4332272757671695,0.3723953238821935,0.42965699625104203,0.37017423652493897,0.0011794358640240476,0.02351283871158888,0.0028523070260651597,0.022566176940390956,0.005890855245595964,0.02209918015384651
C.1.1.4.3.3.2.2,Part 604,C.1.1.4.3.3.2,+,false,0.014043472690973433,0.28909372274994966,11.09547521919012,28.721044428837228,16.28094487823546,28.23690002309109,44.031385984271765,29.057750463592832,0.019047714683683412,0.37074144170588635,0.015894725091493134,0.3723953238821935,0.017437816721696097,0.37017423652493897,0.000228975362489425,0.02351283871158888,0.0007297890490088315,0.022566176940390956,-0.0011976925159597565,0.02209918015384651
C.1.1.4.3.3.2.3,Part 605,C.1.1.4.3.3.2,-,false,0.11925877195596694,0.28909372274994966,62.93086241930723,28.721044428837228,5.970837594941258,28.23690002309109,-73.37302137166262,29.057750463592832,0.13997082890234597,0.37074144170588635,0.1386223523515246,0.3723953238821935,0.15082960895798023,0.37017423652493897,-0.000883477722562124,0.02351283871158888,0.0015367364212254399,0.022566176940390956,0.0023001925390887783,0.02209918015384651
C.1.1.4.3.3.2.4,Part 606,C.1.1.4.3.3.2,-,false,0.8371082595579792,0.28909372274994966,44.634277233853936,28.721044428837228,-90.89736305177212,28.23690002309109,-9.007533174008131,29.057750463592832,0.9139273821368273,0.37074144170588635,0.8979005741579907,0.3723953238821935,1.0832077165705272,0.37017423652493897,0.00019820324130290134,0.02351283871158888,-0.05103977255612301,0.022566176940390956,-0.016637835465993567,0.02209918015384651
C.1.1.4.3.3.3,Subassembly 175,C.1.1.4.3.3,-,false,0.8582344513870777,0.5007250159521434,19.855016965153105,24.76133621111787,22.343680785921354,30.968499252726044,7.08954583521399,50.28466768342773,7584.245922945025,5428.039075708636,6346.445962101474,4798.51528393436,2575.4387577030775,2172.752566140083,132.7032387209755,917.6019067480931,869.5368550530197,1756.1552717018935,-3095.8144242293274,2342.7408001134518
C.1.1.4.3.3.3.1,Part 607,C.1.1.4.3.3.3,+,false,0.33409749166760594,0.28909372274994966,30.620905896648765,28.721044428837228,-35.56217709556222,28.23690002309109,-93.64090203307569,29.057750463592832,0.4521524801301306,0.37074144170588635,0.4018983274983767,0.3723953238821935,0.38307454046030576,0.37017423652493897,0.03010189475768419,0.02351283871158888,0.01041018927097695,0.022566176940390956,-0.0016853135406593922,0.02209918015384651
C.1.1.4.3.3.3.2,Part 608,C.1.1.4.3.3.3,+,false,0.31380860361410307,0.28909372274994966,40.80463903956115,28.721044428837228,68.83005886338651,28.23690002309109,58.59446604736149,29.057750463592832,0.5048631354760448,0.37074144170588635,0.46284647589605754,0.3723953238821935,0.4600216874064529,0.37017423652493897,0.012849075120804406,0.02351283871158888,-0.016918620194096044,0.022566176940390956,0.0026309038496957473,0.02209918015384651
C.1.1.4.3.3.3.3,Part 609,C.1.1.4.3.3.3,+,false,0.2103283561053686,0.28909372274994966,-28.502837987616658,28.721044428837228,44.96724219061434,28.23690002309109,90.25048143230379,29.057750463592832,0.2481775524098801,0.37074144170588635,0.28662023955904664,0.3723953238821935,0.25178410703081316,0.37017423652493897,0.028321664779133962,0.02351283871158888,0.012647883362059291,0.022566176940390956,0.006076796732560149,0.02209918015384651
C.1.1.4.3.4,Assembly 48,C.1.1.4.3,-,false,4.4987449944333635,0.867281168249849,-21.925901397351616,16.23070805102158,-0.10226854708189143,15.517318214260031,4.802923201106842,16.43850431556174,26613.011697484173,9713.820103137781,29927.700052174856,10482.937017814953,30991.342867693038,10615.14719171856,-9775.850318333185,5150.813918664508,2251.3135508679698,4961.758533606417,-2655.985143685195,4364.268165054927
C.1.1.4.3.4.1,Subassembly 176,C.1.1.4.3.4,-,false,2.840313159725163,0.6464332159373649,-11.040324997087065,21.69520018897342,7.112965785590977,20.93141080038951,10.716846526583543,18.049931924902225,18424.092706495478,7819.109563110674,20341.162543758397,8329.060031997295,26312.979209283527,9991.90755459546,-8570.24837905096,4893.911644782777,1342.8281656672057,4058.683980136577,-489.40203660359714,3678.9393003873865
C.1.1.4.3.4.1.1,Part 610,C.1.1.4.3.4.1,+,false,0.2656773105228785,0.28909372274994966,-80.33401514403522,28.721044428837228,94.28526987321675,28.23690002309109,-21.640755468979478,29.057750463592832,0.3267084257802191,0.37074144170588635,0.33815512254078517,0.3723953238821935,0.3326086121627109,0.37017423652493897,0.003268070653877986,0.02351283871158888,-1.62476016236583e-5,0.022566176940390956,0.0002142950688256802,0.02209918015384651
C.1.1.4.3.4.1.2,Part 611,C.1.1.4.3.4.1,+,false,0.6373585346913897,0.28909372274994966,60.95930193550885,28.721044428837228,86.72547196038067,28.23690002309109,70.9997967351228,29.057750463592832,0.601692236666902,0.37074144170588635,0.8008996587609389,0.3723953238821935,0.7537394135934217,0.37017423652493897,0.027813013919976932,0.02351283871158888,0.02472736154060891,0.022566176940390956,0.007003289602096967,0.02209918015384651
C.1.1.4.3.4.1.3,Part 612,C.1.1.4.3.4.1,-,false,0.26737424880149774,0.28909372274994966,-88.10887238942087,28.721044428837228,-57.8130520414561,28.23690002309109,59.29036121815443,29.057750463592832,0.35475491658125613,0.37074144170588635,0.35650217239533155,0.3723953238821935,0.34663442210444284,0.37017423652493897,-0.0028252134728761437,0.02351283871158888,-0.006881694618507912,0.022566176940390956,-0.004427563417236822,0.02209918015384651
C.1.1.4.3.4.1.4,Part 613,C.1.1.4.3.4.1,-,false,0.9810857957242988,0.28909372274994966,-72.85161898471415,28.721044428837228,-62.826147908344865,28.23690002309109,13.354952866211534,29.057750463592832,1.2735345142686227,0.37074144170588635,1.0575627610220366,0.3723953238821935,1.2096568508134407,0.37017423652493897,-0.04264771343180812,0.02351283871158888,0.05629149624704567,0.022566176940390956,0.009299563351676617,0.02209918015384651
C.1.1.4.3.4.1.5,Part 614,C.1.1.4.3.4.1,+,false,0.6888172699850984,0.28909372274994966,67.01885610818863,28.721044428837228,24.642146890982985,28.23690002309109,-55.19423000514507,29.057750463592832,0.8489431213330922,0.37074144170588635,0.8873412652922231,0.3723953238821935,0.7792877189646696,0.37017423652493897,-0.044500647369686175,0.02351283871158888,-0.024339757222151124,0.022566176940390956,0.0001828165040163568,0.02209918015384651
C.1.1.4.3.4.2,Subassembly 177,C.1.1.4.3.4,-,false,1.6584318347082008,0.5781874454998993,-40.56908301856375,22.307991903024426,-12.459439096209325,21.453750770912478,-5.325557147265485,31.859513966839994,7518.3408425540365,5492.937907621139,8404.083621831223,5935.080109677314,3364.2727817465634,2745.06520800363,-600.4535977944555,1137.8470508005282,1404.4915753105042,2564.6634893243468,-1837.8177059209306,2165.556524208957
C.1.1.4.3.4.2.1,Part 615,C.1.1.4.3.4.2,-,false,0.30510484090121465,0.28909372274994966,24.81723129749298,28.721044428837228,-10.214749770238996,28.23690002309109,-99.26368980668485,29.057750463592832,0.36726805956294817,0.37074144170588635,0.36027594004515484,0.3723953238821935,0.44165506129856763,0.37017423652493897,-0.007869226533338576,0.02351283871158888,0.00750034548684524,0.022566176940390956,0.01439152655906041,0.02209918015384651
C.1.1.4.3.4.2.2,Part 616,C.1.1.4.3.4.2,-,false,0.23407681215344928,0.28909372274994966,-64.75849249400198,28.721044428837228,-70.23985991254449,28.23690002309109,-70.36133245564997,29.057750463592832,0.2283135519671674,0.37074144170588635,0.2561044301878222,0.3723953238821935,0.26985652001674604,0.37017423652493897,-0.008857264258454465,0.02351283871158888,0.00010401126086884647,0.022566176940390956,0.006339513881813936,0.02209918015384651
C.1.1.4.3.4.2.3,Part 617,C.1.1.4.3.4.2,-,false,0.907384101170348,0.28909372274994966,-63.547415006905794,28.721044428837228,-9.002038324251771,28.23690002309109,20.371656212955713,29.057750463592832,1.0789642397667212,0.37074144170588635,1.2456587244945194,0.3723953238821935,1.2938684443306618,0.37017423652493897,-0.032861802898589615,0.02351283871158888,-0.02159219808528338,0.022566176940390956,-0.013593625129310123,0.02209918015384651
C.1.1.4.3.4.2.4,Part 618,C.1.1.4.3.4.2,-,false,0.21186608048318886,0.28909372274994966,-9.593516122549772,28.721044428837228,33.33836211822927,28.23690002309109,91.75040274858475,29.057750463592832,0.24113315541219454,0.37074144170588635,0.2542320275473199,0.3723953238821935,0.2384186919880083,0.37017423652493897,0.008502206007822647,0.02351283871158888,0.00036909246326706144,0.022566176940390956,-0.0021335869360487275,0.02209918015384651
C.1.1.4.3.5,Assembly 49,C.1.1.4.3,-,false,2.8548555768218353,0.7081321085790055,-1.7142532431130788,20.06324267117567,44.363998495306916,19.481012701897754,25.955758989054427,20.039320183084264,12096.221855954882,7671.69096680848,12468.296079567259,7789.291653943113,11640.941958800155,7317.745179107659,-4292.29082922385,3639.603710021837,69.00315971310351,3849.28865681072,3350.794704194786,3775.291784511488
C.1.1.4.3.5.1,Subassembly 178,C.1.1.4.3.5,-,false,1.6478570087696425,0.5007250159521434,8.381597920260305,24.98558567126547,73.02944637850428,20.972539388692475,5.501333337349849,23.162668569839575,5285.265772517626,3668.381571961023,7649.547079664058,4876.607713605594,5645.068956529157,3960.831612459829,-2078.6118961059215,1831.276604136901,-2098.7460472111666,2362.3696045426086,103.98422708913375,1655.1113741115964
C.1.1.4.3.5.1.1,Part 619,C.1.1.4.3.5.1,-,false,0.36018784902687184,0.28909372274994966,-54.99962489120662,28.721044428837228,14.565082965418696,28.23690002309109,26.739184837788343,29.057750463592832,0.46593398089072524,0.37074144170588635,0.4154572955856419,0.3723953238821935,0.44596979356504857,0.37017423652493897,0.03018700574865391,0.02351283871158888,0.012002372931002866,0.022566176940390956,0.005172284348578503,0.02209918015384651
C.1.1.4.3.5.1.2,Part 620,C.1.1.4.3.5.1,-,false,0.42649520421214404,0.28909372274994966,84.20097441412508,28.721044428837228,99.38832256011665,28.23690002309109,72.96246164478362,29.057750463592832,0.648733878506769,0.37074144170588635,0.64468474392724,0.3723953238821935,0.617968950476794,0.37017423652493897,0.022996312027488773,0.02351283871158888,0.019348612174992758,0.022566176940390956,0.01929193355889416,0.02209918015384651
C.1.1.4.3.5.1.3,Part 621,C.1.1.4.3.5.1,+,false,0.8611739555306267,0.28909372274994966,-2.658510860055685,28.721044428837228,84.4280946534127,28.23690002309109,-36.79147348739207,29.057750463592832,0.9745464104751347,0.37074144170588635,1.0348666460656122,0.3723953238821935,0.9936865779140995,0.37017423652493897,-0.01074890360035264,0.02351283871158888,0.0589430824941516,0.022566176940390956,0.03205383412988933,0.02209918015384651
C.1.1.4.3.5.2,Subassembly 179,C.1.1.4.3.5,-,false,1.206998568052193,0.5007250159521434,-15.497632560544533,32.21957327948007,5.228443197941329,29.971523357786324,53.881201125172545,32.254506920784834,1977.5796746781289,4956.181319982259,2790.791417998234,5251.8387428901415,2395.919627487306,4808.396057432731,-1085.706248769067,2391.561929171787,1362.8766124621611,2619.7983544283898,961.5119880718421,2467.6069803417427
C.1.1.4.3.5.2.1,Part 622,C.1.1.4.3.5.2,+,false,0.3421195869478397,0.28909372274994966,29.029591754078865,28.721044428837228,28.445147769525647,28.23690002309109,20.892047323286533,29.057750463592832,0.35100196471735606,0.37074144170588635,0.36166656520119794,0.3723953238821935,0.35903603307787907,0.37017423652493897,-0.010653515180882141,0.02351283871158888,-0.012655681288910342,0.022566176940390956,0.0038556263087321874,0.02209918015384651
C.1.1.4.3.5.2.2,Part 623,C.1.1.4.3.5.2,-,false,0.8102129244310782,0.28909372274994966,-40.272019570693374,28.721044428837228,-10.40549916215241,28.23690002309109,74.13752945140004,29.057750463592832,1.1239316887072173,0.37074144170588635,1.062737904100701,0.3723953238821935,0.916419075046008,0.37017423652493897,-0.08185847323484557,0.02351283871158888,0.009321796889378741,0.022566176940390956,-0.028886946978181692,0.02209918015384651
C.1.1.4.3.5.2.3,Part 624,C.1.1.4.3.5.2,+,false,0.05466605667327531,0.28909372274994966,73.01968978717923,28.721044428837228,91.64281198754907,28.23690002309109,-39.88271108828485,29.057750463592832,0.07400038338779258,0.37074144170588635,0.07007849895235144,0.3723953238821935,0.06647157977087918,0.37017423652493897,-0.0024084044725299486,0.02351283871158888,-0.000624158241917667,0.022566176940390956,0.002195849483704372,0.02209918015384651
C.1.1.4.4,Subsystem 14,C.1.1.4,-,false,28.167723920844026,2.124396325737017,2.056048786443661,6.4665819178484325,3.397692095367448,6.07048304771498,-3.270803400290217,6.4712401742508865,169559.88647929457,25121.35921551392,191969.162959659,29013.443320828886,171256.07651376654,26084.764302697353,1850.0911383761154,11746.285956907152,12639.075846552769,13959.710181165952,8252.7957013247,11535.431619042622
C.1.1.4.4.1,Assembly 50,C.1.1.4.4,-,false,6.582668787552975,1.0014500319042867,1.6179876104533664,12.61851373797613,8.942900580955204,11.449925469767654,-8.090808274585365,13.453841130486015,36790.8410552847,11128.01662205959,53625.77645988968,13627.018947303335,36311.70975325151,11021.053915110728,-1687.0330905809683,4835.3368815318845,7805.077277596523,6712.755576759602,-306.5845697538635,5249.711652640092
C.1.1.4.4.1.1,Subassembly 180,C.1.1.4.4.1,-,false,2.4098068569339812,0.5781874454998993,22.443901738035116,21.439141485089078,14.32684067831811,15.78448631772444,19.296469769445547,19.34198213332468,4383.892743759461,3449.135140914497,15711.926293352708,7483.17486564559,11416.817468806736,6248.098671687926,11.714823930072953,2718.726709738665,6302.839716847189,3597.8127333589446,33.32023059102232,1570.8492765502629
C.1.1.4.4.1.1.1,Part 625,C.1.1.4.4.1.1,+,false,0.7876343644401058,0.28909372274994966,-73.83402697741985,28.721044428837228,13.13617629930377,28.23690002309109,73.16198796033859,29.057750463592832,1.139252763741179,0.37074144170588635,0.9711585230914291,0.3723953238821935,0.9862007547185113,0.37017423652493897,0.015287389186507846,0.02351283871158888,0.008703336641789189,0.022566176940390956,-0.005018832835694189,0.02209918015384651
C.1.1.4.4.1.1.2,Part 626,C.1.1.4.4.1.1,-,false,0.578128091476392,0.28909372274994966,55.574284167960286,28.721044428837228,19.393894588574767,28.23690002309109,-26.010617520660162,29.057750463592832,0.5831513984532389,0.37074144170588635,0.5607295373395104,0.3723953238821935,0.6249180587770601,0.37017423652493897,0.0259678977135785,0.02351283871158888,0.0024976451974963983,0.022566176940390956,0.010692804773251394,0.02209918015384651
C.1.1.4.4.1.1.3,Part 627,C.1.1.4.4.1.1,-,false,0.134961188639747,0.28909372274994966,28.62754762172699,28.721044428837228,24.620764516294003,28.23690002309109,66.66370336897671,29.057750463592832,0.16727766255622784,0.37074144170588635,0.16610874643914114,0.3723953238821935,0.16012159839722556,0.37017423652493897,-0.0020515438828217396,0.02351283871158888,-0.0035147450648254585,0.022566176940390956,-0.002231452592443744,0.02209918015384651
C.1.1.4.4.1.1.4,Part 628,C.1.1.4.4.1.1,+,false,0.9090832123777364,0.28909372274994966,83.87243486940861,28.721044428837228,10.607843147590756,28.23690002309109,-5.592089518904686,29.057750463592832,1.1806435467087562,0.37074144170588635,1.1912181174350485,0.3723953238821935,1.1621758224177816,0.37017423652493897,0.0428009847603786,0.02351283871158888,0.001608703548696245,0.022566176940390956,-0.0199117417816868,0.02209918015384651
C.1.1.4.4.1.2,Subassembly 181,C.1.1.4.4.1,-,false,2.0388678192561493,0.6464332159373649,1.7378847065954264,22.155497778761173,-3.0902918959649397,22.7177420884471,33.21352225043901,22.63127584909556,9775.556860165398,6092.394783103686,13659.050949044322,6771.523595702645,10407.967241492453,6020.088368390808,-1327.759248805115,2491.778765145221,5140.484229421143,3256.331037739022,-1349.2716555709374,2507.6951697983864
C.1.1.4.4.1.2.1,Part 629,C.1.1.4.4.1.2,-,false,0.2530637267380953,0.28909372274994966,36.555469408631325,28.721044428837228,95.08864753879607,28.23690002309109,88.61079043708742,29.057750463592832,0.2751498190880859,0.37074144170588635,0.2884679399052517,0.3723953238821935,0.27654683093940435,0.37017423652493897,0.008134720288820205,0.02351283871158888,-0.0037418441572790503,0.022566176940390956,-0.007731692357026624,0.02209918015384651
C.1.1.4.4.1.2.2,Part 630,C.1.1.4.4.1.2,+,false,0.5131104602287524,0.28909372274994966,33.715164894238114,28.721044428837228,-2.213059226050973,28.23690002309109,22.465278627350926,29.057750463592832,0.5908585732543389,0.37074144170588635,0.6727778525177867,0.3723953238821935,0.632929651044438,0.37017423652493897,5.841571015980603e-5,0.02351283871158888,0.008695652902468383,0.022566176940390956,-0.048628502840556684,0.02209918015384651
C.1.1.4.4.1.2.3,Part 631,C.1.1.4.4.1.2,+,false,0.09627683711610735,0.28909372274994966,44.73222210071981,28.721044428837228,-76.81080126203597,28.23690002309109,6.381321884691715,29.057750463592832,0.10038840498046217,0.37074144170588635,0.10288062559698441,0.3723953238821935,0.10105545383956836,0.37017423652493897,-0.00052345651808272,0.02351283871158888,0.001621883754674607,0.022566176940390956,-0.002887650154809425,0.02209918015384651
C.1.1.4.4.1.2.4,Part 632,C.1.1.4.4.1.2,+,false,0.7189656034540385,0.28909372274994966,-77.27161380462348,28.721044428837228,-21.555351465940475,28.23690002309109,83.10190890915692,29.057750463592832,0.8998275937366682,0.37074144170588635,0.8781170989823803,0.3723953238821935,0.8928099108972033,0.37017423652493897,-0.1133287122914308,0.02351283871158888,0.019949234854670192,0.022566176940390956,0.002908574202194272,0.02209918015384651
C.1.1.4.4.1.2.5,Part 633,C.1.1.4.4.1.2,-,false,0.45745119171915577,0.28909372274994966,61.73730925656855,28.721044428837228,-13.850621040910482,28.23690002309109,-58.137682639062405,29.057750463592832,0.5902970737033577,0.37074144170588635,0.6866288310140553,0.3723953238821935,0.65671479826207,0.37017423652493897,-0.008924095188379094,0.02351283871158888,-0.011028995694243936,0.022566176940390956,0.022484405377679366,0.02209918015384651
C.1.1.4.4.1.3,Subassembly 182,C.1.1.4.4.1,-,false,2.1339941113628447,0.5007250159521434,-22.01416991471624,20.45185639506904,14.359894507324672,21.014122245372654,-78.48093724767986,17.126051853151893,6344.332572333707,4217.866858857178,6158.437691055546,4258.286911017142,11822.231243981241,5956.84902727842,-376.9132930457331,2755.422453759303,1296.1565837166613,2025.1298736147057,-462.3658576213259,1880.5852646970943
C.1.1.4.4.1.3.1,Part 634,C.1.1.4.4.1.3,-,false,0.7445031916454901,0.28909372274994966,-77.09335209801793,28.721044428837228,56.73170727677643,28.23690002309109,-62.00810060836375,29.057750463592832,1.0505947686101482,0.37074144170588635,1.0911259668615945,0.3723953238821935,1.0419452762255526,0.37017423652493897,0.002777205497951083,0.02351283871158888,0.04384984317939566,0.022566176940390956,0.005179359757764826,0.02209918015384651
C.1.1.4.4.1.3.2,Part 635,C.1.1.4.4.1.3,+,false,0.7894681825775187,0.28909372274994966,43.335770489647985,28.721044428837228,38.13791209831834,28.23690002309109,-91.25747540965676,29.057750463592832,1.0521098089407661,0.37074144170588635,0.9764479277985872,0.3723953238821935,0.9844375028349654,0.37017423652493897,-0.002212063508913096,0.02351283871158888,0.13761180567479708,0.022566176940390956,-0.06166974936489115,0.02209918015384651
C.1.1.4.4.1.3.3,Part 636,C.1.1.4.4.1.3,+,false,0.600022737139836,0.28909372274994966,-39.65528765693307,28.721044428837228,-69.50015788897872,28.23690002309109,-82.10981488227844,29.057750463592832,0.7467293868149234,0.37074144170588635,0.7132531140447513,0.3723953238821935,0.6617734497211627,0.37017423652493897,0.030410120387099393,0.02351283871158888,-0.0035022425268600196,0.022566176940390956,0.024813186905203406,0.02209918015384651
C.1.1.4.4.2,Assembly 51,C.1.1.4.4,-,false,4.568352677763206,0.8176805270198123,-21.919590069459424,16.77639314329424,0.7271381464421238,14.883631410018593,-29.038585751720436,15.675294533034414,31972.67955301983,10431.209617671806,39571.35016369488,12922.346020576497,34537.4716594608,11520.249573647057,6475.898535363342,5478.485109343416,7528.424693199555,6178.421542438105,1968.0453216035403,4985.834741463299
C.1.1.4.4.2.1,Subassembly 183,C.1.1.4.4.2,-,false,2.163085727279773,0.5781874454998993,-16.469906777222285,24.031590308518346,-31.299271077151555,19.243158274402163,-26.544798699169924,24.425518748036605,17170.649166329753,7629.106433132176,25517.05860887665,10377.09930664061,16585.33273618116,7747.069258371712,4202.411324329854,3515.41408978465,10809.336011647027,5023.283094045038,-1915.073096531729,3365.2597994062653
C.1.1.4.4.2.1.1,Part 637,C.1.1.4.4.2.1,+,false,0.5850285754469223,0.28909372274994966,92.03333049081266,28.721044428837228,-95.03411869518459,28.23690002309109,-94.54090013168752,29.057750463592832,0.7385547623937166,0.37074144170588635,0.7691384008707457,0.3723953238821935,0.7587495995937851,0.37017423652493897,-0.0568511866849163,0.02351283871158888,0.03762691444175087,0.022566176940390956,0.06051961046485135,0.02209918015384651
C.1.1.4.4.2.1.2,Part 638,C.1.1.4.4.2.1,-,false,0.7281634239251725,0.28909372274994966,-99.07150059007108,28.721044428837228,-20.29116591438651,28.23690002309109,81.64410474710166,29.057750463592832,0.7946678896161208,0.37074144170588635,0.8027839388925051,0.3723953238821935,0.6680983673206855,0.37017423652493897,0.0015691527312515765,0.02351283871158888,0.01387978728029793,0.022566176940390956,0.005223915830027655,0.02209918015384651
C.1.1.4.4.2.1.3,Part 639,C.1.1.4.4.2.1,-,false,0.34984703476168216,0.28909372274994966,11.26664848998189,28.721044428837228,36.090205470100045,28.23690002309109,-79.79898378252983,29.057750463592832,0.34705694331724224,0.37074144170588635,0.34520902025967787,0.3723953238821935,0.29848930728677286,0.37017423652493897,0.001732562027179664,0.02351283871158888,0.004111237649007722,0.022566176940390956,-0.003352189099066421,0.02209918015384651
C.1.1.4.4.2.1.4,Part 640,C.1.1.4.4.2.1,+,false,0.5000466931459959,0.28909372274994966,-42.53464583307505,28.721044428837228,-19.910336611792445,28.23690002309109,-67.27843726985157,29.057750463592832,0.675107583124659,0.37074144170588635,0.7330380267268488,0.3723953238821935,0.6225290764573047,0.37017423652493897,0.00821429025942937,0.02351283871158888,0.003499141306068416,0.022566176940390956,-0.046860042677496855,0.02209918015384651
C.1.1.4.4.2.2,Subassembly 184,C.1.1.4.4.2,-,false,2.405266950483434,0.5781874454998993,-26.820556319905716,23.347614582544605,29.528876212835556,19.809840986744174,-31.281278679905764,20.08048972411907,10562.557766118529,5938.0036148911295,13906.72685379341,7652.564795176426,13616.201354486922,7537.72885855515,1556.4369724834244,3484.9923649540992,-3225.0770665199384,3573.2078571840443,3554.9946529484773,2951.188471556781
C.1.1.4.4.2.2.1,Part 641,C.1.1.4.4.2.2,+,false,0.8178395064359065,0.28909372274994966,-99.41334365867078,28.721044428837228,66.0095114260912,28.23690002309109,-86.4141988568008,29.057750463592832,1.1799980484867147,0.37074144170588635,1.2723315048634494,0.3723953238821935,1.2490540993734833,0.37017423652493897,-0.007872232966019563,0.02351283871158888,-0.0038526707459050394,0.022566176940390956,-0.018515835467333753,0.02209918015384651
C.1.1.4.4.2.2.2,Part 642,C.1.1.4.4.2.2,+,false,0.7008634718770627,0.28909372274994966,-26.6862197779119,28.721044428837228,-35.09652717038989,28.23690002309109,27.19354876317084,29.057750463592832,0.8581735090661876,0.37074144170588635,0.7990625431995491,0.3723953238821935,0.8340933780478439,0.37017423652493897,-0.053903288222560616,0.02351283871158888,0.026856863933016447,0.022566176940390956,0.014718945302150503,0.02209918015384651
C.1.1.4.4.2.2.3,Part 643,C.1.1.4.4.2.2,-,false,0.11524255599244498,0.28909372274994966,79.45131273008883,28.721044428837228,-33.110162895172834,28.23690002309109,-89.52125748619437,29.057750463592832,0.13369376134203798,0.37074144170588635,0.1109909330288093,0.3723953238821935,0.13577337908492074,0.37017423652493897,-0.016250548696400337,0.02351283871158888,0.0018443793115279277,0.022566176940390956,0.004216570133306237,0.02209918015384651
C.1.1.4.4.2.2.4,Part 644,C.1.1.4.4.2.2,+,false,0.7713214161780197,0.28909372274994966,34.15020760148764,28.721044428837228,58.92902300693095,28.23690002309109,-17.255045985803008,29.057750463592832,0.9416641897622688,0.37074144170588635,0.8602111167660398,0.3723953238821935,0.9335252373162685,0.37017423652493897,0.03224752135352436,0.02351283871158888,-0.00867700382084487,0.022566176940390956,-0.032925345619652005,0.02209918015384651
C.1.1.4.4.3,Assembly 52,C.1.1.4.4,-,false,8.629122503633145,1.2265207905297186,15.924352572100098,12.177984389202807,-1.2159553085875485,11.14401308671958,1.772283067161325,11.948431547352309,44214.053579354004,13846.128894100208,47959.92599931497,16921.418445181665,49388.71236521364,15018.7728610704,-6781.296841247373,6644.275130384153,-4752.707282607646,8035.831623501373,5763.619449714652,6043.621314987049
C.1.1.4.4.3.1,Subassembly 185,C.1.1.4.4.3,-,false,0.926858893287601,0.40884026350990615,21.21140581137241,34.6096552348212,-18.22771113483078,36.55785119441237,35.99914794264251,23.486892690066963,4551.437308628235,3452.684573729556,3878.683889737632,3105.9645189038088,7438.042563847515,5020.372996438215,-3703.0919739782867,2505.922611029074,1294.3303580523482,1375.1972894832663,1417.1960834213364,1491.7036456907745
C.1.1.4.4.3.1.1,Part 645,C.1.1.4.4.3.1,-,false,0.3708922187909484,0.28909372274994966,95.16847915947437,28.721044428837228,62.7530378755182,28.23690002309109,7.694865297526121,29.057750463592832,0.48991264372612714,0.37074144170588635,0.4995432845810946,0.3723953238821935,0.4629455816568369,0.37017423652493897,0.034515841272272085,0.02351283871158888,-0.0019665326911897036,0.022566176940390956,-0.002147191810277855,0.02209918015384651
C.1.1.4.4.3.1.2,Part 646,C.1.1.4.4.3.1,-,false,0.5559666744966526,0.28909372274994966,-28.1262690667063,28.721044428837228,-72.25096658803523,28.23690002309109,54.88128364086151,29.057750463592832,0.7292300228806227,0.37074144170588635,0.841315023274269,0.3723953238821935,0.7291900871263225,0.37017423652493897,0.047261992220689095,0.02351283871158888,0.0040078407510839254,0.022566176940390956,-0.05196345428313482,0.02209918015384651
C.1.1.4.4.3.2,Subassembly 186,C.1.1.4.4.3,-,false,1.8870062813637778,0.6464332159373649,28.54804223121892,25.58407256950963,-41.54090027884227,22.507677596194895,49.25923244912354,29.57945885161729,12796.514328913969,7796.123695562876,11093.56430829282,9497.323366660692,11622.91404684919,6418.532678992061,-4197.9184501690615,2811.7566122714366,-5073.942525876878,4574.876038072825,-2594.6007754306215,2731.471332167237
C.1.1.4.4.3.2.1,Part 647,C.1.1.4.4.3.2,-,false,0.5929015871589072,0.28909372274994966,90.22030089981854,28.721044428837228,43.91450327821076,28.23690002309109,93.74375697225332,29.057750463592832,0.7132659420359875,0.37074144170588635,0.8145055400847724,0.3723953238821935,0.798426913221992,0.37017423652493897,-0.028204504287408484,0.02351283871158888,-0.01351279316801711,0.022566176940390956,0.0895824291515327,0.02209918015384651
C.1.1.4.4.3.2.2,Part 648,C.1.1.4.4.3.2,-,false,0.11944463109923527,0.28909372274994966,-70.27734313160181,28.721044428837228,-54.88735265098512,28.23690002309109,-85.39182115346193,29.057750463592832,0.15561112986551978,0.37074144170588635,0.13392965961057846,0.3723953238821935,0.14201765980254955,0.37017423652493897,-0.006894970837519226,0.02351283871158888,-0.010849575401658864,0.022566176940390956,-0.002121634058788813,0.02209918015384651
C.1.1.4.4.3.2.3,Part 649,C.1.1.4.4.3.2,+,false,0.7270542142656632,0.28909372274994966,27.828036528080702,28.721044428837228,-91.04517088271677,28.23690002309109,75.82955206744373,29.057750463592832,1.0071645506733111,0.37074144170588635,0.89517000135824,0.3723953238821935,0.837896063840597,0.37017423652493897,-0.004771443169109581,0.02351283871158888,-0.07115226375479916,0.022566176940390956,0.06062610864754969,0.02209918015384651
C.1.1.4.4.3.2.4,Part 650,C.1.1.4.4.3.2,-,false,0.39043298179726116,0.28909372274994966,-34.16824992746115,28.721044428837228,-77.69201076589525,28.23690002309109,-27.146129868924618,29.057750463592832,0.4736410963161003,0.37074144170588635,0.5272370345692045,0.3723953238821935,0.5095622791079157,0.37017423652493897,0.005098307148937808,0.02351283871158888,0.010748909107348673,0.022566176940390956,0.020505577586772107,0.02209918015384651
C.1.1.4.4.3.2.5,Part 651,C.1.1.4.4.3.2,-,false,0.057172867042711004,0.28909372274994966,32.895800145342946,28.721044428837228,-23.44853999093175,28.23690002309109,53.1336369458586,29.057750463592832,0.08190849231471198,0.37074144170588635,0.07678246082938343,0.3723953238821935,0.07321211261888941,0.37017423652493897,0.0032909567413494647,0.02351283871158888,-0.0002642453420887582,0.022566176940390956,0.00016256916490882265,0.02209918015384651
C.1.1.4.4.3.3,Subassembly 187,C.1.1.4.4.3,-,false,0.6222719662049785,0.40884026350990615,63.91563268635035,66.88554097947093,-15.454342798890089,34.48530865823268,-72.45147303496678,39.63101618138562,251.22941686693358,1764.5557981436216,874.264609114297,6112.101652527694,809.2905867459872,5658.750722755179,-257.63521375386046,1810.8069896801703,335.9662898318973,2355.621164009638,120.88844603244254,852.5502417719199
C.1.1.4.4.3.3.1,Part 652,C.1.1.4.4.3.3,+,false,0.5834298036796972,0.28909372274994966,72.66629724763334,28.721044428837228,-12.304610526189208,28.23690002309109,-76.55869051814079,29.057750463592832,0.7744401753220163,0.37074144170588635,0.8091303297473567,0.3723953238821935,0.7752726147253572,0.37017423652493897,0.014912444861162326,0.02351283871158888,-0.03203726823482057,0.022566176940390956,0.025091479071070885,0.02209918015384651
C.1.1.4.4.3.3.2,Part 653,C.1.1.4.4.3.3,+,false,0.03884216252528131,0.28909372274994966,-67.52397250384092,28.721044428837228,-62.76498571969569,28.23690002309109,-10.758896358311176,29.057750463592832,0.05230914465404922,0.37074144170588635,0.054008826850562894,0.3723953238821935,0.05972875603266172,0.37017423652493897,-2.286942533325464e-5,0.02351283871158888,-8.16954618559898e-5,0.022566176940390956,0.0033016698351556743,0.02209918015384651
C.1.1.4.4.3.4,Subassembly 188,C.1.1.4.4.3,-,false,2.598564336190233,0.5781874454998993,-3.546627086402233,21.79494456979627,21.61000668461704,18.81471160307881,6.376054738511495,17.779185326175188,3393.96430951213,3654.729823687077,13923.251788526952,7142.3254066434265,14818.978183492827,7559.266917731297,-2720.196943410532,3463.3569036123836,-1778.5560306209295,3297.4564284919747,199.9857436918777,1760.7676069355357
C.1.1.4.4.3.4.1,Part 654,C.1.1.4.4.3.4,-,false,0.7294995150738396,0.28909372274994966,20.80776821821928,28.721044428837228,56.439983658492565,28.23690002309109,-18.41131648980081,29.057750463592832,1.0885855727211162,0.37074144170588635,1.0362376835868075,0.3723953238821935,1.1099342308146714,0.37017423652493897,-0.02262375998969255,0.02351283871158888,-0.04306735791686042,0.022566176940390956,-0.0007850062816412658,0.02209918015384651
C.1.1.4.4.3.4.2,Part 655,C.1.1.4.4.3.4,+,false,0.06647569054015912,0.28909372274994966,-54.38962164334953,28.721044428837228,96.47902818396688,28.23690002309109,54.403184819966555,29.057750463592832,0.07493053501695036,0.37074144170588635,0.0696320207792127,0.3723953238821935,0.07371307851929684,0.37017423652493897,-0.0013140496659008374,0.02351283871158888,-0.0023899330591866884,0.022566176940390956,0.006571556739064629,0.02209918015384651
C.1.1.4.4.3.4.3,Part 656,C.1.1.4.4.3.4,+,false,0.8293648636750877,0.28909372274994966,-99.7387720271945,28.721044428837228,-10.832154704257846,28.23690002309109,-3.8142846431583166,29.057750463592832,1.1332402498766572,0.37074144170588635,1.0960864846989586,0.3723953238821935,1.300113932983362,0.37017423652493897,-0.005475115002864709,0.02351283871158888,-0.06413935635584692,0.022566176940390956,0.03647391340973194,0.02209918015384651
C.1.1.4.4.3.4.4,Part 657,C.1.1.4.4.3.4,-,false,0.9732242669011466,0.28909372274994966,63.64414384588599,28.721044428837228,18.035257700830698,28.23690002309109,30.359476525336504,29.057750463592832,1.2583666517712888,0.37074144170588635,1.2702173104602115,0.3723953238821935,1.254563463701605,0.37017423652493897,0.006678955725010968,0.02351283871158888,-0.0027418875649944715,0.022566176940390956,-0.0034297498091773533,0.02209918015384651
C.1.1.4.4.3.5,Subassembly 189,C.1.1.4.4.3,-,false,2.594421026586555,0.6464332159373649,12.845296081613014,17.898712972085487,14.743805968629497,18.89096449566928,-31.802637580436414,16.1764773712452,5994.391036433018,4102.482891316973,3671.672795969429,3208.180771477382,6452.312952326113,4891.684715091998,1345.9840798915466,2337.431183568691,-412.9128959029742,1344.6584121900742,2007.5238173135292,1875.430687277647
C.1.1.4.4.3.5.1,Part 658,C.1.1.4.4.3.5,-,false,0.10381324536819012,0.28909372274994966,-64.93578017689288,28.721044428837228,77.90709142573178,28.23690002309109,-41.95287162438035,29.057750463592832,0.12236136238449359,0.37074144170588635,0.12755863882373125,0.3723953238821935,0.1249036453282957,0.37017423652493897,0.006525911589655946,0.02351283871158888,0.004752255211857944,0.022566176940390956,0.00027050919682382237,0.02209918015384651
C.1.1.4.4.3.5.2,Part 659,C.1.1.4.4.3.5,-,false,0.6908058856886345,0.28909372274994966,18.802362075075507,28.721044428837228,58.91342908143997,28.23690002309109,-39.664994925260544,29.057750463592832,0.760993359139941,0.37074144170588635,0.8961084879110146,0.3723953238821935,0.8189816995968294,0.37017423652493897,-0.04462630736215295,0.02351283871158888,0.00923851624049183,0.022566176940390956,-0.02284500772779672,0.02209918015384651
C.1.1.4.4.3.5.3,Part 660,C.1.1.4.4.3.5,-,false,0.39716463511041367,0.28909372274994966,56.3727430999279,28.721044428837228,-63.765452057123184,28.23690002309109,14.837637869641185,29.057750463592832,0.466276944649842,0.37074144170588635,0.47371364254354675,0.3723953238821935,0.4521836449404636,0.37017423652493897,-0.020137304849106787,0.02351283871158888,-0.03105040290991145,0.022566176940390956,-0.03066280443231116,0.02209918015384651
C.1.1.4.4.3.5.4,Part 661,C.1.1.4.4.3.5,-,false,0.9128130629851948,0.28909372274994966,-10.915799252688885,28.721044428837228,2.938470523804426,28.23690002309109,-25.43125026859343,29.057750463592832,1.3367298630637854,0.37074144170588635,1.2886982065698867,0.3723953238821935,1.2776388207537794,0.37017423652493897,0.004874802984346142,0.02351283871158888,-0.008465364977057556,0.022566176940390956,0.040751973122049374,0.02209918015384651
C.1.1.4.4.3.5.5,Part 662,C.1.1.4.4.3.5,-,false,0.48982419743412176,0.28909372274994966,29.91551300510764,28.721044428837228,24.721557134762406,28.23690002309109,-68.25380143709481,29.057750463592832,0.579138393087451,0.37074144170588635,0.49805813778701313,0.3723953238821935,0.5964203878052231,0.37017423652493897,0.02367105169573768,0.02351283871158888,0.039714001707232674,0.022566176940390956,-0.024897487731116177,0.02209918015384651
C.1.1.4.4.4,Assembly 53,C.1.1.4.4,-,false,8.387579951894702,1.1563748909997986,1.1906613055516855,11.112235970813387,5.246794004545063,11.690441210918092,9.358274692618975,11.250997543404639,51391.51538580838,13546.986915479582,41775.448509256305,12589.146055501542,46277.61890914175,13288.850245200985,3553.4930096801845,5955.039026491258,5406.348523321369,6006.246005805896,961.238724806668,6213.90302750749
C.1.1.4.4.4.1,Subassembly 190,C.1.1.4.4.4,-,false,2.4554188300801907,0.5781874454998993,36.56454611712282,20.48146922549101,-31.05225759795076,16.307715522488657,11.668065426785367,18.736883839675425,2932.9816011134876,2790.1746891037046,3880.091535066438,4651.943549942527,1754.3327906321688,3431.4421712083026,304.0351934129984,794.0278835141401,414.72686845116766,1950.9447855128342,-493.9848432932715,1277.676556773551
C.1.1.4.4.4.1.1,Part 663,C.1.1.4.4.4.1,+,false,0.7460370842069387,0.28909372274994966,44.681803649291396,28.721044428837228,-49.046736769378185,28.23690002309109,3.6335147451609373,29.057750463592832,0.8206288609790491,0.37074144170588635,0.8240987708061448,0.3723953238821935,0.9662463239274194,0.37017423652493897,-0.036969133585519925,0.02351283871158888,-0.05189924401597873,0.022566176940390956,-0.02170383463928574,0.02209918015384651
C.1.1.4.4.4.1.2,Part 664,C.1.1.4.4.4.1,-,false,0.9950239433427341,0.28909372274994966,49.79861541651189,28.721044428837228,-27.88475281558931,28.23690002309109,-11.094320099800825,29.057750463592832,1.1398798164841484,0.37074144170588635,1.0205937981087359,0.3723953238821935,1.262935207341279,0.37017423652493897,0.04350959382729905,0.02351283871158888,-0.01999228933925175,0.022566176940390956,0.05508174998057035,0.02209918015384651
C.1.1.4.4.4.1.3,Part 665,C.1.1.4.4.4.1,+,false,0.6226469260763843,0.28909372274994966,20.853755017742515,28.721044428837228,-15.939851617440581,28.23690002309109,64.73429212346673,29.057750463592832,0.975527632148426,0.37074144170588635,0.9603041646391267,0.3723953238821935,0.9593930517425237,0.37017423652493897,-0.004335460860332886,0.02351283871158888,-0.004265222686083687,0.022566176940390956,-0.0009275286369879559,0.02209918015384651
C.1.1.4.4.4.1.4,Part 666,C.1.1.4.4.4.1,-,false,0.09171087645413355,0.28909372274994966,-66.38633105903864,28.721044428837228,-21.641023317351937,28.23690002309109,-36.29060350358486,29.057750463592832,0.13385867241431623,0.37074144170588635,0.10629591196262331,0.3723953238821935,0.12171634469903274,0.37017423652493897,-0.0016704420589676394,0.02351283871158888,-0.0011132647127876506,0.022566176940390956,-0.00035043140685179694,0.02209918015384651
C.1.1.4.4.4.2,Subassembly 191,C.1.1.4.4.4,-,false,2.2626211789138617,0.5781874454998993,-4.449863220281455,21.090621509461023,-32.844342274219684,17.563118425539795,4.099451954283284,20.881400089689887,8052.078145132491,4867.304429114193,12015.469944820472,6392.558025571144,6997.743275625113,4382.352839551211,585.6629557310794,2017.6096517879805,5458.033110364166,3165.7820203336382,390.8385021640329,2233.6073353633706
C.1.1.4.4.4.2.1,Part 667,C.1.1.4.4.4.2,-,false,0.41442017414723525,0.28909372274994966,-41.24772152863443,28.721044428837228,16.03273069486022,28.23690002309109,-1.5365771483629942,29.057750463592832,0.463646018585574,0.37074144170588635,0.48390182259333736,0.3723953238821935,0.4555758053168145,0.37017423652493897,0.006764826690762742,0.02351283871158888,-0.0028519594962106007,0.022566176940390956,-0.007359256057349441,0.02209918015384651
C.1.1.4.4.4.2.2,Part 668,C.1.1.4.4.4.2,-,false,0.9810561304318253,0.28909372274994966,-44.00698612444103,28.721044428837228,-46.46273930557072,28.23690002309109,61.14027970470488,29.057750463592832,1.2464724267746063,0.37074144170588635,1.3615500195266517,0.3723953238821935,1.3210414589125157,0.37017423652493897,-0.008427737691065963,0.02351283871158888,-0.07381658708078295,0.022566176940390956,0.04457754242755761,0.02209918015384651
C.1.1.4.4.4.2.3,Part 669,C.1.1.4.4.4.2,+,false,0.2073239594688639,0.28909372274994966,64.76589371450245,28.721044428837228,-8.22969856671989,28.23690002309109,-51.083578588441014,29.057750463592832,0.2919851755944372,0.37074144170588635,0.24887200044581698,0.3723953238821935,0.25149728812355837,0.37017423652493897,0.0028152252170847198,0.02351283871158888,0.020272005236701897,0.022566176940390956,-0.009147478898857185,0.02209918015384651
C.1.1.4.4.4.2.4,Part 670,C.1.1.4.4.4.2,+,false,0.6598209148659371,0.28909372274994966,55.72926583699882,28.721044428837228,-51.02872885763645,28.23690002309109,-59.8327518440783,29.057750463592832,0.8713158024680474,0.37074144170588635,0.8588387056584211,0.3723953238821935,0.8393741958348306,0.37017423652493897,0.030829142776857887,0.02351283871158888,0.014233781497328632,0.022566176940390956,-0.018059801260491077,0.02209918015384651
C.1.1.4.4.4.3,Subassembly 192,C.1.1.4.4.4,-,false,2.2067520453059113,0.5781874454998993,-15.777166214226773,19.013811020084795,71.4568396910071,21.24449471130994,15.28055427962881,22.22824749909941,11321.319506490254,6615.854696534671,11321.329419559412,6048.418338907845,6009.901006956008,5349.786857033957,-1991.328719779819,2400.3984678752654,4326.740899974342,2872.8103933650623,2121.014274409262,2804.4504990333016
C.1.1.4.4.4.3.1,Part 671,C.1.1.4.4.4.3,-,false,0.9395295278353151,0.28909372274994966,24.310704972594976,28.721044428837228,89.07412635162473,28.23690002309109,-39.38687336631119,29.057750463592832,1.1011973142032485,0.37074144170588635,1.014959160470996,0.3723953238821935,1.0358922164723334,0.37017423652493897,-0.016391674255517817,0.02351283871158888,0.07970686107997438,0.022566176940390956,-0.01540563887548016,0.02209918015384651
C.1.1.4.4.4.3.2,Part 672,C.1.1.4.4.4.3,-,false,0.22989934752346017,0.28909372274994966,-74.94536084122956,28.721044428837228,-35.33804030157626,28.23690002309109,64.7656999528408,29.057750463592832,0.31644585538757936,0.37074144170588635,0.2935569695992459,0.3723953238821935,0.2854106723993982,0.37017423652493897,0.008772669929748275,0.02351283871158888,0.007897311757948057,0.022566176940390956,0.012721215288910126,0.02209918015384651
C.1.1.4.4.4.3.3,Part 673,C.1.1.4.4.4.3,+,false,0.6448374005705119,0.28909372274994966,-47.73186882957816,28.721044428837228,75.10412405245006,28.23690002309109,98.51210243068635,29.057750463592832,0.768810610390486,0.37074144170588635,0.7855635358213313,0.3723953238821935,0.9019277139768106,0.37017423652493897,-0.039190964060222155,0.02351283871158888,0.0047140026305167206,0.022566176940390956,0.006334708608366373,0.02209918015384651
C.1.1.4.4.4.3.4,Part 674,C.1.1.4.4.4.3,+,false,0.3924857693766244,0.28909372274994966,-24.58110828883946,28.721044428837228,85.84769736044109,28.23690002309109,-19.588876515626907,29.057750463592832,0.5337427465100959,0.37074144170588635,0.5582009971030575,0.3723953238821935,0.6060182738584219,0.37017423652493897,0.006485700900252028,0.02351283871158888,0.0010825429017011516,0.022566176940390956,-0.010208972786856608,0.02209918015384651
C.1.1.4.4.4.4,Subassembly 193,C.1.1.4.4.4,-,false,1.4627878975947386,0.5781874454998993,-23.86529149777912,25.443098010147466,25.212800560706455,28.269302167202188,4.681053503503237,31.479234372290126,12124.815190853598,6377.751294262311,9675.325580845747,6278.762687568681,10042.233030670988,5391.424956101639,-1222.5353712726348,2292.978109439845,-4575.739396504103,3011.823234366014,-80.56732300801036,2543.3181886547964
C.1.1.4.4.4.4.1,Part 675,C.1.1.4.4.4.4,-,false,0.10299141077185049,0.28909372274994966,-76.77513929083943,28.721044428837228,52.76911025866866,28.23690002309109,-85.07573287934065,29.057750463592832,0.1406659143728044,0.37074144170588635,0.13552328218473658,0.3723953238821935,0.15570786129877726,0.37017423652493897,-0.001132016907031185,0.02351283871158888,-0.0035682786936119615,0.022566176940390956,0.003297623686421914,0.02209918015384651
C.1.1.4.4.4.4.2,Part 676,C.1.1.4.4.4.4,-,false,0.43510476969531736,0.28909372274994966,-55.80467330291867,28.721044428837228,90.63829854130745,28.23690002309109,-48.55994042009115,29.057750463592832,0.6700441178951808,0.37074144170588635,0.608833254600094,0.3723953238821935,0.5718316124111003,0.37017423652493897,0.014189034826263084,0.02351283871158888,0.00031911920674320034,0.022566176940390956,0.00031245873823186523,0.02209918015384651
C.1.1.4.4.4.4.3,Part 677,C.1.1.4.4.4.4,+,false,0.46932102445862256,0.28909372274994966,49.872670974582434,28.721044428837228,49.70479113981128,28.23690002309109,92.74870436638594,29.057750463592832,0.6086401932176692,0.37074144170588635,0.6293695796310088,0.3723953238821935,0.5882568806472014,0.37017423652493897,0.023473516841990366,0.02351283871158888,-0.016705590820211773,0.022566176940390956,0.006308390406972531,0.02209918015384651
C.1.1.4.4.4.4.4,Part 678,C.1.1.4.4.4.4,-,false,0.4553706926689483,0.28909372274994966,-57.37763452343643,28.721044428837228,-68.77571525983512,28.23690002309109,-14.912679279223084,29.057750463592832,0.614334864629171,0.37074144170588635,0.609213258947741,0.3723953238821935,0.618478745264341,0.37017423652493897,0.0011198755793584724,0.02351283871158888,-0.007517029843743193,0.022566176940390956,-0.0013814228023789456,0.02209918015384651
C.1.1.4.5,Subsystem 15,C.1.1.4,-,false,25.6566409030722,2.0846844815794277,-4.908875950482082,7.3501702389741395,-12.655455031927337,6.836558956933618,-8.132761066545578,6.817959187544644,155078.54860240017,26478.62432275875,172073.77082100871,28744.491765709543,173585.08383660056,29635.836168792852,-15079.336049990268,13453.710162668243,-8666.568198590105,12591.723274507554,-29701.266236276388,12521.845041522427
C.1.1.4.5.1,Assembly 54,C.1.1.4.5,-,false,2.9915554821889385,0.9141946211470771,24.887584423472052,19.742474598433297,-33.39921799335833,19.405422352393995,-8.380197700234685,20.63849804757253,11683.665621220307,7196.383121118784,15987.705300966274,7796.90293469389,15313.47535125555,7574.530830083124,-1514.1678695937742,3435.121193222487,-1732.8036310897992,3293.8894032496255,-1214.7439978764144,2757.2940133652855
C.1.1.4.5.1.1,Subassembly 194,C.1.1.4.5.1,-,false,1.897704235614976,0.6464332159373649,18.103515552294386,23.562942692667317,-20.973372134427624,23.79821228578079,5.144128930109264,25.42839941268859,8061.871844982807,5613.171410989859,11332.585957237936,6343.521038436811,10541.675870723258,5925.3985008023255,-2098.7587730306095,2527.5661127897515,-1703.489399847324,2841.869343813472,-152.50323625393523,2104.4861536799044
C.1.1.4.5.1.1.1,Part 679,C.1.1.4.5.1.1,-,false,0.5458585424774792,0.28909372274994966,85.50647832453251,28.721044428837228,-29.775803722441196,28.23690002309109,63.13854418694973,29.057750463592832,0.4978284865589333,0.37074144170588635,0.68768193544253,0.3723953238821935,0.6788463951038252,0.37017423652493897,0.0262114329089291,0.02351283871158888,-0.045881555638085866,0.022566176940390956,0.00793722402940337,0.02209918015384651
C.1.1.4.5.1.1.2,Part 680,C.1.1.4.5.1.1,-,false,0.21352396419341677,0.28909372274994966,16.390314605087042,28.721044428837228,72.85699057392776,28.23690002309109,35.691239358857274,29.057750463592832,0.29291505594957146,0.37074144170588635,0.2901555971237649,0.3723953238821935,0.3034414030770064,0.37017423652493897,-0.005479785696470594,0.02351283871158888,0.0028228698849508942,0.022566176940390956,-0.0007937649056078236,0.02209918015384651
C.1.1.4.5.1.1.3,Part 681,C.1.1.4.5.1.1,+,false,0.18561021326552146,0.28909372274994966,80.37407421506941,28.721044428837228,46.43285432830453,28.23690002309109,-53.399051539599895,29.057750463592832,0.20761213110324594,0.37074144170588635,0.23129726548037075,0.3723953238821935,0.233063851590576,0.37017423652493897,-0.015489894223154296,0.02351283871158888,-0.021740293077604673,0.022566176940390956,0.011055316450912936,0.02209918015384651
C.1.1.4.5.1.1.4,Part 682,C.1.1.4.5.1.1,+,false,0.16669526490941644,0.28909372274994966,47.57193187251687,28.721044428837228,-32.69286481663585,28.23690002309109,-92.84564526751637,29.057750463592832,0.23316409424887946,0.37074144170588635,0.24638327040536862,0.3723953238821935,0.2407007462312049,0.37017423652493897,-7.4615259516791e-5,0.02351283871158888,-0.008670388867699982,0.022566176940390956,-7.968590087718936e-5,0.02209918015384651
C.1.1.4.5.1.1.5,Part 683,C.1.1.4.5.1.1,+,false,0.786016250769142,0.28909372274994966,-49.19403796084225,28.721044428837228,-53.781661577522755,28.23690002309109,-8.823322132229805,29.057750463592832,0.9099732314839822,0.37074144170588635,1.0094120574261891,0.3723953238821935,0.8740660846495787,0.37017423652493897,0.0076688710440139,0.02351283871158888,0.051714639174203436,0.022566176940390956,-0.027952824305149584,0.02209918015384651
C.1.1.4.5.1.2,Subassembly 195,C.1.1.4.5.1,-,false,1.0938512465739623,0.6464332159373649,36.65715206062614,34.3473779032705,-54.956610181234,29.928896698254594,-31.8433258089512,31.36249635463145,1871.159916882838,3500.6780307178833,3466.9675435168056,3858.1888970418004,3731.5925912463176,4206.201642075111,147.08538756871866,2043.17236668929,-505.49650216006427,1151.1245182048563,-190.05511440477972,1088.8287350789706
C.1.1.4.5.1.2.1,Part 684,C.1.1.4.5.1.2,+,false,0.11510431311046705,0.28909372274994966,-38.319445541128516,28.721044428837228,21.279124030843377,28.23690002309109,-53.52545413188636,29.057750463592832,0.1634008557308538,0.37074144170588635,0.17583565297390666,0.3723953238821935,0.1487024348348355,0.37017423652493897,0.01227083893178895,0.02351283871158888,-0.00015273900575365985,0.022566176940390956,-0.0005596919559221888,0.02209918015384651
C.1.1.4.5.1.2.2,Part 685,C.1.1.4.5.1.2,-,false,0.48765380095737054,0.28909372274994966,88.75530292280018,28.721044428837228,-53.729676781222224,28.23690002309109,-29.083979642018676,29.057750463592832,0.6681893971636667,0.37074144170588635,0.6474488050827316,0.3723953238821935,0.7384423955373283,0.37017423652493897,0.0016882295500983567,0.02351283871158888,-0.03123287271292473,0.022566176940390956,0.011094145601315178,0.02209918015384651
C.1.1.4.5.1.2.3,Part 686,C.1.1.4.5.1.2,-,false,0.07498787941411138,0.28909372274994966,36.137044010683894,28.721044428837228,-25.958018703386188,28.23690002309109,61.00114309228957,29.057750463592832,0.08171020163059381,0.37074144170588635,0.08785904546882935,0.3723953238821935,0.07613759001625761,0.37017423652493897,-0.0013674459016115273,0.02351283871158888,0.005853186686075328,0.022566176940390956,0.007034409904021212,0.02209918015384651
C.1.1.4.5.1.2.4,Part 687,C.1.1.4.5.1.2,+,false,0.3603147188061848,0.28909372274994966,-0.9015227667987347,28.721044428837228,-80.43021969497204,28.23690002309109,-43.28553429804742,29.057750463592832,0.42328771570847906,0.37074144170588635,0.49628968896180703,0.3723953238821935,0.4152256140762518,0.37017423652493897,-0.00422843924200126,0.02351283871158888,0.017556848456288375,0.022566176940390956,0.02201346237109579,0.02209918015384651
C.1.1.4.5.1.2.5,Part 688,C.1.1.4.5.1.2,-,false,0.055790534285828475,0.28909372274994966,-20.768115622922778,28.721044428837228,-97.4263054318726,28.23690002309109,-62.12288639508188,29.057750463592832,0.06589443743307816,0.37074144170588635,0.07251637448648951,0.3723953238821935,0.07593302708954004,0.37017423652493897,0.005877918236308498,0.02351283871158888,0.0043300084157293205,0.022566176940390956,-0.0014569351338486751,0.02209918015384651
C.1.1.4.5.2,Assembly 55,C.1.1.4.5,-,false,9.042771630625706,1.1196551737036593,-18.718656673266985,11.54721690710864,-3.420792668482136,10.321602505614912,-8.304962163507389,11.293375894286438,61646.30346616947,14933.582315620686,69123.10443033713,16523.437769905417,59052.935681909235,15328.744252063418,2713.4880832666927,6904.710736190281,-7549.796155527147,7503.487725857415,-22181.27297042733,7277.0927044746695
C.1.1.4.5.2.1,Subassembly 196,C.1.1.4.5.2,-,false,2.6659425663568546,0.5781874454998993,7.834570906649998,20.198432118777628,8.419542615356958,18.193150440042213,5.866785467139913,22.210191558518737,17984.462357671175,7991.9894191678295,22033.487708698223,9018.899280889682,15432.342166208588,7086.031262227182,85.38370041125563,3423.1785377438523,-2870.663928219602,4325.399401295953,-7234.213206013152,3768.896176913372
C.1.1.4.5.2.1.1,Part 689,C.1.1.4.5.2.1,+,false,0.778733261555899,0.28909372274994966,82.77139770798385,28.721044428837228,14.387979498133063,28.23690002309109,63.029924081638455,29.057750463592832,0.9637121102912828,0.37074144170588635,0.9234867828364582,0.3723953238821935,0.9462326990280726,0.37017423652493897,0.014949304684276212,0.02351283871158888,0.01339002780609833,0.022566176940390956,0.034313812118543674,0.02209918015384651
C.1.1.4.5.2.1.2,Part 690,C.1.1.4.5.2.1,+,false,0.9568621058263816,0.28909372274994966,-33.973609656095505,28.721044428837228,59.473318979144096,28.23690002309109,48.99963201023638,29.057750463592832,1.1343299166749816,0.37074144170588635,1.2186767709521567,0.3723953238821935,1.1159097953459405,0.37017423652493897,0.013858432866820255,0.02351283871158888,-0.08543633398883976,0.022566176940390956,0.00432979193668491,0.02209918015384651
C.1.1.4.5.2.1.3,Part 691,C.1.1.4.5.2.1,+,false,0.4740491446400993,0.28909372274994966,46.819713711738586,28.721044428837228,-39.33364422991872,28.23690002309109,-93.95119771361351,29.057750463592832,0.5342479957281323,0.37074144170588635,0.5216757153673918,0.3723953238821935,0.48682968142480904,0.37017423652493897,-0.003303742435147597,0.02351283871158888,0.03916557439190065,0.022566176940390956,-0.0246545484429605,0.02209918015384651
C.1.1.4.5.2.1.4,Part 692,C.1.1.4.5.2.1,-,false,0.45629805433447473,0.28909372274994966,-72.88461932912469,28.721044428837228,-59.215825563296676,28.23690002309109,-78.43862376175821,29.057750463592832,0.5405471609747734,0.37074144170588635,0.6351644818589913,0.3723953238821935,0.5921371356326721,0.37017423652493897,-0.061133062137915146,0.02351283871158888,0.0029286774257625105,0.022566176940390956,0.025116439907442695,0.02209918015384651
C.1.1.4.5.2.2,Subassembly 197,C.1.1.4.5.2,-,false,0.9616291496527847,0.5007250159521434,-42.05834270900924,47.65996855078619,-3.530261643557246,28.666133305848682,-25.774358342464563,20.81883391048723,992.6765598733474,1472.4289461316025,4726.758932039553,5589.536659193709,5570.230044796901,6715.861295060976,1639.402090381253,2706.347863225208,-53.56786554237995,1140.4176846676555,-139.0350399432104,458.2957853153155
C.1.1.4.5.2.2.1,Part 693,C.1.1.4.5.2.2,-,false,0.176639727151487,0.28909372274994966,90.512166172266,28.721044428837228,-67.1765451785177,28.23690002309109,-32.116163754835725,29.057750463592832,0.1964134101628636,0.37074144170588635,0.18249680480064884,0.3723953238821935,0.21192236259477626,0.37017423652493897,-0.006972638532967788,0.02351283871158888,-0.0007993330649466419,0.022566176940390956,0.014203366189068386,0.02209918015384651
C.1.1.4.5.2.2.2,Part 694,C.1.1.4.5.2.2,-,false,0.1732897980902344,0.28909372274994966,-10.115628223866224,28.721044428837228,24.359602946788073,28.23690002309109,-7.20491842366755,29.057750463592832,0.19225071350698547,0.37074144170588635,0.18519781290997242,0.3723953238821935,0.22102352453135873,0.37017423652493897,0.0038856935081703872,0.02351283871158888,-0.0019131659232851856,0.022566176940390956,-0.011870926596134954,0.02209918015384651
C.1.1.4.5.2.2.3,Part 695,C.1.1.4.5.2.2,-,false,0.6116996244110633,0.28909372274994966,-89.3896862398833,28.721044428837228,6.947811087593436,28.23690002309109,-29.203622695058584,29.057750463592832,0.7437495047419891,0.37074144170588635,0.7286839268660732,0.3723953238821935,0.6947609493181452,0.37017423652493897,-0.0007689128615830149,0.02351283871158888,0.001688171696741651,0.022566176940390956,0.02713605064301431,0.02209918015384651
C.1.1.4.5.2.3,Subassembly 198,C.1.1.4.5.2,-,false,3.676936066599796,0.6464332159373649,-30.77021013101756,16.668161878971315,-33.293401418272154,15.585080906763707,-48.76709547104983,14.955257553405929,15174.659455284687,7341.4915189901785,20160.056014089736,8541.96121145246,23060.939172149825,9164.458434907858,3375.5087640308084,4059.1372417869848,-2824.899868763395,3747.509873759252,-5559.970587795742,3641.2254992678363
C.1.1.4.5.2.3.1,Part 696,C.1.1.4.5.2.3,+,false,0.6614907957387622,0.28909372274994966,-43.55907682329416,28.721044428837228,-15.579560492187738,28.23690002309109,-65.22868028841913,29.057750463592832,0.9727921600997239,0.37074144170588635,0.924180403152381,0.3723953238821935,0.8204448402397868,0.37017423652493897,-0.11269090499769062,0.02351283871158888,-0.009794734069918251,0.022566176940390956,-0.010126621874253807,0.02209918015384651
C.1.1.4.5.2.3.2,Part 697,C.1.1.4.5.2.3,+,false,0.7561861641407013,0.28909372274994966,83.52324776351452,28.721044428837228,-76.49587052874267,28.23690002309109,-39.48756381869316,29.057750463592832,0.8969279359394727,0.37074144170588635,0.9597142287606878,0.3723953238821935,1.1408890955432698,0.37017423652493897,-0.022682979675318883,0.02351283871158888,-0.011863204884777661,0.022566176940390956,0.02362798455896486,0.02209918015384651
C.1.1.4.5.2.3.3,Part 698,C.1.1.4.5.2.3,+,false,0.6198430245679337,0.28909372274994966,-46.22788834385574,28.721044428837228,-80.63847618177533,28.23690002309109,-69.16550188325346,29.057750463592832,0.8143033547565512,0.37074144170588635,0.8159492862870545,0.3723953238821935,0.7647472353363632,0.37017423652493897,-0.036055034929605496,0.02351283871158888,-0.0017598684973048487,0.022566176940390956,-0.0053525253364198385,0.02209918015384651
C.1.1.4.5.2.3.4,Part 699,C.1.1.4.5.2.3,-,false,0.9360021412963979,0.28909372274994966,-94.25285863690078,28.721044428837228,-47.94981596060097,28.23690002309109,-88.74891842715442,29.057750463592832,1.034879848746387,0.37074144170588635,1.053463114362619,0.3723953238821935,1.1720665682033824,0.37017423652493897,0.11517385564587376,0.02351283871158888,-0.03666029813430868,0.022566176940390956,0.02651653028966892,0.02209918015384651
C.1.1.4.5.2.3.5,Part 700,C.1.1.4.5.2.3,-,false,0.7034139408560004,0.28909372274994966,-43.51687952876091,28.721044428837228,57.71491201594472,28.23690002309109,27.91465916670859,29.057750463592832,0.817711499665778,0.37074144170588635,0.8675304354241302,0.3723953238821935,0.8085704785353787,0.37017423652493897,0.016806881986910507,0.02351283871158888,-0.006094909929318314,0.022566176940390956,-0.023328592166564986,0.02209918015384651
C.1.1.4.5.2.4,Subassembly 199,C.1.1.4.5.2,-,false,1.7382638480162713,0.5007250159521434,-21.03848037609035,23.808000692493174,41.66976555101154,21.415986144484187,65.21361948347402,20.866552394712034,4061.382457827249,3256.277007631926,3011.8840994660586,3439.112265662882,4853.38360776387,3818.1456769551455,-404.266989783952,1506.1239210868425,1091.1589200236785,1512.1685249441923,1407.8068215317528,1572.2260222099812
C.1.1.4.5.2.4.1,Part 701,C.1.1.4.5.2.4,+,false,0.21574145847093315,0.28909372274994966,66.00678227841854,28.721044428837228,45.6171250436455,28.23690002309109,21.227593533694744,29.057750463592832,0.31183894636364573,0.37074144170588635,0.3431571151566759,0.3723953238821935,0.3032670903373876,0.37017423652493897,0.021770134391957525,0.02351283871158888,0.00259655354499567,0.022566176940390956,-0.0007534296556114815,0.02209918015384651
C.1.1.4.5.2.4.2,Part 702,C.1.1.4.5.2.4,-,false,0.952474264848046,0.28909372274994966,-37.06433824263513,28.721044428837228,7.076812628656626,28.23690002309109,87.21284228377044,29.057750463592832,0.891986830749284,0.37074144170588635,0.8684200016430845,0.3723953238821935,0.8690985685725223,0.37017423652493897,0.0016582478297530044,0.02351283871158888,0.004895732437623076,0.022566176940390956,0.000360654029876336,0.02209918015384651
C.1.1.4.5.2.4.3,Part 703,C.1.1.4.5.2.4,-,false,0.5700481246972923,0.28909372274994966,-27.204722445458174,28.721044428837228,97.97604377381504,28.23690002309109,45.102889044210315,29.057750463592832,0.8122376664768497,0.37074144170588635,0.8027276521243892,0.3723953238821935,0.8276223382317585,0.37017423652493897,-0.00364346393596255,0.02351283871158888,0.020482219314112825,0.022566176940390956,-0.003240294290503124,0.02209918015384651
C.1.1.4.5.3,Assembly 56,C.1.1.4.5,-,false,5.030240003043786,1.0014500319042867,0.731550634975887,16.602085691926177,-42.75093589825313,14.537065688258783,-6.191969492272626,15.960728850667424,20228.069636625474,10889.456527700853,29430.486212730233,12630.216847317955,28537.739380113453,11854.130788247676,-3559.71267695613,5543.3274736730355,2552.1631708239397,5756.720247428165,-3352.1535690822966,4808.388329145172
C.1.1.4.5.3.1,Subassembly 200,C.1.1.4.5.3,-,false,1.8694034173726104,0.5781874454998993,-53.00946301330481,19.795396702684943,-57.35936087499651,22.05034951880619,-22.974008309060974,22.300060722953585,1779.0852201621321,3456.2897502622027,2674.287684487019,2845.752584427591,1424.1653623293241,2629.183146573623,58.051823353989484,1002.4974077308185,807.4975417087376,1335.9080829560864,183.73310650368484,1656.031796349026
C.1.1.4.5.3.1.1,Part 704,C.1.1.4.5.3.1,-,false,0.6181363071794622,0.28909372274994966,-88.38436212390661,28.721044428837228,-54.767060512676835,28.23690002309109,0.7699199020862579,29.057750463592832,0.7105811457485497,0.37074144170588635,0.7058748745836105,0.3723953238821935,0.8218448367932933,0.37017423652493897,-0.0024425930359994723,0.02351283871158888,0.05619118465805949,0.022566176940390956,0.007311057667664491,0.02209918015384651
C.1.1.4.5.3.1.2,Part 705,C.1.1.4.5.3.1,+,false,0.01861351730534807,0.28909372274994966,-28.513810643926263,28.721044428837228,21.655534906312823,28.23690002309109,36.31605035625398,29.057750463592832,0.022980722775626284,0.37074144170588635,0.023646280808303666,0.3723953238821935,0.020702241025586227,0.37017423652493897,0.001743042595745284,0.02351283871158888,-0.0009144028456923883,0.022566176940390956,-5.6003885499551e-5,0.02209918015384651
C.1.1.4.5.3.1.3,Part 706,C.1.1.4.5.3.1,-,false,0.24543188220774756,0.28909372274994966,-38.11907307244837,28.721044428837228,-80.86219783872366,28.23690002309109,18.341547856107354,29.057750463592832,0.2960881970694699,0.37074144170588635,0.2820275713494834,0.3723953238821935,0.26660346410223534,0.37017423652493897,0.0014772203017352108,0.02351283871158888,0.007203635064748598,0.022566176940390956,0.020799571811916773,0.02209918015384651
C.1.1.4.5.3.1.4,Part 707,C.1.1.4.5.3.1,+,false,0.9872217106800526,0.28909372274994966,-35.02365229651332,28.721044428837228,-54.62926956824958,28.23690002309109,-49.230253556743264,29.057750463592832,1.311390835126343,0.37074144170588635,1.3590790973440527,0.3723953238821935,1.2927278947398129,0.37017423652493897,0.020626965163901993,0.02351283871158888,-0.05513576322599253,0.022566176940390956,0.13572115752784122,0.02209918015384651
C.1.1.4.5.3.2,Subassembly 201,C.1.1.4.5.3,-,false,1.336515749156708,0.5007250159521434,43.30089803403201,30.200268034889316,-34.004127854517954,31.856381929411366,-13.429492717362214,28.153431302501648,4266.3686372244865,6444.746122091879,2879.4000472461785,6108.695095236922,4641.645206333791,7160.611367853758,1130.0621448940585,3572.731410472714,1243.733974176817,3030.813718563388,-1681.908331715359,3191.894777359033
C.1.1.4.5.3.2.1,Part 708,C.1.1.4.5.3.2,-,false,0.5766528496164829,0.28909372274994966,63.95033188164234,28.721044428837228,-8.190266601741314,28.23690002309109,-14.481313759461045,29.057750463592832,0.734019955825562,0.37074144170588635,0.7977772828222424,0.3723953238821935,0.6566883170093378,0.37017423652493897,-0.050267614553132646,0.02351283871158888,0.020581594802523813,0.022566176940390956,-0.020762292104751327,0.02209918015384651
C.1.1.4.5.3.2.2,Part 709,C.1.1.4.5.3.2,-,false,0.11901163538405672,0.28909372274994966,-64.35482897795737,28.721044428837228,75.11381502263248,28.23690002309109,81.48970929905772,29.057750463592832,0.1444977929943766,0.37074144170588635,0.15691711235480899,0.3723953238821935,0.15886247791679445,0.37017423652493897,0.004017344344703303,0.02351283871158888,-0.002251255957500059,0.022566176940390956,0.0015117292708002733,0.02209918015384651
C.1.1.4.5.3.2.3,Part 710,C.1.1.4.5.3.2,+,false,0.6408512641561683,0.28909372274994966,44.71265971660614,28.721044428837228,-77.49618762172759,28.23690002309109,-30.110358400270343,29.057750463592832,0.7779300632193954,0.37074144170588635,0.7586447735828574,0.3723953238821935,0.8495913707678654,0.37017423652493897,-0.08973762475708297,0.02351283871158888,0.03242582577274904,0.022566176940390956,-0.03169693861486331,0.02209918015384651
C.1.1.4.5.3.3,Subassembly 202,C.1.1.4.5.3,-,false,1.8243208365144676,0.6464332159373649,24.613880138071963,26.388422285526712,-34.189507142939476,22.69475333032914,16.30706887217688,29.889819497661737,12027.716846589996,7354.614038578648,13495.299481468315,8258.417920277163,12975.501580356062,6528.841417766516,-2409.5518458303263,2635.1413862762747,2755.4015652127396,3290.600609781414,-1128.8775937697371,2831.0773773808296
C.1.1.4.5.3.3.1,Part 711,C.1.1.4.5.3.3,-,false,0.5243686088677496,0.28909372274994966,77.82237767241895,28.721044428837228,50.653414241969585,28.23690002309109,24.862894974648952,29.057750463592832,0.49970700822072517,0.37074144170588635,0.6667928010168054,0.3723953238821935,0.6677517834265364,0.37017423652493897,0.011275203244257423,0.02351283871158888,-0.04956096849399768,0.022566176940390956,0.0037794841444387553,0.02209918015384651
C.1.1.4.5.3.3.2,Part 712,C.1.1.4.5.3.3,+,false,0.48151264068833555,0.28909372274994966,28.952090302482247,28.721044428837228,-74.66428801417351,28.23690002309109,68.38612584397197,29.057750463592832,0.6724347046816052,0.37074144170588635,0.6909920992351701,0.3723953238821935,0.6457045914620532,0.37017423652493897,0.03989488917460356,0.02351283871158888,0.01916526523264779,0.022566176940390956,-0.021892412248756182,0.02209918015384651
C.1.1.4.5.3.3.3,Part 713,C.1.1.4.5.3.3,+,false,0.4320334558309987,0.28909372274994966,-82.25429663434625,28.721044428837228,-49.94864575564861,28.23690002309109,45.12386843562126,29.057750463592832,0.5504236931337213,0.37074144170588635,0.5954264153655042,0.3723953238821935,0.5897405377989049,0.37017423652493897,-0.02403321325698159,0.02351283871158888,-0.022635029975796445,0.022566176940390956,-0.05257036239153015,0.02209918015384651
C.1.1.4.5.3.3.4,Part 714,C.1.1.4.5.3.3,-,false,0.11030147460312582,0.28909372274994966,93.77060569822788,28.721044428837228,-43.02244698628783,28.23690002309109,-95.5415905918926,29.057750463592832,0.13421399962043973,0.37074144170588635,0.13585396760505633,0.3723953238821935,0.1324101159940624,0.37017423652493897,0.002863968184362945,0.02351283871158888,0.004003239108246807,0.022566176940390956,-0.0014841627506211623,0.02209918015384651
C.1.1.4.5.3.3.5,Part 715,C.1.1.4.5.3.3,+,false,0.27610465652425775,0.28909372274994966,55.59043143875897,28.721044428837228,-96.5466033667326,28.23690002309109,-91.17348100990057,29.057750463592832,0.37362899423571533,0.37074144170588635,0.3594112917653221,0.3723953238821935,0.30049652543813105,0.37017423652493897,0.0020822286970982053,0.02351283871158888,-0.009048158731498458,0.022566176940390956,0.013549022159672273,0.02209918015384651
C.1.1.4.5.4,Assembly 57,C.1.1.4.5,-,false,8.592073787213769,1.1196551737036593,-4.051314702556611,13.363140186543205,2.4673977219587675,12.576042362513597,-9.001614382634596,11.584510132882068,52915.09684042675,16362.231401656707,52959.70002681116,17619.34772276131,57554.51509030698,19556.73318211548,-16463.670194558992,8592.738198592262,-1888.0196977994556,7255.136480485335,-3358.828201401711,7902.556671193797
C.1.1.4.5.4.1,Subassembly 203,C.1.1.4.5.4,-,false,1.9479303613349328,0.5007250159521434,-54.507058224005995,30.062527282741545,-39.783735212006285,23.23423775307186,-14.66707932478697,21.57375027980886,1513.3203086318424,3659.5979568523185,3690.652230645854,8201.28014506762,4210.776094309152,9435.672890679225,-1753.295208255212,4147.325038427564,-1241.0547891495594,2933.783948867018,-707.518146904729,1721.9966813638534
C.1.1.4.5.4.1.1,Part 716,C.1.1.4.5.4.1,-,false,0.9259354616964701,0.28909372274994966,-51.72942406497896,28.721044428837228,-43.71386934071779,28.23690002309109,-16.282848082482815,29.057750463592832,1.0924638848352082,0.37074144170588635,1.211918824464876,0.3723953238821935,1.271129048401201,0.37017423652493897,0.006718772955328196,0.02351283871158888,0.02603137210770866,0.022566176940390956,0.03153346825570205,0.02209918015384651
C.1.1.4.5.4.1.2,Part 717,C.1.1.4.5.4.1,-,false,0.9072328777022194,0.28909372274994966,-76.86035190708935,28.721044428837228,-47.28317493572831,28.23690002309109,-20.996416732668877,29.057750463592832,1.2367202334305931,0.37074144170588635,1.2286135826014641,0.3723953238821935,1.034130595483409,0.37017423652493897,0.0024152447610838717,0.02351283871158888,-0.015981770434105085,0.022566176940390956,0.039729520205721056,0.02209918015384651
C.1.1.4.5.4.1.3,Part 718,C.1.1.4.5.4.1,-,false,0.1147620219362434,0.28909372274994966,99.79253225028515,28.721044428837228,51.211427338421345,28.23690002309109,48.40501071885228,29.057750463592832,0.12662861052477048,0.37074144170588635,0.1600645038280774,0.3723953238821935,0.14479687869142938,0.37017423652493897,-0.008291928043095746,0.02351283871158888,-1.8345692514096145e-5,0.022566176940390956,0.0021275951646355174,0.02209918015384651
C.1.1.4.5.4.2,Subassembly 204,C.1.1.4.5.4,-,false,2.942194352627732,0.6464332159373649,5.242143091199958,16.76759741515106,59.48363924493132,20.499494590316594,19.8939121436059,21.525683931871722,15659.58990661004,10016.065363162095,13947.409262756286,7464.90178860099,5338.785813945078,6005.435557455286,-174.0462933182655,2032.932021031025,-4061.0227727202932,3395.052798445443,1404.9050611423704,4747.331018570032
C.1.1.4.5.4.2.1,Part 719,C.1.1.4.5.4.2,-,false,0.028702711908379572,0.28909372274994966,24.50151718221605,28.721044428837228,79.14099269546568,28.23690002309109,50.49227578565478,29.057750463592832,0.036951328468088664,0.37074144170588635,0.03882815193442854,0.3723953238821935,0.0373987646627077,0.37017423652493897,-0.0028158179495523837,0.02351283871158888,0.0005120233063638329,0.022566176940390956,-0.0005901302212767127,0.02209918015384651
C.1.1.4.5.4.2.2,Part 720,C.1.1.4.5.4.2,-,false,0.928666933874134,0.28909372274994966,8.624161453917623,28.721044428837228,30.25789698585868,28.23690002309109,74.44659322500229,29.057750463592832,0.8939526394370166,0.37074144170588635,0.9895436094298773,0.3723953238821935,1.058939498548267,0.37017423652493897,-0.06481420555728551,0.02351283871158888,0.023580854704829582,0.022566176940390956,0.04182024600706466,0.02209918015384651
C.1.1.4.5.4.2.3,Part 721,C.1.1.4.5.4.2,+,false,0.9005303944807965,0.28909372274994966,36.270047817379236,28.721044428837228,77.9579265974462,28.23690002309109,63.555475417524576,29.057750463592832,1.0151262404443149,0.37074144170588635,1.19067801315242,0.3723953238821935,1.0297584526064287,0.37017423652493897,-0.02691426775585533,0.02351283871158888,-0.007695531168624236,0.022566176940390956,-0.05802696207369526,0.02209918015384651
C.1.1.4.5.4.2.4,Part 722,C.1.1.4.5.4.2,+,false,0.9725461800792254,0.28909372274994966,-23.739759856835008,28.721044428837228,84.33448066934943,28.23690002309109,-62.785498797893524,29.057750463592832,1.135198949647473,0.37074144170588635,1.0366610196989163,0.3723953238821935,1.034243141762496,0.37017423652493897,0.04517955457035574,0.02351283871158888,-0.052405426816877675,0.022566176940390956,0.02511730996482605,0.02209918015384651
C.1.1.4.5.4.2.5,Part 723,C.1.1.4.5.4.2,-,false,0.11174813228519634,0.28909372274994966,-25.62098721973598,28.721044428837228,-67.84275793470442,28.23690002309109,-73.60694906674325,29.057750463592832,0.1268050948982667,0.37074144170588635,0.1285769699437629,0.3723953238821935,0.12524686835849153,0.37017423652493897,-0.0006688257820647342,0.02351283871158888,0.014219180141157113,0.022566176940390956,-0.004739797753517275,0.02209918015384651
C.1.1.4.5.4.3,Subassembly 205,C.1.1.4.5.4,-,false,1.4516685543609784,0.5007250159521434,44.929616552389945,34.781952032180754,-20.225508124202058,28.844735519315964,-7.5116079556919795,23.73258667804116,4724.532412570125,3851.6616322776003,4284.660487020742,5447.681403824892,6888.362927793647,6783.1456683379465,-2548.230205613605,2907.7301847647154,-1745.7181266039615,1798.6324588135908,-1813.5807200689105,1794.9947393601608
C.1.1.4.5.4.3.1,Part 724,C.1.1.4.5.4.3,+,false,0.4168300075104926,0.28909372274994966,-14.283385733142495,28.721044428837228,-99.07091353088617,28.23690002309109,-48.003824427723885,29.057750463592832,0.5497097266084952,0.37074144170588635,0.4692175753310004,0.3723953238821935,0.5430888928451009,0.37017423652493897,0.03498809085352045,0.02351283871158888,-0.014878268435043179,0.022566176940390956,-0.04478471650908063,0.02209918015384651
C.1.1.4.5.4.3.2,Part 725,C.1.1.4.5.4.3,+,false,0.05277869777567685,0.28909372274994966,-76.45711689256132,28.721044428837228,34.03611145913601,28.23690002309109,-33.76581915654242,29.057750463592832,0.07567515528552089,0.37074144170588635,0.07567744386322818,0.3723953238821935,0.08759773308281037,0.37017423652493897,1.1607197599555166e-6,0.02351283871158888,0.00017214346146315752,0.022566176940390956,-0.00015290859179811018,0.02209918015384651
C.1.1.4.5.4.3.3,Part 726,C.1.1.4.5.4.3,+,false,0.9820598490748089,0.28909372274994966,76.58592541702092,28.721044428837228,10.32382482662797,28.23690002309109,11.086071189492941,29.057750463592832,1.2352330856583003,0.37074144170588635,1.319911151793171,0.3723953238821935,1.2463314898424065,0.37017423652493897,0.056891119545845095,0.02351283871158888,-0.05919706189432759,0.022566176940390956,0.07792969714656524,0.02209918015384651
C.1.1.4.5.4.4,Subassembly 206,C.1.1.4.5.4,-,false,2.2502805188901256,0.5781874454998993,-4.123733226722783,26.2700791975108,-20.86659148932034,20.457073333100222,-42.838870949720636,20.857621879208253,10904.051029700639,6038.97977173752,17242.286614847286,8362.061031059462,17405.92971697631,8330.03144805456,-7886.227957994629,3936.4954541843454,6618.156800184548,3921.4195129327327,4798.596263275697,2971.9983879716883
C.1.1.4.5.4.4.1,Part 727,C.1.1.4.5.4.4,-,false,0.9679883005630691,0.28909372274994966,-23.69741532020271,28.721044428837228,-28.017089562490582,28.23690002309109,-62.21753763966262,29.057750463592832,1.3383063645782607,0.37074144170588635,1.255114206859061,0.3723953238821935,1.2460074778371693,0.37017423652493897,0.06867246262344523,0.02351283871158888,-0.06883853919434785,0.022566176940390956,0.07667324795403546,0.02209918015384651
C.1.1.4.5.4.4.2,Part 728,C.1.1.4.5.4.4,-,false,0.5458135985324625,0.28909372274994966,-97.94251257553697,28.721044428837228,-88.97118531167507,28.23690002309109,41.8939096853137,29.057750463592832,0.5382167557069855,0.37074144170588635,0.6619471992858849,0.3723953238821935,0.6689725073341343,0.37017423652493897,0.03512038716917919,0.02351283871158888,0.059161951153099884,0.022566176940390956,-0.02083720483697001,0.02209918015384651
C.1.1.4.5.4.4.3,Part 729,C.1.1.4.5.4.4,-,false,0.6791087179814931,0.28909372274994966,92.34358565881848,28.721044428837228,44.98140406794846,28.23690002309109,-82.79626253060997,29.057750463592832,0.9166713651258287,0.37074144170588635,0.9950820915552686,0.3723953238821935,0.8846571007402796,0.37017423652493897,-0.05896341081210538,0.02351283871158888,0.0010311795524071917,0.022566176940390956,-0.0072754479997270355,0.02209918015384651
C.1.1.4.5.4.4.4,Part 730,C.1.1.4.5.4.4,-,false,0.057369901813101025,0.28909372274994966,76.80482738651335,28.721044428837228,-31.74225827679038,28.23690002309109,-49.01925986632705,29.057750463592832,0.06952625605585436,0.37074144170588635,0.08069026843191593,0.3723953238821935,0.06871774520129935,0.37017423652493897,0.005131710382125855,0.02351283871158888,0.00023080825890815342,0.022566176940390956,0.0007136671413002496,0.02209918015384651
C.1.2,Segment 2,C.1,-,false,266.3865596487843,6.699244132471146,-1.5287156843419805,2.142504440485087,-1.602139923411377,2.099954289911099,0.6943022415077745,2.132440048978046,1.7589621376963435e6,86341.37744085681,1.7776342141295988e6,88008.50895984579,1.7628787556889555e6,87517.1937377702,-19969.6188961804,40512.885604667106,-22222.91470757852,40934.36241274292,-44886.683826933295,40579.63336983919
C.1.2.1,Element 5,C.1.2,-,false,92.11771942176436,3.921458047480574,-0.9899767172142269,3.7040338771264585,-0.40209260467488867,3.4785584273251517,-2.46618940387303,3.640706871042598,581928.498839205,48677.96569695046,642466.3321320936,54131.56157075486,574392.7412442162,51052.85021413074,12446.310332638699,23217.02876921234,5351.939952034734,25005.815215402854,-11841.401293655188,22810.483373418756
C.1.2.1.1,Subsystem 16,C.1.2.1,-,false,24.84054889836488,1.9819267103177565,-10.659355322243258,6.898342504254546,1.6325081484234196,6.165335724960494,-11.40889281612488,7.372131267871263,167612.17161635612,25260.237764318576,189794.86231765818,29189.97936888452,130926.06476349535,23260.18642141626,-6688.052580646998,10715.893586454526,23739.18880972491,13642.626986189827,-644.7822551584895,11713.936533339807
C.1.2.1.1.1,Assembly 58,C.1.2.1.1,-,false,4.50699752832111,0.8672811682498489,-12.806800302346216,17.30201792820827,17.446850983387417,14.308573062048657,-13.7621833679598,18.027880630890337,32088.43693847803,10642.066243791009,31771.24128126083,12823.925387838362,20009.699877105253,9782.310123666222,-87.87611306424242,4031.330455617396,11744.722596098582,5914.589666031073,3619.0990125372823,5096.283011914762
C.1.2.1.1.1.1,Subassembly 207,C.1.2.1.1.1,-,false,1.1447987995315343,0.5007250159521434,-44.03993237401911,40.105000434284065,-14.337081307710639,25.798572990548802,-0.3937326350292246,39.90228787277825,8907.737632064858,5751.769153159397,9900.932576300358,8058.624278895026,5088.253889560365,5570.618010488907,-1871.0176456873646,1541.7789405336814,3968.2994906523327,3487.0211841417754,3668.6539656123987,2576.9195760278026
C.1.2.1.1.1.1.1,Part 731,C.1.2.1.1.1.1,+,false,0.6804637058416847,0.28909372274994966,-82.76614844799042,28.721044428837228,-47.76298082433641,28.23690002309109,63.294122368097305,29.057750463592832,0.7629432285981665,0.37074144170588635,0.8421712701444337,0.3723953238821935,0.7932281294553125,0.37017423652493897,-0.040747429195994375,0.02351283871158888,0.07982067472193621,0.022566176940390956,-0.03702446897993501,0.02209918015384651
C.1.2.1.1.1.1.2,Part 732,C.1.2.1.1.1.1,+,false,0.0872471402049996,0.28909372274994966,82.55250179208815,28.721044428837228,-5.411630170419812,28.23690002309109,-71.15427576936781,29.057750463592832,0.11257619230429793,0.37074144170588635,0.1246403998381112,0.3723953238821935,0.11991330708654552,0.37017423652493897,-0.0032220311242106107,0.02351283871158888,0.0026909518310395584,0.022566176940390956,-0.0017268308576099392,0.02209918015384651
C.1.2.1.1.1.1.3,Part 733,C.1.2.1.1.1.1,-,false,0.37708795348485,0.28909372274994966,-3.4473955165594816,28.721044428837228,43.91561853699386,28.23690002309109,-98.94797829911113,29.057750463592832,0.49265900196150153,0.37074144170588635,0.3794068111394347,0.3723953238821935,0.46816149458660183,0.37017423652493897,0.022108336751683156,0.02351283871158888,-0.010211977595304967,0.022566176940390956,0.04406619851694948,0.02209918015384651
C.1.2.1.1.1.2,Subassembly 208,C.1.2.1.1.1,-,false,1.4672204708249774,0.40884026350990615,-1.6252680653858438,20.73832809344051,54.648169069729015,22.204372281831247,-20.8694310305034,26.08279899857504,5689.374876836684,4084.726184441792,4330.357589708461,3498.802247289625,1463.5897409464792,1876.1059678293623,-269.5826294992185,927.1531871412849,469.4951513862253,1596.6615385159196,2456.2458343274316,1966.5752788946656
C.1.2.1.1.1.2.1,Part 734,C.1.2.1.1.1.2,+,false,0.5951115685270634,0.28909372274994966,5.548908468335867,28.721044428837228,92.18274871818721,28.23690002309109,-86.23134288936853,29.057750463592832,0.6239526384625814,0.37074144170588635,0.5989152296145334,0.3723953238821935,0.6269662989457233,0.37017423652493897,-0.004337172890690839,0.02351283871158888,0.021114383488938397,0.022566176940390956,0.016508367062713213,0.02209918015384651
C.1.2.1.1.1.2.2,Part 735,C.1.2.1.1.1.2,+,false,0.872108902297914,0.28909372274994966,-6.520798243582249,28.721044428837228,29.035241017118096,28.23690002309109,23.73237246647477,29.057750463592832,0.8805630776543457,0.37074144170588635,0.8999397241871576,0.3723953238821935,0.8894808707558973,0.37017423652493897,-0.017241277974757066,0.02351283871158888,-0.03328122971330339,0.022566176940390956,0.02604022754460038,0.02209918015384651
C.1.2.1.1.1.3,Subassembly 209,C.1.2.1.1.1,-,false,1.8949782579645982,0.5781874454998993,-2.5956651472721464,27.657235034837143,7.84445695578734,21.820146288829996,-16.33545146138166,28.880550093251983,13838.302182002088,7133.469926324677,15750.909282592322,8673.291475711923,8598.302002103695,6316.270114605727,3613.690603525894,2812.4348683749067,6662.537962241764,4154.044581829072,-3333.3355775294303,3282.5604408086615
C.1.2.1.1.1.3.1,Part 736,C.1.2.1.1.1.3,+,false,0.008498315708246083,0.28909372274994966,95.8209665492177,28.721044428837228,10.03832914866507,28.23690002309109,-85.71276320144534,29.057750463592832,0.01010350024606598,0.37074144170588635,0.00820784706025794,0.3723953238821935,0.010515066389495425,0.37017423652493897,0.00023126819134562212,0.02351283871158888,0.00012528071019289914,0.022566176940390956,0.0004255321773142125,0.02209918015384651
C.1.2.1.1.1.3.2,Part 737,C.1.2.1.1.1.3,+,false,0.4892256704615429,0.28909372274994966,17.618257645517588,28.721044428837228,27.53212545067072,28.23690002309109,-96.17204638198018,29.057750463592832,0.4969958259508533,0.37074144170588635,0.5265120312163792,0.3723953238821935,0.5355846342958775,0.37017423652493897,0.0190510341032654,0.02351283871158888,0.008945837549478563,0.022566176940390956,0.0060182447598878894,0.02209918015384651
C.1.2.1.1.1.3.3,Part 738,C.1.2.1.1.1.3,-,false,0.4114048428549431,0.28909372274994966,81.30457135848701,28.721044428837228,-71.8050632160157,28.23690002309109,-91.16176166571677,29.057750463592832,0.44402303017076217,0.37074144170588635,0.4763219719018769,0.3723953238821935,0.41585003026945555,0.37017423652493897,-0.02162839523967402,0.02351283871158888,-0.053712151596749094,0.022566176940390956,-0.014969335860785337,0.02209918015384651
C.1.2.1.1.1.3.4,Part 739,C.1.2.1.1.1.3,+,false,0.9858494289398659,0.28909372274994966,-48.487570974975824,28.721044428837228,31.294124433770776,28.23690002309109,55.107109947130084,29.057750463592832,1.1757576125781801,0.37074144170588635,1.0082079378489615,0.3723953238821935,1.1376475595997482,0.37017423652493897,-0.07972945487492622,0.02351283871158888,-0.03983517562227505,0.022566176940390956,0.049635722526859744,0.02209918015384651
C.1.2.1.1.2,Assembly 59,C.1.2.1.1,-,false,5.13017081810208,0.8176805270198123,-8.007885434157341,13.687610307129285,0.8685283252615729,13.315111437729428,-0.276442092053057,14.069702089806293,25530.20097694342,8852.851925190065,29201.620159628736,9672.244242073693,25069.712167157282,8700.558055384721,549.5944825542019,4286.305817453788,-540.4479890629996,4813.477759078484,-2268.920651323839,4124.315049184119
C.1.2.1.1.2.1,Subassembly 210,C.1.2.1.1.2,-,false,1.783695446806494,0.5781874454998993,34.33685146129769,19.68876455984951,-10.625399669557105,23.556908881900302,8.61849268244936,25.58294412738883,12706.065132622864,6189.560283640648,11121.606095186211,5819.78593330799,7707.4904583382,4583.840599500848,10.32620297719231,1956.4071794594902,4881.588460485842,2763.36075262285,676.9372524037088,2633.8717202402545
C.1.2.1.1.2.1.1,Part 740,C.1.2.1.1.2.1,-,false,0.3524647980094887,0.28909372274994966,17.589840944856405,28.721044428837228,-98.27087316662073,28.23690002309109,38.97576960735023,29.057750463592832,0.4258627296014497,0.37074144170588635,0.4110435441094528,0.3723953238821935,0.4137752782792825,0.37017423652493897,-0.002382145990967037,0.02351283871158888,0.007633384612226931,0.022566176940390956,0.00929356051204898,0.02209918015384651
C.1.2.1.1.2.1.2,Part 741,C.1.2.1.1.2.1,-,false,0.3731747709093615,0.28909372274994966,-11.087685823440552,28.721044428837228,57.89243211038411,28.23690002309109,62.26490465924144,29.057750463592832,0.3509286307150823,0.37074144170588635,0.35218270227074583,0.3723953238821935,0.3515830593384509,0.37017423652493897,0.0048160232423513066,0.02351283871158888,0.0008138250968522599,0.022566176940390956,-0.0017294838101161493,0.02209918015384651
C.1.2.1.1.2.1.3,Part 742,C.1.2.1.1.2.1,+,false,0.7001743357286323,0.28909372274994966,84.57673550583422,28.721044428837228,3.156300587579608,28.23690002309109,-73.20337975397706,29.057750463592832,1.0666391176590142,0.37074144170588635,0.9689360931603728,0.3723953238821935,1.0040021375078358,0.37017423652493897,0.01753679927963258,0.02351283871158888,0.061439194178128806,0.022566176940390956,-0.02060570819559051,0.02209918015384651
C.1.2.1.1.2.1.4,Part 743,C.1.2.1.1.2.1,+,false,0.3578815421590116,0.28909372274994966,-0.09536426514387131,28.721044428837228,-22.71536346524954,28.23690002309109,82.86153981462121,29.057750463592832,0.4564375566026807,0.37074144170588635,0.46100574731399746,0.3723953238821935,0.5164296956069518,0.37017423652493897,0.0018357401942787263,0.02351283871158888,0.018394305828290897,0.022566176940390956,-0.02495232358022128,0.02209918015384651
C.1.2.1.1.2.2,Subassembly 211,C.1.2.1.1.2,-,false,1.4966696552748324,0.40884026350990615,17.195259688754664,20.430103958596156,9.115250902588137,23.18643071793659,30.768182174901156,24.1271273062732,5746.8082641519395,4081.6150916048978,3103.8238899369467,2922.177011557226,2694.385545797264,2636.529569341302,257.8567164348731,1285.3488056436813,276.78445025245617,1379.9733840917597,-2865.01829557475,2036.4815862349378
C.1.2.1.1.2.2.1,Part 744,C.1.2.1.1.2.2,-,false,0.6776843973651994,0.28909372274994966,21.6790278442204,28.721044428837228,-37.29653721675277,28.23690002309109,-19.07854271121323,29.057750463592832,0.9764823301807641,0.37074144170588635,0.9432967659398266,0.3723953238821935,0.8389583984732274,0.37017423652493897,0.03668961292485377,0.02351283871158888,0.02635295473512606,0.022566176940390956,0.0019964469050437164,0.02209918015384651
C.1.2.1.1.2.2.2,Part 745,C.1.2.1.1.2.2,-,false,0.8189852579096332,0.28909372274994966,13.485083356499672,28.721044428837228,47.51953762024641,28.23690002309109,72.01477042399347,29.057750463592832,0.9866077048101372,0.37074144170588635,0.8188473953264852,0.3723953238821935,0.9672519572000952,0.37017423652493897,0.09962186153086014,0.02351283871158888,-0.036196655509834606,0.022566176940390956,0.09620780002706718,0.02209918015384651
C.1.2.1.1.2.3,Subassembly 212,C.1.2.1.1.2,-,false,1.8498057160207537,0.40884026350990615,-69.23101602498193,20.445762946184885,5.279287532383466,21.875878198850913,-33.971549214308524,20.559593658139185,3020.1441696867278,3056.874029422309,209.8655717897965,797.2723933112752,3211.858096212978,3160.1858562591306,-775.1757406097505,1572.0371633968539,-39.956834854800064,402.3737254093288,-154.948598938119,1534.896236718078
C.1.2.1.1.2.3.1,Part 746,C.1.2.1.1.2.3,-,false,0.8998692514791619,0.28909372274994966,-58.5591247305274,28.721044428837228,46.724122390151024,28.23690002309109,-31.836828589439392,29.057750463592832,1.1177223875317448,0.37074144170588635,1.0022752527058716,0.3723953238821935,1.2520463243671025,0.37017423652493897,-0.05281833187798392,0.02351283871158888,0.002811801961034743,0.022566176940390956,-0.0022142105824800914,0.02209918015384651
C.1.2.1.1.2.3.2,Part 747,C.1.2.1.1.2.3,-,false,0.9499364645415918,0.28909372274994966,-79.34043616987765,28.721044428837228,-33.98116189055145,28.23690002309109,-35.99375756457448,29.057750463592832,1.142982380782115,0.37074144170588635,1.3086528638228532,0.3723953238821935,1.1386084378401995,0.37017423652493897,-0.08531444657742686,0.02351283871158888,-0.03938223383212878,0.022566176940390956,0.0860008952847964,0.02209918015384651
C.1.2.1.1.3,Assembly 60,C.1.2.1.1,-,false,3.8760724450475537,0.867281168249849,6.117971217892843,18.60235425610876,0.863657642556391,17.402682448436472,14.296513625001904,20.069345611933684,33070.90907718704,12109.346051993412,34097.50468165106,13274.20443871856,31453.151282213075,11283.170310582813,-11711.788623318263,5520.572432542666,9512.23316575595,6389.76512932457,4507.916345605054,5604.98003963897
C.1.2.1.1.3.1,Subassembly 213,C.1.2.1.1.3,-,false,1.1720333177589346,0.5781874454998993,7.493554915998779,33.61013903748433,-28.513972400689823,28.326746873319934,-30.157431718580874,36.97085533351685,5631.16921562977,5732.2111658903295,5693.106255023995,7541.985512981017,4947.861965327729,4936.887173237681,542.0647794286194,2178.306554580071,323.7745936522981,3742.2665624789256,-1899.8100258949526,2384.815256753644
C.1.2.1.1.3.1.1,Part 748,C.1.2.1.1.3.1,+,false,0.39689005199656824,0.28909372274994966,-23.252603830769658,28.721044428837228,-24.79836782440543,28.23690002309109,-75.31434493139386,29.057750463592832,0.4334524829250718,0.37074144170588635,0.4286218616998627,0.3723953238821935,0.42020117894506914,0.37017423652493897,-0.003096940950002379,0.02351283871158888,-0.009915462050657891,0.022566176940390956,0.0038362948562042382,0.02209918015384651
C.1.2.1.1.3.1.2,Part 749,C.1.2.1.1.3.1,-,false,0.36715233089006505,0.28909372274994966,32.00223217718303,28.721044428837228,-89.40441003069282,28.23690002309109,-54.3915722053498,29.057750463592832,0.4719654567221899,0.37074144170588635,0.460320418295716,0.3723953238821935,0.46101187755155804,0.37017423652493897,-0.00251825365628728,0.02351283871158888,-0.0049723586261868095,0.022566176940390956,0.003343582954485104,0.02209918015384651
C.1.2.1.1.3.1.3,Part 750,C.1.2.1.1.3.1,-,false,0.2973035856145434,0.28909372274994966,56.80312239564955,28.721044428837228,20.184138836339116,28.23690002309109,16.486272821202874,29.057750463592832,0.4165385188469107,0.37074144170588635,0.41021507699301324,0.3723953238821935,0.4321250382861898,0.37017423652493897,0.01599767566384614,0.02351283871158888,0.0016296869304939594,0.022566176940390956,0.0025697867139138717,0.02209918015384651
C.1.2.1.1.3.1.4,Part 751,C.1.2.1.1.3.1,-,false,0.11068734925775789,0.28909372274994966,-96.00051855668426,28.721044428837228,29.335967730730772,28.23690002309109,86.86235672794282,29.057750463592832,0.13287541940067435,0.37074144170588635,0.1493999821924077,0.3723953238821935,0.13480151636001594,0.37017423652493897,0.0005346451701485279,0.02351283871158888,0.016063611740379388,0.022566176940390956,-0.003326603736358102,0.02209918015384651
C.1.2.1.1.3.2,Subassembly 214,C.1.2.1.1.3,-,false,2.704039127288619,0.6464332159373649,5.5217409676439075,22.331782183674637,13.59703892391583,20.562453082053327,33.56454289377829,21.430161870192745,22669.781215658124,9237.203397036807,25081.20862720483,9905.154022714014,25052.16243549814,9841.182335066263,-12321.746035399427,4878.266515004303,9085.72409771871,4732.6760810967935,8601.773440626963,4431.965168264186
C.1.2.1.1.3.2.1,Part 752,C.1.2.1.1.3.2,+,false,0.2992536970761139,0.28909372274994966,85.29202463105321,28.721044428837228,63.26323663815856,28.23690002309109,67.95464907772839,29.057750463592832,0.38744432852985544,0.37074144170588635,0.4356089676417009,0.3723953238821935,0.3900464582805366,0.37017423652493897,-0.034687679455557854,0.02351283871158888,0.0006856327784017383,0.022566176940390956,-0.024857684271430862,0.02209918015384651
C.1.2.1.1.3.2.2,Part 753,C.1.2.1.1.3.2,-,false,0.4824196958669927,0.28909372274994966,75.37926463410258,28.721044428837228,86.7199407890439,28.23690002309109,-51.597818080335855,29.057750463592832,0.5972836744420277,0.37074144170588635,0.6088349565192258,0.3723953238821935,0.4651221313919162,0.37017423652493897,-0.005143026305932856,0.02351283871158888,0.02245609712122978,0.022566176940390956,-0.002820177434061783,0.02209918015384651
C.1.2.1.1.3.2.3,Part 754,C.1.2.1.1.3.2,-,false,0.731420080100419,0.28909372274994966,-87.23915270529687,28.721044428837228,-75.01831972040236,28.23690002309109,72.04496175982058,29.057750463592832,1.0759963707122355,0.37074144170588635,0.9533618149858826,0.3723953238821935,0.9150329569349791,0.37017423652493897,-0.09269870400481497,0.02351283871158888,-0.013819817713409153,0.022566176940390956,-0.01576985372709947,0.02209918015384651
C.1.2.1.1.3.2.4,Part 755,C.1.2.1.1.3.2,-,false,0.8046920785717666,0.28909372274994966,-21.137832244858146,28.721044428837228,-3.009476698935032,28.23690002309109,86.59949153661728,29.057750463592832,0.8875065574219388,0.37074144170588635,0.8774204459401267,0.3723953238821935,0.9706186754508619,0.37017423652493897,-0.00021913966782130648,0.02351283871158888,-0.0036418256558426315,0.022566176940390956,-0.00294138001072363,0.02209918015384651
C.1.2.1.1.3.2.5,Part 756,C.1.2.1.1.3.2,+,false,0.38625357567332685,0.28909372274994966,87.66397093422711,28.721044428837228,86.19044567458332,28.23690002309109,-70.07079608738422,29.057750463592832,0.5604927172738877,0.37074144170588635,0.5651094200121082,0.3723953238821935,0.6038361024888986,0.37017423652493897,0.0028351004458055575,0.02351283871158888,0.008843891778887662,0.022566176940390956,-0.019213378798346857,0.02209918015384651
C.1.2.1.1.4,Assembly 61,C.1.2.1.1,-,false,4.842399241282838,0.9141946211470771,-12.898256461940132,12.288990896828075,-7.227758584645112,12.713373852202169,-8.792598834426581,15.554344078867052,29755.26990890933,10181.33549281089,30241.956994824126,10242.899650688834,12708.487455508832,5805.093055907293,-1538.3681602709723,2738.229477534897,2319.2054931285215,4692.34268640176,-950.2184796074102,4711.203564141709
C.1.2.1.1.4.1,Subassembly 215,C.1.2.1.1.4,-,false,2.6993003280763515,0.6464332159373649,-13.025455632292338,16.446303585886806,4.554073569551643,17.36240728919933,1.1279838372138484,19.839157577482972,13863.40074162288,7076.309554355116,14047.87719706599,6934.717196206327,7004.972420096683,4323.379333684008,134.2766538048382,1986.8101264946456,-3457.073006040331,3168.3556816893424,-4140.495698442074,3348.2869399990172
C.1.2.1.1.4.1.1,Part 757,C.1.2.1.1.4.1,+,false,0.5277951386689674,0.28909372274994966,-22.000057948753238,28.721044428837228,73.35792551748455,28.23690002309109,92.66872312873602,29.057750463592832,0.6599775728875614,0.37074144170588635,0.6729828603777622,0.3723953238821935,0.6721468524486317,0.37017423652493897,0.012797544881179762,0.02351283871158888,0.04098930642177462,0.022566176940390956,0.013045679529243823,0.02209918015384651
C.1.2.1.1.4.1.2,Part 758,C.1.2.1.1.4.1,+,false,0.8053474915262777,0.28909372274994966,37.55772658623755,28.721044428837228,-2.7468798216432333,28.23690002309109,28.147784527391195,29.057750463592832,0.980439222471684,0.37074144170588635,1.041424184657024,0.3723953238821935,1.0076098768063189,0.37017423652493897,-0.010019175134829465,0.02351283871158888,-0.007402587072056047,0.022566176940390956,0.005689361431303748,0.02209918015384651
C.1.2.1.1.4.1.3,Part 759,C.1.2.1.1.4.1,-,false,0.2798572542674374,0.28909372274994966,-1.8543540965765715,28.721044428837228,-38.02656470797956,28.23690002309109,8.29140255227685,29.057750463592832,0.319043573662642,0.37074144170588635,0.3612154677599895,0.3723953238821935,0.36260014519152894,0.37017423652493897,0.004002795928620026,0.02351283871158888,0.0049391579486995334,0.022566176940390956,-0.0216381314967697,0.02209918015384651
C.1.2.1.1.4.1.4,Part 760,C.1.2.1.1.4.1,+,false,0.9471244623491075,0.28909372274994966,-51.52808767743409,28.721044428837228,-10.05314807407558,28.23690002309109,-74.55631201155484,29.057750463592832,1.2448887865830731,0.37074144170588635,1.219913015585758,0.3723953238821935,1.2360221746950788,0.37017423652493897,-0.010508502236888088,0.02351283871158888,-0.0014892940963207291,0.022566176940390956,0.01337938894965738,0.02209918015384651
C.1.2.1.1.4.1.5,Part 761,C.1.2.1.1.4.1,-,false,0.1391759812645614,0.28909372274994966,-32.136630872264504,28.721044428837228,-29.095242777839303,28.23690002309109,-1.727196853607893,29.057750463592832,0.15586377958796008,0.37074144170588635,0.1790932487070789,0.3723953238821935,0.16947107755359206,0.37017423652493897,-0.0020703784647289935,0.02351283871158888,0.007364274583466635,0.022566176940390956,0.018147694171923696,0.02209918015384651
C.1.2.1.1.4.2,Subassembly 216,C.1.2.1.1.4,-,false,2.143098913206486,0.6464332159373649,-12.738045115582333,18.491251530398664,-22.06734587722643,17.728561964678814,-21.287884000803533,24.24141257104981,14444.96978340998,6942.408742679695,15593.714838567112,7348.305806638306,4856.783246636361,3533.801997925582,-1681.7852454925394,1712.020519707815,5768.582038691624,3397.106100742795,3903.162415121986,3087.1258657468074
C.1.2.1.1.4.2.1,Part 762,C.1.2.1.1.4.2,-,false,0.24065079136332498,0.28909372274994966,-19.398300489410758,28.721044428837228,13.430628506466746,28.23690002309109,-36.78402896039188,29.057750463592832,0.32285130454318084,0.37074144170588635,0.3022483775826096,0.3723953238821935,0.34521169758474934,0.37017423652493897,-0.00010714679072289656,0.02351283871158888,-0.01540431113764842,0.022566176940390956,0.003224401918999439,0.02209918015384651
C.1.2.1.1.4.2.2,Part 763,C.1.2.1.1.4.2,+,false,0.6926015382464975,0.28909372274994966,27.922243298962712,28.721044428837228,-15.271924389526248,28.23690002309109,-97.4251854699105,29.057750463592832,0.7579189228996535,0.37074144170588635,0.7762027341634707,0.3723953238821935,0.747914059974558,0.37017423652493897,-0.012381074577790929,0.02351283871158888,-0.007272485362996863,0.022566176940390956,-0.013261630503456993,0.02209918015384651
C.1.2.1.1.4.2.3,Part 764,C.1.2.1.1.4.2,+,false,0.09721460776636377,0.28909372274994966,34.01378854177892,28.721044428837228,8.866165345534682,28.23690002309109,-20.01916980370879,29.057750463592832,0.12628605288038988,0.37074144170588635,0.1331928710910463,0.3723953238821935,0.1302974547031479,0.37017423652493897,-0.0034043748472266933,0.02351283871158888,-0.00744904209373886,0.022566176940390956,-0.00035498980847123993,0.02209918015384651
C.1.2.1.1.4.2.4,Part 765,C.1.2.1.1.4.2,+,false,0.8070877520779614,0.28909372274994966,-56.81523885577917,28.721044428837228,-56.775956274941564,28.23690002309109,73.24771415442228,29.057750463592832,0.8549413265791542,0.37074144170588635,0.8487442864754311,0.3723953238821935,0.696494459273452,0.37017423652493897,0.0009494314552722415,0.02351283871158888,0.003463092506280538,0.022566176940390956,-0.03778196418151167,0.02209918015384651
C.1.2.1.1.4.2.5,Part 766,C.1.2.1.1.4.2,-,false,0.3055442237523384,0.28909372274994966,1.8936157692223787,28.721044428837228,16.410128958523273,28.23690002309109,-86.61358072422445,29.057750463592832,0.3064496150515967,0.37074144170588635,0.3242030123640101,0.3723953238821935,0.32837305119860355,0.37017423652493897,0.011985892578234516,0.02351283871158888,-0.01288303649725082,0.022566176940390956,-0.018099896429694087,0.02209918015384651
C.1.2.1.1.5,Assembly 62,C.1.2.1.1,-,false,6.484908865611301,0.9588154076086138,-19.620536636475695,14.882041076831763,-1.6783769162429567,11.969878278000179,-35.898096907696804,14.513583840835214,38439.445517537126,12233.34313700904,55645.410660158275,16202.700896444443,38408.409270149656,13917.910427237292,6175.399335412616,6203.801418420703,3944.069578629133,7262.029914262294,-5427.076339002082,5582.79549037294
C.1.2.1.1.5.1,Subassembly 217,C.1.2.1.1.5,-,false,2.943458231328521,0.5781874454998993,28.979092171130972,19.619073625321285,-33.125117587718115,16.63818168487331,-75.77162640586857,17.95226593603951,5644.030298892996,4576.082707015225,14279.614767249022,7411.345535144487,14031.640764006768,6993.872250597901,-3024.6706519559693,3248.7949724848177,-3199.5666590247906,3479.6735440898615,-1706.0688046409118,2185.8059336310466
C.1.2.1.1.5.1.1,Part 767,C.1.2.1.1.5.1,+,false,0.3013742657515686,0.28909372274994966,95.47040383331478,28.721044428837228,25.583136966452003,28.23690002309109,14.539825124666095,29.057750463592832,0.4577300568244157,0.37074144170588635,0.43506241096384446,0.3723953238821935,0.4522514845491837,0.37017423652493897,0.010077297957306877,0.02351283871158888,-0.02689692338783546,0.022566176940390956,0.015255887571808577,0.02209918015384651
C.1.2.1.1.5.1.2,Part 768,C.1.2.1.1.5.1,-,false,0.7623726509781554,0.28909372274994966,69.47185345925391,28.721044428837228,-2.0173172000795603,28.23690002309109,-86.9432061444968,29.057750463592832,0.8576376699327082,0.37074144170588635,0.8397148979056432,0.3723953238821935,0.8724622839788563,0.37017423652493897,-0.0005638058209259089,0.02351283871158888,-0.037207320753214354,0.022566176940390956,0.007065152923579082,0.02209918015384651
C.1.2.1.1.5.1.3,Part 769,C.1.2.1.1.5.1,+,false,0.8892537194259931,0.28909372274994966,-64.19002362526953,28.721044428837228,-53.05831846781075,28.23690002309109,-96.73349955119193,29.057750463592832,1.2116187826435152,0.37074144170588635,1.2584359351323027,0.3723953238821935,1.1302634331857786,0.37017423652493897,0.1341589230066552,0.02351283871158888,-0.043961895459784996,0.022566176940390956,0.0583613139433051,0.02209918015384651
C.1.2.1.1.5.1.4,Part 770,C.1.2.1.1.5.1,+,false,0.9904575951728039,0.28909372274994966,61.228467524051666,28.721044428837228,-57.03651010990143,28.23690002309109,-75.83242342807353,29.057750463592832,1.450999436849402,0.37074144170588635,1.4465851973513726,0.3723953238821935,1.3892521103541877,0.37017423652493897,0.052761326607632594,0.02351283871158888,-0.026873505293566823,0.022566176940390956,0.04661180770760234,0.02209918015384651
C.1.2.1.1.5.2,Subassembly 218,C.1.2.1.1.5,-,false,1.4949265108737162,0.5007250159521434,-75.21755519694425,20.12784319423887,24.95839353155861,22.58380319217517,-18.726436068049587,30.18692437907815,5792.626919922435,4496.133846563863,4195.945303357224,3812.9929984886885,1668.5213495529517,1937.815746970555,-238.85711378480323,924.3997533075286,365.1830413060651,1400.4571336073823,2468.8772106711153,1941.0270381916944
C.1.2.1.1.5.2.1,Part 771,C.1.2.1.1.5.2,-,false,0.44893197653046807,0.28909372274994966,-82.07687162794173,28.721044428837228,-22.418993525207043,28.23690002309109,44.156579952687025,29.057750463592832,0.5267818403123529,0.37074144170588635,0.5375664968353558,0.3723953238821935,0.5297466495891611,0.37017423652493897,0.06213713452967075,0.02351283871158888,0.011125821022531384,0.022566176940390956,0.0032525252110808655,0.02209918015384651
C.1.2.1.1.5.2.2,Part 772,C.1.2.1.1.5.2,-,false,0.10964515079557896,0.28909372274994966,-78.54775837622583,28.721044428837228,5.75883281417191,28.23690002309109,69.36393277719617,29.057750463592832,0.16545610425835094,0.37074144170588635,0.1653972942144043,0.3723953238821935,0.16613567936764315,0.37017423652493897,-0.0015699121439025992,0.02351283871158888,-0.0004238479312110214,0.022566176940390956,-0.00016084089021757016,0.02209918015384651
C.1.2.1.1.5.2.3,Part 773,C.1.2.1.1.5.2,+,false,0.9363493835476693,0.28909372274994966,-71.53889937326312,28.721044428837228,49.92168517783284,28.23690002309109,-59.19090276584029,29.057750463592832,1.1456403850620283,0.37074144170588635,1.0428318413211264,0.3723953238821935,1.2169378553798562,0.37017423652493897,0.0285679258404769,0.02351283871158888,0.013028664946784282,0.022566176940390956,-0.12759449934227868,0.02209918015384651
C.1.2.1.1.5.3,Subassembly 219,C.1.2.1.1.5,-,false,2.0465241234090645,0.5781874454998993,-48.90800986783696,27.73774491539879,24.09319976254735,20.47983305641674,8.907481751131122,25.638882012524128,12443.00369084374,6631.722686490458,14612.266153428076,9284.193773018687,4049.0403021782045,7857.7188065809,1181.8816308742585,2963.362679044444,-3038.225555760594,3052.65014646926,547.8140601077755,2808.5267465301913
C.1.2.1.1.5.3.1,Part 774,C.1.2.1.1.5.3,-,false,0.22822092658933252,0.28909372274994966,-42.45407823473215,28.721044428837228,65.19768619909883,28.23690002309109,68.07190831750631,29.057750463592832,0.2519599745029747,0.37074144170588635,0.2849329417934086,0.3723953238821935,0.2544985260512138,0.37017423652493897,0.008337022183107324,0.02351283871158888,0.002969449483961998,0.022566176940390956,-0.016146147023346737,0.02209918015384651
C.1.2.1.1.5.3.2,Part 775,C.1.2.1.1.5.3,-,false,0.104783451550873,0.28909372274994966,99.49730103835464,28.721044428837228,-41.50637527927756,28.23690002309109,24.398598726838827,29.057750463592832,0.15946042967904428,0.37074144170588635,0.1360520345405073,0.3723953238821935,0.1404153103220111,0.37017423652493897,-0.003013201887400724,0.02351283871158888,-0.010874443877669969,0.022566176940390956,0.003281610730306406,0.02209918015384651
C.1.2.1.1.5.3.3,Part 776,C.1.2.1.1.5.3,+,false,0.9823710635530297,0.28909372274994966,-42.41316132247448,28.721044428837228,16.09321190044284,28.23690002309109,67.75510092265904,29.057750463592832,1.2763381627499564,0.37074144170588635,1.1808771402304434,0.3723953238821935,1.2707901107618664,0.37017423652493897,0.02686755004193902,0.02351283871158888,0.13115652833312072,0.022566176940390956,-0.0013094827294243363,0.02209918015384651
C.1.2.1.1.5.3.4,Part 777,C.1.2.1.1.5.3,+,false,0.7311486817158293,0.28909372274994966,-80.91749688610435,28.721044428837228,31.412918213754892,28.23690002309109,-90.84783890284598,29.057750463592832,0.9980395740991406,0.37074144170588635,1.053134739700956,0.3723953238821935,0.9662200240424487,0.37017423652493897,0.00528769245190217,0.02351283871158888,-0.06299754912570033,0.022566176940390956,-0.007697997122978592,0.02209918015384651
C.1.2.1.2,Subsystem 17,C.1.2.1,-,false,27.25672480392945,2.163379326394654,-8.572234553639534,6.483582404584337,-9.319328885612252,6.440999931098003,-5.704620407858392,6.515228856636327,179351.88879094648,26230.263537060553,177389.82918936116,25555.39701246825,168138.89733236097,25491.093771776206,11062.339477469986,12070.822387746444,-11974.735089794582,11994.469606430486,-13901.24613337552,12281.36480873314
C.1.2.1.2.1,Assembly 63,C.1.2.1.2,-,false,4.156143491565715,0.8176805270198123,0.603891676721497,16.559761351999,-18.72011817768422,16.074656299951627,-11.40155187932165,15.790740784289765,24183.225510979242,8942.72661532473,24466.945148787712,9219.39785693739,27785.308207808877,9922.454198259846,5270.09552002747,4888.975314811177,-4099.847116981029,4201.342102463648,1607.8324929080386,4133.843189598347
C.1.2.1.2.1.1,Subassembly 220,C.1.2.1.2.1,-,false,1.8710269595130813,0.5007250159521434,-12.494815232730911,22.467452111217607,20.37286798727725,20.787485938924238,-10.449740100502003,22.24592298933676,7684.856934653275,4658.623880357701,8929.472322522835,5489.329852705984,9133.84790337982,5075.524505914408,2044.1719437786426,2414.684044541696,-3342.386525398322,2702.869391809356,-914.0604803903576,2092.659697431685
C.1.2.1.2.1.1.1,Part 778,C.1.2.1.2.1.1,+,false,0.41286444995505733,0.28909372274994966,-80.11870658956468,28.721044428837228,-9.176073502749205,28.23690002309109,-93.96118237636983,29.057750463592832,0.5006014442701897,0.37074144170588635,0.5613260149464682,0.3723953238821935,0.5083341661142695,0.37017423652493897,-0.008335125569639095,0.02351283871158888,-0.0011739496303814223,0.022566176940390956,0.011941151418716867,0.02209918015384651
C.1.2.1.2.1.1.2,Part 779,C.1.2.1.2.1.1,+,false,0.6349201471554116,0.28909372274994966,-42.936782632023096,28.721044428837228,84.37530072405934,28.23690002309109,6.909901229664683,29.057750463592832,0.8262026797328038,0.37074144170588635,0.7573006946951042,0.3723953238821935,0.7951284252119959,0.37017423652493897,-0.017584851290701836,0.02351283871158888,0.0555827345314092,0.022566176940390956,0.01313166517758729,0.02209918015384651
C.1.2.1.2.1.1.3,Part 780,C.1.2.1.2.1.1,-,false,0.8232423624026124,0.28909372274994966,44.8974197730422,28.721044428837228,-14.16948288679123,28.23690002309109,18.04359396919608,29.057750463592832,0.8529543994773128,0.37074144170588635,1.0005047722865716,0.3723953238821935,0.8875006861511404,0.37017423652493897,0.03742509760428832,0.02351283871158888,-0.0202389373245859,0.022566176940390956,-0.04347066600767492,0.02209918015384651
C.1.2.1.2.1.2,Subassembly 221,C.1.2.1.2.1,-,false,2.285116532052634,0.6464332159373649,11.328961238198561,23.479281026296327,-50.72900263348582,20.2409347451315,-12.180884343803875,22.202968184689535,11294.608209404085,6262.314051506223,14950.515973112842,7231.99181364304,12866.908954466977,7132.652077885541,1483.3565305092282,3435.2247133554097,-799.8875331450397,3122.340056819173,2648.515841569539,2724.1689221925462
C.1.2.1.2.1.2.1,Part 781,C.1.2.1.2.1.2,+,false,0.8406150858458131,0.28909372274994966,28.289434034377337,28.721044428837228,-92.75471246801317,28.23690002309109,54.273062804713845,29.057750463592832,1.0377826440673519,0.37074144170588635,0.9991675080828684,0.3723953238821935,0.9348811901149295,0.37017423652493897,0.08029893263442443,0.02351283871158888,-0.021818523502584213,0.022566176940390956,0.02859973497923255,0.02209918015384651
C.1.2.1.2.1.2.2,Part 782,C.1.2.1.2.1.2,+,false,0.41138457311852833,0.28909372274994966,-60.38090195506811,28.721044428837228,-74.73182738758624,28.23690002309109,-70.47930038534105,29.057750463592832,0.5922631980969985,0.37074144170588635,0.5411192511834149,0.3723953238821935,0.5990343141784179,0.37017423652493897,-0.020869722686725885,0.02351283871158888,-0.01523174005210233,0.022566176940390956,0.023378957476498523,0.02209918015384651
C.1.2.1.2.1.2.3,Part 783,C.1.2.1.2.1.2,-,false,0.3103963250808883,0.28909372274994966,-86.36587564833462,28.721044428837228,37.37825551070273,28.23690002309109,-12.789325974881649,29.057750463592832,0.4558636942131506,0.37074144170588635,0.4362299037507578,0.3723953238821935,0.41569703789169093,0.37017423652493897,-0.01724698906522204,0.02351283871158888,0.02656037023855388,0.022566176940390956,-0.01424340741913138,0.02209918015384651
C.1.2.1.2.1.2.4,Part 784,C.1.2.1.2.1.2,-,false,0.6346428919578903,0.28909372274994966,77.9730660840869,28.721044428837228,-28.495900006964803,28.23690002309109,-50.029381830245256,29.057750463592832,0.7329935548123732,0.37074144170588635,0.7614634901049598,0.3723953238821935,0.7121820272445466,0.37017423652493897,-0.005801728419172125,0.02351283871158888,0.03259256217629318,0.022566176940390956,-0.0846216388887258,0.02209918015384651
C.1.2.1.2.1.2.5,Part 785,C.1.2.1.2.1.2,+,false,0.08807765604951419,0.28909372274994966,48.47814557142556,28.721044428837228,-8.225739328190684,28.23690002309109,-99.26294223405421,29.057750463592832,0.11491125136854019,0.37074144170588635,0.11290689270670443,0.3723953238821935,0.11238279128986862,0.37017423652493897,-0.0101107471521697,0.02351283871158888,0.0052061339342657645,0.022566176940390956,0.004563497151681397,0.02209918015384651
C.1.2.1.2.2,Assembly 64,C.1.2.1.2,-,false,2.973777374527883,0.6464332159373648,-0.6734305234581199,19.093743130248473,31.132405732898178,16.69617072276162,42.64586121110202,17.664254093547648,14719.842096861492,6518.901918875247,19752.13497368992,7916.021577128479,19456.24049368613,8087.3309394149555,5067.557014318863,3959.2568485325273,-3736.66226744529,3726.4089147167083,687.7926876975348,3116.8550587308005
C.1.2.1.2.2.1,Subassembly 222,C.1.2.1.2.2,-,false,2.0355444495796693,0.5007250159521434,-3.708532819692382,23.301471920264138,29.62719535904792,20.894460821596297,48.90200677308319,20.72514711304791,10493.399324321463,5546.07490024184,14038.374727917493,6653.051266330394,15253.660300681518,7334.994816659488,7030.6533885792805,3601.6828008288817,-1160.09954011517,3044.6840910435844,2500.93634455625,2643.1101776696305
C.1.2.1.2.2.1.1,Part 786,C.1.2.1.2.2.1,+,false,0.7031996298830491,0.28909372274994966,81.47697360254824,28.721044428837228,-43.803377309814095,28.23690002309109,86.12206494435668,29.057750463592832,0.8271366912517517,0.37074144170588635,0.8186292982732727,0.3723953238821935,0.804797359763256,0.37017423652493897,0.021796703704930157,0.02351283871158888,-0.023162278768574483,0.022566176940390956,0.08761959001342756,0.02209918015384651
C.1.2.1.2.2.1.2,Part 787,C.1.2.1.2.2.1,-,false,0.6107096083378419,0.28909372274994966,-10.976454429328442,28.721044428837228,61.08013056218624,28.23690002309109,-23.59348777681589,29.057750463592832,0.7580609423746537,0.37074144170588635,0.8641249607043112,0.3723953238821935,0.8865991324989235,0.37017423652493897,-0.029844529749869755,0.02351283871158888,0.0134027210150167,0.022566176940390956,0.0010237878947334162,0.02209918015384651
C.1.2.1.2.2.1.3,Part 788,C.1.2.1.2.2.1,+,false,0.7216352113587782,0.28909372274994966,-80.56707042269409,28.721044428837228,74.56366918049753,28.23690002309109,73.98471292108297,29.057750463592832,0.9517261039315572,0.37074144170588635,0.9263140208916567,0.3723953238821935,0.9808649857378658,0.37017423652493897,-0.0807944541635773,0.02351283871158888,-0.030194919784497253,0.022566176940390956,0.04721151010382231,0.02209918015384651
C.1.2.1.2.2.2,Subassembly 223,C.1.2.1.2.2,-,false,0.9382329249482138,0.40884026350990615,5.91137956871293,33.10533522904533,34.398036836293684,27.254999744359914,29.072832557096802,32.66059121429138,3959.3074446074015,3273.4499649918243,5401.809764450042,4143.699522966448,4128.530061359201,3362.69861886119,-1933.6217070724945,1625.7647317769693,-2699.069063668282,2071.6418956026323,-1873.8987123134775,1588.423690951579
C.1.2.1.2.2.2.1,Part 789,C.1.2.1.2.2.2,-,false,0.5963625535315369,0.28909372274994966,-35.33959714695811,28.721044428837228,5.758345918729901,28.23690002309109,-10.905125783756375,29.057750463592832,0.7097071432749391,0.37074144170588635,0.6050444493016389,0.3723953238821935,0.7361689943627573,0.37017423652493897,-0.0514443556230926,0.02351283871158888,0.0009522132880161172,0.022566176940390956,0.0027711750428329107,0.02209918015384651
C.1.2.1.2.2.2.2,Part 790,C.1.2.1.2.2.2,+,false,0.3418703714166768,0.28909372274994966,77.8700512368232,28.721044428837228,84.35743851587176,28.23690002309109,98.81083653308451,29.057750463592832,0.3761324052244434,0.37074144170588635,0.4090230709603732,0.3723953238821935,0.3315132307243925,0.37017423652493897,-0.009686537253991271,0.02351283871158888,-0.0016634354892348304,0.022566176940390956,-0.007568236412766384,0.02209918015384651
C.1.2.1.2.3,Assembly 65,C.1.2.1.2,-,false,5.042212698342744,1.0423422407897138,12.09722488484198,15.380857287545778,-9.944192325300824,16.628257083545627,4.001875641439915,16.75271053964809,30387.80880143847,12782.230252374344,33657.53725132164,11769.50839993066,24777.40657957908,10870.192847062006,-4064.797283358908,4830.2868098825975,1454.915744943317,5708.963097662048,7952.045592226707,5486.68013237591
C.1.2.1.2.3.1,Subassembly 224,C.1.2.1.2.3,-,false,1.0772014544475823,0.5781874454998993,-29.85636324355656,28.467453029837625,-30.340307113302735,49.50819854744116,-18.02902794366928,28.459580757448638,4853.052958352444,6791.425662120865,4353.40151749965,3253.9736945566806,5221.689005485604,6666.864066212959,-802.6516791862957,2023.3321592388666,-2111.237498774969,1593.9810730126521,-965.5330107531322,2248.1521520288634
C.1.2.1.2.3.1.1,Part 791,C.1.2.1.2.3.1,-,false,0.012558446371462195,0.28909372274994966,-9.401254961267114,28.721044428837228,96.58035659231246,28.23690002309109,-64.46152739226818,29.057750463592832,0.015639866775647954,0.37074144170588635,0.015467731929471446,0.3723953238821935,0.018537051960053934,0.37017423652493897,0.00018817300658688984,0.02351283871158888,0.0009787084608281348,0.022566176940390956,0.0007396656484681778,0.02209918015384651
C.1.2.1.2.3.1.2,Part 792,C.1.2.1.2.3.1,-,false,0.13000083908019588,0.28909372274994966,-72.66408405266702,28.721044428837228,74.18267871253192,28.23690002309109,-38.575056521221995,29.057750463592832,0.1786128631912603,0.37074144170588635,0.1621730835901498,0.3723953238821935,0.16749981245858192,0.37017423652493897,0.0027644068384633305,0.02351283871158888,-0.0005334154205201602,0.022566176940390956,0.0036116496686958302,0.02209918015384651
C.1.2.1.2.3.1.3,Part 793,C.1.2.1.2.3.1,-,false,0.4713674660718534,0.28909372274994966,22.665188275277615,28.721044428837228,-14.303641393780708,28.23690002309109,30.133107444271445,29.057750463592832,0.5397245576688406,0.37074144170588635,0.6836537021671852,0.3723953238821935,0.6085699672212673,0.37017423652493897,-0.03318666805579211,0.02351283871158888,0.008271110673804191,0.022566176940390956,-0.039573510499747326,0.02209918015384651
C.1.2.1.2.3.1.4,Part 794,C.1.2.1.2.3.1,+,false,0.46327470292407086,0.28909372274994966,-71.8374929856509,28.721044428837228,-79.42816913127899,28.23690002309109,-60.00831709243357,29.057750463592832,0.4667536653394323,0.37074144170588635,0.5582397311971575,0.3723953238821935,0.5499085677142368,0.37017423652493897,-0.026660538558051554,0.02351283871158888,0.0403206039388385,0.022566176940390956,-0.03456744239219553,0.02209918015384651
C.1.2.1.2.3.2,Subassembly 225,C.1.2.1.2.3,-,false,0.5240436705516186,0.40884026350990615,45.72983586371949,32.5735618815654,-28.97648182965912,36.11415143466105,37.20932025758853,23.18491657469875,396.7679487484478,850.4957218996514,267.70004300630467,622.3705194396888,662.1573028622296,1323.8266988566097,-324.4526412540889,652.698861972709,-14.336560607942442,209.21111880505416,-17.418460089504798,254.83166285553742
C.1.2.1.2.3.2.1,Part 795,C.1.2.1.2.3.2,-,false,0.39806503427005374,0.28909372274994966,33.050579437986016,28.721044428837228,-44.42807612940669,28.23690002309109,36.527072079479694,29.057750463592832,0.5221425703793039,0.37074144170588635,0.5838256671670221,0.3723953238821935,0.48283318939255543,0.37017423652493897,-0.052691696772483615,0.02351283871158888,-0.01589208358967671,0.022566176940390956,0.03376923647044447,0.02209918015384651
C.1.2.1.2.3.2.2,Part 796,C.1.2.1.2.3.2,+,false,0.12597863628156483,0.28909372274994966,85.793522791937,28.721044428837228,19.847188564017415,28.23690002309109,39.365075808018446,29.057750463592832,0.13465962923434727,0.37074144170588635,0.14294484600814117,0.3723953238821935,0.13153587967221464,0.37017423652493897,-0.008150964249004536,0.02351283871158888,-0.003214904828495585,0.022566176940390956,-0.0035920655210944325,0.02209918015384651
C.1.2.1.2.3.3,Subassembly 226,C.1.2.1.2.3,-,false,1.2148368115082848,0.5007250159521434,1.7569335939661257,33.09919518825618,-35.319652118346326,24.639310325110376,76.84959931822362,29.821975821529882,1022.5844454239185,1780.9523559366837,2055.4398729786394,3413.8463572067226,1246.7478311399184,2319.234646474648,-28.67555779015976,778.235185273009,-949.9034197766925,1605.7193385074374,89.87513293107426,525.0626599492441
C.1.2.1.2.3.3.1,Part 797,C.1.2.1.2.3.3,+,false,0.07205253432295285,0.28909372274994966,68.93592262640595,28.721044428837228,-2.637602109462023,28.23690002309109,99.48066803626716,29.057750463592832,0.11211532557190812,0.37074144170588635,0.10582829990345527,0.3723953238821935,0.10527760182278931,0.37017423652493897,0.004385117292331931,0.02351283871158888,-0.0037896988567930195,0.022566176940390956,0.0019253537541727747,0.02209918015384651
C.1.2.1.2.3.3.2,Part 798,C.1.2.1.2.3.3,+,false,0.15758021018328144,0.28909372274994966,-68.36304180324078,28.721044428837228,-25.796094117686152,28.23690002309109,6.208848906680942,29.057750463592832,0.15362150771886662,0.37074144170588635,0.20440283854162733,0.3723953238821935,0.18334220277604707,0.37017423652493897,-0.000839053861175939,0.02351283871158888,-0.020888683997046145,0.022566176940390956,-0.0003394102806807878,0.02209918015384651
C.1.2.1.2.3.3.3,Part 799,C.1.2.1.2.3.3,+,false,0.9852040670020505,0.28909372274994966,8.059286838397384,28.721044428837228,-39.23310409300029,28.23690002309109,86.49324448779225,29.057750463592832,1.1073300174930836,0.37074144170588635,1.1611449787739927,0.3723953238821935,1.019627518350172,0.37017423652493897,0.0070599408844334,0.02351283871158888,-0.04051163122632177,0.022566176940390956,0.024918638078416794,0.02209918015384651
C.1.2.1.2.3.4,Subassembly 227,C.1.2.1.2.3,-,false,2.2261307618352584,0.5781874454998993,30.12369324575326,21.322315481091433,18.25339566336283,21.564683280626813,-32.90904062073485,22.917361297164266,10344.694237704647,6549.206601677248,13058.442249069465,6999.3873433360895,11114.575047776514,6133.384288105696,-872.4005757705615,2864.2990817689515,3714.9994373009986,3377.8864137444357,4435.319933053629,3213.527194388968
C.1.2.1.2.3.4.1,Part 800,C.1.2.1.2.3.4,-,false,0.412517970159417,0.28909372274994966,33.30162116326392,28.721044428837228,-51.69420065358281,28.23690002309109,18.527037790045142,29.057750463592832,0.39914024350096833,0.37074144170588635,0.4004222290436658,0.3723953238821935,0.4117342307167128,0.37017423652493897,0.016242073070566482,0.02351283871158888,-0.00856392281014176,0.022566176940390956,0.008455876638044018,0.02209918015384651
C.1.2.1.2.3.4.2,Part 801,C.1.2.1.2.3.4,-,false,0.8211163207006175,0.28909372274994966,-38.44122253358364,28.721044428837228,23.973912466317415,28.23690002309109,-6.632704706862569,29.057750463592832,1.0889735886199274,0.37074144170588635,1.075248296849076,0.3723953238821935,1.0801764746287663,0.37017423652493897,-0.0027327348575962762,0.02351283871158888,0.00799863620921257,0.022566176940390956,-0.0016216595719821237,0.02209918015384651
C.1.2.1.2.3.4.3,Part 802,C.1.2.1.2.3.4,+,false,0.13423355266870932,0.28909372274994966,88.8820132240653,28.721044428837228,-57.840714836493134,28.23690002309109,54.37013851478696,29.057750463592832,0.18268631099148483,0.37074144170588635,0.17522656286624175,0.3723953238821935,0.18576274098727155,0.37017423652493897,0.017604999117550334,0.02351283871158888,-0.006578320417710843,0.022566176940390956,-0.0001542702207145344,0.02209918015384651
C.1.2.1.2.3.4.4,Part 803,C.1.2.1.2.3.4,-,false,0.8582629183065146,0.28909372274994966,85.00370723195374,28.721044428837228,58.3015123847872,28.23690002309109,-96.42108110710979,29.057750463592832,1.1485407594489083,0.37074144170588635,1.148576204634625,0.3723953238821935,1.201531343942549,0.37017423652493897,-0.012600764820023994,0.02351283871158888,-0.03880720970075034,0.022566176940390956,0.041898289418054985,0.02209918015384651
C.1.2.1.2.4,Assembly 66,C.1.2.1.2,-,false,11.37820858547068,1.355969753252389,-16.36138004206407,9.80498936648042,-9.067961222285742,9.732806934407346,-18.628458841523685,9.625193022353296,68768.39661754506,15897.34413324861,61422.66438181892,14903.497345450984,63980.443693964866,15620.624513224811,9208.337027526852,7380.636469071498,-4608.677154618289,6978.277859052828,-10257.184611148448,7635.788492709429
C.1.2.1.2.4.1,Subassembly 228,C.1.2.1.2.4,-,false,2.7242623378606514,0.6464332159373649,-55.162169696635786,15.444932976042965,34.83957408109909,19.127947560232634,-3.644436624940352,17.941688051373216,12984.710267250231,6649.945637902535,8263.97484941645,4839.658313267446,7975.165089887268,5360.734313331673,2845.365073030884,2302.775460373171,-1443.9353092258516,2255.7563165378947,1572.7125846709416,2858.6225834404563
C.1.2.1.2.4.1.1,Part 804,C.1.2.1.2.4.1,-,false,0.8647730712809134,0.28909372274994966,-37.79769390821457,28.721044428837228,18.432783475145698,28.23690002309109,54.54795099794865,29.057750463592832,1.0818066292808868,0.37074144170588635,1.2149066237522415,0.3723953238821935,1.121349771579344,0.37017423652493897,-0.004667889009889363,0.02351283871158888,0.02446029180214645,0.022566176940390956,-0.04858962275700097,0.02209918015384651
C.1.2.1.2.4.1.2,Part 805,C.1.2.1.2.4.1,-,false,0.23963028427539393,0.28909372274994966,-75.16429228708148,28.721044428837228,16.32254645228386,28.23690002309109,20.508430479094386,29.057750463592832,0.23867241040814213,0.37074144170588635,0.24458769615327913,0.3723953238821935,0.256001055701629,0.37017423652493897,0.006184236335142613,0.02351283871158888,-0.0021676407206270626,0.022566176940390956,0.0012573111645372299,0.02209918015384651
C.1.2.1.2.4.1.3,Part 806,C.1.2.1.2.4.1,+,false,0.3267420998723246,0.28909372274994966,-8.890654006972909,28.721044428837228,-72.87516864016652,28.23690002309109,-38.81826470606029,29.057750463592832,0.49996237008511313,0.37074144170588635,0.5173728381077084,0.3723953238821935,0.4843805826064876,0.37017423652493897,0.012501945870505272,0.02351283871158888,0.0008661031078263801,0.022566176940390956,-0.0019662385902962194,0.02209918015384651
C.1.2.1.2.4.1.4,Part 807,C.1.2.1.2.4.1,+,false,0.7272897051302716,0.28909372274994966,-68.14796905964613,28.721044428837228,76.05666127055883,28.23690002309109,-6.900419574230909,29.057750463592832,0.9791768215990834,0.37074144170588635,0.8860704797712587,0.3723953238821935,0.9374630954174443,0.37017423652493897,-0.0013869810325858574,0.02351283871158888,-0.09247330388404815,0.022566176940390956,0.03117674101409234,0.02209918015384651
C.1.2.1.2.4.1.5,Part 808,C.1.2.1.2.4.1,-,false,0.5658271773017477,0.28909372274994966,-83.25843545608222,28.721044428837228,76.97888850234449,28.23690002309109,-78.31415301188827,29.057750463592832,0.662750235422354,0.37074144170588635,0.6280813471229602,0.3723953238821935,0.5957829620488266,0.37017423652493897,0.048334660757939886,0.02351283871158888,0.05409607205209871,0.022566176940390956,-0.08089780142635626,0.02209918015384651
C.1.2.1.2.4.2,Subassembly 229,C.1.2.1.2.4,-,false,1.2322317018865143,0.5781874454998993,12.452896513230334,28.66965888526476,-8.63108678673314,19.14586739221737,-43.498739596908194,21.039594441665557,199.6917799452629,615.3203817962707,2203.566459219724,2414.558563419733,2140.5981951782796,2307.184535675328,-140.93286978252996,890.9107423811143,-441.6752879208724,1001.461399312468,-26.59367293240262,272.86506546057154
C.1.2.1.2.4.2.1,Part 809,C.1.2.1.2.4.2,+,false,0.7216553364193533,0.28909372274994966,44.51233926229179,28.721044428837228,-8.224520226940513,28.23690002309109,-35.627303225919604,29.057750463592832,0.666792743125651,0.37074144170588635,0.6557724275868243,0.3723953238821935,0.6726569936945448,0.37017423652493897,-0.00043038234080768,0.02351283871158888,0.004284782359878392,0.022566176940390956,0.0020786959521412766,0.02209918015384651
C.1.2.1.2.4.2.2,Part 810,C.1.2.1.2.4.2,+,false,0.01931958820275031,0.28909372274994966,52.15042610652745,28.721044428837228,5.777149787172675,28.23690002309109,-77.41399575024843,29.057750463592832,0.017896556317728483,0.37074144170588635,0.01988321596731473,0.3723953238821935,0.01947780938952731,0.37017423652493897,0.000751949920685642,0.02351283871158888,0.0004743783020453926,0.022566176940390956,-0.0002603821331912986,0.02209918015384651
C.1.2.1.2.4.2.3,Part 811,C.1.2.1.2.4.2,-,false,0.2918663719270844,0.28909372274994966,-22.43285053409636,28.721044428837228,-0.4365658853203058,28.23690002309109,-49.58274313248694,29.057750463592832,0.3453957261489187,0.37074144170588635,0.4168891183516289,0.3723953238821935,0.35299767673283033,0.37017423652493897,0.022476549351943383,0.02351283871158888,0.0017258267198888917,0.022566176940390956,0.02189942386670761,0.02209918015384651
C.1.2.1.2.4.2.4,Part 812,C.1.2.1.2.4.2,-,false,0.19939040533732624,0.28909372274994966,-56.36100363917649,28.721044428837228,-23.49372375756502,28.23690002309109,-59.79600944556296,29.057750463592832,0.19048126678535066,0.37074144170588635,0.21806339046888587,0.3723953238821935,0.22083404888702535,0.37017423652493897,-0.007184577928820353,0.02351283871158888,-0.011433031338499766,0.022566176940390956,0.00032399330677648796,0.02209918015384651
C.1.2.1.2.4.3,Subassembly 230,C.1.2.1.2.4,-,false,3.10821857620473,0.6464332159373649,7.345363849795261,15.378329300212021,-58.7796518493155,14.008482104768685,-3.900771004217439,18.191852090350523,9559.295401086203,5241.588832451838,12357.71953167888,6045.123552672272,5369.502800186948,3866.5362238433636,2176.2386028840465,1889.091068998655,1385.9969950146606,2737.7200179584256,-1362.7380450871492,2245.194978552603
C.1.2.1.2.4.3.1,Part 813,C.1.2.1.2.4.3,+,false,0.8357904310591985,0.28909372274994966,32.309469394385815,28.721044428837228,-65.08840187452734,28.23690002309109,37.25717789493501,29.057750463592832,0.9874327269102298,0.37074144170588635,1.0731532789619918,0.3723953238821935,1.1380284466214423,0.37017423652493897,-0.046133088263470054,0.02351283871158888,0.07240316233168473,0.022566176940390956,0.09490695105118563,0.02209918015384651
C.1.2.1.2.4.3.2,Part 814,C.1.2.1.2.4.3,+,false,0.5276788520901464,0.28909372274994966,60.75677811168134,28.721044428837228,-93.28174190595746,28.23690002309109,-31.71930005773902,29.057750463592832,0.6752545313641664,0.37074144170588635,0.6110967434861267,0.3723953238821935,0.6282835263497757,0.37017423652493897,-0.06003160079778154,0.02351283871158888,-0.005637790823054593,0.022566176940390956,0.05150892182210934,0.02209918015384651
C.1.2.1.2.4.3.3,Part 815,C.1.2.1.2.4.3,-,false,0.2866579179561231,0.28909372274994966,10.567488567903638,28.721044428837228,-55.383821576833725,28.23690002309109,-90.33429166302085,29.057750463592832,0.2828717220816637,0.37074144170588635,0.2635401302214018,0.3723953238821935,0.29447554542632004,0.37017423652493897,-0.005990270880614783,0.02351283871158888,-0.007200619651265321,0.022566176940390956,-0.006458395974597997,0.02209918015384651
C.1.2.1.2.4.3.4,Part 816,C.1.2.1.2.4.3,+,false,0.8911068134093657,0.28909372274994966,-39.10878994502127,28.721044428837228,-32.458433182910085,28.23690002309109,42.827041214331985,29.057750463592832,1.100414917126418,0.37074144170588635,1.2747139134981942,0.3723953238821935,1.0349239848879837,0.37017423652493897,-0.03431938115177424,0.02351283871158888,-0.0012769543540904595,0.022566176940390956,-0.03302775050662109,0.02209918015384651
C.1.2.1.2.4.3.5,Part 817,C.1.2.1.2.4.3,-,false,0.5669845616898965,0.28909372274994966,-7.781800953671336,28.721044428837228,-60.454552387818694,28.23690002309109,-68.42243811115623,29.057750463592832,0.7587028294971988,0.37074144170588635,0.7384174111092835,0.3723953238821935,0.7963515283495621,0.37017423652493897,-0.016928491794814732,0.02351283871158888,0.014297663231862084,0.022566176940390956,-0.03456291632365647,0.02209918015384651
C.1.2.1.2.4.4,Subassembly 231,C.1.2.1.2.4,-,false,1.88018814456393,0.5781874454998993,-54.72220104146701,25.66777043954656,3.5194763987901583,24.668104683418232,-28.588845616998366,29.34362261548106,12264.621873871138,7693.018570364764,10714.295442715716,7278.907694510936,3203.705987034672,4885.426646657656,299.0759317071378,1967.8371361689985,-251.8070289788851,3018.9460196083114,-4532.732497876721,3692.5011520203116
C.1.2.1.2.4.4.1,Part 818,C.1.2.1.2.4.4,-,false,0.02775987434736453,0.28909372274994966,-19.107882492244244,28.721044428837228,81.39040870591998,28.23690002309109,59.768469678238034,29.057750463592832,0.03352117541400993,0.37074144170588635,0.0300113556906247,0.3723953238821935,0.03371325362756814,0.37017423652493897,0.000584289461273048,0.02351283871158888,1.557363225420622e-5,0.022566176940390956,0.00013984997185589767,0.02209918015384651
C.1.2.1.2.4.4.2,Part 819,C.1.2.1.2.4.4,-,false,0.9975247924628202,0.28909372274994966,-58.52100886404514,28.721044428837228,-26.248004660010338,28.23690002309109,-96.36492184363306,29.057750463592832,1.050472921541383,0.37074144170588635,1.050829997993463,0.3723953238821935,1.1079224008382247,0.37017423652493897,0.08026193042551114,0.02351283871158888,-0.006639878179441545,0.022566176940390956,0.009955918427628926,0.02209918015384651
C.1.2.1.2.4.4.3,Part 820,C.1.2.1.2.4.4,-,false,0.7841411937372759,0.28909372274994966,-60.44355579651892,28.721044428837228,42.51666353084147,28.23690002309109,51.213312428444624,29.057750463592832,0.8011600518152019,0.37074144170588635,0.7446147060284282,0.3723953238821935,0.8025036987373738,0.37017423652493897,0.024794181776634387,0.02351283871158888,-0.007208786809275782,0.022566176940390956,0.01855066335371411,0.02209918015384651
C.1.2.1.2.4.4.4,Part 821,C.1.2.1.2.4.4,+,false,0.0707622840164695,0.28909372274994966,48.25788256712258,28.721044428837228,-39.542839117348194,28.23690002309109,7.862336887046695,29.057750463592832,0.08701404964993782,0.37074144170588635,0.0881479928677735,0.3723953238821935,0.0938627547885274,0.37017423652493897,-0.00366943115564693,0.02351283871158888,0.004602252210396301,0.022566176940390956,0.010378993873078925,0.02209918015384651
C.1.2.1.2.4.5,Subassembly 232,C.1.2.1.2.4,-,false,2.433307824954856,0.5781874454998993,11.846100863451245,22.186861923264686,-4.673090231575793,22.684932950510095,-33.92612501466142,19.228082154299834,17677.733039925388,8076.014074553498,13504.930444508027,6868.995028633386,20438.922015375847,8763.953023276876,-4866.3454860343,4285.958902895114,-5570.535628690888,3281.7797864023037,-6803.868044235048,3955.836497410352
C.1.2.1.2.4.5.1,Part 822,C.1.2.1.2.4.5,+,false,0.4072078144229017,0.28909372274994966,92.35317665152252,28.721044428837228,-64.68316460959613,28.23690002309109,-19.350315490737557,29.057750463592832,0.5885837720038378,0.37074144170588635,0.5697786219384158,0.3723953238821935,0.5984418258242137,0.37017423652493897,-0.017945362807275135,0.02351283871158888,-0.0010926556153732828,0.022566176940390956,0.0026388096326256747,0.02209918015384651
C.1.2.1.2.4.5.2,Part 823,C.1.2.1.2.4.5,+,false,0.9981345199504867,0.28909372274994966,45.81385510973632,28.721044428837228,80.57540208101273,28.23690002309109,13.06322286836803,29.057750463592832,1.192093828866941,0.37074144170588635,1.3392310748014664,0.3723953238821935,1.2369976623306118,0.37017423652493897,-0.07465667576540179,0.02351283871158888,0.10022896612910404,0.022566176940390956,0.08967724443355796,0.02209918015384651
C.1.2.1.2.4.5.3,Part 824,C.1.2.1.2.4.5,-,false,0.10764958786056376,0.28909372274994966,-42.19682705588639,28.721044428837228,-56.996966851875186,28.23690002309109,-30.298014730215073,29.057750463592832,0.1513570280368388,0.37074144170588635,0.15423437224017236,0.3723953238821935,0.148468888734851,0.37017423652493897,0.010718228458854992,0.02351283871158888,-0.007946938892291297,0.022566176940390956,-0.009001581295385176,0.02209918015384651
C.1.2.1.2.4.5.4,Part 825,C.1.2.1.2.4.5,-,false,0.920315902720904,0.28909372274994966,-54.29401402361691,28.721044428837228,-64.4571793731302,28.23690002309109,-91.76239422522485,29.057750463592832,1.2570674329021974,0.37074144170588635,1.3000220753039593,0.3723953238821935,1.4227641175875914,0.37017423652493897,-0.01764992457399503,0.02351283871158888,-0.06822718357408744,0.022566176940390956,0.0788622042842433,0.02209918015384651
C.1.2.1.2.5,Assembly 67,C.1.2.1.2,-,false,3.706382654022425,0.8176805270198123,-29.406529878165376,16.763325888546333,-31.155402175000408,16.04661909553627,-11.639893123997918,16.867761235704247,24696.28622315402,8972.868003213296,23508.775361038024,9044.953477729627,20147.333825740643,8655.031562687716,-2228.4134188011985,3845.1150172403377,2549.313390405372,3798.177055752672,-7440.039925571411,4301.340628520753
C.1.2.1.2.5.1,Subassembly 233,C.1.2.1.2.5,-,false,2.3394936493115965,0.6464332159373649,-45.428475970020386,21.39988523000233,-51.09662637938301,16.734151400925988,-13.358171808454925,19.162585364533747,8539.813907887727,4808.512465827036,11375.890713608609,6615.344264916563,9291.551077681972,6076.169342427909,-2785.2994062064968,2393.4785686244654,1408.6370174882416,2668.822786394457,-2300.1579344129295,2307.3463925932033
C.1.2.1.2.5.1.1,Part 826,C.1.2.1.2.5.1,-,false,0.35472945754113605,0.28909372274994966,-32.57354265078902,28.721044428837228,-54.359632916748524,28.23690002309109,-60.033038118854165,29.057750463592832,0.39465533938161407,0.37074144170588635,0.3708428361104746,0.3723953238821935,0.4016438495341792,0.37017423652493897,-0.00901885303641029,0.02351283871158888,-0.008405056752999634,0.022566176940390956,-0.039442214739952464,0.02209918015384651
C.1.2.1.2.5.1.2,Part 827,C.1.2.1.2.5.1,+,false,0.31314228507853115,0.28909372274994966,73.49771121516824,28.721044428837228,-14.560205908492208,28.23690002309109,-57.27238794788718,29.057750463592832,0.3536357841739443,0.37074144170588635,0.38870651252086724,0.3723953238821935,0.3836471681829062,0.37017423652493897,-0.003130433380554972,0.02351283871158888,0.001020412698138922,0.022566176940390956,0.029871025344772557,0.02209918015384651
C.1.2.1.2.5.1.3,Part 828,C.1.2.1.2.5.1,+,false,0.7795113956751302,0.28909372274994966,-88.55164228007197,28.721044428837228,-95.1529074460268,28.23690002309109,-29.581688018515706,29.057750463592832,1.1342216883989427,0.37074144170588635,1.0789138109344536,0.3723953238821935,1.1353333188813315,0.37017423652493897,-0.02123559450439876,0.02351283871158888,-0.003284069208180234,0.022566176940390956,-0.02408775241072387,0.02209918015384651
C.1.2.1.2.5.1.4,Part 829,C.1.2.1.2.5.1,+,false,0.20580471056792884,0.28909372274994966,-68.28695512376726,28.721044428837228,-73.13819658011198,28.23690002309109,-43.99308650754392,29.057750463592832,0.27761592021355075,0.37074144170588635,0.29510629942027644,0.3723953238821935,0.24858597897777807,0.37017423652493897,-0.013734226100615247,0.02351283871158888,-0.0029774467758205787,0.022566176940390956,-0.004131084819970121,0.02209918015384651
C.1.2.1.2.5.1.5,Part 830,C.1.2.1.2.5.1,-,false,0.6863058004488702,0.28909372274994966,-50.50122821703553,28.721044428837228,-9.431499196216464,28.23690002309109,58.41679130680859,29.057750463592832,0.8655261883665156,0.37074144170588635,0.8530180555528631,0.3723953238821935,0.8814957000538955,0.37017423652493897,0.026716929532031388,0.02351283871158888,-0.009397924121129757,0.022566176940390956,0.010086649848528272,0.02209918015384651
C.1.2.1.2.5.2,Subassembly 234,C.1.2.1.2.5,-,false,1.3668890047108289,0.5007250159521434,-1.9842293092634524,23.79623585320264,2.9749238608881576,28.7687454409615,-8.698979811958305,31.850143329585975,13615.17699279403,6873.555208647181,10485.723978516166,5659.487353249311,6704.785747775966,4635.767774976662,2583.6629434158076,2237.960097932383,1315.3179899998033,2311.675950980837,-4922.519654417632,3185.861640886127
C.1.2.1.2.5.2.1,Part 831,C.1.2.1.2.5.2,-,false,0.5344961925768293,0.28909372274994966,31.313461251556873,28.721044428837228,-69.91904112510383,28.23690002309109,-96.5362448245287,29.057750463592832,0.5897612726838234,0.37074144170588635,0.5753336902253086,0.3723953238821935,0.5716296806534101,0.37017423652493897,-0.03224629452045791,0.02351283871158888,-0.01831237160975026,0.022566176940390956,-0.01580900411041409,0.02209918015384651
C.1.2.1.2.5.2.2,Part 832,C.1.2.1.2.5.2,+,false,0.5820001744835172,0.28909372274994966,-2.857040846720338,28.721044428837228,38.35672647692263,28.23690002309109,79.24908045679331,29.057750463592832,0.7097826186053038,0.37074144170588635,0.7219674236698198,0.3723953238821935,0.7318502106340017,0.37017423652493897,0.005117095709049087,0.02351283871158888,0.029877279594565147,0.022566176940390956,0.020985204599652585,0.02209918015384651
C.1.2.1.2.5.2.3,Part 833,C.1.2.1.2.5.2,+,false,0.25039263765048236,0.28909372274994966,-71.0338328499347,28.721044428837228,76.33703076280653,28.23690002309109,-25.62081404030323,29.057750463592832,0.3791176394540979,0.37074144170588635,0.29990790383627103,0.3723953238821935,0.3254716396937155,0.37017423652493897,-0.002602383852669089,0.02351283871158888,0.021845858598623,0.022566176940390956,0.0045430762067803394,0.02209918015384651
C.1.2.1.3,Subsystem 18,C.1.2.1,-,false,16.18946447349456,1.7103015285819825,24.18579265803798,9.778470115375985,-7.771077430653669,8.918071312776583,7.952915301635902,8.15322276938106,78007.57761923368,20070.504927397233,97791.84230552563,26232.998182818632,105367.17052046918,27309.788197456317,11979.892311565854,10896.323980002748,-10704.517295047994,11055.397363175834,3891.594795173729,8839.600117026475
C.1.2.1.3.1,Assembly 68,C.1.2.1.3,-,false,7.827890161456773,1.1919639546010696,14.097945043591125,15.74790020875971,5.983626884111243,10.371417219059364,21.32592046471569,11.7888311498923,28559.69322168283,10554.6018099285,53345.54503314096,22898.37061438697,50266.58075605352,21029.315373818878,-250.76126760894158,7456.832914569532,-6300.827245809456,9141.962706029346,1178.8828668944252,4479.1441689614285
C.1.2.1.3.1.1,Subassembly 235,C.1.2.1.3.1,-,false,2.3524774633238557,0.5781874454998993,-41.87184291115601,18.304419421381404,-1.304624600518564,17.954591450523253,31.4331658543563,17.005247534748307,5985.2883657610155,3915.214570811361,7031.11714871175,4408.543021292006,9576.714484900443,5352.394051271844,-3673.1191709993186,2631.2982387098587,1160.43588199468,2090.0247407908837,29.246756582030628,1879.337437394427
C.1.2.1.3.1.1.1,Part 834,C.1.2.1.3.1.1,+,false,0.40099378614360465,0.28909372274994966,-63.31187314353883,28.721044428837228,24.416656279936433,28.23690002309109,20.430675148963928,29.057750463592832,0.43389863714674715,0.37074144170588635,0.4136057863438934,0.3723953238821935,0.4511421402189289,0.37017423652493897,-0.033465300315132056,0.02351283871158888,-0.0071074181250441355,0.022566176940390956,0.003935043067827086,0.02209918015384651
C.1.2.1.3.1.1.2,Part 835,C.1.2.1.3.1.1,+,false,0.3965485842186026,0.28909372274994966,-37.19825576990843,28.721044428837228,35.98375837318599,28.23690002309109,85.53113783709705,29.057750463592832,0.4887816802310661,0.37074144170588635,0.4759077769836566,0.3723953238821935,0.47835749363910546,0.37017423652493897,-0.02665996960369591,0.02351283871158888,-0.034850689630659654,0.022566176940390956,0.026177675493291808,0.02209918015384651
C.1.2.1.3.1.1.3,Part 836,C.1.2.1.3.1.1,-,false,0.8315259313513524,0.28909372274994966,15.8177703153342,28.721044428837228,23.80897239781916,28.23690002309109,7.037206087261438,29.057750463592832,0.9275314361620922,0.37074144170588635,1.0193814559402556,0.3723953238821935,1.056605242268911,0.37017423652493897,0.07547228895137376,0.02351283871158888,-0.0022189472138,0.022566176940390956,0.04228784251264097,0.02209918015384651
C.1.2.1.3.1.1.4,Part 837,C.1.2.1.3.1.1,+,false,0.723409161610296,0.28909372274994966,-98.86088455095887,28.721044428837228,-64.86939382739365,28.23690002309109,35.91932603158057,29.057750463592832,0.8889606265451537,0.37074144170588635,0.8428181531060767,0.3723953238821935,0.8737200009732881,0.37017423652493897,0.026297500605374745,0.02351283871158888,-0.015683970796338036,0.022566176940390956,0.05770215468870961,0.02209918015384651
C.1.2.1.3.1.2,Subassembly 236,C.1.2.1.3.1,-,false,1.1083677228069864,0.5007250159521434,82.32265535911407,53.06077576777315,-21.206846372745552,29.972336917475147,50.44212703423485,24.14512531014511,338.915219299952,1559.050320442253,2035.752693116231,9151.200478485604,2242.5046874275035,10636.283052536623,465.774881712775,3737.216673263092,141.98057834137165,648.0672176608928,60.945885432794555,214.28591174939604
C.1.2.1.3.1.2.1,Part 838,C.1.2.1.3.1.2,-,false,0.18060214138007724,0.28909372274994966,40.98220723681152,28.721044428837228,-36.13418573513627,28.23690002309109,67.83918738365173,29.057750463592832,0.17763309127981006,0.37074144170588635,0.1833857910489603,0.3723953238821935,0.17439103717133309,0.37017423652493897,0.007774736480611695,0.02351283871158888,0.0036302044481339012,0.022566176940390956,0.005082938168061955,0.02209918015384651
C.1.2.1.3.1.2.2,Part 839,C.1.2.1.3.1.2,-,false,0.04448513200553134,0.28909372274994966,-94.68534686602652,28.721044428837228,50.96291727386415,28.23690002309109,45.531967328861356,29.057750463592832,0.048070007514982596,0.37074144170588635,0.05155913239151727,0.3723953238821935,0.04919815742735186,0.37017423652493897,-0.0003405101173115414,0.02351283871158888,0.0002667001804250943,0.022566176940390956,-0.0011680604355123628,0.02209918015384651
C.1.2.1.3.1.2.3,Part 840,C.1.2.1.3.1.2,+,false,0.8832804494213778,0.28909372274994966,99.69018320553005,28.721044428837228,-21.789415599778295,28.23690002309109,47.132286708801985,29.057750463592832,1.037771344959049,0.37074144170588635,1.227757984799689,0.3723953238821935,1.1584179282114149,0.37017423652493897,0.00020116007688728452,0.02351283871158888,0.023356926861564535,0.022566176940390956,0.01975443995295485,0.02209918015384651
C.1.2.1.3.1.3,Subassembly 237,C.1.2.1.3.1,-,false,2.104327304575825,0.5781874454998993,21.380528758409724,21.238643720263923,9.604329705685014,18.053885039450638,-23.49402365985307,20.386101863252186,8302.191025267604,4701.279669443848,12068.66069547745,6221.552478207257,8674.210901148504,4849.299880513259,-101.23365377986318,2208.1973773863356,-3946.148552180775,3051.687572356248,-1655.8505204233038,2063.430574107076
C.1.2.1.3.1.3.1,Part 841,C.1.2.1.3.1.3,-,false,0.6974133238613139,0.28909372274994966,58.90536648221314,28.721044428837228,11.541157588362694,28.23690002309109,42.282070592045784,29.057750463592832,0.7733964985157729,0.37074144170588635,0.9014774039244129,0.3723953238821935,0.8169174212999276,0.37017423652493897,0.0870349451067998,0.02351283871158888,0.02392171970335654,0.022566176940390956,0.02333493268479006,0.02209918015384651
C.1.2.1.3.1.3.2,Part 842,C.1.2.1.3.1.3,-,false,0.4710435666393023,0.28909372274994966,-61.673590913414955,28.721044428837228,-27.983535081148148,28.23690002309109,-97.16738099232316,29.057750463592832,0.5614294522864547,0.37074144170588635,0.5569097222664281,0.3723953238821935,0.6337890002713044,0.37017423652493897,0.0037484803960846948,0.02351283871158888,0.0024649904939099583,0.022566176940390956,-0.0064300217386122575,0.02209918015384651
C.1.2.1.3.1.3.3,Part 843,C.1.2.1.3.1.3,-,false,0.5676760180015117,0.28909372274994966,70.62185569666326,28.721044428837228,-5.148091074079275,28.23690002309109,-45.27322403155267,29.057750463592832,0.6506581121627749,0.37074144170588635,0.6773699207006573,0.3723953238821935,0.8307662490023936,0.37017423652493897,-0.03918493957988709,0.02351283871158888,0.01553861912446197,0.022566176940390956,-0.02922590426635077,0.02209918015384651
C.1.2.1.3.1.3.4,Part 844,C.1.2.1.3.1.3,-,false,0.36819439607369714,0.28909372274994966,-19.362441822886467,28.721044428837228,76.76816508173943,28.23690002309109,-20.25180640630424,29.057750463592832,0.40684972322174673,0.37074144170588635,0.3816103408811263,0.3723953238821935,0.40004719993120336,0.37017423652493897,-0.00459355852336243,0.02351283871158888,0.01398166946070881,0.022566176940390956,0.005299486149481961,0.02209918015384651
C.1.2.1.3.1.4,Subassembly 238,C.1.2.1.3.1,-,false,1.433358836344676,0.5781874454998993,2.912087410263373,29.715299611854416,13.3872700102777,25.041800791429022,42.4961194439372,26.614163737643832,4442.628289532793,4177.335450633407,5822.517900519395,4696.62484083651,8594.729832201638,5184.287796865258,3476.201950547108,2322.4318151122293,-1580.1185855129406,1675.1969119621995,1557.535411662467,1753.9648569196409
C.1.2.1.3.1.4.1,Part 845,C.1.2.1.3.1.4,-,false,0.17836986341816374,0.28909372274994966,-84.28431488573551,28.721044428837228,11.25832605175674,28.23690002309109,36.66739072650671,29.057750463592832,0.20491633877743987,0.37074144170588635,0.21112120229710843,0.3723953238821935,0.20690681109857711,0.37017423652493897,0.006710751585280946,0.02351283871158888,-0.015210111434240042,0.022566176940390956,-0.002353009527986966,0.02209918015384651
C.1.2.1.3.1.4.2,Part 846,C.1.2.1.3.1.4,-,false,0.025595546347554773,0.28909372274994966,6.225353619083762,28.721044428837228,45.47065733931959,28.23690002309109,-46.5387755073607,29.057750463592832,0.036601651673853056,0.37074144170588635,0.03465495501650911,0.3723953238821935,0.036434757713451886,0.37017423652493897,0.0006698178929613933,0.02351283871158888,6.956095830493443e-5,0.022566176940390956,-9.337699946537705e-5,0.02209918015384651
C.1.2.1.3.1.4.3,Part 847,C.1.2.1.3.1.4,-,false,0.7577999298607465,0.28909372274994966,57.1947630494833,28.721044428837228,-29.537076270207763,28.23690002309109,62.86085303872824,29.057750463592832,0.8989543317891859,0.37074144170588635,0.93669153846115,0.3723953238821935,0.9273691313152126,0.37017423652493897,0.006974220493670368,0.02351283871158888,-0.0015070331325996455,0.022566176940390956,-0.004893940154830681,0.02209918015384651
C.1.2.1.3.1.4.4,Part 848,C.1.2.1.3.1.4,+,false,0.4715934967182111,0.28909372274994966,-51.51402843184769,28.721044428837228,81.42598224803805,28.23690002309109,16.80910838767886,29.057750463592832,0.5489609593213219,0.37074144170588635,0.5693346421181444,0.3723953238821935,0.6659487347226564,0.37017423652493897,0.03993464009478294,0.02351283871158888,-0.023106712773182526,0.022566176940390956,-0.006797290756618564,0.02209918015384651
C.1.2.1.3.1.5,Subassembly 239,C.1.2.1.3.1,-,false,0.8293588344054297,0.40884026350990615,82.5339509631965,66.2062602483355,41.01221521038887,28.044047945693688,30.878854056942203,51.445536895340695,1297.231307123743,4889.494686415715,3558.5628831325585,13318.073117725033,2406.565294528259,9023.398371066703,410.08545164764723,1607.8179081961848,-1690.1493582373184,6330.172543065857,296.93075602093813,1166.1680693832768
C.1.2.1.3.1.5.1,Part 849,C.1.2.1.3.1.5,-,false,0.7584273910708725,0.28909372274994966,98.75570465810597,28.721044428837228,38.16164047457278,28.23690002309109,42.628013947978616,29.057750463592832,0.9456711438455622,0.37074144170588635,0.8135015464339254,0.3723953238821935,0.9009828819031636,0.37017423652493897,0.025686869040586,0.02351283871158888,-0.0025239344307033413,0.022566176940390956,-0.06813605856113383,0.02209918015384651
C.1.2.1.3.1.5.2,Part 850,C.1.2.1.3.1.5,-,false,0.07093144333455711,0.28909372274994966,-90.91553427278996,28.721044428837228,71.49170157499611,28.23690002309109,-94.74786752834916,29.057750463592832,0.08694027832231106,0.37074144170588635,0.07925489046836325,0.3723953238821935,0.07676549023377613,0.37017423652493897,-0.0007213143040008382,0.02351283871158888,-0.008296425753552775,0.022566176940390956,-0.0014388781583278211,0.02209918015384651
C.1.2.1.3.2,Assembly 69,C.1.2.1.3,-,false,8.361574312037789,1.2265207905297184,33.6297753513113,11.709620314980825,-20.647876770257348,14.016468805210513,-4.56654713912436,10.972279629803818,43869.97596816995,16297.525478764319,40193.449708904125,11943.917251165161,50690.80587794497,16723.345746738232,10127.65526563315,7530.971253247689,-6448.3292258693,5723.800294990026,5500.5620604189735,7186.803894501291
C.1.2.1.3.2.1,Subassembly 240,C.1.2.1.3.2,-,false,1.7743090828824788,0.5007250159521434,58.338575913221064,19.904728119605174,-42.01789432124054,19.7565991394489,-51.603076331240516,19.775219073255048,2548.195843320399,2657.3163600620915,2110.851677776517,2404.5600492123967,2679.5545265015144,2693.452111480065,1269.9057803563555,1346.6984674305447,-1017.8920738288006,1200.8610513315916,1240.6404554793205,1334.4564329857978
C.1.2.1.3.2.1.1,Part 851,C.1.2.1.3.2.1,-,false,0.16698747498332522,0.28909372274994966,79.75233374163508,28.721044428837228,-42.011516727507114,28.23690002309109,-50.059696519747376,29.057750463592832,0.2446022948140927,0.37074144170588635,0.24626061312165018,0.3723953238821935,0.23472495987538344,0.37017423652493897,-0.002972235633421123,0.02351283871158888,0.0029887339776154863,0.022566176940390956,0.013387998794383862,0.02209918015384651
C.1.2.1.3.2.1.2,Part 852,C.1.2.1.3.2.1,-,false,0.8872344696600921,0.28909372274994966,33.247135719284415,28.721044428837228,-13.975840294733644,28.23690002309109,-74.10353431478143,29.057750463592832,1.0351687186330198,0.37074144170588635,1.0173308018021852,0.3723953238821935,1.1655502162221663,0.37017423652493897,-0.00015872870575983403,0.02351283871158888,-0.10618243061171033,0.022566176940390956,-0.02182010108579728,0.02209918015384651
C.1.2.1.3.2.1.3,Part 853,C.1.2.1.3.2.1,-,false,0.7200871382390615,0.28909372274994966,84.28843710571527,28.721044428837228,-76.57057633623481,28.23690002309109,-24.23769822344184,29.057750463592832,0.7041585712206068,0.37074144170588635,0.7016647586513276,0.3723953238821935,0.7074755072409198,0.37017423652493897,0.0027835058640887454,0.02351283871158888,-0.011163511440675228,0.022566176940390956,-0.034477368700925395,0.02209918015384651
C.1.2.1.3.2.2,Subassembly 241,C.1.2.1.3.2,-,false,1.7344175181372556,0.5781874454998993,-13.013821306216093,22.99441873485875,-59.528492493438414,25.8000782155719,7.776774881890079,20.18452749405551,4005.9083240460404,4768.102402022156,3803.9780162106426,3315.6449641169975,5731.016619127888,5178.60408828764,1083.0387665154494,2272.2230896704023,863.896673864529,1539.2676986401434,-798.0803241341987,2127.0368618951143
C.1.2.1.3.2.2.1,Part 854,C.1.2.1.3.2.2,+,false,0.06637552624614909,0.28909372274994966,-65.73344920761883,28.721044428837228,42.837348533794284,28.23690002309109,-47.21266976557672,29.057750463592832,0.07601141126649608,0.37074144170588635,0.07311074736691542,0.3723953238821935,0.07816037962959646,0.37017423652493897,-0.003240559665272272,0.02351283871158888,0.0005301398026383039,0.022566176940390956,0.00023359646076289906,0.02209918015384651
C.1.2.1.3.2.2.2,Part 855,C.1.2.1.3.2.2,-,false,0.651910930801183,0.28909372274994966,30.22468676790595,28.721044428837228,-98.74559822492301,28.23690002309109,-17.42980726994574,29.057750463592832,0.8577564852089625,0.37074144170588635,0.7401335690513332,0.3723953238821935,0.8739325202977855,0.37017423652493897,-0.05112854812300843,0.02351283871158888,0.005699994729036106,0.022566176940390956,0.016233382108483515,0.02209918015384651
C.1.2.1.3.2.2.3,Part 856,C.1.2.1.3.2.2,-,false,0.7030004933588206,0.28909372274994966,-19.05247075483203,28.721044428837228,-20.96820971928537,28.23690002309109,30.952070746570826,29.057750463592832,0.7477947201232356,0.37074144170588635,0.7509087750921246,0.3723953238821935,0.6083553538837135,0.37017423652493897,0.004966556991600009,0.02351283871158888,-0.024876684771466758,0.022566176940390956,0.02692203311809019,0.02209918015384651
C.1.2.1.3.2.2.4,Part 857,C.1.2.1.3.2.2,-,false,0.3131305677311029,0.28909372274994966,-78.30029143951833,28.721044428837228,-86.1513308249414,28.23690002309109,19.880848145112395,29.057750463592832,0.47021226519225606,0.37074144170588635,0.47282941316419513,0.3723953238821935,0.49582818660291456,0.37017423652493897,-0.004039362404676732,0.02351283871158888,-0.0029216016162537327,0.022566176940390956,0.008060700605007121,0.02209918015384651
C.1.2.1.3.2.3,Subassembly 242,C.1.2.1.3.2,-,false,1.6229139549075624,0.5781874454998993,17.275570194886182,28.739693936862786,55.727707185318685,20.749305330295968,7.93886450274938,21.81640967140961,1907.1408130970894,2994.946097891086,9218.442199926625,5484.2868923178785,7655.617836811482,5211.576774839862,801.1332760803264,2307.532309690992,-3210.237107523966,2581.1514268087376,309.9569843929422,1423.7972271038082
C.1.2.1.3.2.3.1,Part 858,C.1.2.1.3.2.3,-,false,0.00933534731529653,0.28909372274994966,-47.66736491583288,28.721044428837228,-14.171905443072319,28.23690002309109,61.94947957992554,29.057750463592832,0.012872223157351688,0.37074144170588635,0.011692039029950179,0.3723953238821935,0.012112301882123434,0.37017423652493897,-0.00085968288171009,0.02351283871158888,-0.0013162378460921578,0.022566176940390956,0.00023031250823094397,0.02209918015384651
C.1.2.1.3.2.3.2,Part 859,C.1.2.1.3.2.3,-,false,0.4648861519698985,0.28909372274994966,69.58614005707204,28.721044428837228,56.126068299636245,28.23690002309109,48.7769422121346,29.057750463592832,0.5964410415207153,0.37074144170588635,0.4803773995355326,0.3723953238821935,0.6377796703367564,0.37017423652493897,0.003160270056478289,0.02351283871158888,0.019801128400824486,0.022566176940390956,0.005662558371979268,0.02209918015384651
C.1.2.1.3.2.3.3,Part 860,C.1.2.1.3.2.3,-,false,0.5012732081627473,0.28909372274994966,76.55848963186145,28.721044428837228,44.267522636801004,28.23690002309109,16.963543090969324,29.057750463592832,0.6205684414365252,0.37074144170588635,0.6257512516446063,0.3723953238821935,0.6233369809397908,0.37017423652493897,0.0028794879059003088,0.02351283871158888,-0.003101390170643961,0.022566176940390956,0.0004958489557705843,0.02209918015384651
C.1.2.1.3.2.3.4,Part 861,C.1.2.1.3.2.3,-,false,0.6474192474596202,0.28909372274994966,-65.2507589198649,28.721044428837228,65.32276957295835,28.23690002309109,-29.151621041819453,29.057750463592832,0.7558995706929647,0.37074144170588635,0.7928488191668013,0.3723953238821935,0.7165132914075537,0.37017423652493897,-0.024177475921984385,0.02351283871158888,0.020254634278347613,0.022566176940390956,0.01851132812549184,0.02209918015384651
C.1.2.1.3.2.4,Subassembly 243,C.1.2.1.3.2,-,false,1.4099292425618042,0.40884026350990615,13.90483996309208,22.871512220155246,22.806717694890622,24.426867058722664,-44.740762071344214,22.649205865650273,1743.572768446439,2008.1755881851768,681.691208011069,1198.075270390512,1998.0082142617412,2180.5564265959033,845.3862056231452,1065.0373149464433,315.23868388212685,598.0160801268256,-570.088425652902,966.6539784987212
C.1.2.1.3.2.4.1,Part 862,C.1.2.1.3.2.4,+,false,0.4121293020050507,0.28909372274994966,-14.421700173988938,28.721044428837228,74.04830218292773,28.23690002309109,-25.63537247478962,29.057750463592832,0.538959382654313,0.37074144170588635,0.5400639859835994,0.3723953238821935,0.4226073905186561,0.37017423652493897,0.0015989473031791206,0.02351283871158888,0.0019416072073452939,0.022566176940390956,0.0017356833858610727,0.02209918015384651
C.1.2.1.3.2.4.2,Part 863,C.1.2.1.3.2.4,+,false,0.9977999405567535,0.28909372274994966,25.604777736589313,28.721044428837228,1.6419955994933844,28.23690002309109,-52.63201417401433,29.057750463592832,1.3773431124218019,0.37074144170588635,1.3055362404790645,0.3723953238821935,1.2207548115469578,0.37017423652493897,-0.10230191196398598,0.02351283871158888,-0.07650615223409113,0.022566176940390956,-0.03266701715737544,0.02209918015384651
C.1.2.1.3.2.5,Subassembly 244,C.1.2.1.3.2,-,false,1.8200045135486873,0.6464332159373649,83.8552842379113,20.88150764661123,-64.53055212239343,36.83461957041515,49.497308010424426,21.548347280144373,2560.1157079357436,8651.647678168238,1909.1406053210458,2244.3856206478995,3129.954732773771,8214.472633029287,1089.7589542401,1348.5048365059838,-732.6585250677476,1004.408964096311,1040.0120048863735,2453.5947676724
C.1.2.1.3.2.5.1,Part 864,C.1.2.1.3.2.5,-,false,0.5356775743139442,0.28909372274994966,95.3914912417531,28.721044428837228,-94.64962691999972,28.23690002309109,70.65375722013414,29.057750463592832,0.5065910577528606,0.37074144170588635,0.6666737058866342,0.3723953238821935,0.6209295219931377,0.37017423652493897,0.013106678148177375,0.02351283871158888,-0.06445713535372527,0.022566176940390956,0.009277910904441102,0.02209918015384651
C.1.2.1.3.2.5.2,Part 865,C.1.2.1.3.2.5,-,false,0.9789306758067104,0.28909372274994966,94.38720103353262,28.721044428837228,-67.743732733652,28.23690002309109,49.35169564560056,29.057750463592832,1.1316552003076614,0.37074144170588635,1.2492147928009492,0.3723953238821935,1.0228918812757202,0.37017423652493897,-0.028851869426001063,0.02351283871158888,0.07290580738775347,0.022566176940390956,-0.07001034554191826,0.02209918015384651
C.1.2.1.3.2.5.3,Part 866,C.1.2.1.3.2.5,+,false,0.2665159461244475,0.28909372274994966,20.90835776180029,28.721044428837228,-10.535001801326871,28.23690002309109,12.772182933986187,29.057750463592832,0.34417945419279855,0.37074144170588635,0.35010805416529395,0.3723953238821935,0.3961672255533621,0.37017423652493897,0.00011508781543481677,0.02351283871158888,0.0004253799259685243,0.022566176940390956,-0.0029131415057917854,0.02209918015384651
C.1.2.1.3.2.5.4,Part 867,C.1.2.1.3.2.5,+,false,0.0030841485098935663,0.28909372274994966,81.85773957520723,28.721044428837228,83.96136229857802,28.23690002309109,88.07933288626373,29.057750463592832,0.003597133464721806,0.37074144170588635,0.003748139705033749,0.3723953238821935,0.0040511232916386,0.37017423652493897,4.35008819557647e-5,0.02351283871158888,4.662714983698157e-5,0.022566176940390956,-0.00032771128475900236,0.02209918015384651
C.1.2.1.3.2.5.5,Part 868,C.1.2.1.3.2.5,+,false,0.035796168793691324,0.28909372274994966,92.03539369627833,28.721044428837228,59.25218351185322,28.23690002309109,6.988506857305765,29.057750463592832,0.044401768379264066,0.37074144170588635,0.04714700625441354,0.3723953238821935,0.04463445237186242,0.37017423652493897,-0.00249347545891977,0.02351283871158888,-0.001406768059127789,0.022566176940390956,-0.002809141600363138,0.02209918015384651
C.1.2.1.4,Subsystem 19,C.1.2.1,-,false,23.83098124597548,1.960729023740287,0.6582123773076003,7.0548772084635,12.682302479715474,6.811922022467333,3.4811510404587294,7.166067088984612,144854.8244506546,24161.895404981333,158401.5303504495,25088.127368791567,148515.93253028565,23523.09190904202,-5043.200834170149,11557.961128345225,11589.495131165138,12262.935170527815,-240.3560399778935,11836.645440783965
C.1.2.1.4.1,Assembly 70,C.1.2.1.4,-,false,4.4195060484020505,0.7648700959862225,-11.657212901492894,16.043901338892862,44.02368704424483,13.422643561915036,29.041366581124038,15.078621505891599,14636.769712281688,6915.782946531758,22873.61897025906,9197.546927177216,23188.228727544643,8574.608203709538,-3678.4072543070615,3993.788705350255,-405.60488346872893,4673.86500570238,-1761.9302158894968,3100.427047785865
C.1.2.1.4.1.1,Subassembly 245,C.1.2.1.4.1,-,false,1.1050177654705475,0.40884026350990615,58.41402381282766,23.567265078124205,80.10380122615605,23.238775292295152,25.53800061010521,38.60402338349189,4761.123572160082,4610.68546702164,4751.622094393267,4603.96968832194,361.91822979427593,751.0193944407209,180.31536559904777,375.6315943203719,896.2341146693481,1459.367017842,-919.772587729766,1452.2167521445126
C.1.2.1.4.1.1.1,Part 869,C.1.2.1.4.1.1,+,false,0.27223217856604603,0.28909372274994966,80.46283801086247,28.721044428837228,57.47569045051932,28.23690002309109,-86.99930654838681,29.057750463592832,0.3961942194821377,0.37074144170588635,0.34880401745538203,0.3723953238821935,0.3581649715034036,0.37017423652493897,-0.01663236375212988,0.02351283871158888,0.027185724562474915,0.022566176940390956,0.0040272209932980165,0.02209918015384651
C.1.2.1.4.1.1.2,Part 870,C.1.2.1.4.1.1,-,false,0.8327855869045016,0.28909372274994966,51.206410210579634,28.721044428837228,87.50078310258687,28.23690002309109,62.32571257278323,29.057750463592832,1.0072639413371467,0.37074144170588635,0.9020600361509343,0.3723953238821935,0.993808398604382,0.37017423652493897,0.07621546486115519,0.02351283871158888,-0.046705179633531935,0.022566176940390956,0.08847384438793632,0.02209918015384651
C.1.2.1.4.1.2,Subassembly 246,C.1.2.1.4.1,-,false,1.7162988954770846,0.5007250159521434,-6.089862759634571,25.22438827887967,52.70979361468894,21.341417413947998,25.918077700795283,22.328968461568937,5760.684179252831,3910.256442547341,6968.533272943628,5300.196800388728,8269.659522990922,5018.2776436607155,1572.247691996349,2170.93647132992,-1707.8175815971795,2586.802230232626,-1636.0315294469094,1799.048872180451
C.1.2.1.4.1.2.1,Part 871,C.1.2.1.4.1.2,-,false,0.2949817116728518,0.28909372274994966,86.81539348326623,28.721044428837228,76.32933091372252,28.23690002309109,99.27633125334978,29.057750463592832,0.34408543131221214,0.37074144170588635,0.4071461575395191,0.3723953238821935,0.35501415697126604,0.37017423652493897,0.0134424292994893,0.02351283871158888,-0.0034219645196100993,0.022566176940390956,-0.01589020465438252,0.02209918015384651
C.1.2.1.4.1.2.2,Part 872,C.1.2.1.4.1.2,+,false,0.7826816371108871,0.28909372274994966,-56.27164328470826,28.721044428837228,91.53945492580533,28.23690002309109,24.067642632871866,29.057750463592832,0.9778478964809706,0.37074144170588635,0.9496995845322196,0.3723953238821935,0.6957101008845437,0.37017423652493897,0.0023040540404262056,0.02351283871158888,0.039310745442766484,0.022566176940390956,0.01361643285858351,0.02209918015384651
C.1.2.1.4.1.2.3,Part 873,C.1.2.1.4.1.2,+,false,0.6386355466933455,0.28909372274994966,12.498214095830917,28.721044428837228,-5.787724442780018,28.23690002309109,-5.697828670963645,29.057750463592832,0.8671067831517091,0.37074144170588635,0.9959601496049392,0.3723953238821935,0.8581832902650786,0.37017423652493897,-0.02616752523860597,0.02351283871158888,0.0004076729359052414,0.022566176940390956,0.0019840933129517506,0.02209918015384651
C.1.2.1.4.1.3,Subassembly 247,C.1.2.1.4.1,-,false,1.5981893874544184,0.40884026350990615,-66.08455361583161,21.233543105949117,9.749199493482326,20.611497725236212,34.81776515125168,21.14893488704114,585.8966435345199,1228.2132209143756,856.648740005861,1503.0036389520099,898.0334589421627,1525.81575559429,427.0824399830485,758.1080768381495,-397.5918488462862,753.2818456381834,291.22127664247284,615.3072129534725
C.1.2.1.4.1.3.1,Part 874,C.1.2.1.4.1.3,+,false,0.9408222606582567,0.28909372274994966,-82.05497930757701,28.721044428837228,21.43986476585269,28.23690002309109,23.9314301405102,29.057750463592832,1.3638283437191279,0.37074144170588635,1.2896698188481333,0.3723953238821935,1.1927794239794551,0.37017423652493897,-0.08440370084619134,0.02351283871158888,-0.0765637423114574,0.022566176940390956,-0.03919185966259717,0.02209918015384651
C.1.2.1.4.1.3.2,Part 875,C.1.2.1.4.1.3,-,false,0.6573671267961617,0.28909372274994966,-43.227718537673354,28.721044428837228,-6.98245270177722,28.23690002309109,50.39826179854572,29.057750463592832,0.844242415430575,0.37074144170588635,0.8904826876670747,0.3723953238821935,0.8357265737891564,0.37017423652493897,-0.056719963109132895,0.02351283871158888,0.004520140436816887,0.022566176940390956,0.07768755813589966,0.02209918015384651
C.1.2.1.4.2,Assembly 71,C.1.2.1.4,-,false,3.6752851213405373,0.8672811682498489,-4.374218688684126,19.54218865838233,-14.698211192901924,14.815016088409903,-10.757297378932742,17.86806034933769,16356.832270301262,7736.286063972844,24366.13172250597,9756.263986085209,19630.444339672227,8196.306535319121,-2525.553023554751,3925.63699718916,-5160.927295064665,4754.5307788865275,-4534.52565001109,3632.4880124060564
C.1.2.1.4.2.1,Subassembly 248,C.1.2.1.4.2,-,false,1.3133947800062598,0.40884026350990615,-28.80786956887845,25.880813781291536,-16.884945114439358,23.293153486082605,10.082701418904671,27.36667137384839,2451.1641058264377,2547.790760932772,3397.0242371919658,3201.362976076653,1875.384939416179,2116.64730909788,808.5942274859046,1009.97808711243,1673.0621728259916,1588.8109978340472,-959.6542344374611,1167.000762705173
C.1.2.1.4.2.1.1,Part 876,C.1.2.1.4.2.1,-,false,0.3450348290752154,0.28909372274994966,26.07601834461093,28.721044428837228,-48.367415415123105,28.23690002309109,-55.055674351751804,29.057750463592832,0.40830853274365597,0.37074144170588635,0.40658366946626634,0.3723953238821935,0.5182531799146531,0.37017423652493897,-0.0004167074262375955,0.02351283871158888,-0.013953812759018238,0.022566176940390956,0.003962769157415912,0.02209918015384651
C.1.2.1.4.2.1.2,Part 877,C.1.2.1.4.2.1,+,false,0.9683599509310443,0.28909372274994966,-48.36346236988902,28.721044428837228,-5.667475052177906,28.23690002309109,33.29205485060811,29.057750463592832,1.3096615421195466,0.37074144170588635,1.3522068302386205,0.3723953238821935,1.3870068925175236,0.37017423652493897,0.007844667177271513,0.02351283871158888,-0.04817599092855786,0.022566176940390956,-0.023319006418379376,0.02209918015384651
C.1.2.1.4.2.2,Subassembly 249,C.1.2.1.4.2,-,false,1.5014131515964402,0.5781874454998993,-27.70727555382631,28.91045960314836,-5.784846550073736,24.362204641717465,-40.429435258483274,29.739299316294318,9519.851221522105,6167.760108805537,11265.528129268423,6917.400812157756,9293.637968960344,5927.9536385554975,-4142.499670673285,2897.828552781678,-5000.413947769135,3395.4300293003757,-3500.608442782811,2965.3500089766035
C.1.2.1.4.2.2.1,Part 878,C.1.2.1.4.2.2,+,false,0.32665915898117237,0.28909372274994966,59.33857928030193,28.721044428837228,75.91856541112065,28.23690002309109,58.514846256002784,29.057750463592832,0.32790540412752905,0.37074144170588635,0.3886392247945744,0.3723953238821935,0.39209893694157205,0.37017423652493897,0.02817494455285071,0.02351283871158888,0.032126219191795966,0.022566176940390956,0.0047057567483918625,0.02209918015384651
C.1.2.1.4.2.2.2,Part 879,C.1.2.1.4.2.2,+,false,0.1723956700002309,0.28909372274994966,34.508997248485684,28.721044428837228,-12.193138571456075,28.23690002309109,21.78624365478754,29.057750463592832,0.2364483067339139,0.37074144170588635,0.2300038769012629,0.3723953238821935,0.19061696205901213,0.37017423652493897,-0.01936783134201921,0.02351283871158888,0.0015651232361137085,0.022566176940390956,-0.00505840643941757,0.02209918015384651
C.1.2.1.4.2.2.3,Part 880,C.1.2.1.4.2.2,-,false,0.49579794705542735,0.28909372274994966,-96.14929696545005,28.721044428837228,-62.139587150886655,28.23690002309109,-77.74973716586828,29.057750463592832,0.5187867401552515,0.37074144170588635,0.6038550697233149,0.3723953238821935,0.517129027971741,0.37017423652493897,-0.023769010484124015,0.02351283871158888,0.0021216731298101497,0.022566176940390956,-0.00037679636179241253,0.02209918015384651
C.1.2.1.4.2.2.4,Part 881,C.1.2.1.4.2.2,-,false,0.5065603755596094,0.28909372274994966,-38.02535077556968,28.721044428837228,-1.133557641878724,28.23690002309109,-88.88060031458735,29.057750463592832,0.5506132929822533,0.37074144170588635,0.49463721108655295,0.3723953238821935,0.5082754194049325,0.37017423652493897,-0.022121695050827107,0.02351283871158888,-0.008213365103601874,0.022566176940390956,-0.009709987028756221,0.02209918015384651
C.1.2.1.4.2.3,Subassembly 250,C.1.2.1.4.2,-,false,0.8604771897378376,0.5007250159521434,73.63318088836365,20.511053666068918,-26.913059078770154,29.07923816863242,9.207197458121133,27.503646982255436,1896.584427122979,1981.6016020544416,630.6427322263755,1042.0276152543495,1369.817064037452,1536.831321010163,-253.6354218866898,672.1591690838065,-122.77310695281689,436.82128058770064,-741.0467898826323,958.6436202560024
C.1.2.1.4.2.3.1,Part 882,C.1.2.1.4.2.3,-,false,0.050590304508339616,0.28909372274994966,62.426201067864895,28.721044428837228,-50.291696889325976,28.23690002309109,50.19796080887318,29.057750463592832,0.06874078058828009,0.37074144170588635,0.06490268322578027,0.3723953238821935,0.07600627149522667,0.37017423652493897,-0.0008540706664279351,0.02351283871158888,-0.0023882023017479316,0.022566176940390956,0.0004652158540353906,0.02209918015384651
C.1.2.1.4.2.3.2,Part 883,C.1.2.1.4.2.3,+,false,0.5100211774855852,0.28909372274994966,80.02120340242982,28.721044428837228,5.123272677883506,28.23690002309109,25.464348448440433,29.057750463592832,0.8123473071364197,0.37074144170588635,0.7761243942042328,0.3723953238821935,0.8058108417780543,0.37017423652493897,-0.011232746683602125,0.02351283871158888,0.030361710838555822,0.022566176940390956,0.006308870912483725,0.02209918015384651
C.1.2.1.4.2.3.3,Part 884,C.1.2.1.4.2.3,+,false,0.2998657077439129,0.28909372274994966,64.65895618312061,28.721044428837228,-77.45726886205375,28.23690002309109,-25.359030766412616,29.057750463592832,0.4455265326663298,0.37074144170588635,0.39840045803022395,0.3723953238821935,0.4477280357967806,0.37017423652493897,-0.0018984741520829875,0.02351283871158888,-0.0054391085791179695,0.022566176940390956,-0.009097553900918872,0.02209918015384651
C.1.2.1.4.3,Assembly 72,C.1.2.1.4,-,false,3.980435287952423,0.7648700959862226,-16.533187969356604,16.814765793511196,10.472029395477222,15.535387145720234,3.5108946397235012,15.449002355590281,21365.957654034813,8195.3877464377,25312.230331244828,8974.883418754522,25127.214283585425,9026.15698654749,-2755.6061061540536,4410.36296533068,7066.305443558745,4367.078499741777,8181.389788336053,4085.0684639818437
C.1.2.1.4.3.1,Subassembly 251,C.1.2.1.4.3,-,false,1.4489720894189086,0.40884026350990615,-59.802735175884955,21.33411978956682,43.5268666869883,21.095035833575658,11.176095962610457,24.15847892622921,3757.7771659585383,3193.685415491731,3691.4233815054504,3172.9622477154926,1601.6513353623104,1989.625314491455,799.1191209614908,995.4343500946943,-1496.8727387981378,1546.9870549185282,1560.3918645125004,1546.3036503736405
C.1.2.1.4.3.1.1,Part 885,C.1.2.1.4.3.1,+,false,0.7491437257248909,0.28909372274994966,-82.03398082405329,28.721044428837228,66.7016813531518,28.23690002309109,-32.23336827941239,29.057750463592832,0.9855565016923363,0.37074144170588635,0.9921624877944623,0.3723953238821935,0.9669671789260723,0.37017423652493897,-0.003268591755477613,0.02351283871158888,0.0013095174335343777,0.022566176940390956,0.0008691981100164805,0.02209918015384651
C.1.2.1.4.3.1.2,Part 886,C.1.2.1.4.3.1,+,false,0.6998283636940178,0.28909372274994966,-36.004902655258775,28.721044428837228,18.71897391974926,28.23690002309109,57.644529454410076,29.057750463592832,0.9282714449993907,0.37074144170588635,1.021879984634578,0.3723953238821935,1.0571767025242786,0.37017423652493897,0.007263574339031811,0.02351283871158888,0.009131728147379236,0.022566176940390956,0.001446424153335739,0.02209918015384651
C.1.2.1.4.3.2,Subassembly 252,C.1.2.1.4.3,-,false,2.5314631985335145,0.6464332159373649,8.23366080820955,21.472911013479965,-8.448070522794914,19.97681312732007,-0.8765532137843919,19.902024080817775,14984.94826780092,6960.971163546203,17221.307440588498,7402.749036588129,16770.560638731615,7314.227006001939,-6813.3649248922975,3550.632553119197,7807.520875623594,3562.4054145797836,7198.266024249658,3454.204608410513
C.1.2.1.4.3.2.1,Part 887,C.1.2.1.4.3.2,-,false,0.10775876299384982,0.28909372274994966,-58.45392211340368,28.721044428837228,45.44548690319061,28.23690002309109,15.222681732848287,29.057750463592832,0.14406637367684322,0.37074144170588635,0.14100496678242813,0.3723953238821935,0.15616785894719315,0.37017423652493897,0.00547566011066585,0.02351283871158888,0.00559854859800277,0.022566176940390956,-0.0069062261422062066,0.02209918015384651
C.1.2.1.4.3.2.2,Part 888,C.1.2.1.4.3.2,+,false,0.865055982094258,0.28909372274994966,-44.30886339396238,28.721044428837228,-53.615461522713304,28.23690002309109,42.18867253512144,29.057750463592832,0.9418215373310636,0.37074144170588635,0.7608142694735102,0.3723953238821935,0.922507610945533,0.37017423652493897,0.003954190996576758,0.02351283871158888,-0.0070787821950095,0.022566176940390956,0.04187183472708235,0.02209918015384651
C.1.2.1.4.3.2.3,Part 889,C.1.2.1.4.3.2,+,false,0.3976534101071302,0.28909372274994966,-51.677533937618136,28.721044428837228,-73.42608482576907,28.23690002309109,67.81320073641837,29.057750463592832,0.5600971354308069,0.37074144170588635,0.5396715266257596,0.3723953238821935,0.4744866499202376,0.37017423652493897,0.007534120957154927,0.02351283871158888,-0.017460491659828672,0.022566176940390956,0.033087381637155536,0.02209918015384651
C.1.2.1.4.3.2.4,Part 890,C.1.2.1.4.3.2,-,false,0.555115302071441,0.28909372274994966,61.39585142955184,28.721044428837228,64.13843552581966,28.23690002309109,-77.88812830112875,29.057750463592832,0.6611942778411626,0.37074144170588635,0.6738151119641261,0.3723953238821935,0.7929114094951272,0.37017423652493897,-0.000509362731094902,0.02351283871158888,0.0057383556083115995,0.022566176940390956,-0.04000901188237635,0.02209918015384651
C.1.2.1.4.3.2.5,Part 891,C.1.2.1.4.3.2,-,false,0.6058797412668355,0.28909372274994966,85.72617047466338,28.721044428837228,22.597145475447178,28.23690002309109,-39.75072959437966,29.057750463592832,0.7779372659849757,0.37074144170588635,0.842547680294552,0.3723953238821935,0.7815172456056424,0.37017423652493897,0.06006724028695434,0.02351283871158888,0.03884631353718987,0.022566176940390956,0.06444937135160092,0.02209918015384651
C.1.2.1.4.4,Assembly 73,C.1.2.1.4,-,false,5.955993725442095,0.914194621147077,-0.20568933681228224,13.143151521038144,12.912401002329522,13.411933635982207,17.920793268073403,14.70493575258007,32613.879181346903,12414.46395293064,37183.47845077222,12326.825508726288,26492.554953247203,9825.489647454162,3145.4023495927786,4705.7054063530495,-4784.321115179401,5799.43626314167,1561.630186853215,5894.95150082046
C.1.2.1.4.4.1,Subassembly 253,C.1.2.1.4.4,-,false,2.3664501827547793,0.5007250159521434,-33.16525169893915,18.93183927140394,32.71509775593276,18.101203186385263,-21.64002047119488,22.553244887089573,11001.007485220758,6191.665012269797,11298.561931250246,6334.9431991446945,3296.583937610246,2990.1170673108454,1445.166068233224,1471.0921358276528,3539.0392372160773,3026.3925818620023,-3767.889193699643,2879.127910186344
C.1.2.1.4.4.1.1,Part 892,C.1.2.1.4.4.1,+,false,0.9839543643093203,0.28909372274994966,-8.969714026898146,28.721044428837228,3.772946447134018,28.23690002309109,-95.32698071561754,29.057750463592832,1.0476112449192303,0.37074144170588635,1.0957999013834414,0.3723953238821935,1.1519422399144252,0.37017423652493897,0.004691518554134694,0.02351283871158888,-0.009787090024304276,0.022566176940390956,-0.03499389460194705,0.02209918015384651
C.1.2.1.4.4.1.2,Part 893,C.1.2.1.4.4.1,-,false,0.9674728149638977,0.28909372274994966,-34.53551633283496,28.721044428837228,48.11259317211807,28.23690002309109,20.308606885373592,29.057750463592832,1.298959936817941,0.37074144170588635,1.1970174149185824,0.3723953238821935,1.2442993808244205,0.37017423652493897,0.0010835452257832892,0.02351283871158888,0.01743985679662994,0.022566176940390956,-0.049229822046473096,0.02209918015384651
C.1.2.1.4.4.1.3,Part 894,C.1.2.1.4.4.1,-,false,0.4150230034815613,0.28909372274994966,-87.33480595983565,28.721044428837228,65.438820887357,28.23690002309109,55.272462125867605,29.057750463592832,0.4833654988359504,0.37074144170588635,0.4284578636487586,0.3723953238821935,0.5189108504499969,0.37017423652493897,0.04067450610915517,0.02351283871158888,-0.0034760958638650474,0.022566176940390956,0.014641128303072837,0.02209918015384651
C.1.2.1.4.4.2,Subassembly 254,C.1.2.1.4.4,-,false,0.2890749436072074,0.40884026350990615,-46.14924764934686,48.42296656038124,-69.10226274544848,26.729914169156356,-34.53756077277195,43.57937527592399,141.6012939688856,474.10457444799135,284.3618976760483,896.0184564233878,182.07619875134196,593.1062833972983,-56.20749979330978,208.19738855292974,140.54476917824897,444.12124989464274,48.68034269335476,181.67554009252765
C.1.2.1.4.4.2.1,Part 895,C.1.2.1.4.4.2,+,false,0.21539932430023329,0.28909372274994966,-60.005019744858146,28.721044428837228,-73.90226856805384,28.23690002309109,-22.535437997430563,29.057750463592832,0.28205077494830033,0.37074144170588635,0.2805262765242215,0.3723953238821935,0.2682207295553417,0.37017423652493897,0.0012811378256245706,0.02351283871158888,0.002118327299968095,0.022566176940390956,0.006586046086165365,0.02209918015384651
C.1.2.1.4.4.2.2,Part 896,C.1.2.1.4.4.2,+,false,0.07367561930697411,0.28909372274994966,-5.640270933508873,28.721044428837228,-55.06888208910823,28.23690002309109,-69.62717603892088,29.057750463592832,0.10319062508449083,0.37074144170588635,0.08460161430152588,0.3723953238821935,0.08290583454514729,0.37017423652493897,-0.00247429462184856,0.02351283871158888,-0.00046761340291356647,0.022566176940390956,0.0020673827736758647,0.02209918015384651
C.1.2.1.4.4.3,Subassembly 255,C.1.2.1.4.4,-,false,3.300468599080108,0.6464332159373649,27.450472557630142,16.539709916137813,5.897121093227476,17.254946604901626,50.880685893509394,17.55543043448157,10351.799629649862,7729.893665812618,11810.602591136627,7085.814981213371,14273.691971375214,6982.312939086226,660.7943821165773,3254.036246028274,-1673.0448427766232,3101.257406640091,3907.4953992442106,3774.758900831475
C.1.2.1.4.4.3.1,Part 897,C.1.2.1.4.4.3,-,false,0.18614264408056624,0.28909372274994966,72.10570042952895,28.721044428837228,97.81113904900849,28.23690002309109,-63.903958862647414,29.057750463592832,0.22739184197252096,0.37074144170588635,0.22077749649485345,0.3723953238821935,0.17139875844780797,0.37017423652493897,0.00018407312316736938,0.02351283871158888,0.005989788758016578,0.022566176940390956,0.01380473445709085,0.02209918015384651
C.1.2.1.4.4.3.2,Part 898,C.1.2.1.4.4.3,+,false,0.659777350923745,0.28909372274994966,31.922034500166774,28.721044428837228,69.23373588360846,28.23690002309109,39.722401136532426,29.057750463592832,0.8985933368900464,0.37074144170588635,0.7896529321151579,0.3723953238821935,0.746699741519373,0.37017423652493897,0.016804329216767125,0.02351283871158888,0.016468893058255885,0.022566176940390956,-0.011405131987001174,0.02209918015384651
C.1.2.1.4.4.3.3,Part 899,C.1.2.1.4.4.3,+,false,0.8913685550305527,0.28909372274994966,-17.91359605267644,28.721044428837228,-19.816756481304765,28.23690002309109,50.54476298391819,29.057750463592832,1.1596795829030486,0.37074144170588635,1.1055662569799072,0.3723953238821935,1.1761322989736598,0.37017423652493897,0.050428461875966245,0.02351283871158888,0.10270566284548288,0.022566176940390956,-0.07918629919857945,0.02209918015384651
C.1.2.1.4.4.3.4,Part 900,C.1.2.1.4.4.3,+,false,0.7228929672855884,0.28909372274994966,-15.475675417110324,28.721044428837228,6.788926990702748,28.23690002309109,44.040646962821484,29.057750463592832,1.1257810632924674,0.37074144170588635,1.0887673715194335,0.3723953238821935,1.10291969637122,0.37017423652493897,-0.009399960292215643,0.02351283871158888,0.004075911691954967,0.022566176940390956,-0.01451089432710169,0.02209918015384651
C.1.2.1.4.4.3.5,Part 901,C.1.2.1.4.4.3,+,false,0.8402870817596558,0.28909372274994966,99.09817320294678,28.721044428837228,-37.684794375672936,28.23690002309109,91.3101399783045,29.057750463592832,1.0499494222789698,0.37074144170588635,1.0311288766198201,0.3723953238821935,0.9452527494790259,0.37017423652493897,0.01649123168632765,0.02351283871158888,0.0875617034375826,0.022566176940390956,0.060795154040447816,0.02209918015384651
C.1.2.1.4.5,Assembly 74,C.1.2.1.4,-,false,5.799761062838369,1.0423422407897138,25.917591810344895,13.89851978831304,7.431248138158655,15.889370150620477,-21.82230179855385,14.985402993131206,44017.46246752882,13692.768511264596,34433.68483579489,12187.655695401048,41156.59162410723,13552.96033671169,-1047.6766345755473,6658.800134236569,9962.950573820155,6018.666856299314,2076.4857467068023,6918.154945728494
C.1.2.1.4.5.1,Subassembly 256,C.1.2.1.4.5,-,false,0.1995283482989762,0.40884026350990615,32.595165521551195,31.938941117385294,-27.81202024808498,116.86259873753026,20.781752505263594,104.53857307547676,472.34890314635936,3093.371813857612,217.35787707814393,1431.0404039543873,273.01988885351966,1793.0516056951417,48.39266065280555,336.14335436669626,-42.995554253813026,298.79855237207556,234.38455787821715,1536.0612701621446
C.1.2.1.4.5.1.1,Part 902,C.1.2.1.4.5.1,-,false,0.16321988468291238,0.28909372274994966,35.74164588935673,28.721044428837228,-44.9633308686316,28.23690002309109,36.01789614185691,29.057750463592832,0.22734708184046687,0.37074144170588635,0.2076190436766494,0.3723953238821935,0.23427637492602166,0.37017423652493897,-0.009973224396861505,0.02351283871158888,0.003016754044513954,0.022566176940390956,-0.006980194161737406,0.02209918015384651
C.1.2.1.4.5.1.2,Part 903,C.1.2.1.4.5.1,-,false,0.03630846361606382,0.28909372274994966,18.450580164790154,28.721044428837228,49.28942285478115,28.23690002309109,-47.71031131967902,29.057750463592832,0.04831391835655754,0.37074144170588635,0.051327151170760706,0.3723953238821935,0.05101950202499285,0.37017423652493897,-0.0025796904542062463,0.02351283871158888,0.0015706718858319703,0.022566176940390956,-0.00013149686612232364,0.02209918015384651
C.1.2.1.4.5.2,Subassembly 257,C.1.2.1.4.5,-,false,0.7849569855732843,0.40884026350990615,-35.54257794626428,36.1728336672106,-3.7957220408574726,42.0387353277241,71.87748381793959,20.870544913442586,3738.97492940781,3029.547523238237,2439.8420228928485,2245.7236156954145,6164.482928800501,4491.952995426915,3012.52385020532,2217.7882505642997,127.95426749229378,890.2895187760834,-158.4561814122404,1102.1862140469811
C.1.2.1.4.5.2.1,Part 904,C.1.2.1.4.5.2,-,false,0.4556970932257827,0.28909372274994966,-82.85814980044961,28.721044428837228,54.810406314209104,28.23690002309109,74.36641436070204,29.057750463592832,0.5373910816917773,0.37074144170588635,0.5466813953993623,0.3723953238821935,0.5760682400459038,0.37017423652493897,0.012471985862480921,0.02351283871158888,0.008315407157988192,0.022566176940390956,0.007519354798033175,0.02209918015384651
C.1.2.1.4.5.2.2,Part 905,C.1.2.1.4.5.2,+,false,0.3292598923475016,0.28909372274994966,29.94237500242889,28.721044428837228,-84.90685326978564,28.23690002309109,68.43279334716499,29.057750463592832,0.3287548232186033,0.37074144170588635,0.4091890112585607,0.3723953238821935,0.3717316520153332,0.37017423652493897,0.011893074160816895,0.02351283871158888,-0.00777580297754038,0.022566176940390956,-0.0033934025539105067,0.02209918015384651
C.1.2.1.4.5.3,Subassembly 258,C.1.2.1.4.5,-,false,0.3471185716001783,0.40884026350990615,-15.081905937143572,26.384163872510182,71.46303345292363,22.37726299548783,-23.24055905383722,32.8324374589747,82.17024158137258,280.7821348422313,108.6508111435903,350.2325042955863,27.160156343545744,126.53976630352238,-1.6794212139436289,52.67388120659763,46.589492844943976,160.13129864186322,2.928616834007755,92.126967411315
C.1.2.1.4.5.3.1,Part 906,C.1.2.1.4.5.3,-,false,0.08604126638337038,0.28909372274994966,0.16682944260537624,28.721044428837228,72.42533755488694,28.23690002309109,-49.94699549861252,29.057750463592832,0.12348995040614347,0.37074144170588635,0.0969606623349993,0.3723953238821935,0.10742809834243293,0.37017423652493897,0.0001746850971018804,0.02351283871158888,-0.005498840870320367,0.022566176940390956,-0.0022803598221760703,0.02209918015384651
C.1.2.1.4.5.3.2,Part 907,C.1.2.1.4.5.3,+,false,0.2610773052168079,0.28909372274994966,-20.107315946370363,28.721044428837228,71.14589419215918,28.23690002309109,-14.439121447503567,29.057750463592832,0.34884878494131816,0.37074144170588635,0.36178838477476194,0.3723953238821935,0.34669864073993517,0.37017423652493897,0.0009399749468557673,0.02351283871158888,-0.007932919262221935,0.022566176940390956,0.009078917828234521,0.02209918015384651
C.1.2.1.4.5.4,Subassembly 259,C.1.2.1.4.5,-,false,1.2760915947614704,0.40884026350990615,1.5510917591468536,21.041134151525725,-7.291807819500294,20.980586619958714,-1.2751792356749982,27.382993139947885,3369.7897592077143,2941.57349273432,3237.8352413412113,2873.4751595342373,163.85327419921825,559.4382021519126,47.49063348545526,282.2511042682877,-221.90565245843908,1262.0316713511215,688.5557601021127,1295.363349543793
C.1.2.1.4.5.4.1,Part 908,C.1.2.1.4.5.4,+,false,0.8068403077791445,0.28909372274994966,-1.0880951303988695,28.721044428837228,0.8990242145955563,28.23690002309109,-39.590950217098,29.057750463592832,0.7986237294814765,0.37074144170588635,0.8436211985908275,0.3723953238821935,0.8312427565921664,0.37017423652493897,-0.030949503629324464,0.02351283871158888,0.05107112979500075,0.022566176940390956,-0.019157663661828396,0.02209918015384651
C.1.2.1.4.5.4.2,Part 909,C.1.2.1.4.5.4,-,false,0.4692512869823258,0.28909372274994966,6.088963942602277,28.721044428837228,-21.3752927724272,28.23690002309109,64.60574492812157,29.057750463592832,0.57655092121534,0.37074144170588635,0.49832157986254155,0.3723953238821935,0.5350523602865666,0.37017423652493897,0.028700772204402966,0.02351283871158888,0.02210745199556042,0.022566176940390956,-0.06741317046096157,0.02209918015384651
C.1.2.1.4.5.5,Subassembly 260,C.1.2.1.4.5,-,false,3.1920655626044607,0.6464332159373649,54.813238070189485,18.47547767674796,11.317780434125954,22.429739275040248,-55.58687295320634,17.6690918509872,22827.00506759876,10364.890455167297,10017.300792050612,6973.075929833251,25452.921428099082,10949.312778589765,-3754.7339411115536,5320.585115606031,1856.6165823580495,3416.530648116768,-652.7143246381997,4888.867279485089
C.1.2.1.4.5.5.1,Part 910,C.1.2.1.4.5.5,+,false,0.05411040050140582,0.28909372274994966,-31.49070292711258,28.721044428837228,-95.90522358193994,28.23690002309109,35.6134373228997,29.057750463592832,0.06452898808547211,0.37074144170588635,0.07071973036627267,0.3723953238821935,0.05949398525096096,0.37017423652493897,0.004295690846381135,0.02351283871158888,0.0003341978864272371,0.022566176940390956,-0.0006686160451230072,0.02209918015384651
C.1.2.1.4.5.5.2,Part 911,C.1.2.1.4.5.5,+,false,0.9242297377332579,0.28909372274994966,28.850201843306422,28.721044428837228,59.65702119283378,28.23690002309109,-10.29543704353273,29.057750463592832,1.3496659670435212,0.37074144170588635,1.1661099603608587,0.3723953238821935,1.2270295291901012,0.37017423652493897,0.1226870384290793,0.02351283871158888,0.002985209822428875,0.022566176940390956,-0.0014710157500724868,0.02209918015384651
C.1.2.1.4.5.5.3,Part 912,C.1.2.1.4.5.5,+,false,0.7754282531798817,0.28909372274994966,92.87134446203709,28.721044428837228,-68.52519162930548,28.23690002309109,-59.747326048091054,29.057750463592832,1.0911166716455396,0.37074144170588635,1.1007192810350237,0.3723953238821935,1.0795607138371808,0.37017423652493897,-0.014754331565705572,0.02351283871158888,0.0149293794165677,0.022566176940390956,0.011358750116650218,0.02209918015384651
C.1.2.1.4.5.5.4,Part 913,C.1.2.1.4.5.5,+,false,0.5277832171006593,0.28909372274994966,-16.497942758724093,28.721044428837228,-87.71315040066838,28.23690002309109,-81.69335275888443,29.057750463592832,0.6284057323342536,0.37074144170588635,0.5303161842795756,0.3723953238821935,0.6409211170850135,0.37017423652493897,-0.06409805373840372,0.02351283871158888,-0.00298168478519825,0.022566176940390956,0.04669028045524837,0.02209918015384651
C.1.2.1.4.5.5.5,Part 914,C.1.2.1.4.5.5,+,false,0.910513954089256,0.28909372274994966,95.22037766873837,28.721044428837228,94.02346019633114,28.23690002309109,-88.30452910624444,29.057750463592832,0.9713111976167066,0.37074144170588635,0.9559105266824719,0.3723953238821935,1.008727936764042,0.37017423652493897,0.11407276798272098,0.02351283871158888,0.011828437228512768,0.022566176940390956,0.030549192355939177,0.02209918015384651
C.1.2.2,Element 6,C.1.2,-,false,52.580994505537674,2.9339808443380724,-9.505755390385097,4.643957092838555,0.8066804806805336,4.929917667343192,9.891200771235797,4.645236591889178,374800.4340847049,39940.49411607027,326990.8212879377,35944.96949162367,392294.9078249987,40159.02435648014,3136.1398833046187,18836.729705177313,-4233.584838408355,16548.193591375555,-2976.2181745517864,18839.51295024188
C.1.2.2.1,Subsystem 20,C.1.2.2,-,false,13.054173515830888,1.416264217158011,-28.539456552231407,9.482849883726471,-17.327481221970753,8.732161294055965,27.74660369937698,8.660618427292208,54230.0838824867,14493.413728054584,65619.65502881723,16818.654748052108,75610.26122618516,17420.311760673878,-12474.871569719318,8324.310141124724,-10240.467867492032,7513.0169946019105,1706.8021011158803,6403.634488702549
C.1.2.2.1.1,Assembly 75,C.1.2.2.1,-,false,6.5074355053801565,1.0423422407897138,-16.95152169899038,13.60294034143556,-4.111638775841815,11.944599920748495,22.101160942736783,12.032297779613302,24050.851539173644,9524.20842006855,35190.19718898317,11767.409972820411,40380.931170119984,12650.210478205981,-8578.49836127396,6026.928125412929,-2800.4479964572406,4803.114619669386,-3199.2154057236394,4183.901210734602
C.1.2.2.1.1.1,Subassembly 261,C.1.2.2.1.1,-,false,1.7584003097366077,0.5781874454998993,-32.06555886160362,29.182615328667666,-30.240082912305827,21.20040816394241,25.24264440743736,27.764193960120547,6826.152935264664,5898.675083446934,14965.81105119262,8295.806676289994,16122.39899169483,7722.2859980365165,-6798.974785985633,3586.6163926354557,-3433.6117318928295,3191.3540158712135,-1967.3686454623194,2075.3209016135474
C.1.2.2.1.1.1.1,Part 915,C.1.2.2.1.1.1,-,false,0.36086366243776863,0.28909372274994966,-96.05082822963595,28.721044428837228,-54.78245229460299,28.23690002309109,55.986605025827885,29.057750463592832,0.3860246912287275,0.37074144170588635,0.39453440759335656,0.3723953238821935,0.3866428853829205,0.37017423652493897,0.017560447715276668,0.02351283871158888,-0.01578187406659621,0.022566176940390956,-0.014754927220251481,0.02209918015384651
C.1.2.2.1.1.1.2,Part 916,C.1.2.2.1.1.1,+,false,0.6230471224761568,0.28909372274994966,79.72097382880747,28.721044428837228,31.737680453807116,28.23690002309109,59.28669576533139,29.057750463592832,0.7365694227711755,0.37074144170588635,0.7295201248252913,0.3723953238821935,0.618345636521789,0.37017423652493897,-0.004303659115087235,0.02351283871158888,-0.029245930707172872,0.022566176940390956,0.013223996752649222,0.02209918015384651
C.1.2.2.1.1.1.3,Part 917,C.1.2.2.1.1.1,+,false,0.06109494648454711,0.28909372274994966,-60.14827489852905,28.721044428837228,-8.96461522206664,28.23690002309109,-96.33653969503939,29.057750463592832,0.07257276811325816,0.37074144170588635,0.07149315115337382,0.3723953238821935,0.0718609471865199,0.37017423652493897,-0.002870623075422591,0.02351283871158888,-0.006649221059225049,0.022566176940390956,0.006603619038093246,0.02209918015384651
C.1.2.2.1.1.1.4,Part 918,C.1.2.2.1.1.1,-,false,0.713394578338135,0.28909372274994966,-94.92362956516445,28.721044428837228,-73.7762161064893,28.23690002309109,-9.6294354647398,29.057750463592832,0.7032529255843124,0.37074144170588635,0.7552442876030476,0.3723953238821935,0.8113232026448255,0.37017423652493897,0.09836509643646447,0.02351283871158888,-0.04925069913912512,0.022566176940390956,0.03789759159950372,0.02209918015384651
C.1.2.2.1.1.2,Subassembly 262,C.1.2.2.1.1,-,false,2.3866064461229834,0.6464332159373649,9.868711754552402,19.11250661414788,5.389553225418541,21.803610403289635,18.405686668023154,20.177514484485727,12508.972539221702,6590.530376350633,9067.063820903839,5250.296833319436,10271.423022959583,6417.0315258364935,-4559.30878309368,3150.8093095015042,236.82330717108897,2544.8924583587054,-1006.260515787287,3137.6759802703127
C.1.2.2.1.1.2.1,Part 919,C.1.2.2.1.1.2,+,false,0.8259045990500599,0.28909372274994966,14.283949974924326,28.721044428837228,-13.152746018022299,28.23690002309109,-27.273988351225853,29.057750463592832,1.0355150587577753,0.37074144170588635,1.0395092993226673,0.3723953238821935,1.3190653100202023,0.37017423652493897,-0.0022686051785832393,0.02351283871158888,0.027544862143464882,0.022566176940390956,0.044601215615107714,0.02209918015384651
C.1.2.2.1.1.2.2,Part 920,C.1.2.2.1.1.2,-,false,0.7616543880011887,0.28909372274994966,47.759889578446746,28.721044428837228,70.23149468004704,28.23690002309109,64.2881260253489,29.057750463592832,0.8365410239384761,0.37074144170588635,0.9492416930287492,0.3723953238821935,0.8685955399659884,0.37017423652493897,-0.003347153783754152,0.02351283871158888,-0.011975874145181647,0.022566176940390956,0.005839179218359931,0.02209918015384651
C.1.2.2.1.1.2.3,Part 921,C.1.2.2.1.1.2,+,false,0.021379657721845434,0.28909372274994966,57.531608222052455,28.721044428837228,73.42850370332599,28.23690002309109,61.6898390930146,29.057750463592832,0.021527752953343134,0.37074144170588635,0.02619449818308588,0.3723953238821935,0.028343739182350582,0.37017423652493897,0.0008116811288694989,0.02351283871158888,0.0006632069751084687,0.022566176940390956,0.000113792767616614,0.02209918015384651
C.1.2.2.1.1.2.4,Part 922,C.1.2.2.1.1.2,+,false,0.3944050546500366,0.28909372274994966,-65.04850061610341,28.721044428837228,-85.6566856149584,28.23690002309109,74.16435056366026,29.057750463592832,0.5517367652677677,0.37074144170588635,0.4595055453477788,0.3723953238821935,0.5089780501031764,0.37017423652493897,-0.0018066614633099939,0.02351283871158888,-0.0039876135243384495,0.022566176940390956,0.003396071970097911,0.02209918015384651
C.1.2.2.1.1.2.5,Part 923,C.1.2.2.1.1.2,-,false,0.3832627466998529,0.28909372274994966,-0.5101643968373537,28.721044428837228,6.384871248155832,28.23690002309109,-34.1337448451668,29.057750463592832,0.4477798341795467,0.37074144170588635,0.4419436298176441,0.3723953238821935,0.5115002617604051,0.37017423652493897,-0.004129105121358612,0.02351283871158888,0.010683859248127748,0.022566176940390956,0.008836181083328244,0.02209918015384651
C.1.2.2.1.1.3,Subassembly 263,C.1.2.2.1.1,-,false,2.3624287495205647,0.5781874454998993,-32.796577100655064,21.835979659669672,5.737825759821346,17.172627031217715,23.496190201849938,15.943675475202364,3016.1010016756386,2582.579574420686,8391.229365292425,5524.8601454403515,9630.478761189213,6492.0990832170055,3713.6603958516716,2919.4014898818045,24.08595793157673,1943.0232107626637,-421.2560508797337,1149.8662039027026
C.1.2.2.1.1.3.1,Part 924,C.1.2.2.1.1.3,+,false,0.9098902928296011,0.28909372274994966,-67.32482938095927,28.721044428837228,13.133474811911583,28.23690002309109,2.206150349229574,29.057750463592832,1.361844708158152,0.37074144170588635,1.3298241465574654,0.3723953238821935,1.3458447578579866,0.37017423652493897,-0.01226606230409862,0.02351283871158888,-0.028852209553286642,0.022566176940390956,-0.010151314568700009,0.02209918015384651
C.1.2.2.1.1.3.2,Part 925,C.1.2.2.1.1.3,-,false,0.48804895440395923,0.28909372274994966,-74.20310853049159,28.721044428837228,29.36070477589965,28.23690002309109,48.44129062257707,29.057750463592832,0.645321086113301,0.37074144170588635,0.6826182242447267,0.3723953238821935,0.6597736995008983,0.37017423652493897,0.021845674250418168,0.02351283871158888,0.01922806005937716,0.022566176940390956,-0.02907158346786725,0.02209918015384651
C.1.2.2.1.1.3.3,Part 926,C.1.2.2.1.1.3,+,false,0.5580423413272947,0.28909372274994966,-25.388148706406355,28.721044428837228,19.993044063448906,28.23690002309109,40.35831596702337,29.057750463592832,0.6745063598180404,0.37074144170588635,0.6784042269102898,0.3723953238821935,0.6459669176582017,0.37017423652493897,0.040450960801018926,0.02351283871158888,-0.02030124017871201,0.022566176940390956,0.06462954329343132,0.02209918015384651
C.1.2.2.1.1.3.4,Part 927,C.1.2.2.1.1.3,-,false,0.40644716095970945,0.28909372274994966,84.04793255031109,28.721044428837228,-58.756082924082875,28.23690002309109,18.052408238872886,29.057750463592832,0.4699585397163946,0.37074144170588635,0.47379991403944666,0.3723953238821935,0.4698722999414431,0.37017423652493897,-0.016463384559653734,0.02351283871158888,-0.0354527632987033,0.022566176940390956,-0.004649885440174157,0.02209918015384651
C.1.2.2.1.2,Assembly 76,C.1.2.2.1,-,false,6.546738010450731,0.9588154076086138,-40.0578247193457,12.9794818897398,-30.46398404676129,12.412883111455383,33.358154761830804,12.397593054472079,27499.345736626463,10434.229181014436,28273.511605306463,11605.536690782841,31220.601563034063,11244.112324653708,-1909.2024421760468,5349.925148852048,-8288.884319470179,5585.041099390735,3937.902053074733,4569.721853642768
C.1.2.2.1.2.1,Subassembly 264,C.1.2.2.1.2,-,false,2.576666848515859,0.5007250159521434,-86.53296587563325,16.8162179021335,-31.10069600161796,17.190431913664924,5.416715296091666,18.246517057238634,5086.487868449069,3936.1998252957897,3480.9405597717646,3209.3032556246208,2275.936337731864,2588.997275371848,106.00138355978629,1295.9946132235182,-794.589342733037,1545.21271123848,-1291.9814513170245,1931.8910302377378
C.1.2.2.1.2.1.1,Part 928,C.1.2.2.1.2.1,-,false,0.7995262390787248,0.28909372274994966,-70.02420681528747,28.721044428837228,-45.677982131019235,28.23690002309109,37.172099854797125,29.057750463592832,0.810093025908591,0.37074144170588635,0.7725583471161834,0.3723953238821935,0.8106496361914727,0.37017423652493897,0.00747103716986839,0.02351283871158888,0.002271714147283138,0.022566176940390956,0.014016636322683622,0.02209918015384651
C.1.2.2.1.2.1.2,Part 929,C.1.2.2.1.2.1,-,false,0.7995670292919967,0.28909372274994966,-97.44771784171462,28.721044428837228,-58.66879811510444,28.23690002309109,-45.73369529098272,29.057750463592832,0.8056292724888053,0.37074144170588635,0.8123907465948877,0.3723953238821935,0.9152130513852671,0.37017423652493897,0.008575871360702694,0.02351283871158888,0.019939681104693095,0.022566176940390956,-0.025695000410455287,0.02209918015384651
C.1.2.2.1.2.1.3,Part 930,C.1.2.2.1.2.1,+,false,0.9775735801451374,0.28909372274994966,-91.10767035745084,28.721044428837228,3.369822585955262,28.23690002309109,21.281422534957528,29.057750463592832,1.4855871098462907,0.37074144170588635,1.491914369412807,0.3723953238821935,1.4583468439755838,0.37017423652493897,-0.009982867245512811,0.02351283871158888,0.021534481927929873,0.022566176940390956,-0.009394902390628075,0.02209918015384651
C.1.2.2.1.2.2,Subassembly 265,C.1.2.2.1.2,-,false,1.8187305674185041,0.6464332159373649,1.6249159371674544,27.472355532533285,11.35855563175906,26.301603524238217,23.993081244205452,25.917288841515315,9838.350225774866,6835.950140571191,7259.253471828142,7730.920258606303,12410.573059963224,7152.123284022562,-163.77930700964862,3141.506552798141,-2057.584480076576,3629.8184177700014,1559.6571651498161,2503.9504217336366
C.1.2.2.1.2.2.1,Part 931,C.1.2.2.1.2.2,+,false,0.021402636292390528,0.28909372274994966,-92.75170937180519,28.721044428837228,43.91828738152981,28.23690002309109,-93.28296408057213,29.057750463592832,0.02682958562219768,0.37074144170588635,0.028817092257073577,0.3723953238821935,0.02694188151256071,0.37017423652493897,0.00066169702075143,0.02351283871158888,0.002165462399996659,0.022566176940390956,-5.7933430365538334e-5,0.02209918015384651
C.1.2.2.1.2.2.2,Part 932,C.1.2.2.1.2.2,-,false,0.3272131983656436,0.28909372274994966,-84.2272687703371,28.721044428837228,-42.10040234029293,28.23690002309109,26.3877481687814,29.057750463592832,0.3927297203302749,0.37074144170588635,0.3667391269978756,0.3723953238821935,0.43938759921654547,0.37017423652493897,-0.024800585605636784,0.02351283871158888,-0.019196181839835603,0.022566176940390956,-0.006210975820636622,0.02209918015384651
C.1.2.2.1.2.2.3,Part 933,C.1.2.2.1.2.2,-,false,0.3637619523713365,0.28909372274994966,56.703932071104646,28.721044428837228,-91.10476705245674,28.23690002309109,57.741919392719865,29.057750463592832,0.47905852257414216,0.37074144170588635,0.4028898340008814,0.3723953238821935,0.4423681904178884,0.37017423652493897,-0.024919868043831037,0.02351283871158888,-0.03699538509650166,0.022566176940390956,0.003665243380487599,0.02209918015384651
C.1.2.2.1.2.2.4,Part 934,C.1.2.2.1.2.2,-,false,0.5193952887237537,0.28909372274994966,-23.044981574639678,28.721044428837228,51.513195876032114,28.23690002309109,-25.090753939002752,29.057750463592832,0.724839429412922,0.37074144170588635,0.6189863739809514,0.3723953238821935,0.6621499257365612,0.37017423652493897,0.021548560645599485,0.02351283871158888,-0.017812116418874785,0.022566176940390956,0.015228660831936528,0.02209918015384651
C.1.2.2.1.2.2.5,Part 935,C.1.2.2.1.2.2,-,false,0.58695749166538,0.28909372274994966,40.622040862217546,28.721044428837228,67.94142634607852,28.23690002309109,49.45287965238094,29.057750463592832,0.816131836828404,0.37074144170588635,0.8005513906078435,0.3723953238821935,0.7879026653987344,0.37017423652493897,-0.026382847827147754,0.02351283871158888,-0.014195410767882772,0.022566176940390956,0.00019774592075020214,0.02209918015384651
C.1.2.2.1.2.3,Subassembly 266,C.1.2.2.1.2,-,false,2.1513405945163684,0.5007250159521434,-19.632755325998033,17.847844402646437,-65.05791906754122,16.90429080516606,74.74087513197443,17.963632722014367,962.2690747305049,1645.4030960273335,2055.0051761972977,2445.416600241605,1154.36344159681,1815.5557351273258,-124.72634849427901,883.6020601782745,-982.2498568150825,1223.293044811523,-76.117528384081,794.0219351832071
C.1.2.2.1.2.3.1,Part 936,C.1.2.2.1.2.3,-,false,0.8690858327089809,0.28909372274994966,5.956424260511994,28.721044428837228,-63.47609465010464,28.23690002309109,99.81979625299573,29.057750463592832,1.0728206477751006,0.37074144170588635,0.9984520385474636,0.3723953238821935,1.0343238929780978,0.37017423652493897,0.03826574876350809,0.02351283871158888,0.109191755978082,0.022566176940390956,0.019069675750405357,0.02209918015384651
C.1.2.2.1.2.3.2,Part 937,C.1.2.2.1.2.3,-,false,0.4456750747319311,0.28909372274994966,-21.321478625759482,28.721044428837228,-59.986153710633516,28.23690002309109,62.09910814650357,29.057750463592832,0.5609739261604525,0.37074144170588635,0.6079352732051975,0.3723953238821935,0.5851442200880124,0.37017423652493897,-0.050481005002403184,0.02351283871158888,-0.0002863930330591573,0.022566176940390956,-0.00035979592361950986,0.02209918015384651
C.1.2.2.1.2.3.3,Part 938,C.1.2.2.1.2.3,+,false,0.8365796870754566,0.28909372274994966,-45.31658664345741,28.721044428837228,-69.40311254002154,28.23690002309109,55.42219593189657,29.057750463592832,1.1416474236276872,0.37074144170588635,1.1278183915803692,0.3723953238821935,1.0989815533828418,0.37017423652493897,-0.010554908537077475,0.02351283871158888,0.017130195610554688,0.022566176940390956,0.00880700266928349,0.02209918015384651
C.1.2.2.2,Subsystem 21,C.1.2.2,-,false,30.562207365172913,2.220571019236282,0.6459291819371931,5.935753253559431,1.7391738985982717,6.502473505394561,6.881141393776601,6.112811680063433,235857.07121535757,31466.64660688789,191372.04451474771,26671.526261586627,230777.20654912296,30488.120313019703,6780.19316022997,14293.49183151501,-1814.7428497317874,12329.44026678553,5545.232066797618,14868.163730959815
C.1.2.2.2.1,Assembly 77,C.1.2.2.2,-,false,8.256390693801453,1.0423422407897138,3.3617349304551842,11.094601595681148,-4.6294887193230325,11.868310689639955,-2.2000861335280146,11.33833219125626,69773.33543813715,16749.524438923512,55730.002875035876,13841.352836439948,66219.66099668249,15394.139108473553,-262.7132439672846,7116.488538616383,-3783.720736601181,6477.122791881466,2501.151747758455,8132.399734461388
C.1.2.2.2.1.1,Subassembly 267,C.1.2.2.2.1,-,false,1.6984050438443663,0.5007250159521434,49.82081645540351,23.16999034990005,41.26602480345358,22.397940801278494,-12.188242219105264,23.341852491224152,9472.051373135186,5475.736619370115,9511.793680101937,5180.463227293832,8499.088803022421,4835.458889827518,562.4023634684052,2135.466673065858,-1635.799939668047,2269.861508359946,-4162.854114926466,2708.4541414168834
C.1.2.2.2.1.1.1,Part 939,C.1.2.2.2.1.1,-,false,0.5304808197803795,0.28909372274994966,60.75750580057502,28.721044428837228,-32.76290348730981,28.23690002309109,-84.49718449264765,29.057750463592832,0.7213257122723988,0.37074144170588635,0.7234731790778778,0.3723953238821935,0.7185367014939027,0.37017423652493897,0.01483740539071361,0.02351283871158888,0.04841522530425567,0.022566176940390956,0.028203966781611686,0.02209918015384651
C.1.2.2.2.1.1.2,Part 940,C.1.2.2.2.1.1,-,false,0.7308029113435186,0.28909372274994966,91.09971495345235,28.721044428837228,75.5786759313196,28.23690002309109,45.52659331820905,29.057750463592832,1.007833088478367,0.37074144170588635,0.98129261330428,0.3723953238821935,1.023527139249452,0.37017423652493897,-0.05562443555643414,0.02351283871158888,0.004041145063428419,0.022566176940390956,-0.0319486739470413,0.02209918015384651
C.1.2.2.2.1.1.3,Part 941,C.1.2.2.2.1.1,-,false,0.4371213127204683,0.28909372274994966,-32.463991176337004,28.721044428837228,73.74017057009041,28.23690002309109,-20.926463743671775,29.057750463592832,0.3995857926250314,0.37074144170588635,0.38502937842237395,0.3723953238821935,0.41275025534529675,0.37017423652493897,0.005558983815707172,0.02351283871158888,0.001144980919016476,0.022566176940390956,-0.006669784596549803,0.02209918015384651
C.1.2.2.2.1.2,Subassembly 268,C.1.2.2.2.1,-,false,3.512449209432583,0.6464332159373649,-32.41173009547161,16.12313808082729,-4.125871915687928,17.73864181452447,1.5683427895378654,16.957942626805547,27436.10614266415,10401.64229197483,18300.79600410257,8064.211169313992,22090.30760012899,8746.725281006706,318.9463530926545,3992.479819654935,-3823.312890050869,3788.9945533963196,-6639.297466626676,5040.735873237641
C.1.2.2.2.1.2.1,Part 942,C.1.2.2.2.1.2,+,false,0.9812123987139203,0.28909372274994966,-49.319747276604176,28.721044428837228,95.33907482400537,28.23690002309109,55.62381888739765,29.057750463592832,1.0006192960276659,0.37074144170588635,1.2084499004363687,0.3723953238821935,1.2096661175658778,0.37017423652493897,0.011185861634035815,0.02351283871158888,-0.012322805038329533,0.022566176940390956,-0.0010512235113654103,0.02209918015384651
C.1.2.2.2.1.2.2,Part 943,C.1.2.2.2.1.2,+,false,0.7293517280058004,0.28909372274994966,-5.361723201349378,28.721044428837228,-43.36663968861103,28.23690002309109,14.300070377066731,29.057750463592832,0.7939805078297852,0.37074144170588635,0.7369344379142871,0.3723953238821935,0.722756761171007,0.37017423652493897,0.013930435433064506,0.02351283871158888,0.012831483825266419,0.022566176940390956,0.039817308153053003,0.02209918015384651
C.1.2.2.2.1.2.3,Part 944,C.1.2.2.2.1.2,-,false,0.42534472983982413,0.28909372274994966,50.050278939306736,28.721044428837228,15.128774009644985,28.23690002309109,-10.529186390340328,29.057750463592832,0.5119424650658849,0.37074144170588635,0.5307585473489143,0.3723953238821935,0.5022029988226561,0.37017423652493897,0.04111003840472058,0.02351283871158888,-0.01496749705211656,0.022566176940390956,-0.005191622726144549,0.02209918015384651
C.1.2.2.2.1.2.4,Part 945,C.1.2.2.2.1.2,-,false,0.9555976862048264,0.28909372274994966,-83.55107973329723,28.721044428837228,-50.43617389164865,28.23690002309109,-85.22074781358242,29.057750463592832,1.1672360051465862,0.37074144170588635,1.1837072191293871,0.3723953238821935,1.0958214495700125,0.37017423652493897,-0.0372436406590437,0.02351283871158888,-0.07339301728699608,0.022566176940390956,-0.06002581903944487,0.02209918015384651
C.1.2.2.2.1.2.5,Part 946,C.1.2.2.2.1.2,-,false,0.42094266666821206,0.28909372274994966,-7.098900340497494,28.721044428837228,-82.31172608211637,28.23690002309109,62.75307317264378,29.057750463592832,0.5065569279605093,0.37074144170588635,0.5015888289180981,0.3723953238821935,0.6041167793917881,0.37017423652493897,0.01314653157414077,0.02351283871158888,0.04584804867370509,0.022566176940390956,0.02308903785672673,0.02209918015384651
C.1.2.2.2.1.3,Subassembly 269,C.1.2.2.2.1,-,false,3.045536440524505,0.6464332159373649,18.710801168054104,16.287846020316874,-30.80487740945707,19.309161838393752,-0.9761574248695107,19.73500347834383,26976.236407298482,10882.401824980687,18815.08187839876,8047.111216493222,21086.754036672894,8815.4844857846,1190.505861684041,3883.5357626928485,470.9647766111352,3659.9455264652943,12433.831645858354,5229.427629994171
C.1.2.2.2.1.3.1,Part 947,C.1.2.2.2.1.3,-,false,0.3024013258176856,0.28909372274994966,45.85023648105562,28.721044428837228,-3.684002533555031,28.23690002309109,-94.07813153229654,29.057750463592832,0.32725238184361594,0.37074144170588635,0.3526668346173522,0.3723953238821935,0.3547297689551177,0.37017423652493897,0.007379397694733824,0.02351283871158888,-0.0018620467074161502,0.022566176940390956,-0.002576270043918154,0.02209918015384651
C.1.2.2.2.1.3.2,Part 948,C.1.2.2.2.1.3,+,false,0.7712300861815456,0.28909372274994966,86.4832405000925,28.721044428837228,-71.39332671649754,28.23690002309109,31.37113037519157,29.057750463592832,1.0742444285834558,0.37074144170588635,1.0532506291283061,0.3723953238821935,1.1129527430470079,0.37017423652493897,0.014271390100853461,0.02351283871158888,0.009819387251517993,0.022566176940390956,-0.04906542134574031,0.02209918015384651
C.1.2.2.2.1.3.3,Part 949,C.1.2.2.2.1.3,-,false,0.6450899850483984,0.28909372274994966,-7.571651693433523,28.721044428837228,91.65872284211218,28.23690002309109,-90.08773728273809,29.057750463592832,0.7193817285350733,0.37074144170588635,0.7138839830932242,0.3723953238821935,0.6593076541923454,0.37017423652493897,-0.016593916541461546,0.02351283871158888,0.0011190086397145083,0.022566176940390956,0.01123433779020476,0.02209918015384651
C.1.2.2.2.1.3.4,Part 950,C.1.2.2.2.1.3,-,false,0.39505316310282795,0.28909372274994966,24.153555231168866,28.721044428837228,-28.724731458351016,28.23690002309109,2.1092519629746675,29.057750463592832,0.4565105817478127,0.37074144170588635,0.4588437105696054,0.3723953238821935,0.46545579412748667,0.37017423652493897,-0.012915001457887484,0.02351283871158888,-0.011585624019641527,0.022566176940390956,-0.019275062383034183,0.02209918015384651
C.1.2.2.2.1.3.5,Part 951,C.1.2.2.2.1.3,-,false,0.931761880374048,0.28909372274994966,-30.304699996486306,28.721044428837228,-91.6789770592004,28.23690002309109,62.852431274950504,29.057750463592832,0.9589455054782718,0.37074144170588635,0.9426141595917784,0.3723953238821935,1.1042672268306502,0.37017423652493897,-0.03446462598165776,0.02351283871158888,0.011123421512644175,0.022566176940390956,0.008326846277428385,0.02209918015384651
C.1.2.2.2.2,Assembly 78,C.1.2.2.2,-,false,6.490695031536511,1.081689663197327,-6.281044655930993,13.162758160439395,-2.441568827236705,15.124570547927938,17.29238538120845,14.05954360276799,52331.786138780924,15187.249872047914,36281.76085621665,11874.333990964635,52319.95677996417,14442.126272647634,-546.1165898881382,6998.827303878356,750.0640284712338,5542.543578290438,6430.627121861609,7290.015825270994
C.1.2.2.2.2.1,Subassembly 270,C.1.2.2.2.2,-,false,1.903204191966448,0.5781874454998993,38.27599220188477,19.71247828195971,17.22032952036432,23.191069624184518,-18.970653850012287,23.43359231507451,9224.340594364638,5338.643937897518,4990.157947290629,4002.37609616837,7267.381320695282,4417.088921977193,693.4354189504965,2064.282911043444,2011.9246673123973,1898.5540679170986,1164.6559511186456,2570.7088637024935
C.1.2.2.2.2.1.1,Part 952,C.1.2.2.2.2.1,+,false,0.5570705220787786,0.28909372274994966,30.003085965290666,28.721044428837228,-54.571036621928215,28.23690002309109,21.27750525251031,29.057750463592832,0.7665951074163597,0.37074144170588635,0.6630523085738558,0.3723953238821935,0.7396519992902546,0.37017423652493897,-0.01687849662981117,0.02351283871158888,0.043354766851987636,0.022566176940390956,0.017554973441418563,0.02209918015384651
C.1.2.2.2.2.1.2,Part 953,C.1.2.2.2.2.1,+,false,0.23396996997622774,0.28909372274994966,98.9019550383091,28.721044428837228,-30.013889400288463,28.23690002309109,-92.65798064880073,29.057750463592832,0.2879445622774804,0.37074144170588635,0.2862266629321412,0.3723953238821935,0.3546024794657702,0.37017423652493897,-0.0037929954483616156,0.02351283871158888,0.02380493223724639,0.022566176940390956,0.0024373370542601913,0.02209918015384651
C.1.2.2.2.2.1.3,Part 954,C.1.2.2.2.2.1,-,false,0.86733810041775,0.28909372274994966,18.01522821187973,28.721044428837228,61.25991437584162,28.23690002309109,-5.63686559908092,29.057750463592832,1.1507957085401581,0.37074144170588635,1.1557880380325536,0.3723953238821935,1.2012781496508196,0.37017423652493897,-0.01147436534047317,0.02351283871158888,0.0004259336001753675,0.022566176940390956,0.005690544168021413,0.02209918015384651
C.1.2.2.2.2.1.4,Part 955,C.1.2.2.2.2.1,+,false,0.2448255994936917,0.28909372274994966,70.93952926807106,28.721044428837228,69.69455098733306,28.23690002309109,-87.3676841147244,29.057750463592832,0.3050342462555332,0.37074144170588635,0.3633899289650806,0.3723953238821935,0.28125321359133754,0.37017423652493897,-0.007141392777173988,0.02351283871158888,0.00116163306847005,0.022566176940390956,0.0065718634573092355,0.02209918015384651
C.1.2.2.2.2.2,Subassembly 271,C.1.2.2.2.2,-,false,1.1231987442171667,0.40884026350990615,-36.054060101433734,29.466491560190768,-58.52487803348067,24.190084240982735,57.070465198345566,24.57131612034096,75.21304145029974,292.0824113911126,982.7177570498061,1571.6434676924002,1033.9210584069551,1635.2661287611543,246.46977219958472,597.5866856705953,105.23032625001157,533.9593278760982,-26.686743890460797,145.41228240258837
C.1.2.2.2.2.2.1,Part 956,C.1.2.2.2.2.2,-,false,0.9265268304713536,0.28909372274994966,-22.51451276242733,28.721044428837228,-61.963509768247604,28.23690002309109,55.60203264467418,29.057750463592832,0.9988361908372292,0.37074144170588635,1.0387515322180894,0.3723953238821935,1.1441927486948744,0.37017423652493897,0.11200498302669121,0.02351283871158888,-0.0009169841521839241,0.022566176940390956,0.028143453031371238,0.02209918015384651
C.1.2.2.2.2.2.2,Part 957,C.1.2.2.2.2.2,+,false,0.19667191374581308,0.28909372274994966,-99.83924245461822,28.721044428837228,-42.325388733297586,28.23690002309109,63.988291611894965,29.057750463592832,0.23759592093800355,0.37074144170588635,0.2494436476457511,0.3723953238821935,0.19041222416218706,0.37017423652493897,-0.0023721276633502306,0.02351283871158888,-0.02768849944165324,0.022566176940390956,-0.003604262125553083,0.02209918015384651
C.1.2.2.2.2.3,Subassembly 272,C.1.2.2.2.2,-,false,2.9424204367715863,0.6464332159373649,-15.305475562612491,18.560881131740402,10.193435427243193,22.71915142567864,16.651185513946736,20.309980850986612,29961.88444067313,10985.71103825737,17612.39423306465,8128.784638322783,30969.15939244512,11020.290225276554,2077.0898521024938,5362.998429182421,-6993.898194692612,3623.040510507921,-236.90555945986324,5127.638718464874
C.1.2.2.2.2.3.1,Part 958,C.1.2.2.2.2.3,-,false,0.6220170653872192,0.28909372274994966,-88.4271802380681,28.721044428837228,-81.5281419083476,28.23690002309109,-27.723316801711917,29.057750463592832,0.7736162177564065,0.37074144170588635,0.8860050731648637,0.3723953238821935,0.7255147558331203,0.37017423652493897,-0.046987189859727774,0.02351283871158888,0.025245912547133355,0.022566176940390956,-0.013774643422691968,0.02209918015384651
C.1.2.2.2.2.3.2,Part 959,C.1.2.2.2.2.3,+,false,0.823775424022926,0.28909372274994966,-43.416218645870686,28.721044428837228,71.37513617053628,28.23690002309109,-34.72619606181979,29.057750463592832,1.3041354088849226,0.37074144170588635,1.1654770404293808,0.3723953238821935,1.1427817380818417,0.37017423652493897,0.015010004872013545,0.02351283871158888,0.01782261799650988,0.022566176940390956,0.014099498696372635,0.02209918015384651
C.1.2.2.2.2.3.3,Part 960,C.1.2.2.2.2.3,-,false,0.643063347045565,0.28909372274994966,73.45139910466969,28.721044428837228,-93.64247056655586,28.23690002309109,66.66100104339421,29.057750463592832,0.6549345347317238,0.37074144170588635,0.8409070444321589,0.3723953238821935,0.7583692077825698,0.37017423652493897,0.0428066388724407,0.02351283871158888,0.08521091190831898,0.022566176940390956,-0.027444675440931342,0.02209918015384651
C.1.2.2.2.2.3.4,Part 961,C.1.2.2.2.2.3,+,false,0.7869032913711853,0.28909372274994966,1.5268539544194937,28.721044428837228,99.22892670147121,28.23690002309109,73.58403005637228,29.057750463592832,0.7824877417217395,0.37074144170588635,0.7504723209460015,0.3723953238821935,0.76235124883583,0.37017423652493897,0.010626578362149159,0.02351283871158888,0.005201274982690693,0.022566176940390956,-0.01605734714355661,0.02209918015384651
C.1.2.2.2.2.3.5,Part 962,C.1.2.2.2.2.3,-,false,0.06666130894469097,0.28909372274994966,-40.534817148,28.721044428837228,60.644725197926164,28.23690002309109,-88.8822975102812,29.057750463592832,0.10365734419264018,0.37074144170588635,0.08204556296858923,0.3723953238821935,0.08352699397535596,0.37017423652493897,-5.733377728265961e-5,0.02351283871158888,0.0029487717074824634,0.022566176940390956,-0.00039419111941320047,0.02209918015384651
C.1.2.2.2.2.4,Subassembly 273,C.1.2.2.2.2,-,false,0.521871658581309,0.5007250159521434,-53.81467755493582,38.382464223540616,-24.679602702850218,77.51194449389524,67.54220857547718,49.53557573735341,2475.0093449735805,5826.650499291424,904.6706351257094,2081.582578254174,1860.1765169508258,4513.263180477497,195.863524519563,1161.0569629968466,-8.052929678051527,377.7272917279173,1059.8422908081754,2641.641723968717
C.1.2.2.2.2.4.1,Part 963,C.1.2.2.2.2.4,+,false,0.041582843948155646,0.28909372274994966,2.6299283374100924,28.721044428837228,-89.00875230319798,28.23690002309109,61.91454012878239,29.057750463592832,0.06251470225361101,0.37074144170588635,0.06655216657533557,0.3723953238821935,0.06251163909186692,0.37017423652493897,0.0007832442366003815,0.02351283871158888,0.00046678940832468006,0.022566176940390956,-0.0023940572901619975,0.02209918015384651
C.1.2.2.2.2.4.2,Part 964,C.1.2.2.2.2.4,-,false,0.3805989583923947,0.28909372274994966,-58.100847620517015,28.721044428837228,-47.9768980294466,28.23690002309109,88.36092092096806,29.057750463592832,0.42014221032729493,0.37074144170588635,0.42071249358644336,0.3723953238821935,0.38071988731261963,0.37017423652493897,0.00327987965315247,0.02351283871158888,-0.008576809208006127,0.022566176940390956,0.011310037607792516,0.02209918015384651
C.1.2.2.2.2.4.3,Part 965,C.1.2.2.2.2.4,+,false,0.09968985624075867,0.28909372274994966,-60.995100950822234,28.721044428837228,91.09862949699163,28.23690002309109,-9.59267821162939,29.057750463592832,0.1594884376434478,0.37074144170588635,0.15928204896182166,0.3723953238821935,0.16095520879840836,0.37017423652493897,-0.0016440301855379074,0.02351283871158888,0.00021439563241317495,0.022566176940390956,-0.0002172842045158165,0.02209918015384651
C.1.2.2.2.3,Assembly 79,C.1.2.2.2,-,false,9.06946936337091,1.2265207905297186,9.649156245546267,9.930916568075176,-3.2748510309521133,10.885049148059657,-4.306832522817939,10.957069916976632,64657.459793986985,14888.885378310464,55379.18854514236,13744.54013749921,60287.54963006567,14194.453862498223,-5782.508908467727,6744.314974617259,1884.082748953625,6299.741771365872,3574.2709205797055,7015.085812927754
C.1.2.2.2.3.1,Subassembly 274,C.1.2.2.2.3,-,false,1.8748611525981687,0.6464332159373649,32.996299752554094,17.191596418755513,2.326209298569901,21.127896412916265,12.534645608202972,18.068809680563735,7401.288719982533,4176.623630650494,3790.782671077644,2695.1261457650735,6869.806915614263,4233.846265939242,-2404.02930660707,1994.202029693715,-685.4994861301873,1228.0708613756265,-2244.0385661066866,1855.3718953781029
C.1.2.2.2.3.1.1,Part 966,C.1.2.2.2.3.1,-,false,0.345393353250809,0.28909372274994966,49.225673638284206,28.721044428837228,-13.037929870188236,28.23690002309109,-34.64252627454698,29.057750463592832,0.47913723832637867,0.37074144170588635,0.4586625256694213,0.3723953238821935,0.47473932191825574,0.37017423652493897,0.017509495424065775,0.02351283871158888,-0.02868000192956314,0.022566176940390956,0.002978637095086272,0.02209918015384651
C.1.2.2.2.3.1.2,Part 967,C.1.2.2.2.3.1,+,false,0.147076126674423,0.28909372274994966,72.91318336501718,28.721044428837228,25.294630136340857,28.23690002309109,6.516283191740513,29.057750463592832,0.21739396030556551,0.37074144170588635,0.23286888073360199,0.3723953238821935,0.22638707764568097,0.37017423652493897,0.0006615551163557344,0.02351283871158888,0.0015978837683497038,0.022566176940390956,0.00033473494387656984,0.02209918015384651
C.1.2.2.2.3.1.3,Part 968,C.1.2.2.2.3.1,-,false,0.5250803465456702,0.28909372274994966,41.28240216523409,28.721044428837228,56.341146072372794,28.23690002309109,29.793682508170605,29.057750463592832,0.6142898985369039,0.37074144170588635,0.6230022973423036,0.3723953238821935,0.6394846616925042,0.37017423652493897,0.06041707099300492,0.02351283871158888,0.04082566972114808,0.022566176940390956,-0.012794288708073476,0.02209918015384651
C.1.2.2.2.3.1.4,Part 969,C.1.2.2.2.3.1,+,false,0.4892021876189392,0.28909372274994966,-14.718003058806062,28.721044428837228,-77.48289168812335,28.23690002309109,-9.802870312705636,29.057750463592832,0.6526306182681287,0.37074144170588635,0.5867509579436452,0.3723953238821935,0.5518915429797854,0.37017423652493897,0.06013613675420441,0.02351283871158888,0.004444479745731449,0.022566176940390956,-0.002495198961270224,0.02209918015384651
C.1.2.2.2.3.1.5,Part 970,C.1.2.2.2.3.1,-,false,0.3681091385083273,0.28909372274994966,53.410716308280826,28.721044428837228,36.58010014332831,28.23690002309109,64.2720723990351,29.057750463592832,0.4316995717801538,0.37074144170588635,0.45032304653763955,0.3723953238821935,0.40388473713453177,0.37017423652493897,-0.006765216340014524,0.02351283871158888,-0.005028606381440707,0.022566176940390956,-0.01898847873314777,0.02209918015384651
C.1.2.2.2.3.2,Subassembly 275,C.1.2.2.2.3,-,false,2.1342177796440662,0.5781874454998993,25.340767387752003,20.413016108394746,-31.899270034148934,18.91106443311256,6.173472001982143,25.51019494897884,13568.7715108789,7065.827290488001,15928.633790602304,7371.7838104122275,7246.79010267636,4725.180811098052,2682.972203464976,2230.437644020421,1358.9463414298577,3022.4430010116184,482.4729219214339,3076.3748539002354
C.1.2.2.2.3.2.1,Part 971,C.1.2.2.2.3.2,+,false,0.2022086534788832,0.28909372274994966,50.79826274886727,28.721044428837228,-89.35999190434813,28.23690002309109,-90.66908159293234,29.057750463592832,0.304458476429242,0.37074144170588635,0.2881186650118538,0.3723953238821935,0.3122199907550542,0.37017423652493897,0.007494641712167683,0.02351283871158888,0.022637634702947024,0.022566176940390956,-0.007655420762313105,0.02209918015384651
C.1.2.2.2.3.2.2,Part 972,C.1.2.2.2.3.2,-,false,0.7260099024197553,0.28909372274994966,65.38590369746089,28.721044428837228,-32.00422446243465,28.23690002309109,-55.6092987768352,29.057750463592832,0.9560992614910911,0.37074144170588635,0.9985063911532315,0.3723953238821935,0.9197697673823055,0.37017423652493897,-0.012492996004439965,0.02351283871158888,0.008983591062734532,0.022566176940390956,0.05464491021346929,0.02209918015384651
C.1.2.2.2.3.2.3,Part 973,C.1.2.2.2.3.2,-,false,0.47460219804244114,0.28909372274994966,-59.95682361535728,28.721044428837228,23.87014077976346,28.23690002309109,-2.4481114000082016,29.057750463592832,0.5965026386467733,0.37074144170588635,0.5850507321042127,0.3723953238821935,0.5739573068366166,0.37017423652493897,0.017461955802500373,0.02351283871158888,0.0007807431255930462,0.022566176940390956,-0.00020049108263685717,0.02209918015384651
C.1.2.2.2.3.2.4,Part 974,C.1.2.2.2.3.2,+,false,0.7313970257029868,0.28909372274994966,33.90182601287961,28.721044428837228,-52.097645588219166,28.23690002309109,99.86968045122921,29.057750463592832,0.8877209397004133,0.37074144170588635,0.9488907643141312,0.3723953238821935,0.8792649348780672,0.37017423652493897,0.022408164986990456,0.02351283871158888,0.0759425053446322,0.022566176940390956,0.0380751266551434,0.02209918015384651
C.1.2.2.2.3.3,Subassembly 276,C.1.2.2.2.3,-,false,2.109700438496191,0.5781874454998993,-23.839168480677415,16.60768512117895,11.638745590594974,22.33006067026329,-47.64626640529376,19.853665772765467,13019.398364393299,6181.649476172728,4645.851338496572,3500.285341631488,10440.393241582706,5463.628885742765,1241.3143056761146,2484.197064572544,-1732.949490239539,1584.9692742100945,-244.82141486942163,2800.47784550183
C.1.2.2.2.3.3.1,Part 975,C.1.2.2.2.3.3,-,false,0.7002253949027508,0.28909372274994966,-48.32895137369633,28.721044428837228,94.38803419470787,28.23690002309109,-73.54296059347689,29.057750463592832,0.9179289537677093,0.37074144170588635,0.9453526066367571,0.3723953238821935,1.0598639204396196,0.37017423652493897,0.005793379845730145,0.02351283871158888,0.009932665524244062,0.022566176940390956,-0.003364331952347276,0.02209918015384651
C.1.2.2.2.3.3.2,Part 976,C.1.2.2.2.3.3,+,false,0.7271825440614484,0.28909372274994966,-27.61601754464209,28.721044428837228,-61.12668598070741,28.23690002309109,-75.3458530176431,29.057750463592832,0.9541210459817209,0.37074144170588635,0.9697491713331543,0.3723953238821935,1.1351335287392776,0.37017423652493897,0.005582495038339213,0.02351283871158888,0.006671195595068952,0.022566176940390956,0.0011535569103235399,0.02209918015384651
C.1.2.2.2.3.3.3,Part 977,C.1.2.2.2.3.3,-,false,0.38601829275116323,0.28909372274994966,10.229263873770833,28.721044428837228,32.793070236220956,28.23690002309109,30.60879916884005,29.057750463592832,0.4794250298044296,0.37074144170588635,0.4519723346396494,0.3723953238821935,0.473361332684626,0.37017423652493897,-0.02470872411088412,0.02351283871158888,-0.016706551862551232,0.022566176940390956,0.00608256028791015,0.02209918015384651
C.1.2.2.2.3.3.4,Part 978,C.1.2.2.2.3.3,-,false,0.29627420678082855,0.28909372274994966,-1.0771852917969227,28.721044428837228,-32.89890778250992,28.23690002309109,-20.413750782608986,29.057750463592832,0.3830441099038879,0.37074144170588635,0.4326566646366207,0.3723953238821935,0.372606716061135,0.37017423652493897,0.019626688675236842,0.02351283871158888,0.011439537622117968,0.022566176940390956,0.01459983770374012,0.02209918015384651
C.1.2.2.2.3.4,Subassembly 277,C.1.2.2.2.3,-,false,2.9506899926324843,0.6464332159373649,7.408448298092798,19.352236669995303,3.207128526082848,21.298806244116093,8.398852386999781,19.04673299208444,23062.09043329524,9395.448274683715,21880.477340752208,9174.554787243773,29401.604487785942,10600.68670518317,-9112.712095628898,4943.875844990582,7009.699882945631,4367.95416656933,3996.678980717107,4457.372854984208
C.1.2.2.2.3.4.1,Part 979,C.1.2.2.2.3.4,-,false,0.27105822088592685,0.28909372274994966,-9.020871249958873,28.721044428837228,94.69756302423775,28.23690002309109,-74.91972697898746,29.057750463592832,0.39951975900346126,0.37074144170588635,0.4168247106634905,0.3723953238821935,0.38660585833770034,0.37017423652493897,0.02142547459437949,0.02351283871158888,-0.006735890149523673,0.022566176940390956,-0.010790705266209476,0.02209918015384651
C.1.2.2.2.3.4.2,Part 980,C.1.2.2.2.3.4,-,false,0.887400543800788,0.28909372274994966,-78.64561681635678,28.721044428837228,-30.86143396794796,28.23690002309109,81.71482505276799,29.057750463592832,1.0497478499469302,0.37074144170588635,1.127254465104757,0.3723953238821935,1.0835139532825706,0.37017423652493897,0.0013066053331645168,0.02351283871158888,0.025583120864450644,0.022566176940390956,-0.05861376076331369,0.02209918015384651
C.1.2.2.2.3.4.3,Part 981,C.1.2.2.2.3.4,+,false,0.18562814097455702,0.28909372274994966,49.00281825102866,28.721044428837228,-38.7052065692842,28.23690002309109,-38.003188418224454,29.057750463592832,0.2746480668830507,0.37074144170588635,0.24110169344856022,0.3723953238821935,0.25797114857032255,0.37017423652493897,0.011830825459521818,0.02351283871158888,-0.0054154966043420275,0.022566176940390956,-0.0003837476468564319,0.02209918015384651
C.1.2.2.2.3.4.4,Part 982,C.1.2.2.2.3.4,+,false,0.676604886027053,0.28909372274994966,-4.235508479177952,28.721044428837228,-88.00108162686229,28.23690002309109,-14.42916439846158,29.057750463592832,0.7873501772649654,0.37074144170588635,0.9006000958302612,0.3723953238821935,0.7933242008254806,0.37017423652493897,-0.0555925947585104,0.02351283871158888,-0.03199452924541006,0.022566176940390956,0.03426014756302768,0.02209918015384651
C.1.2.2.2.3.4.5,Part 983,C.1.2.2.2.3.4,-,false,0.9299982009441592,0.28909372274994966,94.47850789874792,28.721044428837228,83.77207573503256,28.23690002309109,-11.404815874993801,29.057750463592832,0.9704152538984083,0.37074144170588635,1.096893040094133,0.3723953238821935,1.1274372848676895,0.37017423652493897,0.12173459347731425,0.02351283871158888,-0.0744546613558762,0.022566176940390956,0.0017807762575389099,0.02209918015384651
C.1.2.2.2.4,Assembly 80,C.1.2.2.2,-,false,6.745652276464039,1.081689663197327,-8.117696370826133,13.931142233627474,20.298185416552663,14.826744304903137,23.02056498636186,12.60159362503603,41817.90857377379,14859.548937260171,38078.733179869116,12793.510652740768,47324.68430244205,16070.812672717431,11910.139738902039,7304.085376747258,-3204.546125531811,5743.814060984076,-4236.520801013972,6599.609281023739
C.1.2.2.2.4.1,Subassembly 278,C.1.2.2.2.4,-,false,1.3205692829391917,0.5007250159521434,48.76800229547341,28.234387799674032,-37.207230579806485,34.14038171882054,32.46048700495723,37.0556137772505,9127.431992405913,7611.5961113593075,8768.164147301504,6734.930887924567,3013.3778600145342,5662.603715596907,1398.5861100557618,2536.1929755911515,2802.66310522251,2637.078232694427,-2390.9156281102923,2588.7960519261064
C.1.2.2.2.4.1.1,Part 984,C.1.2.2.2.4.1,-,false,0.9030830010336358,0.28909372274994966,36.13886944949627,28.721044428837228,-30.839394126087427,28.23690002309109,77.82481363974512,29.057750463592832,1.1268388168502792,0.37074144170588635,1.2171843808899903,0.3723953238821935,1.1231479180062338,0.37017423652493897,-0.08846523203018197,0.02351283871158888,0.09914636000065566,0.022566176940390956,-0.08055238601559153,0.02209918015384651
C.1.2.2.2.4.1.2,Part 985,C.1.2.2.2.4.1,-,false,0.3415137503563892,0.28909372274994966,97.62425692752004,28.721044428837228,-79.90222480148077,28.23690002309109,-94.51555516570807,29.057750463592832,0.4679269479194403,0.37074144170588635,0.4454066207291212,0.3723953238821935,0.5002983039618605,0.37017423652493897,-0.0006597816268589537,0.02351283871158888,0.03247867099086059,0.022566176940390956,-0.00825297436467821,0.02209918015384651
C.1.2.2.2.4.1.3,Part 986,C.1.2.2.2.4.1,+,false,0.07597253154916689,0.28909372274994966,-20.72984711267054,28.721044428837228,79.02218238450587,28.23690002309109,64.00230983272195,29.057750463592832,0.09544365421840321,0.37074144170588635,0.09426236339841801,0.3723953238821935,0.11696165641742655,0.37017423652493897,0.0033198360274207302,0.02351283871158888,1.5352305710691155e-5,0.022566176940390956,0.0004469069577196507,0.02209918015384651
C.1.2.2.2.4.2,Subassembly 279,C.1.2.2.2.4,-,false,1.4727800882102455,0.5781874454998993,18.08837220561968,28.027226868235722,45.288231945380545,30.160616124699043,61.133782981026066,22.038771979527116,6198.1268459160465,6651.207071723668,6316.172951743592,4511.293562405224,9357.221727197202,6954.081689782366,3405.6398385333646,2930.593885922549,1506.1054693287174,1979.6184351489478,-2435.561988517882,3026.898744769537
C.1.2.2.2.4.2.1,Part 987,C.1.2.2.2.4.2,+,false,0.21710612030676565,0.28909372274994966,82.39852315746248,28.721044428837228,-78.42894098721445,28.23690002309109,-16.184576554223895,29.057750463592832,0.26668405798555145,0.37074144170588635,0.27468988228096763,0.3723953238821935,0.2675272316883201,0.37017423652493897,0.0029725788459559724,0.02351283871158888,-0.0005922818851304952,0.022566176940390956,0.0022198716083646182,0.02209918015384651
C.1.2.2.2.4.2.2,Part 988,C.1.2.2.2.4.2,-,false,0.49863429153943434,0.28909372274994966,-42.80372844077647,28.721044428837228,95.79207706265152,28.23690002309109,73.12487671151757,29.057750463592832,0.5813596533493391,0.37074144170588635,0.5358367288501008,0.3723953238821935,0.585394063557518,0.37017423652493897,0.006298687734254323,0.02351283871158888,0.031030187734254443,0.022566176940390956,-0.04051270492051397,0.02209918015384651
C.1.2.2.2.4.2.3,Part 989,C.1.2.2.2.4.2,+,false,0.46388317182497124,0.28909372274994966,2.812653360888362,28.721044428837228,51.59658817574382,28.23690002309109,82.1117902174592,29.057750463592832,0.6308201406250765,0.37074144170588635,0.603732900834014,0.3723953238821935,0.6379810658410099,0.37017423652493897,-0.01752834907061877,0.02351283871158888,0.003630522253380732,0.022566176940390956,-0.007568302627131665,0.02209918015384651
C.1.2.2.2.4.2.4,Part 990,C.1.2.2.2.4.2,-,false,0.2931565045390744,0.28909372274994966,98.2056837528944,28.721044428837228,41.02588784880936,28.23690002309109,64.80340650305152,29.057750463592832,0.3358473755738956,0.37074144170588635,0.3608381384022047,0.3723953238821935,0.3748945659860809,0.37017423652493897,0.010142787058466472,0.02351283871158888,-0.0007219834211158215,0.022566176940390956,-2.5641610775973736e-5,0.02209918015384651
C.1.2.2.2.4.3,Subassembly 280,C.1.2.2.2.4,-,false,0.8769575745677576,0.40884026350990615,-33.585703860053435,49.807217915121804,55.685267804994034,28.42366294904372,33.23410580440498,25.565476793643175,1314.7272225873608,1666.1877705319582,5830.520708259524,5637.489826553805,6327.777534570033,6062.667693409094,2215.4041614298567,2323.5582981405687,-1487.5151234680643,1833.9729317372207,607.8455387868817,810.4941998492229
C.1.2.2.2.4.3.1,Part 991,C.1.2.2.2.4.3,-,false,0.6313824032684788,0.28909372274994966,-82.62024247087538,28.721044428837228,75.72377445176244,28.23690002309109,19.779780320823193,29.057750463592832,0.8917810433568049,0.37074144170588635,0.9115619872194086,0.3723953238821935,0.9320077385812765,0.37017423652493897,-0.01827074584355858,0.02351283871158888,-0.02323207921547763,0.022566176940390956,-0.016588898753466086,0.02209918015384651
C.1.2.2.2.4.3.2,Part 992,C.1.2.2.2.4.3,+,false,0.24557517129927875,0.28909372274994966,92.48381964862347,28.721044428837228,4.165562381967902,28.23690002309109,67.82564986497164,29.057750463592832,0.3425471784754824,0.37074144170588635,0.3258620340522138,0.3723953238821935,0.351794054832525,0.37017423652493897,-0.01275755595874368,0.02351283871158888,0.013639279830247812,0.022566176940390956,0.01231523268030764,0.02209918015384651
C.1.2.2.2.4.4,Subassembly 281,C.1.2.2.2.4,-,false,3.075345330746844,0.6464332159373649,-37.832382164467795,15.63171838080459,22.932710070719583,20.886795893475774,-2.1978392102042212,16.206536109585365,14467.03495207232,7905.347890773187,4290.4992732876135,3395.467041571997,13651.076950109116,7616.966563963361,504.02792961526563,3149.6333523774974,-1769.2306914784479,1686.315230465649,780.6308281852641,3416.6872680737383
C.1.2.2.2.4.4.1,Part 993,C.1.2.2.2.4.4,+,false,0.987849029772915,0.28909372274994966,-49.96312544681132,28.721044428837228,-51.87025321647525,28.23690002309109,-14.14846871048212,29.057750463592832,1.4704006816222968,0.37074144170588635,1.4577969816124652,0.3723953238821935,1.376753891657765,0.37017423652493897,0.031299230820461495,0.02351283871158888,0.06320668326105389,0.022566176940390956,0.002905841821107236,0.02209918015384651
C.1.2.2.2.4.4.2,Part 994,C.1.2.2.2.4.4,+,false,0.9620267251112964,0.28909372274994966,-51.747614378109574,28.721044428837228,86.72565501183271,28.23690002309109,-31.803484773263335,29.057750463592832,1.152836859204256,0.37074144170588635,1.1308468342306088,0.3723953238821935,1.2019860712454171,0.37017423652493897,-0.03274092054828336,0.02351283871158888,-0.0693662484351279,0.022566176940390956,0.06692376995962773,0.02209918015384651
C.1.2.2.2.4.4.3,Part 995,C.1.2.2.2.4.4,+,false,0.5036204764358699,0.28909372274994966,-44.637550646439195,28.721044428837228,72.92668838053942,28.23690002309109,22.411220660433173,29.057750463592832,0.6675448327208635,0.37074144170588635,0.6936215132887461,0.3723953238821935,0.6079922988006617,0.37017423652493897,-0.009897934627693127,0.02351283871158888,-0.052925781095782734,0.022566176940390956,0.016357303494848038,0.02209918015384651
C.1.2.2.2.4.4.4,Part 996,C.1.2.2.2.4.4,-,false,0.5350742662933189,0.28909372274994966,11.9660132098943,28.721044428837228,18.348637269809842,28.23690002309109,44.33038090355694,29.057750463592832,0.5921547951577714,0.37074144170588635,0.669506709333052,0.3723953238821935,0.6754079509520082,0.37017423652493897,-0.009678963877177461,0.02351283871158888,0.004621268934198031,0.022566176940390956,0.0010303968120061496,0.02209918015384651
C.1.2.2.2.4.4.5,Part 997,C.1.2.2.2.4.4,+,false,0.0867748331334442,0.28909372274994966,-13.0377440713346,28.721044428837228,-94.63196410797536,28.23690002309109,32.34167182818055,29.057750463592832,0.12903011300564224,0.37074144170588635,0.13199233109532665,0.3723953238821935,0.13243203648030988,0.37017423652493897,0.0024587243176823915,0.02351283871158888,0.0040101692353868065,0.022566176940390956,-0.0036114126380190764,0.02209918015384651
C.1.2.2.3,Subsystem 22,C.1.2.2,-,false,8.964613624533872,1.2928664318747298,-16.3982611890541,11.198327664884758,24.034389442460974,12.787756582101737,-5.8477340064440515,11.633510783180343,68897.78078762477,17866.8271241795,55034.87344614034,15186.677634302796,68446.57398882412,17172.31808820513,12190.704253570952,7812.4895321346985,3423.7004119440107,6978.667457801035,-17818.161158498864,8635.220798112943
C.1.2.2.3.1,Assembly 81,C.1.2.2.3,-,false,2.1475061277218632,0.6464332159373648,2.1792556623517805,21.01385969410202,8.173501515071822,29.73464085789338,24.85755367044584,27.161763243964394,18887.409273873778,11494.848372350374,10602.389808387668,7553.0658984522415,11940.697145406888,8885.267774978956,3371.2938834887045,3549.6619781470663,2287.7555509072736,3043.804673818893,-8835.49131259046,5754.322053028651
C.1.2.2.3.1.1,Subassembly 282,C.1.2.2.3.1,-,false,0.7863786534115207,0.40884026350990615,0.3372799404289653,26.60722651719523,-28.929144529650483,56.7432452410883,-33.13906405128876,46.243939667456466,10584.562333060827,8527.394398201232,4580.576146178148,4096.729105046824,7211.109608607898,6020.0474540130945,1996.2667365104867,2061.5039604167705,1548.674777810348,1623.4237025318691,-5125.80508505107,4157.906420915521
C.1.2.2.3.1.1.1,Part 998,C.1.2.2.3.1.1,+,false,0.2682770018510055,0.28909372274994966,-38.14990087412298,28.721044428837228,98.45185899175704,28.23690002309109,65.6827942468226,29.057750463592832,0.2734833661725806,0.37074144170588635,0.2794214069698289,0.3723953238821935,0.2675526860049357,0.37017423652493897,0.00351054849216403,0.02351283871158888,-0.0041970819578815224,0.022566176940390956,-0.005158917155448491,0.02209918015384651
C.1.2.2.3.1.1.2,Part 999,C.1.2.2.3.1.1,+,false,0.5181016515605151,0.28909372274994966,20.26623683050275,28.721044428837228,-94.88800340332091,28.23690002309109,-84.30977887474,29.057750463592832,0.6617302139178972,0.37074144170588635,0.5890508131589117,0.3723953238821935,0.6030236177772124,0.37017423652493897,0.007426176634679011,0.02351283871158888,0.036556870971465254,0.022566176940390956,0.05498798482147681,0.02209918015384651
C.1.2.2.3.1.2,Subassembly 283,C.1.2.2.3.1,-,false,1.3611274743103423,0.5007250159521434,3.24343988841503,29.36759264800858,29.60920785803306,30.65584864527599,58.364556509800586,25.8316898909462,2421.656036347307,4186.091854549142,1844.3708470365507,3833.596224174484,3017.4203580060534,5306.451823628542,1459.8193877307367,2646.4713531458187,871.6228879306093,1831.572083593821,-1039.9099030395064,1969.819925957618
C.1.2.2.3.1.2.1,Part 1000,C.1.2.2.3.1.2,-,false,0.08781051513529382,0.28909372274994966,93.75454084947705,28.721044428837228,-64.90565417334437,28.23690002309109,-7.389143481850624,29.057750463592832,0.11349920599823053,0.37074144170588635,0.11743811639927669,0.3723953238821935,0.11701770605778841,0.37017423652493897,0.0026483268710255107,0.02351283871158888,-0.0024529174055099986,0.022566176940390956,-0.005056335373681012,0.02209918015384651
C.1.2.2.3.1.2.2,Part 1001,C.1.2.2.3.1.2,-,false,0.36019444992020727,0.28909372274994966,-32.9376395791769,28.721044428837228,79.80054975487292,28.23690002309109,83.71249507181346,29.057750463592832,0.37424472474082926,0.37074144170588635,0.3537332332729534,0.3723953238821935,0.36519784775002373,0.37017423652493897,0.028299732583257065,0.02351283871158888,-0.0017474358014942146,0.022566176940390956,0.0016867036581789156,0.02209918015384651
C.1.2.2.3.1.2.3,Part 1002,C.1.2.2.3.1.2,-,false,0.9131225092548412,0.28909372274994966,8.811583882197738,28.721044428837228,18.899534223601222,28.23690002309109,54.688904574140906,29.057750463592832,1.206763664569927,0.37074144170588635,1.281416933150703,0.3723953238821935,1.2006552373138228,0.37017423652493897,0.043673574884466715,0.02351283871158888,-0.0003940934767997017,0.022566176940390956,0.011064303191600802,0.02209918015384651
C.1.2.2.3.2,Assembly 82,C.1.2.2.3,-,false,6.8171074968120084,1.1196551737036593,-22.250498563176073,13.00026664290757,29.030841974727274,13.860272593332754,-15.520427809559246,12.24022636431991,46637.4264982407,12885.906461381466,40795.33474162899,12391.461210093907,54820.814448381,14384.207203125503,7987.299862902753,6780.570738160281,2746.83780844784,5935.44223527049,-10357.998567517157,5970.2093194385
C.1.2.2.3.2.1,Subassembly 284,C.1.2.2.3.2,-,false,1.371050164234126,0.5007250159521434,-13.855696240397197,21.904243156411567,84.57425039782783,19.401888438669513,-50.01968732854361,20.386535553725064,951.5012918670866,1332.3703228267648,1683.2140456407735,1755.0591691781442,1519.2553017889225,1645.4323814600184,106.74244758931832,710.4577122419246,71.56498341413075,770.070670353466,-466.7077727731203,661.1018720142499
C.1.2.2.3.2.1.1,Part 1003,C.1.2.2.3.2.1,-,false,0.3176887161303312,0.28909372274994966,-65.99662681110203,28.721044428837228,88.88293546624482,28.23690002309109,-47.47326597571373,29.057750463592832,0.37047545833452283,0.37074144170588635,0.4026334890313699,0.3723953238821935,0.42084579870170047,0.37017423652493897,-0.009684507846894837,0.02351283871158888,0.012490113221948936,0.022566176940390956,0.02777157782135361,0.02209918015384651
C.1.2.2.3.2.1.2,Part 1004,C.1.2.2.3.2.1,+,false,0.7609557169706095,0.28909372274994966,1.4426170382648706,28.721044428837228,95.131212240085,28.23690002309109,-36.56750405207276,29.057750463592832,0.7739821382407648,0.37074144170588635,0.7590513650103857,0.3723953238821935,0.7131505687926795,0.37017423652493897,0.024479287743045974,0.02351283871158888,-0.02176595292603893,0.022566176940390956,0.024230138917593402,0.02209918015384651
C.1.2.2.3.2.1.3,Part 1005,C.1.2.2.3.2.1,+,false,0.29240573113318535,0.28909372274994966,2.9813415370881557,28.721044428837228,52.419610135257244,28.23690002309109,-87.7942037768662,29.057750463592832,0.325210686802862,0.37074144170588635,0.37241270770813645,0.3723953238821935,0.4123770118399169,0.37017423652493897,0.00301387373979163,0.02351283871158888,0.02151111045569789,0.022566176940390956,-0.004386168386778359,0.02209918015384651
C.1.2.2.3.2.2,Subassembly 285,C.1.2.2.3.2,-,false,1.7582966634533368,0.5781874454998993,-22.342269428418362,28.07695655272803,6.8455407657870335,33.083166642948235,-28.47421434364611,22.27072584475422,18416.379852590275,8268.269932507923,11559.015273225286,6717.054184721371,22458.53765756423,9950.434908704809,5358.550591659136,4738.211439427871,2269.0517816961737,3149.6908852252445,-7154.29841714274,3803.913431101301
C.1.2.2.3.2.2.1,Part 1006,C.1.2.2.3.2.2,-,false,0.20961525726504623,0.28909372274994966,82.92951546609402,28.721044428837228,87.53000176511705,28.23690002309109,31.493828119710088,29.057750463592832,0.26866215960934225,0.37074144170588635,0.28258058165029315,0.3723953238821935,0.29801919076629313,0.37017423652493897,-0.0057529824619327995,0.02351283871158888,-0.005598120417871369,0.022566176940390956,-0.007110050984442776,0.02209918015384651
C.1.2.2.3.2.2.2,Part 1007,C.1.2.2.3.2.2,+,false,0.5236412878341508,0.28909372274994966,40.28734490275383,28.721044428837228,-96.53971642255783,28.23690002309109,-88.59279761090875,29.057750463592832,0.6576317562732735,0.37074144170588635,0.7321373599512839,0.3723953238821935,0.5767785828398014,0.37017423652493897,0.041556770873983365,0.02351283871158888,-0.0018276718436292454,0.022566176940390956,-0.04015842932084851,0.02209918015384651
C.1.2.2.3.2.2.3,Part 1008,C.1.2.2.3.2.2,-,false,0.3170905596860684,0.28909372274994966,-43.32383400760591,28.721044428837228,-74.38644138164818,28.23690002309109,-50.76702176593244,29.057750463592832,0.3545937751506153,0.37074144170588635,0.3919489871103486,0.3723953238821935,0.4047535362964869,0.37017423652493897,0.02109445813379975,0.02351283871158888,-0.030998759528186412,0.022566176940390956,0.007082155674338354,0.02209918015384651
C.1.2.2.3.2.2.4,Part 1009,C.1.2.2.3.2.2,+,false,0.7079495586680714,0.28909372274994966,-90.43888384476304,28.721044428837228,95.80949177034199,28.23690002309109,8.222177624702454,29.057750463592832,0.7643217213278611,0.37074144170588635,0.8899502003034849,0.3723953238821935,0.8161325789900538,0.37017423652493897,-0.020719804189385148,0.02351283871158888,0.02030532740862295,0.022566176940390956,0.06275005787363168,0.02209918015384651
C.1.2.2.3.2.3,Subassembly 286,C.1.2.2.3.2,-,false,1.394820179206552,0.5781874454998993,-42.714602422463365,27.562312868997953,44.82072136583057,25.616419084912266,21.090122212576667,29.699185690698233,7850.963870653959,5028.848332847179,9319.28797991731,5880.3929282367335,6880.561745012542,4402.633008268086,3188.4300009965227,2122.0933289444497,4002.3522424551893,2882.783352274638,-2467.3141025128457,2257.5835066683244
C.1.2.2.3.2.3.1,Part 1010,C.1.2.2.3.2.3,-,false,0.00490983270178549,0.28909372274994966,-8.017859747633338,28.721044428837228,11.19074528105557,28.23690002309109,51.94290429353714,29.057750463592832,0.006025597062580873,0.37074144170588635,0.0063606194350507165,0.3723953238821935,0.006147788323704245,0.37017423652493897,-0.00010238701415248559,0.02351283871158888,0.0003089362430248738,0.022566176940390956,-0.0005072236912534451,0.02209918015384651
C.1.2.2.3.2.3.2,Part 1011,C.1.2.2.3.2.3,+,false,0.23015673840255477,0.28909372274994966,-7.633649092167616,28.721044428837228,-11.86889042146504,28.23690002309109,52.535229129716754,29.057750463592832,0.2501456030298357,0.37074144170588635,0.25709420167183045,0.3723953238821935,0.24923941688212842,0.37017423652493897,0.010666510238599467,0.02351283871158888,0.009097009448384053,0.022566176940390956,-0.01014688042309085,0.02209918015384651
C.1.2.2.3.2.3.3,Part 1012,C.1.2.2.3.2.3,-,false,0.405842741121538,0.28909372274994966,28.45844253897667,28.721044428837228,2.3775546345859766,28.23690002309109,-73.55268327519298,29.057750463592832,0.4223758790032171,0.37074144170588635,0.42987435048775297,0.3723953238821935,0.447437250621488,0.37017423652493897,-0.012859265413095882,0.02351283871158888,0.01219929930809871,0.022566176940390956,-0.021227213646902998,0.02209918015384651
C.1.2.2.3.2.3.4,Part 1013,C.1.2.2.3.2.3,+,false,0.7539108669806738,0.28909372274994966,-91.96384167298675,28.721044428837228,85.1940150372684,28.23690002309109,62.23730780184269,29.057750463592832,1.173633832226925,0.37074144170588635,1.0665241032263855,0.3723953238821935,1.0795789652396484,0.37017423652493897,0.009276259752856897,0.02351283871158888,0.043136850591862196,0.022566176940390956,-0.0018029021425642155,0.02209918015384651
C.1.2.2.3.2.4,Subassembly 287,C.1.2.2.3.2,-,false,2.292940489917994,0.5781874454998993,-14.751215267024612,23.326293844138814,3.2262034290086454,20.98723817787065,-7.229030273382956,20.016387560833035,8494.783248527068,5244.135711065885,13470.083939856215,7170.836774067162,16182.971334034792,7529.522023026675,-917.9792911187803,3383.1003276438664,-4893.545151088506,3412.2239006063373,-2075.8649892414765,2507.760624949797
C.1.2.2.3.2.4.1,Part 1014,C.1.2.2.3.2.4,-,false,0.6338044687181246,0.28909372274994966,-37.18947251327336,28.721044428837228,-75.01696199178696,28.23690002309109,-38.12561030499637,29.057750463592832,0.8006787546998893,0.37074144170588635,0.6991374430848829,0.3723953238821935,0.8404919150082512,0.37017423652493897,-0.024535888686501674,0.02351283871158888,-0.03505527345171007,0.022566176940390956,0.06594037674886585,0.02209918015384651
C.1.2.2.3.2.4.2,Part 1015,C.1.2.2.3.2.4,-,false,0.030522787004010753,0.28909372274994966,37.39647245965898,28.721044428837228,-49.916549073532224,28.23690002309109,-64.78401878848672,29.057750463592832,0.039653479324651145,0.37074144170588635,0.03988449348235366,0.3723953238821935,0.04167912098722391,0.37017423652493897,-0.0008866876591976072,0.02351283871158888,0.0008401707250535846,0.022566176940390956,-0.0011150046633223952,0.02209918015384651
C.1.2.2.3.2.4.3,Part 1016,C.1.2.2.3.2.4,+,false,0.6805104270665906,0.28909372274994966,85.85417056456208,28.721044428837228,29.997750418260694,28.23690002309109,46.22967317700386,29.057750463592832,0.8726368522280162,0.37074144170588635,0.8710918434618221,0.3723953238821935,0.8806345565258799,0.37017423652493897,-0.005378031021421724,0.02351283871158888,0.0009754780818239108,0.022566176940390956,0.0012612562220211878,0.02209918015384651
C.1.2.2.3.2.4.4,Part 1017,C.1.2.2.3.2.4,-,false,0.9481028071292676,0.28909372274994966,-73.64065079018474,28.721044428837228,38.0268766079098,28.23690002309109,-23.092368990182877,29.057750463592832,1.246507812897894,0.37074144170588635,1.1209699773329378,0.3723953238821935,1.0497519594501963,0.37017423652493897,0.012960458026935231,0.02351283871158888,-0.07955311331156094,0.022566176940390956,0.14042367031222563,0.02209918015384651
C.1.2.3,Element 7,C.1.2,-,false,121.68784572148232,4.570973105735384,1.5103164699858047,3.17150176415287,-3.551420833318365,3.1065003775136226,-0.8871604534277792,3.1786494954446045,795661.1347347103,58817.29990161638,798008.6186482063,58958.01746443926,790794.4674035937,58437.45426042405,-37223.74110740408,27216.395091700262,-27940.516102099857,27652.34506923407,-28878.45156199348,27628.126458815732
C.1.2.3.1,Subsystem 23,C.1.2.3,-,false,27.228420881233184,2.182609743038185,-1.0001543390379433,6.917353316943819,-11.848902329230333,6.337255949992637,-4.5332597989617565,6.770864896682537,173391.34000124704,27091.817082976413,182813.1241527726,29524.602620241065,168806.24963433854,28470.81854652819,-7993.590311050721,13215.483161346127,-23616.99784916739,13606.675987660927,-20703.90897188583,12699.10877721972
C.1.2.3.1.1,Assembly 83,C.1.2.3.1,-,false,3.0309456110133324,0.7081321085790055,47.404811999496246,18.431368061388316,-33.79612429039057,14.757595131000222,8.644511491861227,20.325169062414528,15225.43843507667,7304.596174075059,21451.407460521237,8657.581503029247,12515.325674638287,5943.930297128182,-2249.151157105823,2745.8740240955244,-7572.017766221594,4114.047886761228,-4551.210561016525,3229.952733134226
C.1.2.3.1.1.1,Subassembly 288,C.1.2.3.1.1,-,false,1.8108087949331384,0.5781874454998993,14.209555143464167,22.069697895214997,-33.405608692261964,19.244347560637166,-13.924524890640845,27.396838734282234,11672.428622528514,6400.747648539791,13229.411862280635,6803.777027989324,7269.219270560516,4375.893041106513,-2310.2487429978805,2044.5299427192017,-4206.9361835835725,3027.4715639756446,-4062.4293128175777,2885.2495014647525
C.1.2.3.1.1.1.1,Part 1018,C.1.2.3.1.1.1,+,false,0.2714737224543933,0.28909372274994966,79.75672213360667,28.721044428837228,-47.84345794469118,28.23690002309109,37.33013062737882,29.057750463592832,0.338813851766033,0.37074144170588635,0.32808673555829204,0.3723953238821935,0.2635997353238293,0.37017423652493897,-0.00348121279006372,0.02351283871158888,-0.0059289411663554226,0.022566176940390956,0.0010905838823576167,0.02209918015384651
C.1.2.3.1.1.1.2,Part 1019,C.1.2.3.1.1.1,-,false,0.6140720751190092,0.28909372274994966,41.76371074281633,28.721044428837228,-13.316352106630802,28.23690002309109,-30.140276066958904,29.057750463592832,0.9758292338339816,0.37074144170588635,0.9945128023725424,0.3723953238821935,0.9677428445822156,0.37017423652493897,0.01581042094337401,0.02351283871158888,0.002628492911459966,0.022566176940390956,0.012784974508136617,0.02209918015384651
C.1.2.3.1.1.1.3,Part 1020,C.1.2.3.1.1.1,-,false,0.3992901132279076,0.28909372274994966,22.544915741309524,28.721044428837228,16.845566825941205,28.23690002309109,88.00809560343623,29.057750463592832,0.49613217247505165,0.37074144170588635,0.5586903756185922,0.3723953238821935,0.455115033082299,0.37017423652493897,0.003961459110997396,0.02351283871158888,-0.004567387177313131,0.022566176940390956,0.027750189879247933,0.02209918015384651
C.1.2.3.1.1.1.4,Part 1021,C.1.2.3.1.1.1,-,false,0.5259728841318283,0.28909372274994966,-58.118884498253465,28.721044428837228,-87.555838143453,28.23690002309109,-98.82878721691668,29.057750463592832,0.6712742996562501,0.37074144170588635,0.6522892461739314,0.3723953238821935,0.6461367813144506,0.37017423652493897,0.0046570648083672245,0.02351283871158888,-0.021496487245712896,0.022566176940390956,0.05979432298398718,0.02209918015384651
C.1.2.3.1.1.2,Subassembly 289,C.1.2.3.1.1,-,false,1.220136816080194,0.40884026350990615,96.6699946189974,22.440039418562073,-34.37568968857407,22.981103551657693,42.139287680890384,25.605959286779502,1261.0961789399564,1641.1925723387974,974.0492471889995,1405.9443876197852,288.7017028669125,686.7607858953487,2.78576200941095,335.59016754703737,4.928939461749861,617.533205295129,-528.4267216605684,778.7770230688279
C.1.2.3.1.1.2.1,Part 1022,C.1.2.3.1.1.2,+,false,0.3233482847209089,0.28909372274994966,96.91439098678529,28.721044428837228,-59.92609802633524,28.23690002309109,-4.8784935381263494,29.057750463592832,0.3794431984809574,0.37074144170588635,0.39538334417695803,0.3723953238821935,0.3882085156366992,0.37017423652493897,-0.00833593018547131,0.02351283871158888,0.01595120031159023,0.022566176940390956,-0.016044849710204007,0.02209918015384651
C.1.2.3.1.1.2.2,Part 1023,C.1.2.3.1.1.2,-,false,0.8967885313592852,0.28909372274994966,96.58187446184456,28.721044428837228,-25.16317144036293,28.23690002309109,59.0921348426491,29.057750463592832,0.9634658175781806,0.37074144170588635,1.074516750064507,0.3723953238821935,1.0870171880647128,0.37017423652493897,0.030280719388407304,0.02351283871158888,-0.11039760567095933,0.022566176940390956,0.06213998552283999,0.02209918015384651
C.1.2.3.1.2,Assembly 84,C.1.2.3.1,-,false,5.089248216057197,1.081689663197327,-20.370668668255668,15.523581824006042,-7.227335082045519,14.265998479901054,-44.54660967239568,12.94090087986855,18352.096923253117,7768.425903598372,15723.3782134768,8865.188515733409,24328.53026135546,10032.600768293156,1632.7040683149419,3874.9365373767773,-3284.4234599283404,3265.8360939556555,-957.1585537832796,3620.8018199452476
C.1.2.3.1.2.1,Subassembly 290,C.1.2.3.1.2,-,false,1.1110594704328105,0.5781874454998993,43.43805389889171,34.97526626651218,-24.29065540627002,21.209015776025815,-13.332961598010973,15.74220075515541,1051.2112202693104,1132.3446287344261,3732.3888156779158,4022.0951441143425,4553.828243521498,4411.790862263671,1007.1615621922922,1474.1253334521077,-270.21347250632414,941.1789495596643,280.6498430003078,521.1229184684073
C.1.2.3.1.2.1.1,Part 1024,C.1.2.3.1.2.1,-,false,0.36056349496007895,0.28909372274994966,74.903594981879,28.721044428837228,-43.962585320696235,28.23690002309109,-14.050036296248436,29.057750463592832,0.37645157575398197,0.37074144170588635,0.4339364569021059,0.3723953238821935,0.4222303506634136,0.37017423652493897,-0.012832195169406983,0.02351283871158888,-0.028196857768589087,0.022566176940390956,-0.006867982665523601,0.02209918015384651
C.1.2.3.1.2.1.2,Part 1025,C.1.2.3.1.2.1,-,false,0.28386467407946475,0.28909372274994966,68.0945314001292,28.721044428837228,-54.774394957348704,28.23690002309109,2.8109159786254168,29.057750463592832,0.3455054282681242,0.37074144170588635,0.319335019885562,0.3723953238821935,0.3377785699564937,0.37017423652493897,-0.019487729589842406,0.02351283871158888,-0.030441392086136818,0.022566176940390956,0.012651754000112921,0.02209918015384651
C.1.2.3.1.2.1.3,Part 1026,C.1.2.3.1.2.1,+,false,0.23156337600271218,0.28909372274994966,-67.61877932585776,28.721044428837228,7.986530475318432,28.23690002309109,-22.457342129200697,29.057750463592832,0.29036869938459164,0.37074144170588635,0.3037983540131558,0.3723953238821935,0.3033854697711728,0.37017423652493897,-0.015408500102457081,0.02351283871158888,0.008693896622724785,0.022566176940390956,-0.02130395195673237,0.02209918015384651
C.1.2.3.1.2.1.4,Part 1027,C.1.2.3.1.2.1,-,false,0.2350679253905546,0.28909372274994966,74.80033696629107,28.721044428837228,10.899268742650747,28.23690002309109,-22.739830799400806,29.057750463592832,0.2970339860488817,0.37074144170588635,0.298674204183194,0.3723953238821935,0.32429851049119174,0.37017423652493897,0.0021527023303478036,0.02351283871158888,0.010038598246872399,0.022566176940390956,0.0004260807488943631,0.02209918015384651
C.1.2.3.1.2.2,Subassembly 291,C.1.2.3.1.2,-,false,2.137433945090277,0.6464332159373649,-39.10439068984298,17.40357952355306,16.75278502002286,22.97047800266084,-29.51950989335581,17.047592232197207,7463.678748209302,4703.849015183828,1307.3245654039515,1475.2680265144302,8169.865665346993,4797.722824012194,56.67935849811613,2094.630371456308,73.8419290060479,643.9254691787272,1067.5665084810657,2097.852506831811
C.1.2.3.1.2.2.1,Part 1028,C.1.2.3.1.2.2,-,false,0.9854304553838447,0.28909372274994966,-46.41855643130839,28.721044428837228,69.41389311105013,28.23690002309109,-34.333817986771464,29.057750463592832,1.1745379913630323,0.37074144170588635,1.2318771445603012,0.3723953238821935,1.0344128409711042,0.37017423652493897,-0.0248720546664876,0.02351283871158888,0.11754377707019359,0.022566176940390956,0.07310842433924039,0.02209918015384651
C.1.2.3.1.2.2.2,Part 1029,C.1.2.3.1.2.2,-,false,0.4805381577296648,0.28909372274994966,-51.79176856763661,28.721044428837228,-68.34773179143667,28.23690002309109,-19.806827697902918,29.057750463592832,0.4252615031969518,0.37074144170588635,0.4468632274660892,0.3723953238821935,0.4520839455535829,0.37017423652493897,-0.015775196673174598,0.02351283871158888,0.0024492739737420996,0.022566176940390956,-0.007405177985282297,0.02209918015384651
C.1.2.3.1.2.2.3,Part 1030,C.1.2.3.1.2.2,+,false,0.19013544256146997,0.28909372274994966,-61.670681508257985,28.721044428837228,-26.477308245375752,28.23690002309109,-12.132368283346295,29.057750463592832,0.25479736142580073,0.37074144170588635,0.2763441582313683,0.3723953238821935,0.22144415543644014,0.37017423652493897,-0.006838077576182519,0.02351283871158888,0.005283864889242323,0.022566176940390956,-0.00043688253103186885,0.02209918015384651
C.1.2.3.1.2.2.4,Part 1031,C.1.2.3.1.2.2,-,false,0.11593558303709142,0.28909372274994966,-32.33528942801058,28.721044428837228,72.48143367469311,28.23690002309109,-67.7624145988375,29.057750463592832,0.16064184465428846,0.37074144170588635,0.1581539359278079,0.3723953238821935,0.13849539528318897,0.37017423652493897,0.00633287031607507,0.02351283871158888,-0.007801961933453122,0.022566176940390956,-0.00675677936258264,0.02209918015384651
C.1.2.3.1.2.2.5,Part 1032,C.1.2.3.1.2.2,-,false,0.36539430637820625,0.28909372274994966,6.901369569823146,28.721044428837228,-8.53817998431623,28.23690002309109,-26.222652290016413,29.057750463592832,0.47870142572940394,0.37074144170588635,0.45534335620023697,0.3723953238821935,0.4424887476004629,0.37017423652493897,0.057474077807164646,0.02351283871158888,0.025208377588377406,0.022566176940390956,0.01665357844630759,0.02209918015384651
C.1.2.3.1.2.3,Subassembly 292,C.1.2.3.1.2,-,false,1.8407548005341088,0.6464332159373649,-37.13183214786232,22.546882752239927,-24.7731587087844,23.297119516413456,-80.83588211889318,22.61822431868798,3728.6349905163543,3880.040154329244,903.385509782588,3244.435089279269,3694.5228155310438,3791.7426454677043,-1059.715358921331,1596.4381611798606,-357.2280616177601,1265.1985700248367,-954.851810752022,1796.0166326167048
C.1.2.3.1.2.3.1,Part 1033,C.1.2.3.1.2.3,-,false,0.8863196952578146,0.28909372274994966,-52.10150717757642,28.721044428837228,-67.03568380326033,28.23690002309109,-95.41013021953404,29.057750463592832,1.0591793710191624,0.37074144170588635,1.2510701729432208,0.3723953238821935,1.0887818618774248,0.37017423652493897,-0.040112172222578915,0.02351283871158888,-0.005120049018534828,0.022566176940390956,0.024889461881570832,0.02209918015384651
C.1.2.3.1.2.3.2,Part 1034,C.1.2.3.1.2.3,+,false,0.006527662138221786,0.28909372274994966,43.002137867733836,28.721044428837228,1.2415521778166294,28.23690002309109,-43.24038987979293,29.057750463592832,0.007583466824313199,0.37074144170588635,0.007143444902016918,0.3723953238821935,0.006801558438289208,0.37017423652493897,0.0001073007562773667,0.02351283871158888,-0.0004781643862808727,0.022566176940390956,-0.0007264905940677425,0.02209918015384651
C.1.2.3.1.2.3.3,Part 1035,C.1.2.3.1.2.3,-,false,0.01258344086725265,0.28909372274994966,-64.23425571992993,28.721044428837228,23.354554967954755,28.23690002309109,-5.638757953420281,29.057750463592832,0.017135310471390098,0.37074144170588635,0.01609576890067113,0.3723953238821935,0.017034289421131867,0.37017423652493897,0.0007043150609314924,0.02351283871158888,0.00013538241598545948,0.022566176940390956,0.0006950651548896436,0.02209918015384651
C.1.2.3.1.2.3.4,Part 1036,C.1.2.3.1.2.3,+,false,0.268131818715483,0.28909372274994966,-24.453301914036274,28.721044428837228,37.71373191848397,28.23690002309109,-80.053954385221,29.057750463592832,0.40041169517935266,0.37074144170588635,0.327437737724792,0.3723953238821935,0.3363708239324448,0.37017423652493897,-0.029975816930480827,0.02351283871158888,0.012019934535980445,0.022566176940390956,0.0012284113063380474,0.02209918015384651
C.1.2.3.1.2.3.5,Part 1037,C.1.2.3.1.2.3,+,false,0.6671921835553367,0.28909372274994966,-22.613744344562292,28.721044428837228,5.095232650637627,28.23690002309109,-63.575286930426955,29.057750463592832,0.7633558794777816,0.37074144170588635,0.6969343406144651,0.3723953238821935,0.7637621574057223,0.37017423652493897,0.03459677537013358,0.02351283871158888,-0.029188026897170583,0.022566176940390956,-0.04084380930445912,0.02209918015384651
C.1.2.3.1.3,Assembly 85,C.1.2.3.1,-,false,3.135163911749609,0.7648700959862226,-20.83304455097569,18.16527440231117,-47.409585483785825,15.260266008881365,-4.135041982444642,18.358663759174565,14740.57081685723,6604.845853965839,15133.218533021638,7534.313639669852,10301.14989542552,6251.666436327098,-2814.7624226920593,2618.5867638609207,1550.4243387972117,3911.9193445607393,4599.318496161658,3131.9613029204893
C.1.2.3.1.3.1,Subassembly 293,C.1.2.3.1.3,-,false,2.172597040888155,0.6464332159373649,-22.816302334568217,17.65489063142221,-34.29623435260856,17.53342789254737,-37.37221692247987,16.407927292241457,5679.668537919446,3559.0179271565075,5789.123980304152,3813.1774545331878,7537.311485474801,4356.459529409189,-3183.556945344523,2141.4367188462265,1952.702871199474,1854.9127141223535,1523.031875912324,1741.346833423178
C.1.2.3.1.3.1.1,Part 1038,C.1.2.3.1.3.1,+,false,0.5550174316570629,0.28909372274994966,-83.23413799516857,28.721044428837228,-75.53682094439864,28.23690002309109,11.247013928368688,29.057750463592832,0.7261047515231042,0.37074144170588635,0.8144103175995534,0.3723953238821935,0.7389736737162942,0.37017423652493897,-0.0006030436115606549,0.02351283871158888,0.011390652148165729,0.022566176940390956,0.005607807353903772,0.02209918015384651
C.1.2.3.1.3.1.2,Part 1039,C.1.2.3.1.3.1,+,false,0.6380803078019526,0.28909372274994966,28.728295722976327,28.721044428837228,16.28398336470127,28.23690002309109,-48.897430719807744,29.057750463592832,0.736063269747002,0.37074144170588635,0.7347650639624751,0.3723953238821935,0.8064009702170114,0.37017423652493897,0.00041781764174185656,0.02351283871158888,0.0028424401788568494,0.022566176940390956,-0.010720685006515032,0.02209918015384651
C.1.2.3.1.3.1.3,Part 1040,C.1.2.3.1.3.1,-,false,0.3094720288219396,0.28909372274994966,-24.840944446623325,28.721044428837228,-5.2813556510955095,28.23690002309109,-75.69127320311964,29.057750463592832,0.36016045845070477,0.37074144170588635,0.35454182068610607,0.3723953238821935,0.35479705701181236,0.37017423652493897,0.0039038446238540627,0.02351283871158888,-0.001795304792344311,0.022566176940390956,-0.008648017760423093,0.02209918015384651
C.1.2.3.1.3.1.4,Part 1041,C.1.2.3.1.3.1,-,false,0.16986004425073042,0.28909372274994966,-0.2717094961553812,28.721044428837228,-21.255956683307886,28.23690002309109,-38.88189485296607,29.057750463592832,0.21849133361234896,0.37074144170588635,0.18388470079723432,0.3723953238821935,0.2200873704419569,0.37017423652493897,0.006259424424891615,0.02351283871158888,0.0003844146779999202,0.022566176940390956,0.00026529433137622075,0.02209918015384651
C.1.2.3.1.3.1.5,Part 1042,C.1.2.3.1.3.1,-,false,0.5001672283564694,0.28909372274994966,-27.933583734557033,28.721044428837228,-75.44109709560871,28.23690002309109,-52.39798869006336,29.057750463592832,0.6248696392366354,0.37074144170588635,0.6197903049561545,0.3723953238821935,0.6683337745048498,0.37017423652493897,-0.0188628541866031,0.02351283871158888,-0.0006235961041831588,0.022566176940390956,0.008185718381841973,0.02209918015384651
C.1.2.3.1.3.2,Subassembly 294,C.1.2.3.1.3,-,false,0.9625668708614539,0.40884026350990615,-16.356659457755796,43.67263915812166,-77.00755807786214,25.860273018421562,70.88414900381579,26.27703657915194,26.756343503540297,138.19455182308033,1498.9619819437385,4024.6788389395088,1519.1581685532706,4077.1665583830254,184.7591171023769,669.916225865432,64.17866135698071,503.1339113753832,-7.940261416233691,65.21392332853092
C.1.2.3.1.3.2.1,Part 1043,C.1.2.3.1.3.2,+,false,0.8633369037602097,0.28909372274994966,-29.717338038608432,28.721044428837228,-75.35580983385444,28.23690002309109,71.45699337124825,29.057750463592832,1.0316033114297507,0.37074144170588635,1.130442947356974,0.3723953238821935,1.2345906690436015,0.37017423652493897,0.051741394502052014,0.02351283871158888,-0.07750720716025238,0.022566176940390956,0.013980486910605699,0.02209918015384651
C.1.2.3.1.3.2.2,Part 1044,C.1.2.3.1.3.2,+,false,0.09922996710124425,0.28909372274994966,99.88611694425344,28.721044428837228,-91.37837020680308,28.23690002309109,65.90019408613443,29.057750463592832,0.12816754401706107,0.37074144170588635,0.13774139237629984,0.3723953238821935,0.12952318542842847,0.37017423652493897,0.00564019582603183,0.02351283871158888,-0.004769807480596106,0.022566176940390956,0.0022006033112167366,0.02209918015384651
C.1.2.3.1.4,Assembly 86,C.1.2.3.1,-,false,7.55242718391656,1.1563748909997986,7.363234107828627,13.68404868899623,-9.115689921426421,12.477818492444857,19.44214432571307,13.150890570513871,40064.535747170485,15381.492589311467,45315.9687752499,17986.871104870796,43780.481709667845,17801.80550463168,-7888.196365473831,8480.496099510132,-9522.547487242486,7793.774253192641,-8007.830768370253,6785.155546640796
C.1.2.3.1.4.1,Subassembly 295,C.1.2.3.1.4,-,false,0.8966527120447718,0.40884026350990615,-62.31782971512749,56.15560851138507,24.4245921338566,45.87652040064551,27.891411084339047,30.613863104193175,473.4474212955698,4207.97788526009,793.2265952756817,7049.829467215431,1171.9387627873461,10413.941639463994,563.2765273553238,5009.336706331433,-186.97913957368723,1672.699028396224,141.28635863939382,1264.2328743400417
C.1.2.3.1.4.1.1,Part 1045,C.1.2.3.1.4.1,+,false,0.8652523746620864,0.28909372274994966,-67.81035801395774,28.721044428837228,28.574663773179054,28.23690002309109,26.51412351988256,29.057750463592832,0.9952737849813976,0.37074144170588635,0.9357890231830773,0.3723953238821935,0.9740654577356895,0.37017423652493897,-0.07900628699054632,0.02351283871158888,0.07016981104621788,0.022566176940390956,-0.061090488446185656,0.02209918015384651
C.1.2.3.1.4.1.2,Part 1046,C.1.2.3.1.4.1,+,false,0.03140033738268539,0.28909372274994966,89.0315999276936,28.721044428837228,-89.93275687098503,28.23690002309109,65.84327514283359,29.057750463592832,0.04006659707022646,0.37074144170588635,0.042851373811632544,0.3723953238821935,0.041866582474210295,0.37017423652493897,-0.00011134199603787096,0.02351283871158888,0.00019898372714573546,0.022566176940390956,0.00018332563179450815,0.02209918015384651
C.1.2.3.1.4.2,Subassembly 296,C.1.2.3.1.4,-,false,2.1527884380111937,0.6464332159373649,12.940880141110132,24.286011828362106,-46.57914977170801,22.79039792313275,-32.91621434197114,21.87589504377272,11310.49058022119,6224.127909846258,12832.360459650963,7475.401759484276,16903.18917359919,7836.208249362416,-6371.878067543017,3733.926181437585,-4323.627964705714,3622.3246581954872,-1169.049368919917,2490.333023685407
C.1.2.3.1.4.2.1,Part 1047,C.1.2.3.1.4.2,+,false,0.2642831369091291,0.28909372274994966,96.24938839115202,28.721044428837228,-64.10846440121531,28.23690002309109,68.2395697105676,29.057750463592832,0.3765125075978308,0.37074144170588635,0.3205503440554988,0.3723953238821935,0.344764225930941,0.37017423652493897,-0.013281969353616255,0.02351283871158888,-0.042489145372811676,0.022566176940390956,-0.008543652033743514,0.02209918015384651
C.1.2.3.1.4.2.2,Part 1048,C.1.2.3.1.4.2,-,false,0.999615342994919,0.28909372274994966,-51.21070072054863,28.721044428837228,-89.31024805642664,28.23690002309109,-62.562374444678426,29.057750463592832,1.2056185845625573,0.37074144170588635,1.1665602386299811,0.3723953238821935,1.2714362956349599,0.37017423652493897,0.040719956767876625,0.02351283871158888,-0.0028392401073712376,0.022566176940390956,-0.0039137879003151715,0.02209918015384651
C.1.2.3.1.4.2.3,Part 1049,C.1.2.3.1.4.2,+,false,0.12687110711215063,0.28909372274994966,-24.90128637291491,28.721044428837228,-84.25761237740517,28.23690002309109,-28.610008023679256,29.057750463592832,0.14988434141791196,0.37074144170588635,0.14728455865374115,0.3723953238821935,0.1630007169630277,0.37017423652493897,0.0032933174822273974,0.02351283871158888,0.0003048478651590396,0.022566176940390956,0.008232396454768759,0.02209918015384651
C.1.2.3.1.4.2.4,Part 1050,C.1.2.3.1.4.2,+,false,0.12058695780276321,0.28909372274994966,37.75184159167111,28.721044428837228,-97.41140520200133,28.23690002309109,-43.341012205928564,29.057750463592832,0.16137069474304677,0.37074144170588635,0.17364600231446742,0.3723953238821935,0.15561126203617454,0.37017423652493897,-0.019312389766490683,0.02351283871158888,-0.0005302972116278399,0.022566176940390956,-0.004469059817591223,0.02209918015384651
C.1.2.3.1.4.2.5,Part 1051,C.1.2.3.1.4.2,-,false,0.6414318931922317,0.28909372274994966,81.41123573295772,28.721044428837228,44.24480153247714,28.23690002309109,-27.285452745854855,29.057750463592832,0.6513690223782906,0.37074144170588635,0.8085106982083033,0.3723953238821935,0.8175795258224554,0.37017423652493897,0.038210789931354565,0.02351283871158888,0.03261761625926242,0.022566176940390956,0.00020372727072478797,0.02209918015384651
C.1.2.3.1.4.3,Subassembly 297,C.1.2.3.1.4,-,false,1.2655437552137299,0.5781874454998993,-25.761671313665214,19.96130708603539,-30.17606038746919,23.557565048313396,15.756459509072384,26.640977453338312,4893.59245322191,3592.76930548611,3998.7838170524037,2893.213706711536,3322.412171255944,2533.2248183360402,-1142.7518620518997,1166.500950628374,-57.748063263142306,1185.162962652149,1605.3181540093005,1719.9042688746656
C.1.2.3.1.4.3.1,Part 1052,C.1.2.3.1.4.3,+,false,0.16340611016773618,0.28909372274994966,-12.414421234279871,28.721044428837228,0.26108059100806713,28.23690002309109,-35.56481748819351,29.057750463592832,0.16654416391940294,0.37074144170588635,0.17144562127916171,0.3723953238821935,0.1461097597527174,0.37017423652493897,-0.004029189984110122,0.02351283871158888,0.006847152148634688,0.022566176940390956,-0.003419139572301038,0.02209918015384651
C.1.2.3.1.4.3.2,Part 1053,C.1.2.3.1.4.3,-,false,0.3966979910978116,0.28909372274994966,-58.24294341728091,28.721044428837228,-33.98464969359338,28.23690002309109,-24.631404550746083,29.057750463592832,0.37043131602739643,0.37074144170588635,0.37487626307375166,0.3723953238821935,0.37484620368636934,0.37017423652493897,0.011610541711058808,0.02351283871158888,0.01043426834880536,0.022566176940390956,-0.007016248461573873,0.02209918015384651
C.1.2.3.1.4.3.3,Part 1054,C.1.2.3.1.4.3,+,false,0.34402778986585325,0.28909372274994966,-40.55429487489164,28.721044428837228,-88.74849979765713,28.23690002309109,86.19010825641453,29.057750463592832,0.46355154857513636,0.37074144170588635,0.5196562143003289,0.3723953238821935,0.4823439154859447,0.37017423652493897,-0.020006168681553842,0.02351283871158888,-0.007743641368593271,0.022566176940390956,0.01510937372590955,0.02209918015384651
C.1.2.3.1.4.3.4,Part 1055,C.1.2.3.1.4.3,+,false,0.36141186408232895,0.28909372274994966,17.937244893983006,28.721044428837228,15.997829986736178,28.23690002309109,16.24582437798381,29.057750463592832,0.3978110265653177,0.37074144170588635,0.3962637160353485,0.3723953238821935,0.39378280426432843,0.37017423652493897,0.010911645268354458,0.02351283871158888,-0.0023715896487131703,0.022566176940390956,0.00512747725977481,0.02209918015384651
C.1.2.3.1.4.4,Subassembly 298,C.1.2.3.1.4,-,false,2.3578399748364465,0.5007250159521434,18.27604720304858,17.426230697154374,11.838282932209589,17.151754730110063,52.055692522599074,17.281741746095207,1897.5938849604522,2328.075980581729,1910.3016817253692,2362.240938507303,2574.0188846842734,2733.057496725441,1113.9152167062507,1364.1267577212127,-715.9183009265224,1181.7873624926067,881.1847149472675,1172.851990927592
C.1.2.3.1.4.4.1,Part 1056,C.1.2.3.1.4.4,+,false,0.882149980786955,0.28909372274994966,47.88799895904958,28.721044428837228,-10.57063271291554,28.23690002309109,65.87203093804419,29.057750463592832,1.1688060181363202,0.37074144170588635,1.1635226655013726,0.3723953238821935,1.1479625672645903,0.37017423652493897,0.01930441876696838,0.02351283871158888,-0.011765484472756993,0.022566176940390956,-0.015910416597707207,0.02209918015384651
C.1.2.3.1.4.4.2,Part 1057,C.1.2.3.1.4.4,-,false,0.6235593824088573,0.28909372274994966,7.771596126258373,28.721044428837228,2.2334241308271885,28.23690002309109,61.70614478178322,29.057750463592832,0.8180365352892478,0.37074144170588635,0.7994194940059788,0.3723953238821935,0.8366687939019364,0.37017423652493897,-0.02938419950643506,0.02351283871158888,0.01285629030817942,0.022566176940390956,0.007194026996384556,0.02209918015384651
C.1.2.3.1.4.4.3,Part 1058,C.1.2.3.1.4.4,-,false,0.852130611640634,0.28909372274994966,-4.6923022251576185,28.721044428837228,42.065133107826114,28.23690002309109,30.690760351717472,29.057750463592832,1.1105258109156457,0.37074144170588635,1.0355550546965706,0.3723953238821935,1.0972395006960478,0.37017423652493897,-0.09355479906332526,0.02351283871158888,-0.08673590560438557,0.022566176940390956,-0.05994350970063276,0.02209918015384651
C.1.2.3.1.4.5,Subassembly 299,C.1.2.3.1.4,-,false,0.8796023038104177,0.40884026350990615,83.15040851478382,34.186246131170265,22.51635984161162,36.96233423524969,56.85368681495074,56.08354616501837,5260.702448745409,8815.015898667414,4917.211695985421,8257.548957520406,2159.861705730275,3752.3162946025363,-1065.4819469007825,1855.8159314250506,-1907.248670332994,3264.004623792314,-2239.2513010711255,3788.227354351955
C.1.2.3.1.4.5.1,Part 1059,C.1.2.3.1.4.5,-,false,0.7318226899350994,0.28909372274994966,97.58448014035821,28.721044428837228,39.462982304394245,28.23690002309109,87.18860587105155,29.057750463592832,1.194259308780735,0.37074144170588635,1.164746794612592,0.3723953238821935,1.1818874468366765,0.37017423652493897,0.007191862197908598,0.02351283871158888,0.0042229771623906506,0.022566176940390956,0.004750707336135576,0.02209918015384651
C.1.2.3.1.4.5.2,Part 1060,C.1.2.3.1.4.5,-,false,0.14777961387531832,0.28909372274994966,11.671123607084155,28.721044428837228,-61.40538356266916,28.23690002309109,-93.36853586137295,29.057750463592832,0.21730305139269704,0.37074144170588635,0.19940687540370183,0.3723953238821935,0.19978219411696613,0.37017423652493897,0.0016795468598082381,0.02351283871158888,0.004897994911134354,0.022566176940390956,-0.0003125191342217973,0.02209918015384651
C.1.2.3.1.5,Assembly 87,C.1.2.3.1,-,false,8.420635958496481,1.081689663197327,-6.832966209856059,12.000358969007326,4.046181686264532,11.888079860844027,-6.7449942416743625,11.842044017180127,64233.972009855686,15991.108838711725,61072.46234992563,15102.272840120577,59104.433794933495,15438.429640000235,1253.3545423365476,7450.8578699689415,2687.7349749088307,7139.157561528382,-13450.270596633669,7690.940576123911
C.1.2.3.1.5.1,Subassembly 300,C.1.2.3.1.5,-,false,1.51665116684488,0.5007250159521434,47.642228811938395,23.138395534634547,29.731469625274656,36.61384571733807,11.637992073128654,31.742072617573847,19797.65066102324,9926.357691008803,10709.219565832565,6125.138079360598,10429.002935383673,7595.686558644344,-1674.466341158297,3260.1982548474434,-962.1147864179056,2506.4471540997324,-9349.076594242548,4517.731239464954
C.1.2.3.1.5.1.1,Part 1061,C.1.2.3.1.5.1,-,false,0.13081390101742,0.28909372274994966,-19.102863036096096,28.721044428837228,-94.51505299657583,28.23690002309109,-30.995140364393592,29.057750463592832,0.17326094199496697,0.37074144170588635,0.18656678027267268,0.3723953238821935,0.18495806080878255,0.37017423652493897,-0.002505082775948407,0.02351283871158888,-0.005244796713303929,0.022566176940390956,-0.0004939127134549158,0.02209918015384651
C.1.2.3.1.5.1.2,Part 1062,C.1.2.3.1.5.1,-,false,0.5286573092150502,0.28909372274994966,47.875435557216406,28.721044428837228,-52.51263650134206,28.23690002309109,-91.2951922044158,29.057750463592832,0.6986659873372394,0.37074144170588635,0.7396714403046946,0.3723953238821935,0.674014184708664,0.37017423652493897,-0.04783515283733443,0.02351283871158888,0.02057330101918691,0.022566176940390956,-0.01870429998461142,0.02209918015384651
C.1.2.3.1.5.1.3,Part 1063,C.1.2.3.1.5.1,+,false,0.85717995661241,0.28909372274994966,57.68434344790876,28.721044428837228,99.41592700779438,28.23690002309109,81.6272471100092,29.057750463592832,1.182030803572393,0.37074144170588635,1.1502833640526458,0.3723953238821935,1.2221753209991009,0.37017423652493897,-0.10069200301187747,0.02351283871158888,0.12211406421555307,0.022566176940390956,0.10060626178265794,0.02209918015384651
C.1.2.3.1.5.2,Subassembly 301,C.1.2.3.1.5,-,false,3.323552264295053,0.6464332159373649,-26.522298617745456,19.626943296681585,-29.90440648000507,15.444711011335377,-4.2944243787254495,17.523462361309903,13883.372667421143,6976.268291556007,20545.0522780701,9092.802760000413,16189.648537354027,7906.770204155671,-473.12695235141035,3329.0356917729405,1948.113844315621,4039.3231068815353,-5865.883195908988,3398.2792791643933
C.1.2.3.1.5.2.1,Part 1064,C.1.2.3.1.5.2,+,false,0.08062984849116765,0.28909372274994966,79.90733310580254,28.721044428837228,-52.6643521618098,28.23690002309109,46.963507775217295,29.057750463592832,0.10656009206662402,0.37074144170588635,0.10668314444170682,0.3723953238821935,0.11445963451343098,0.37017423652493897,0.0005375566486369059,0.02351283871158888,-0.00035912182300382655,0.022566176940390956,7.922446231387598e-5,0.02209918015384651
C.1.2.3.1.5.2.2,Part 1065,C.1.2.3.1.5.2,-,false,0.8785589387393556,0.28909372274994966,-50.994906621053815,28.721044428837228,28.659749450162053,28.23690002309109,73.88611100614071,29.057750463592832,1.0484490431043456,0.37074144170588635,0.9742583079671037,0.3723953238821935,1.0068877350171561,0.37017423652493897,-0.024455286571313004,0.02351283871158888,-0.06737624668913994,0.022566176940390956,-0.0021416849567374055,0.02209918015384651
C.1.2.3.1.5.2.3,Part 1066,C.1.2.3.1.5.2,+,false,0.7310225569473114,0.28909372274994966,67.07863849587739,28.721044428837228,-25.98369112238288,28.23690002309109,-23.45006908290088,29.057750463592832,1.109147505274529,0.37074144170588635,1.0759648119965606,0.3723953238821935,1.103281754436055,0.37017423652493897,0.01570963527677722,0.02351283871158888,0.0066060770728070504,0.022566176940390956,0.025445873328981,0.02209918015384651
C.1.2.3.1.5.2.4,Part 1067,C.1.2.3.1.5.2,-,false,0.9189796810848638,0.28909372274994966,-88.89390137046576,28.721044428837228,-59.95402755215764,28.23690002309109,-16.915352595970035,29.057750463592832,1.0891428888523997,0.37074144170588635,0.9480638612162594,0.3723953238821935,1.0896619427952465,0.37017423652493897,-0.016774989020531705,0.02351283871158888,-0.03668470294928386,0.022566176940390956,-0.028651109157971887,0.02209918015384651
C.1.2.3.1.5.2.5,Part 1068,C.1.2.3.1.5.2,+,false,0.7143612390323542,0.28909372274994966,-23.984279250726104,28.721044428837228,-64.71602632664144,28.23690002309109,-70.3919951338321,29.057750463592832,0.8930441663136031,0.37074144170588635,0.8785900304424367,0.3723953238821935,0.8533034238540819,0.37017423652493897,-0.00024477902432202734,0.02351283871158888,-0.015456694583625643,0.022566176940390956,-0.0012787325076341707,0.02209918015384651
C.1.2.3.1.5.3,Subassembly 302,C.1.2.3.1.5,-,false,2.9458899530763736,0.5781874454998993,-25.687980129148148,17.450092125673525,38.78120252903625,17.736830377204235,-31.428348049454687,18.740923712490787,15743.103051703674,7124.458576029563,14567.886264078672,6855.73070089657,12545.951297595931,6283.320079175687,3793.190540975267,3131.6428903929864,5854.490879895387,3351.8851862855545,-1733.5372867708757,3525.444732399379
C.1.2.3.1.5.3.1,Part 1069,C.1.2.3.1.5.3,-,false,0.8673915939605795,0.28909372274994966,-65.39055369794369,28.721044428837228,81.82338951155543,28.23690002309109,29.988151090219617,29.057750463592832,1.034835911520058,0.37074144170588635,1.0146309044037214,0.3723953238821935,1.0737685711147267,0.37017423652493897,0.043130757775615654,0.02351283871158888,0.009992808796341953,0.022566176940390956,-0.0029229533229066956,0.02209918015384651
C.1.2.3.1.5.3.2,Part 1070,C.1.2.3.1.5.3,-,false,0.9694585117974784,0.28909372274994966,-24.787927605211735,28.721044428837228,70.91575739905238,28.23690002309109,-76.74522497691214,29.057750463592832,1.2813553158196134,0.37074144170588635,1.5410880811154988,0.3723953238821935,1.334614558718345,0.37017423652493897,-0.0017469691574664215,0.02351283871158888,-0.007961963272010188,0.022566176940390956,0.09502671921962388,0.02209918015384651
C.1.2.3.1.5.3.3,Part 1071,C.1.2.3.1.5.3,+,false,0.6972554392570164,0.28909372274994966,46.49368082173169,28.721044428837228,-26.354542141780257,28.23690002309109,-83.26301476918161,29.057750463592832,0.8135661893211564,0.37074144170588635,0.9014552009155617,0.3723953238821935,0.9240257779140032,0.37017423652493897,0.05302263147365869,0.02351283871158888,0.03037337300464587,0.022566176940390956,0.0022654829686027055,0.02209918015384651
C.1.2.3.1.5.3.4,Part 1072,C.1.2.3.1.5.3,-,false,0.41178440806129946,0.28909372274994966,-66.39845967292786,28.721044428837228,-17.246408527716994,28.23690002309109,33.660761127248406,29.057750463592832,0.41581779812420794,0.37074144170588635,0.41707775514054957,0.3723953238821935,0.36798170276345094,0.37017423652493897,-0.008350212227890258,0.02351283871158888,-0.004087352846995563,0.022566176940390956,0.007085325112769063,0.02209918015384651
C.1.2.3.1.5.4,Subassembly 303,C.1.2.3.1.5,-,false,0.6345425742801745,0.40884026350990615,53.6254724162189,33.28849558753054,-40.780781582795065,21.497608042560547,51.07503362790288,28.90153427148598,700.3279173502491,978.5192713370357,1645.7394446130345,1714.9899083366577,1123.1447236559643,1314.723118748869,302.4820588641793,568.3059281192562,794.8910551820111,847.1626619348547,-232.57297028282315,448.11576251825727
C.1.2.3.1.5.4.1,Part 1073,C.1.2.3.1.5.4,+,false,0.2842550932301674,0.28909372274994966,98.43460656702518,28.721044428837228,-53.890949906781316,28.23690002309109,16.625373950228095,29.057750463592832,0.36011565782792765,0.37074144170588635,0.3721605664139445,0.3723953238821935,0.36010709330218926,0.37017423652493897,0.010117331774858546,0.02351283871158888,-0.004505712659662552,0.022566176940390956,0.014886826239469745,0.02209918015384651
C.1.2.3.1.5.4.2,Part 1074,C.1.2.3.1.5.4,-,false,0.35028748105000707,0.28909372274994966,17.263269098475575,28.721044428837228,-30.141999665647745,28.23690002309109,79.03061797842383,29.057750463592832,0.36139648477900693,0.37074144170588635,0.3669227309060699,0.3723953238821935,0.3834589229076559,0.37017423652493897,-0.0035371725947279534,0.02351283871158888,0.016939714911895595,0.022566176940390956,0.0033033452734507317,0.02209918015384651
C.1.2.3.2,Subsystem 24,C.1.2.3,-,false,21.384639824985292,2.0029000638085734,16.895433451220494,7.442562676358299,4.600236735059287,7.696115902943146,11.48282105315963,7.720746033251516,143133.25911007557,26652.38655432351,136187.50810618675,24291.580957349957,134092.12364780702,24299.118226334616,26428.45432548998,11353.199621459155,2990.080596037226,11029.003445046545,-1551.1683500525207,12249.270506656392
C.1.2.3.2.1,Assembly 88,C.1.2.3.2,-,false,2.4673902517026294,0.7648700959862226,49.98848702994774,20.211143185456727,-12.68254496520438,22.91036533541961,43.5204437416958,22.415734211155733,14477.132237385178,8088.238199979074,11454.89734210526,6421.828886538976,14586.09754496317,7882.297010335752,5950.572329698587,3750.1672730933387,-427.3148480057531,3009.297375295248,1733.281458687253,3904.076705018855
C.1.2.3.2.1.1,Subassembly 304,C.1.2.3.2.1,-,false,1.0475805618728047,0.5781874454998993,65.88000558610939,31.12928051504883,-2.2490121615232685,35.9661517155797,-0.07456891737239398,32.30862811702768,2428.9133778866567,5019.227552054465,2257.665290206323,3287.39230961031,2064.6870005348133,4277.285645408726,555.669165411801,1813.337731195498,-178.66551602957398,1472.5293923124927,-899.7924213818137,2408.7908295562374
C.1.2.3.2.1.1.1,Part 1075,C.1.2.3.2.1.1,-,false,0.09316603884263895,0.28909372274994966,12.60268916375935,28.721044428837228,99.58324069157243,28.23690002309109,78.88803649693727,29.057750463592832,0.09066852039309423,0.37074144170588635,0.08644172903608323,0.3723953238821935,0.09541729913191384,0.37017423652493897,0.007200924428477702,0.02351283871158888,0.0020119762557935204,0.022566176940390956,-0.0038258231022511666,0.02209918015384651
C.1.2.3.2.1.1.2,Part 1076,C.1.2.3.2.1.1,+,false,0.2929952875059098,0.28909372274994966,35.99120490252972,28.721044428837228,-17.41807605139911,28.23690002309109,-47.60262714698911,29.057750463592832,0.3111176327232721,0.37074144170588635,0.3095046432194984,0.3723953238821935,0.31368155305549866,0.37017423652493897,0.0012294486106757575,0.02351283871158888,-0.0003635390425681407,0.022566176940390956,-0.00316724628804734,0.02209918015384651
C.1.2.3.2.1.1.3,Part 1077,C.1.2.3.2.1.1,+,false,0.020711855444824324,0.28909372274994966,7.059088023379445,28.721044428837228,36.22960192151368,28.23690002309109,-0.7960488088428974,29.057750463592832,0.03211247631308151,0.37074144170588635,0.03170252760446786,0.3723953238821935,0.03201935618477567,0.37017423652493897,0.0006483174484189957,0.02351283871158888,-0.00031159791406084274,0.022566176940390956,-0.00014705000092052589,0.02209918015384651
C.1.2.3.2.1.1.4,Part 1078,C.1.2.3.2.1.1,-,false,0.6407073800794315,0.28909372274994966,89.19674125500023,28.721044428837228,-11.363636190071702,28.23690002309109,10.201271995902061,29.057750463592832,0.6378199053512029,0.37074144170588635,0.633743329509938,0.3723953238821935,0.6317123394183661,0.37017423652493897,0.001900299222432658,0.02351283871158888,-0.0016071137086057386,0.022566176940390956,0.003453936252889564,0.02209918015384651
C.1.2.3.2.1.2,Subassembly 305,C.1.2.3.2.1,-,false,1.4198096898298247,0.5007250159521434,38.26322127262553,25.439111339917062,-20.380735951708097,29.249772057902153,75.68622496108762,22.479982507757285,8390.098228254825,4962.422809705312,5277.536100847292,3717.8703054125554,11863.476969838128,6400.268595667162,5696.7536821927715,3158.4233429964543,-1509.8882044523311,1700.3589506806252,1805.0109669653045,2165.0776390515653
C.1.2.3.2.1.2.1,Part 1079,C.1.2.3.2.1.2,-,false,0.736369208443677,0.28909372274994966,89.08713683485985,28.721044428837228,-84.48967160657048,28.23690002309109,98.127674870193,29.057750463592832,0.9074281887474119,0.37074144170588635,1.1312562714610315,0.3723953238821935,0.8903214997645635,0.37017423652493897,-0.013089116061488274,0.02351283871158888,-0.0454508459241012,0.022566176940390956,-0.0175540541806187,0.02209918015384651
C.1.2.3.2.1.2.2,Part 1080,C.1.2.3.2.1.2,-,false,0.136034482173156,0.28909372274994966,33.401367627084255,28.721044428837228,-35.36435957066715,28.23690002309109,23.781332932412624,29.057750463592832,0.1898722227295391,0.37074144170588635,0.19031328235873918,0.3723953238821935,0.1937970315547518,0.37017423652493897,5.706782241701358e-5,0.02351283871158888,-0.010390161027714846,0.022566176940390956,0.004074095579415841,0.02209918015384651
C.1.2.3.2.1.2.3,Part 1081,C.1.2.3.2.1.2,-,false,0.5474059992129915,0.28909372274994966,-28.896778402850032,28.721044428837228,69.58198961801827,28.23690002309109,58.396795159205794,29.057750463592832,0.7233941636655403,0.37074144170588635,0.8743873254364747,0.3723953238821935,0.7255875116120409,0.37017423652493897,0.018533668099388154,0.02351283871158888,-0.003610646093416209,0.022566176940390956,-0.028479450887521702,0.02209918015384651
C.1.2.3.2.2,Assembly 89,C.1.2.3.2,-,false,4.591247935624095,0.867281168249849,33.03139114220371,14.840815312293882,-13.898533611088407,14.162943884268355,-2.6727487308772657,15.52613903075126,21193.74998796149,9668.96228538111,26958.344722059614,10019.166255101207,20172.76135605474,9200.885876398255,7995.980559541057,4391.992516906764,3511.879833106237,4534.389136472739,-2523.101265152156,4636.150315873076
C.1.2.3.2.2.1,Subassembly 306,C.1.2.3.2.2,-,false,2.4498070401041767,0.5781874454998993,28.021593657713687,17.181503470153395,-1.8604852788244537,15.407377909560838,-1.1755999001044677,19.441879268330794,8069.005672373602,5000.078423932589,10426.576805612895,5742.101011157534,3107.912157904121,2813.726410199262,525.8318570961915,1351.5955015517272,3691.5150718421055,2772.8751663540584,-179.3430067662094,2283.5669072484716
C.1.2.3.2.2.1.1,Part 1082,C.1.2.3.2.2.1,+,false,0.2667583300252445,0.28909372274994966,53.04571748711169,28.721044428837228,4.3095247354358435,28.23690002309109,10.195624688640237,29.057750463592832,0.35496684195529155,0.37074144170588635,0.3423101052017469,0.3723953238821935,0.32696397213086575,0.37017423652493897,0.02616009064231773,0.02351283871158888,-0.024513321047162917,0.022566176940390956,0.006453009990542897,0.02209918015384651
C.1.2.3.2.2.1.2,Part 1083,C.1.2.3.2.2.1,-,false,0.7603096472376492,0.28909372274994966,36.968472227454185,28.721044428837228,8.351876493543386,28.23690002309109,-60.864388290792704,29.057750463592832,0.9683795560205579,0.37074144170588635,0.683083289070925,0.3723953238821935,0.9531789613066111,0.37017423652493897,0.03052886075915511,0.02351283871158888,-0.0027199163184193553,0.022566176940390956,0.0030415095379864097,0.02209918015384651
C.1.2.3.2.2.1.3,Part 1084,C.1.2.3.2.2.1,+,false,0.5433033645558171,0.28909372274994966,70.5368238966912,28.721044428837228,-24.354524118825793,28.23690002309109,-36.1916437279433,29.057750463592832,0.7013746708070755,0.37074144170588635,0.6678097921525751,0.3723953238821935,0.8236997681605733,0.37017423652493897,-0.008369130198001673,0.02351283871158888,0.008652304561179163,0.022566176940390956,-0.0014998593408943365,0.02209918015384651
C.1.2.3.2.2.1.4,Part 1085,C.1.2.3.2.2.1,-,false,0.8794356982854661,0.28909372274994966,-13.569234730675817,28.721044428837228,1.335459854453802,28.23690002309109,68.61111368052661,29.057750463592832,1.1877927503193577,0.37074144170588635,1.2278454811245667,0.3723953238821935,1.2778868521919615,0.37017423652493897,-0.0037696542450097363,0.02351283871158888,0.007588528370933295,0.022566176940390956,-0.0035635831397830965,0.02209918015384651
C.1.2.3.2.2.2,Subassembly 307,C.1.2.3.2.2,-,false,2.141440895519918,0.6464332159373649,38.76259631937023,24.925148941015625,-27.670053345857703,24.156379606762226,-4.385486053389477,24.758395863670128,12351.824057357,8096.674288368533,16388.170209698976,8173.474201305398,16171.877197342399,8561.592251610635,7153.386914810145,4066.72506542786,-219.03029073277574,3565.1359125381327,-2249.09584110081,3925.044302509224
C.1.2.3.2.2.2.1,Part 1086,C.1.2.3.2.2.2,+,false,0.5561327123520896,0.28909372274994966,-67.25634438917041,28.721044428837228,44.11402442492545,28.23690002309109,-9.386031981557608,29.057750463592832,0.6644465897368035,0.37074144170588635,0.6683513639241091,0.3723953238821935,0.6803736349721548,0.37017423652493897,0.015266620905208394,0.02351283871158888,0.057243504428252656,0.022566176940390956,-0.0030015997111666392,0.02209918015384651
C.1.2.3.2.2.2.2,Part 1087,C.1.2.3.2.2.2,+,false,0.8172284247637727,0.28909372274994966,96.7974812258035,28.721044428837228,-53.83351510390639,28.23690002309109,34.36636570841074,29.057750463592832,1.0378063120688916,0.37074144170588635,0.8648887463909,0.3723953238821935,0.9453361135450055,0.37017423652493897,-0.08299612091319185,0.02351283871158888,-0.02758577712053387,0.022566176940390956,0.06066584038479146,0.02209918015384651
C.1.2.3.2.2.2.3,Part 1088,C.1.2.3.2.2.2,+,false,0.5543945668123197,0.28909372274994966,67.49224541708827,28.721044428837228,-77.22733500413597,28.23690002309109,-85.7072887942195,29.057750463592832,0.6646762377603901,0.37074144170588635,0.7584581113637139,0.3723953238821935,0.6745716401529638,0.37017423652493897,-0.0012254954982177484,0.02351283871158888,-0.005532532777050148,0.022566176940390956,-0.0446952174073174,0.02209918015384651
C.1.2.3.2.2.2.4,Part 1089,C.1.2.3.2.2.2,+,false,0.1149001410761848,0.28909372274994966,-28.907833760604262,28.721044428837228,74.52406007796526,28.23690002309109,95.78590663149953,29.057750463592832,0.1152588949388443,0.37074144170588635,0.13523930274537949,0.3723953238821935,0.12827683824647135,0.37017423652493897,0.005759024629091454,0.02351283871158888,0.0005342428656350633,0.022566176940390956,0.008073754644159973,0.02209918015384651
C.1.2.3.2.2.2.5,Part 1090,C.1.2.3.2.2.2,-,false,0.09878505051555111,0.28909372274994966,72.98461738973856,28.721044428837228,-56.09317580237985,28.23690002309109,43.05601269006729,29.057750463592832,0.10518643948193843,0.37074144170588635,0.12900552991247027,0.3723953238821935,0.12483903234966033,0.37017423652493897,0.008310185808837344,0.02351283871158888,2.958743020453706e-5,0.022566176940390956,1.568144424204719e-5,0.02209918015384651
C.1.2.3.2.3,Assembly 90,C.1.2.3.2,-,false,3.170173673385056,0.8176805270198123,-14.983174639410956,20.511651165290704,30.615214836555985,19.002450905655866,21.01101588777433,21.096972246754436,15291.569786703476,11975.68739298385,22601.71803447108,10941.10525074905,21719.368614288527,8968.824011990295,2375.7500263583174,3724.5271639078564,1643.549944489887,4299.648107971971,-1120.9088288341034,5647.12430303184
C.1.2.3.2.3.1,Subassembly 308,C.1.2.3.2.3,-,false,1.2463051272300072,0.5781874454998993,-55.30581042597365,24.696147015577296,18.971153796916497,40.134948594542685,54.00870532118359,39.28193442452917,6592.410175461087,10680.19106177128,2626.763377811705,6736.498317535996,6602.156835655479,5605.800403365498,1628.098073186423,1857.4635203688433,297.9256124088986,1063.1903063491945,-917.1826478861585,5017.6422666021945
C.1.2.3.2.3.1.1,Part 1091,C.1.2.3.2.3.1,-,false,0.05497397221671418,0.28909372274994966,-37.98266397789121,28.721044428837228,-92.95306913554668,28.23690002309109,-94.83069661073387,29.057750463592832,0.06966739586818131,0.37074144170588635,0.07700279554782437,0.3723953238821935,0.08054261771822534,0.37017423652493897,-0.0014231119013099409,0.02351283871158888,0.0006900242581363717,0.022566176940390956,0.0032138513078286053,0.02209918015384651
C.1.2.3.2.3.1.2,Part 1092,C.1.2.3.2.3.1,+,false,0.34918252723268234,0.28909372274994966,-27.887688716873527,28.721044428837228,-71.5850982349366,28.23690002309109,62.47166618704796,29.057750463592832,0.372801418281261,0.37074144170588635,0.3798433680811546,0.3723953238821935,0.36972095559979956,0.37017423652493897,0.008647293681186243,0.02351283871158888,-0.01976745999837262,0.022566176940390956,-0.010441217251067579,0.02209918015384651
C.1.2.3.2.3.1.3,Part 1093,C.1.2.3.2.3.1,+,false,0.15086264159809798,0.28909372274994966,2.4376981891691685,28.721044428837228,49.69403180293739,28.23690002309109,46.903557144105434,29.057750463592832,0.19931265931396447,0.37074144170588635,0.23335506539353873,0.3723953238821935,0.20698063272790948,0.37017423652493897,0.003925626952911989,0.02351283871158888,0.004855835772829,0.022566176940390956,0.0003237336856689135,0.02209918015384651
C.1.2.3.2.3.1.4,Part 1094,C.1.2.3.2.3.1,-,false,0.6912859861825127,0.28909372274994966,-83.1345091573894,28.721044428837228,66.90883254632354,28.23690002309109,63.120819022879004,29.057750463592832,0.8003024047957623,0.37074144170588635,0.8259060592874118,0.3723953238821935,1.025402684249924,0.37017423652493897,-0.02298066551182457,0.02351283871158888,0.0002835827405062617,0.022566176940390956,0.02761624917420914,0.02209918015384651
C.1.2.3.2.3.2,Subassembly 309,C.1.2.3.2.3,-,false,1.9238685461550487,0.5781874454998993,11.138312623664842,26.037719967646368,38.1583772862384,16.94374485542141,-0.3652832412863454,20.526627177924848,6184.573022509732,3724.6281327838715,14399.710665453611,6717.903753989436,11499.662368701041,5760.7353663224985,1711.8925867776836,2295.840595192356,-1386.9028213306633,3085.6569023816614,-992.8043834547534,1741.1602824058982
C.1.2.3.2.3.2.1,Part 1095,C.1.2.3.2.3.2,+,false,0.5428474221359938,0.28909372274994966,79.09870496951044,28.721044428837228,18.296489398926497,28.23690002309109,52.67065283842385,29.057750463592832,0.6313717312322196,0.37074144170588635,0.6806577498054742,0.3723953238821935,0.6605338827974486,0.37017423652493897,0.038212751645309295,0.02351283871158888,0.010085192110511138,0.022566176940390956,0.05159292832745426,0.02209918015384651
C.1.2.3.2.3.2.2,Part 1096,C.1.2.3.2.3.2,-,false,0.41461438029562125,0.28909372274994966,-37.03171834349632,28.721044428837228,93.54875925928354,28.23690002309109,41.99002832174301,29.057750463592832,0.5766702800897564,0.37074144170588635,0.5602879990760286,0.3723953238821935,0.54340643768561,0.37017423652493897,0.0053229441757046405,0.02351283871158888,-0.008756018723474852,0.022566176940390956,0.024595523787997054,0.02209918015384651
C.1.2.3.2.3.2.3,Part 1097,C.1.2.3.2.3.2,+,false,0.4438376878462732,0.28909372274994966,-92.51174703240395,28.721044428837228,26.771060144528747,28.23690002309109,-40.756921749562025,29.057750463592832,0.6657342942508085,0.37074144170588635,0.5605041396293176,0.3723953238821935,0.5571096079454422,0.37017423652493897,0.033843872786422924,0.02351283871158888,0.0007748775845943994,0.022566176940390956,-0.011373311147057924,0.02209918015384651
C.1.2.3.2.3.2.4,Part 1098,C.1.2.3.2.3.2,+,false,0.5225690558771603,0.28909372274994966,66.79347674362361,28.721044428837228,24.51510149985552,28.23690002309109,-54.75849821232259,29.057750463592832,0.7172592588858192,0.37074144170588635,0.7693971489784205,0.3723953238821935,0.6439328692741644,0.37017423652493897,-0.01948385557972983,0.02351283871158888,-0.020205136169337494,0.022566176940390956,-0.039895396171442526,0.02209918015384651
C.1.2.3.2.4,Assembly 91,C.1.2.3.2,-,false,9.117797173004597,1.2265207905297186,16.197633295621365,10.942630186678864,17.399596462388843,11.494636143964838,13.82211611785766,11.761950636862153,69320.51931230337,16903.00482684163,56438.56779709521,15308.77551848337,50113.628105677824,15018.431474129306,3090.729656176314,6990.448847701705,1189.8528562181305,7098.998518797774,2555.5820405100276,7233.335750679927
C.1.2.3.2.4.1,Subassembly 310,C.1.2.3.2.4,-,false,2.677598734643543,0.6464332159373649,12.785591690096394,20.2747261234296,36.37833146300435,21.498243632856617,-11.232122753673,23.298635849763713,22156.8927995023,9827.386173236546,21682.417601030997,9516.173828537374,11278.140416343116,8911.196694028811,-1268.4218223806047,4182.653960576875,-2402.477227494015,4255.744740889892,5716.832035545336,3661.5128458610448
C.1.2.3.2.4.1.1,Part 1099,C.1.2.3.2.4.1,-,false,0.9355795071159955,0.28909372274994966,5.548589210957289,28.721044428837228,56.769949151203036,28.23690002309109,-86.13865557126701,29.057750463592832,1.2637948732072388,0.37074144170588635,1.3494083538412773,0.3723953238821935,1.3830498531416495,0.37017423652493897,0.012519699709962303,0.02351283871158888,-0.05939141884256449,0.022566176940390956,-0.02278298144222341,0.02209918015384651
C.1.2.3.2.4.1.2,Part 1100,C.1.2.3.2.4.1,-,false,0.15088262663478963,0.28909372274994966,-81.87416386790574,28.721044428837228,-95.14246680773795,28.23690002309109,-29.56867925822735,29.057750463592832,0.1585559014803746,0.37074144170588635,0.14138737886412606,0.3723953238821935,0.1652953054496566,0.37017423652493897,-0.00014282638455323797,0.02351283871158888,-5.806910750280517e-6,0.022566176940390956,0.0034817968054934446,0.02209918015384651
C.1.2.3.2.4.1.3,Part 1101,C.1.2.3.2.4.1,-,false,0.4954275927224662,0.28909372274994966,-26.655212603509426,28.721044428837228,1.1172140017151833,28.23690002309109,94.6926117874682,29.057750463592832,0.6604474722485992,0.37074144170588635,0.6350152847021314,0.3723953238821935,0.6833549157572724,0.37017423652493897,-0.005172712107083852,0.02351283871158888,0.006025208356714807,0.022566176940390956,0.011726085303259687,0.02209918015384651
C.1.2.3.2.4.1.4,Part 1102,C.1.2.3.2.4.1,-,false,0.6521077641418669,0.28909372274994966,17.113251471892,28.721044428837228,87.86846911534667,28.23690002309109,-48.58629060909152,29.057750463592832,0.9054042630024207,0.37074144170588635,0.9241841079190529,0.3723953238821935,0.9496548367234031,0.37017423652493897,-0.0362169035073473,0.02351283871158888,-0.03909162655610002,0.022566176940390956,0.034281708841578246,0.02209918015384651
C.1.2.3.2.4.1.5,Part 1103,C.1.2.3.2.4.1,-,false,0.4436012440284248,0.28909372274994966,97.9324808344245,28.721044428837228,1.7941991332918406,28.23690002309109,89.59850408136845,29.057750463592832,0.5958068911074978,0.37074144170588635,0.4943680226960312,0.3723953238821935,0.575398086083283,0.37017423652493897,0.015589705510161738,0.02351283871158888,-0.008923778699198723,0.022566176940390956,0.03533123349596242,0.02209918015384651
C.1.2.3.2.4.2,Subassembly 311,C.1.2.3.2.4,-,false,1.6744082260008435,0.40884026350990615,-1.5885127391495482,20.668734287067767,-16.781777217134888,28.671443517377337,17.914778974152416,20.750101912583535,11269.28322595359,6186.09790180394,206.27686280002575,746.713130780082,11446.044721159129,6246.855519703429,1464.6898189152794,2810.5613120876405,51.172533116691,376.40906186958375,-392.4517247743363,2797.522485470106
C.1.2.3.2.4.2.1,Part 1104,C.1.2.3.2.4.2,-,false,0.7227953992483672,0.28909372274994966,-13.830693904310465,28.721044428837228,77.28517251089215,28.23690002309109,21.19648582302034,29.057750463592832,0.74744148432908,0.37074144170588635,0.7233700979355331,0.3723953238821935,0.6408198576755768,0.37017423652493897,0.0023911687933561966,0.02351283871158888,-0.005298585512449525,0.022566176940390956,0.05094650401846454,0.02209918015384651
C.1.2.3.2.4.2.2,Part 1105,C.1.2.3.2.4.2,+,false,0.9516128267524764,0.28909372274994966,7.7100086491554976,28.721044428837228,-88.23011899366975,28.23690002309109,15.422165859490633,29.057750463592832,1.262666097491278,0.37074144170588635,1.2518975744882963,0.3723953238821935,1.222591874616785,0.37017423652493897,-0.11010656102204461,0.02351283871158888,-0.08322898012810283,0.022566176940390956,-0.10003250362266354,0.02209918015384651
C.1.2.3.2.4.3,Subassembly 312,C.1.2.3.2.4,-,false,0.4826864812700078,0.40884026350990615,81.73150736848805,21.644185327471405,11.338234068993499,62.718435472197605,33.11194889967157,24.130104902409474,1835.8072248931217,2673.6531587840127,53.39101856690456,204.93914792504063,1783.1559984065655,2603.1624921787525,7.945659798027567,553.9215888249378,1.356887830195501,95.23013671183391,-306.3459466138996,698.444008454034
C.1.2.3.2.4.3.1,Part 1106,C.1.2.3.2.4.3,-,false,0.15245172869018278,0.28909372274994966,82.1294114459306,28.721044428837228,-78.09897377155721,28.23690002309109,17.741036973893642,29.057750463592832,0.21717095508092787,0.37074144170588635,0.1971670500317219,0.3723953238821935,0.1836865595422051,0.37017423652493897,0.004674645632627362,0.02351283871158888,0.006608017622239318,0.022566176940390956,-0.013550468386228223,0.02209918015384651
C.1.2.3.2.4.3.2,Part 1107,C.1.2.3.2.4.3,+,false,0.330234752579825,0.28909372274994966,81.547816330567,28.721044428837228,52.62661101296544,28.23690002309109,40.2078771032393,29.057750463592832,0.5183635413897415,0.37074144170588635,0.5115284083294579,0.3723953238821935,0.5123840850324586,0.37017423652493897,-0.011018954783511593,0.02351283871158888,0.012584871386786916,0.022566176940390956,0.0002449865937105925,0.02209918015384651
C.1.2.3.2.4.4,Subassembly 313,C.1.2.3.2.4,-,false,2.4872491308003664,0.6464332159373649,-12.960126553655325,19.758997234897304,22.279967031038968,19.690791409386684,40.84644534734005,17.391097923757993,9286.229587542923,5268.43446665227,4304.694117915929,4886.574086057088,8145.820927856876,6050.649452674786,1866.3854296928898,2623.7366715526896,-1549.1254581381531,2066.302882176907,1091.8508964367243,2488.747369105306
C.1.2.3.2.4.4.1,Part 1108,C.1.2.3.2.4.4,+,false,0.016121685769874602,0.28909372274994966,90.47938068397343,28.721044428837228,-27.619647048413754,28.23690002309109,-1.5015270560979843,29.057750463592832,0.01946039445245955,0.37074144170588635,0.018841092155858132,0.3723953238821935,0.020817150149981548,0.37017423652493897,0.0002673951490214987,0.02351283871158888,-0.0012171115318801724,0.022566176940390956,0.0012571686809779033,0.02209918015384651
C.1.2.3.2.4.4.2,Part 1109,C.1.2.3.2.4.4,-,false,0.6192007512964774,0.28909372274994966,-50.13936059549451,28.721044428837228,90.9339573699981,28.23690002309109,-5.758166639134288,29.057750463592832,0.7544162856581335,0.37074144170588635,0.7844172004587067,0.3723953238821935,0.8893412959485172,0.37017423652493897,-0.001520068948336354,0.02351283871158888,-0.013119333252952375,0.022566176940390956,0.00919834567052532,0.02209918015384651
C.1.2.3.2.4.4.3,Part 1110,C.1.2.3.2.4.4,-,false,0.8519235519045033,0.28909372274994966,10.888919606804848,28.721044428837228,29.18862784281373,28.23690002309109,75.17644455656409,29.057750463592832,1.1747274995723958,0.37074144170588635,1.177720886597631,0.3723953238821935,1.193344147244268,0.37017423652493897,-0.012833828777611748,0.02351283871158888,-0.013564274028886339,0.022566176940390956,-0.0007884820807096713,0.02209918015384651
C.1.2.3.2.4.4.4,Part 1111,C.1.2.3.2.4.4,-,false,0.6062849436367397,0.28909372274994966,-5.354289570823312,28.721044428837228,-54.34263232164085,28.23690002309109,26.216398319229484,29.057750463592832,0.8110678129408333,0.37074144170588635,0.8159399987915779,0.3723953238821935,0.658226395386454,0.37017423652493897,0.005608632892637671,0.02351283871158888,-0.0013624788414457003,0.022566176940390956,-0.027304984492302252,0.02209918015384651
C.1.2.3.2.4.4.5,Part 1112,C.1.2.3.2.4.4,+,false,0.39371819819277154,0.28909372274994966,-22.040423471480608,28.721044428837228,19.392980774864554,28.23690002309109,64.12140158936381,29.057750463592832,0.4509935414856381,0.37074144170588635,0.49325683095698586,0.3723953238821935,0.4317900286245668,0.37017423652493897,-0.027477813882965565,0.02351283871158888,-0.013513574981236835,0.022566176940390956,0.012169320648142341,0.02209918015384651
C.1.2.3.2.4.5,Subassembly 314,C.1.2.3.2.4,-,false,1.7958546002898366,0.5781874454998993,60.63755914656309,21.524694958828086,15.842219085168598,22.8785482484388,4.7485692134678255,34.032610098790805,17917.45625387959,9076.090311991056,18043.944202256862,8528.689774687327,6163.264609493381,4367.524328529092,1194.7412820112722,1891.801224611495,3122.107603884723,3674.788828548101,-4764.752867149231,4132.568516662501
C.1.2.3.2.4.5.1,Part 1113,C.1.2.3.2.4.5,+,false,0.7066141671736259,0.28909372274994966,89.06655050814152,28.721044428837228,-31.84382147155702,28.23690002309109,-96.88437008298934,29.057750463592832,0.74219272866924,0.37074144170588635,0.7310644097280373,0.3723953238821935,0.7316206503994653,0.37017423652493897,0.0025341132894404006,0.02351283871158888,0.001922566306612992,0.022566176940390956,2.4552321915932155e-5,0.02209918015384651
C.1.2.3.2.4.5.2,Part 1114,C.1.2.3.2.4.5,+,false,0.41636258010845634,0.28909372274994966,-11.276261461898685,28.721044428837228,29.970974940806627,28.23690002309109,87.68960488960147,29.057750463592832,0.5636588883307363,0.37074144170588635,0.5590741487674599,0.3723953238821935,0.6030087155458527,0.37017423652493897,0.010506020988205859,0.02351283871158888,-0.038231433474013754,0.022566176940390956,-0.029167939537512066,0.02209918015384651
C.1.2.3.2.4.5.3,Part 1115,C.1.2.3.2.4.5,+,false,0.5816145352178719,0.28909372274994966,83.29264703206718,28.721044428837228,50.73892958462238,28.23690002309109,85.10421188548207,29.057750463592832,0.8211560207005684,0.37074144170588635,0.7493723798815796,0.3723953238821935,0.7222445548861581,0.37017423652493897,0.05420213167923642,0.02351283871158888,-0.008305300103981457,0.022566176940390956,0.002751495075160395,0.02209918015384651
C.1.2.3.2.4.5.4,Part 1116,C.1.2.3.2.4.5,+,false,0.09126331778988242,0.28909372274994966,24.23046096228063,28.721044428837228,98.20293877273798,28.23690002309109,-98.84484428912401,29.057750463592832,0.11036362834762625,0.37074144170588635,0.12282192603579145,0.3723953238821935,0.10383856477144217,0.37017423652493897,0.0075857185307616065,0.02351283871158888,0.0006377065400574866,0.022566176940390956,0.005336207085140968,0.02209918015384651
C.1.2.3.2.5,Assembly 92,C.1.2.3.2,-,false,2.038030791268917,0.7081321085790055,-6.811046374858961,23.117193210790276,-30.530810687300576,28.182974411859043,-20.701598333039097,20.84972983173966,8486.29125548789,7009.91075429886,4563.596698974657,5057.886617162179,10768.52576904994,7200.090493184339,3220.5693196465727,3467.8144612764086,-783.4422084290615,2372.6464854418846,1003.2079345508293,3233.6919401572563
C.1.2.3.2.5.1,Subassembly 315,C.1.2.3.2.5,-,false,1.0252855565259233,0.5781874454998993,-29.087985268229396,36.18244838076031,16.002162343007893,38.6327047742183,-16.469016039825807,33.841184768195916,3767.392558944765,5202.907493395259,3462.451677942367,4619.1694245748995,5024.882010092389,4971.868435729782,991.2902620770383,2450.31231959352,-983.068409261185,2163.303295443193,1421.3925672962232,2533.2585699694514
C.1.2.3.2.5.1.1,Part 1117,C.1.2.3.2.5.1,+,false,0.47044576397631316,0.28909372274994966,2.569628646597266,28.721044428837228,-32.78453899547458,28.23690002309109,6.346535868942738,29.057750463592832,0.6435109223521447,0.37074144170588635,0.6319281439582822,0.3723953238821935,0.635749727032682,0.37017423652493897,-0.009649223272934833,0.02351283871158888,-0.004767302061863253,0.022566176940390956,0.006933716334258468,0.02209918015384651
C.1.2.3.2.5.1.2,Part 1118,C.1.2.3.2.5.1,-,false,0.37974785833922214,0.28909372274994966,-85.01557409763336,28.721044428837228,62.093520956113935,28.23690002309109,-54.929202469065785,29.057750463592832,0.5849535482464808,0.37074144170588635,0.5346327766143826,0.3723953238821935,0.5736480168125648,0.37017423652493897,0.00890710336288442,0.02351283871158888,0.004345863693145809,0.022566176940390956,-0.004018970593441017,0.02209918015384651
C.1.2.3.2.5.1.3,Part 1119,C.1.2.3.2.5.1,-,false,0.14067737479438075,0.28909372274994966,32.7779624145478,28.721044428837228,75.29446827247739,28.23690002309109,-11.46841049194336,29.057750463592832,0.15892723039233403,0.37074144170588635,0.1678808983553926,0.3723953238821935,0.17775567616954238,0.37017423652493897,0.0018071040092204952,0.02351283871158888,-0.001680649506816778,0.022566176940390956,-0.014830472293822429,0.02209918015384651
C.1.2.3.2.5.1.4,Part 1120,C.1.2.3.2.5.1,+,false,0.034414559416007254,0.28909372274994966,-97.60396899655461,28.721044428837228,-68.05190462619066,28.23690002309109,75.59148604050279,29.057750463592832,0.038059115816056935,0.37074144170588635,0.044014803362034095,0.3723953238821935,0.042160093414771393,0.37017423652493897,0.0013617379503700182,0.02351283871158888,0.000204852444372326,0.022566176940390956,-0.0035621184285471457,0.02209918015384651
C.1.2.3.2.5.2,Subassembly 316,C.1.2.3.2.5,-,false,1.0127452347429935,0.40884026350990615,15.741736800447221,24.03612450786456,-77.63997843598217,24.889149554774882,-24.98659059285479,24.03847958382428,214.30809409305573,528.6440630270032,40.261227669929454,208.52124438057635,252.09518976347206,586.0170497766333,90.47161527485252,277.60502572846815,5.082892736314571,103.03589697563935,-11.814684334603543,240.29850295681808
C.1.2.3.2.5.2.1,Part 1121,C.1.2.3.2.5.2,+,false,0.8136336002105381,0.28909372274994966,18.792902631685138,28.721044428837228,-84.80450455099344,28.23690002309109,-25.386005640029907,29.057750463592832,0.9875334638584475,0.37074144170588635,0.8492803765609918,0.3723953238821935,0.9176661921602746,0.37017423652493897,-0.02184093446547435,0.02351283871158888,-0.011531735642302495,0.022566176940390956,-0.006885765518491183,0.02209918015384651
C.1.2.3.2.5.2.2,Part 1122,C.1.2.3.2.5.2,+,false,0.19911163453245537,0.28909372274994966,3.27370073646307,28.721044428837228,-48.36344122886658,28.23690002309109,-23.354453407227993,29.057750463592832,0.23449143385256138,0.37074144170588635,0.22483809930691548,0.3723953238821935,0.2247627247990798,0.37017423652493897,0.016296491388182663,0.02351283871158888,-0.027969523137785075,0.022566176940390956,-0.020955658093139956,0.02209918015384651
C.1.2.3.3,Subsystem 25,C.1.2.3,-,false,36.71120201082737,2.4868782357553076,5.363728418872687,5.9286890949803395,8.340790241562955,5.470763709568985,3.2593801364735255,5.858677665152858,222586.51951170596,31368.932743108522,264638.90687225317,33671.1285995715,243881.2293606433,31434.476085810278,-37367.19490494017,14795.997954843384,-8402.452322677242,15945.269834784256,-8708.654722302814,14693.642428488249
C.1.2.3.3.1,Assembly 93,C.1.2.3.3,-,false,3.013570448651211,0.6464332159373648,1.0950454682931368,18.334983849706994,33.62235263370719,19.668592313592633,-9.591390795381377,16.817121386371614,16220.609296735973,7274.866193599415,15535.496354446926,6910.581212964983,19990.066609202942,8221.607278910702,4037.4030346709274,3810.3682174428354,6632.402311887588,3413.471295883863,-3318.1486214833103,3334.5518242901117
C.1.2.3.3.1.1,Subassembly 317,C.1.2.3.3.1,-,false,1.3032310264068656,0.40884026350990615,-52.29360948806616,24.845297135566412,46.509223732724344,25.988168444808615,38.23815728054734,21.57111749684718,3889.8008346278857,3114.6767437357253,2969.0627499678876,2698.9795409491708,5955.534345020958,4043.085660108773,2941.0783665443373,2019.6083245783104,1065.2008261269525,1313.6591230224224,-1244.8284825437406,1503.9938230162595
C.1.2.3.3.1.1.1,Part 1123,C.1.2.3.3.1.1,-,false,0.7402315276924055,0.28909372274994966,-90.6176423188299,28.721044428837228,91.29746346734464,28.23690002309109,54.458841728046536,29.057750463592832,1.0179245101354817,0.37074144170588635,0.9064378212625557,0.3723953238821935,0.9961967172515375,0.37017423652493897,-0.04097862941807292,0.02351283871158888,0.011574126188077617,0.022566176940390956,-0.05094899777544264,0.02209918015384651
C.1.2.3.3.1.1.2,Part 1124,C.1.2.3.3.1.1,-,false,0.5629994987144601,0.28909372274994966,-1.9051856361329556,28.721044428837228,-12.37833690829575,28.23690002309109,16.911207512021065,29.057750463592832,0.7131628517514028,0.37074144170588635,0.666251029176459,0.3723953238821935,0.6518860524368141,0.37017423652493897,-0.02391320703225242,0.02351283871158888,0.013281885385761378,0.022566176940390956,0.06423244867076075,0.02209918015384651
C.1.2.3.3.1.2,Subassembly 318,C.1.2.3.3.1,-,false,1.7103394222443455,0.5007250159521434,41.775714283116244,19.50763578882284,23.802915607864158,28.12687837010379,-46.03617492470608,19.06021663764367,6696.397952629056,5212.946925567446,768.2337396374126,1275.7637251050558,7108.057534997828,5289.75215872323,-483.52919827573606,1714.660470599104,-296.41706644129664,629.8557025614542,-657.9689464849398,1682.2462537405884
C.1.2.3.3.1.2.1,Part 1125,C.1.2.3.3.1.2,+,false,0.9771186153339222,0.28909372274994966,56.416200241073966,28.721044428837228,57.22544393502176,28.23690002309109,-37.21758299507201,29.057750463592832,1.2044085430831106,0.37074144170588635,0.9881488738740569,0.3723953238821935,1.1867021157945699,0.37017423652493897,-0.06383660530983334,0.02351283871158888,-0.02092339044913391,0.022566176940390956,0.04866868527405713,0.02209918015384651
C.1.2.3.3.1.2.2,Part 1126,C.1.2.3.3.1.2,-,false,0.3694087115677539,0.28909372274994966,10.647061048075557,28.721044428837228,52.2939610760659,28.23690002309109,-58.04320606403053,29.057750463592832,0.5275253429735705,0.37074144170588635,0.5194531474684527,0.3723953238821935,0.4912565970207912,0.37017423652493897,-0.015045108692227315,0.02351283871158888,0.007796659230711382,0.022566176940390956,0.004199626118750391,0.02209918015384651
C.1.2.3.3.1.2.3,Part 1127,C.1.2.3.3.1.2,+,false,0.3638120953426696,0.28909372274994966,34.06212884001434,28.721044428837228,-94.89191491156816,28.23690002309109,-57.52921896055341,29.057750463592832,0.4424417369904654,0.37074144170588635,0.3844101733738442,0.3723953238821935,0.41688282310939734,0.37017423652493897,-0.016384025792099875,0.02351283871158888,-0.032584746128578854,0.022566176940390956,0.0012805385570121056,0.02209918015384651
C.1.2.3.3.2,Assembly 94,C.1.2.3.3,-,false,6.994009743188276,1.2265207905297184,22.818601001153926,13.674928078784607,-2.1058372334447513,14.742746401746118,27.85713770331337,16.432191955294783,69924.37677360977,19163.02591508451,66443.03138452004,16910.945364592084,58960.31430692395,15362.345793726496,-919.4439196968191,7389.219258620669,-8758.994893247298,8017.046408673966,2892.0944393068676,9141.87054467528
C.1.2.3.3.2.1,Subassembly 319,C.1.2.3.3.2,-,false,1.7521341340888759,0.6464332159373649,0.39095172459322103,27.167413503430062,22.659978155739566,28.96162247019863,-50.28570616374343,22.78783168919484,12139.830695881159,7298.314831625293,11456.11022875456,5915.598588212442,16003.754872240099,7649.848442762005,5997.172188430665,3427.739556447071,-1210.4871429384668,2227.195528317549,4086.1600699315386,3537.7640240732453
C.1.2.3.3.2.1.1,Part 1128,C.1.2.3.3.2.1,+,false,0.300287495268276,0.28909372274994966,68.32964611239731,28.721044428837228,3.152820374816656,28.23690002309109,-66.47687186487019,29.057750463592832,0.36934015848696866,0.37074144170588635,0.33326036779988943,0.3723953238821935,0.4384724295112993,0.37017423652493897,-0.005957327785694725,0.02351283871158888,-0.005763712398440347,0.022566176940390956,0.02152417654744623,0.02209918015384651
C.1.2.3.3.2.1.2,Part 1129,C.1.2.3.3.2.1,+,false,0.6313118730988353,0.28909372274994966,-65.77382539398968,28.721044428837228,92.49089434742928,28.23690002309109,-93.92624609172344,29.057750463592832,0.9052151271990161,0.37074144170588635,0.9188131205196788,0.3723953238821935,0.8429030930681655,0.37017423652493897,0.0577147169741431,0.02351283871158888,-0.0010377715377740677,0.022566176940390956,0.0005588881213690777,0.02209918015384651
C.1.2.3.3.2.1.3,Part 1130,C.1.2.3.3.2.1,+,false,0.3436191369073931,0.28909372274994966,95.01519436016679,28.721044428837228,-47.71872563287616,28.23690002309109,-45.841980539262295,29.057750463592832,0.42306059961619746,0.37074144170588635,0.43898016803194384,0.3723953238821935,0.45376610250614074,0.37017423652493897,0.050977190340680364,0.02351283871158888,0.01048526169886384,0.022566176940390956,-0.01761748347598234,0.02209918015384651
C.1.2.3.3.2.1.4,Part 1131,C.1.2.3.3.2.1,-,false,0.26585083035216667,0.28909372274994966,-6.060240929946303,28.721044428837228,-77.85823168233037,28.23690002309109,43.523722840473056,29.057750463592832,0.4129818329488012,0.37074144170588635,0.36396376179780493,0.3723953238821935,0.35550458844387295,0.37017423652493897,-0.0211706853257008,0.02351283871158888,-0.007904168998703706,0.022566176940390956,-0.00010739461788334439,0.02209918015384651
C.1.2.3.3.2.1.5,Part 1132,C.1.2.3.3.2.1,-,false,0.21106479846220463,0.28909372274994966,-44.2881076131016,28.721044428837228,82.73152085021138,28.23690002309109,-22.1117430832237,29.057750463592832,0.25086121241928727,0.37074144170588635,0.2923312086306453,0.3723953238821935,0.2690899894141246,0.37017423652493897,0.014416957482808924,0.02351283871158888,0.010783202443186918,0.022566176940390956,0.008936610454802823,0.02209918015384651
C.1.2.3.3.2.2,Subassembly 320,C.1.2.3.3.2,-,false,0.5376748833898455,0.5007250159521434,-43.02588042548773,41.789910176381746,-34.23106609672078,32.484518969591335,-19.781540597229384,74.61862777245072,3562.7050264516874,4899.5555839028575,3940.4355183276466,4815.837670461734,1324.9163524454525,1621.86985239059,-55.81308366002236,616.7141069132239,424.2983445902372,1421.5841678999986,1190.2060657666862,1694.2247565589003
C.1.2.3.3.2.2.1,Part 1133,C.1.2.3.3.2.2,+,false,0.16530295626493172,0.28909372274994966,16.369473561644554,28.721044428837228,-34.88249834626913,28.23690002309109,-38.14453766681254,29.057750463592832,0.25503409827761864,0.37074144170588635,0.2508321338514727,0.3723953238821935,0.2349600814221059,0.37017423652493897,-0.001871789487561103,0.02351283871158888,4.500984796894639e-5,0.022566176940390956,-0.003602639942466051,0.02209918015384651
C.1.2.3.3.2.2.2,Part 1134,C.1.2.3.3.2.2,+,false,0.21987718947092072,0.28909372274994966,-65.31264008954167,28.721044428837228,-4.255700530484319,28.23690002309109,-86.48242908529937,29.057750463592832,0.29381339334264334,0.37074144170588635,0.31808276140654207,0.3723953238821935,0.28945871052345834,0.37017423652493897,0.017812997157717874,0.02351283871158888,0.00020626148078625102,0.022566176940390956,-8.951390882603949e-5,0.02209918015384651
C.1.2.3.3.2.2.3,Part 1135,C.1.2.3.3.2.2,-,false,0.15249473765399307,0.28909372274994966,-75.27537047863007,28.721044428837228,-76.74542139284313,28.23690002309109,96.29762298427522,29.057750463592832,0.1452462579879769,0.37074144170588635,0.15108497357480608,0.3723953238821935,0.15837791424322542,0.37017423652493897,-0.0024451108444513954,0.02351283871158888,0.0011055171266655043,0.022566176940390956,-0.0052871407602917775,0.02209918015384651
C.1.2.3.3.2.3,Subassembly 321,C.1.2.3.3.2,-,false,1.4447445686056746,0.5781874454998993,80.25753314173838,21.17512796193685,25.329636869082982,42.307916590894756,27.938013600756147,34.97121169391278,19611.910289819985,10736.321491810866,9489.88227209013,5790.532411639738,11354.974737439554,7402.482204805054,-2393.6474860970766,2571.8307895931716,-2212.815501764661,2399.4822796336302,-9472.701104158046,5147.708544950849
C.1.2.3.3.2.3.1,Part 1136,C.1.2.3.3.2.3,-,false,0.4949692073278129,0.28909372274994966,51.751705491915345,28.721044428837228,-82.3002414777875,28.23690002309109,-73.04290840402246,29.057750463592832,0.5468992172889806,0.37074144170588635,0.6270105274079575,0.3723953238821935,0.6243832705769022,0.37017423652493897,0.07254116357168534,0.02351283871158888,-0.017785245093049407,0.022566176940390956,0.013614617102668588,0.02209918015384651
C.1.2.3.3.2.3.2,Part 1137,C.1.2.3.3.2.3,-,false,0.026876852105138824,0.28909372274994966,98.31936792470515,28.721044428837228,98.197972914204,28.23690002309109,-24.136184295639396,29.057750463592832,0.033284602015161126,0.37074144170588635,0.03463491734367418,0.3723953238821935,0.03223346391066476,0.37017423652493897,-0.0019857378748306224,0.02351283871158888,-0.0006402604989273093,0.022566176940390956,0.0017428941593680498,0.02209918015384651
C.1.2.3.3.2.3.3,Part 1138,C.1.2.3.3.2.3,-,false,0.8601742880437523,0.28909372274994966,95.5351846292615,28.721044428837228,93.52711904793978,28.23690002309109,92.00677648186684,29.057750463592832,1.0219546514477373,0.37074144170588635,1.077712092840212,0.3723953238821935,1.1627805137826237,0.37017423652493897,-0.053868656566637044,0.02351283871158888,-0.015212325251310648,0.022566176940390956,-0.03678154830821617,0.02209918015384651
C.1.2.3.3.2.3.4,Part 1139,C.1.2.3.3.2.3,-,false,0.06272422112897039,0.28909372274994966,87.95182816684246,28.721044428837228,-91.79763020947576,28.23690002309109,-31.500987708568573,29.057750463592832,0.08802745265021128,0.37074144170588635,0.07853123469248825,0.3723953238821935,0.08959774559323586,0.37017423652493897,-0.0005522474371692713,0.02351283871158888,-0.0003955644618723155,0.022566176940390956,0.004539404301995009,0.02209918015384651
C.1.2.3.3.2.4,Subassembly 322,C.1.2.3.3.2,-,false,1.9196786039171276,0.5007250159521434,19.095686727999738,24.763614564668984,-58.438617022838294,19.032242310762758,77.95476113367579,24.302369968415363,2433.846706694776,3450.8582104915668,11511.862477846877,6603.9909583810195,10178.007035877046,5885.314480316909,-2043.8411620858396,2701.218494932421,-1141.1954665449143,2825.3479673614966,205.81865935244755,1037.056914812711
C.1.2.3.3.2.4.1,Part 1140,C.1.2.3.3.2.4,-,false,0.8029978942512535,0.28909372274994966,-58.86550433933735,28.721044428837228,-78.26017765328288,28.23690002309109,81.46493663080037,29.057750463592832,0.8267211510723803,0.37074144170588635,0.9706107330115894,0.3723953238821935,0.9742928874226946,0.37017423652493897,-0.01726447560138701,0.02351283871158888,-0.07927684323198714,0.022566176940390956,-0.022719756170377147,0.02209918015384651
C.1.2.3.3.2.4.2,Part 1141,C.1.2.3.3.2.4,+,false,0.1681197369468864,0.28909372274994966,-3.885092632845044,28.721044428837228,-38.47290319390595,28.23690002309109,-21.66428449563682,29.057750463592832,0.15253122724865734,0.37074144170588635,0.21085548556488662,0.3723953238821935,0.20495983175999954,0.37017423652493897,0.002656356006204293,0.02351283871158888,-0.016617772613760014,0.022566176940390956,-0.000672715475454482,0.02209918015384651
C.1.2.3.3.2.4.3,Part 1142,C.1.2.3.3.2.4,-,false,0.9485609727189876,0.28909372274994966,89.16624281555414,28.721044428837228,-45.19746410660446,28.23690002309109,92.63938828371465,29.057750463592832,1.1946055548062644,0.37074144170588635,1.1394912112408166,0.3723953238821935,1.3186808812918016,0.37017423652493897,0.012486014293346243,0.02351283871158888,0.032547914619737287,0.022566176940390956,0.025581138763356902,0.02209918015384651
C.1.2.3.3.2.5,Subassembly 323,C.1.2.3.3.2,-,false,1.339777553186752,0.5007250159521434,21.968748992699876,20.80799942367231,29.528875517424996,21.983777496085878,77.30018434702681,22.543831954330994,2013.902297688037,2518.88102223095,2025.71913359514,2146.9682506226645,1942.4408963441356,2085.7724685099442,384.1097888347001,969.4668872071111,-269.1485731482344,1002.5828244160839,995.790732037557,1258.3072978332034
C.1.2.3.3.2.5.1,Part 1143,C.1.2.3.3.2.5,-,false,0.5021571628896054,0.28909372274994966,55.76005382463336,28.721044428837228,24.068352906033397,28.23690002309109,78.04477061145008,29.057750463592832,0.6887006593860255,0.37074144170588635,0.6239165450929819,0.3723953238821935,0.6141958518624007,0.37017423652493897,-0.0017188169770789915,0.02351283871158888,-0.01357297004062851,0.022566176940390956,0.01199002590248726,0.02209918015384651
C.1.2.3.3.2.5.2,Part 1144,C.1.2.3.3.2.5,+,false,0.21873833777871915,0.28909372274994966,-12.425463367253542,28.721044428837228,89.16734554804862,28.23690002309109,17.37482170574367,29.057750463592832,0.24191406270711754,0.37074144170588635,0.26038520895876244,0.3723953238821935,0.27093524158392573,0.37017423652493897,-0.016800119541176384,0.02351283871158888,0.003935348243412233,0.022566176940390956,-6.682418489651988e-5,0.02209918015384651
C.1.2.3.3.2.5.3,Part 1145,C.1.2.3.3.2.5,+,false,0.6188820525184273,0.28909372274994966,6.707015540450811,28.721044428837228,12.880825670436025,28.23690002309109,97.8761161211878,29.057750463592832,0.67995172395457,0.37074144170588635,0.7421351777093977,0.3723953238821935,0.7592668371108575,0.37017423652493897,-0.0018951162093840594,0.02351283871158888,0.0021266837447037317,0.022566176940390956,5.1422105507893095e-5,0.02209918015384651
C.1.2.3.3.3,Assembly 95,C.1.2.3.3,-,false,5.300787290967535,1.0423422407897138,24.01765479735251,17.358398719885958,22.038181173284066,13.324914609395842,-12.846049743660746,14.32638661396723,25077.03798417547,9035.524619272432,43666.10797928134,13198.65987512028,38056.65362918195,12567.084696467284,-1054.5728282833597,5546.419972827075,-2138.7607594290475,5993.689551294697,-3696.3856952270316,4170.683113377797
C.1.2.3.3.3.1,Subassembly 324,C.1.2.3.3.3,-,false,1.229013462133007,0.5007250159521434,65.91356862972141,34.05122245443475,-18.174007709493264,31.989140619087976,-20.95149088554968,29.289098549964056,3278.02137131455,3978.9127888297594,4377.4511710436345,4473.408040738144,5260.33720074281,5391.408236952069,1410.6451015476955,2678.0466960981535,1309.8692725058356,1826.5020401231054,396.15970672553794,1684.839363542697
C.1.2.3.3.3.1.1,Part 1146,C.1.2.3.3.3.1,+,false,0.2156393684996292,0.28909372274994966,-25.546913500875235,28.721044428837228,64.04562308453023,28.23690002309109,-11.25999167561531,29.057750463592832,0.3504775645228141,0.37074144170588635,0.3529738240126634,0.3723953238821935,0.353111997049998,0.37017423652493897,-0.001986159206998698,0.02351283871158888,0.002316887143696578,0.022566176940390956,0.0035287232705087644,0.02209918015384651
C.1.2.3.3.3.1.2,Part 1147,C.1.2.3.3.3.1,-,false,0.1411246996978298,0.28909372274994966,7.613337878137827,28.721044428837228,-79.27542165853083,28.23690002309109,61.54035753570497,29.057750463592832,0.15280759801090632,0.37074144170588635,0.16187744197611764,0.3723953238821935,0.16767715003623793,0.37017423652493897,-0.007258785712568836,0.02351283871158888,0.005728057405915468,0.022566176940390956,0.00791151460835075,0.02209918015384651
C.1.2.3.3.3.1.3,Part 1148,C.1.2.3.3.3.1,-,false,0.8722493939355481,0.28909372274994966,97.95725173316896,28.721044428837228,-28.61468056216836,28.23690002309109,-36.694128485396504,29.057750463592832,1.0627096534643206,0.37074144170588635,1.049730785370024,0.3723953238821935,1.0029827838491847,0.37017423652493897,-0.024224760306871644,0.02351283871158888,0.007282904332993631,0.022566176940390956,0.029223677472345867,0.02209918015384651
C.1.2.3.3.3.2,Subassembly 325,C.1.2.3.3.3,-,false,1.3023908205665649,0.5781874454998993,59.35926627918262,23.69914069529091,60.9606001777681,23.940086589383906,26.237081315606467,24.162247886972025,3966.755130374192,3122.2273765598493,3525.518913703323,2778.210861894128,3441.069420126985,2926.7225845582984,-1289.7093352185357,1407.7400997137854,-1023.0188932606704,1312.5645147025123,-1856.1992479765872,1500.163495053645
C.1.2.3.3.3.2.1,Part 1149,C.1.2.3.3.3.2,+,false,0.2208638272935059,0.28909372274994966,10.632020700722933,28.721044428837228,-2.555057918652892,28.23690002309109,-15.34853633493185,29.057750463592832,0.25623472940078057,0.37074144170588635,0.2543089934267736,0.3723953238821935,0.24507464835246398,0.37017423652493897,-0.027254775978169252,0.02351283871158888,-0.006873905333996289,0.022566176940390956,-0.006240300320748112,0.02209918015384651
C.1.2.3.3.3.2.2,Part 1150,C.1.2.3.3.3.2,+,false,0.6474646133370697,0.28909372274994966,83.74939523637295,28.721044428837228,96.9920726493001,28.23690002309109,64.95299804955721,29.057750463592832,0.8254922846231016,0.37074144170588635,0.844809395980925,0.3723953238821935,0.8651825925619495,0.37017423652493897,0.041356265963219965,0.02351283871158888,0.06679462070738779,0.022566176940390956,0.052902791199776526,0.02209918015384651
C.1.2.3.3.3.2.3,Part 1151,C.1.2.3.3.3.2,-,false,0.1998935781386681,0.28909372274994966,9.909604350104928,28.721044428837228,44.56796427257359,28.23690002309109,5.330644641071558,29.057750463592832,0.2784193769521985,0.37074144170588635,0.2864733155826442,0.3723953238821935,0.27962031369374757,0.37017423652493897,0.00672002298558945,0.02351283871158888,-0.011263582239797319,0.022566176940390956,0.006480353309416801,0.02209918015384651
C.1.2.3.3.3.2.4,Part 1152,C.1.2.3.3.3.2,+,false,0.23416880179732108,0.28909372274994966,80.09221772663295,28.721044428837228,35.235527670010924,28.23690002309109,-23.74124568887055,29.057750463592832,0.37557168249293454,0.37074144170588635,0.37467670613590154,0.3723953238821935,0.37519557994687097,0.37017423652493897,0.0008422927412459983,0.02351283871158888,-0.00011031047906846924,0.022566176940390956,-0.00031105646999059666,0.02209918015384651
C.1.2.3.3.3.3,Subassembly 326,C.1.2.3.3.3,-,false,1.4972130186813883,0.5781874454998993,-6.659812697031491,30.960399098915122,1.8541765983726313,17.283249640468313,-20.61528580958731,27.569787990814923,6510.662001958879,4034.839601295719,11663.15225838318,6352.441713712363,6022.411447957731,4371.44602362319,-988.0220999979348,1626.9977039676162,-5376.530704048791,2937.3442184437545,-675.9693342192573,1719.7407117920604
C.1.2.3.3.3.3.1,Part 1153,C.1.2.3.3.3.3,+,false,0.4025493644969538,0.28909372274994966,30.95246935263276,28.721044428837228,-10.21992419846356,28.23690002309109,46.769953705370426,29.057750463592832,0.4129329869864466,0.37074144170588635,0.40887155054383484,0.3723953238821935,0.39672464860963186,0.37017423652493897,0.008848099438941714,0.02351283871158888,0.023886103246154596,0.022566176940390956,-0.019296782793598533,0.02209918015384651
C.1.2.3.3.3.3.2,Part 1154,C.1.2.3.3.3.3,+,false,0.6444155635028146,0.28909372274994966,-65.22628706879914,28.721044428837228,-8.016453357413411,28.23690002309109,-90.29602380469441,29.057750463592832,0.8251840899371466,0.37074144170588635,0.9534690390312993,0.3723953238821935,0.7699277230808921,0.37017423652493897,0.02730906174678948,0.02351283871158888,-0.005660801200392538,0.022566176940390956,0.004511270369298027,0.02209918015384651
C.1.2.3.3.3.3.3,Part 1155,C.1.2.3.3.3.3,+,false,0.0731430235800799,0.28909372274994966,-94.84316180460155,28.721044428837228,7.328130584210157,28.23690002309109,-50.15052342787385,29.057750463592832,0.08578797256175501,0.37074144170588635,0.09915849316591722,0.3723953238821935,0.09915812951115507,0.37017423652493897,-0.0029198146100436594,0.02351283871158888,-0.0036633529689337526,0.022566176940390956,0.001764986456764725,0.02209918015384651
C.1.2.3.3.3.3.4,Part 1156,C.1.2.3.3.3.3,+,false,0.37710506710154007,0.28909372274994966,70.37533391267061,28.721044428837228,30.54864020086825,28.23690002309109,32.25529328919947,29.057750463592832,0.4694288870777152,0.37074144170588635,0.45596739470019015,0.3723953238821935,0.46008329267883685,0.37017423652493897,-0.005547784278024838,0.02351283871158888,0.007970367492713386,0.022566176940390956,0.0005981835115231405,0.02209918015384651
C.1.2.3.3.3.4,Subassembly 327,C.1.2.3.3.3,-,false,1.272169989586575,0.40884026350990615,-16.533945378587433,36.58784160574,44.793689406246514,20.2994992431082,-35.88354764682339,26.553776393077825,3256.8130768343217,2851.892247732332,13979.296734560558,7277.763151870612,10818.723806708946,6052.898138769874,-713.3514972593659,2328.2200528235066,5877.823729889054,3400.681813217917,389.2895032133853,1277.5436276796975
C.1.2.3.3.3.4.1,Part 1157,C.1.2.3.3.3.4,+,false,0.7336926386537962,0.28909372274994966,-95.35790062509477,28.721044428837228,39.57259049639106,28.23690002309109,7.135393423959613,29.057750463592832,1.0673947738414644,0.37074144170588635,1.0609109595985258,0.3723953238821935,0.9952948768670735,0.37017423652493897,-0.021407425297408487,0.02351283871158888,-0.029490043312835112,0.022566176940390956,0.05181015072487731,0.02209918015384651
C.1.2.3.3.3.4.2,Part 1158,C.1.2.3.3.3.4,+,false,0.5384773509327788,0.28909372274994966,90.86621846072376,28.721044428837228,51.9076039083302,28.23690002309109,-94.49823279865086,29.057750463592832,0.6645092720163112,0.37074144170588635,0.5894203247511687,0.3723953238821935,0.6602577003094309,0.37017423652493897,0.007554306511462643,0.02351283871158888,-0.061888916998248805,0.022566176940390956,-0.01522748216680998,0.02209918015384651
C.1.2.3.3.4,Assembly 96,C.1.2.3.3,-,false,9.820558709093602,1.260130322678996,-12.011115980427503,11.326266397646275,-8.213839868247272,10.123779493411467,-0.561774462313089,10.580671992951675,35134.24169076567,13604.312867239609,47037.10315545438,15416.663071475294,49335.62087239117,15390.093272630766,-16836.661466780242,7317.402161426723,-1134.4270759623619,7304.3797521958495,-921.7657862263823,6161.033285854391
C.1.2.3.3.4.1,Subassembly 328,C.1.2.3.3.4,-,false,2.3593012570042626,0.5781874454998993,10.770357150904688,19.473065599770305,-11.672173913518773,18.67122060101735,8.387783470167063,21.54175037350045,3823.6868004285143,5293.874290776702,7247.794462663714,5544.142391149449,4862.068653549159,4114.2603645843765,-614.0207214217685,1867.3966535858806,3138.493363490702,2501.2481538435513,-134.94600774062542,2552.449412874805
C.1.2.3.3.4.1.1,Part 1159,C.1.2.3.3.4.1,+,false,0.7400061334336642,0.28909372274994966,-12.040049163624644,28.721044428837228,-20.87032371200621,28.23690002309109,9.516456397250295,29.057750463592832,0.8736980676978113,0.37074144170588635,0.8984059541864781,0.3723953238821935,0.8272458262687516,0.37017423652493897,0.05261144903563116,0.02351283871158888,-0.042462779152416655,0.022566176940390956,0.03292772291785614,0.02209918015384651
C.1.2.3.3.4.1.2,Part 1160,C.1.2.3.3.4.1,-,false,0.6371451087531168,0.28909372274994966,76.25436382368207,28.721044428837228,6.33819280192256,28.23690002309109,-33.47769808024168,29.057750463592832,0.9194108974451034,0.37074144170588635,0.8882589578714308,0.3723953238821935,0.8272522240211637,0.37017423652493897,0.014605514666435369,0.02351283871158888,0.004397523652002532,0.022566176940390956,0.04619760827854258,0.02209918015384651
C.1.2.3.3.4.1.3,Part 1161,C.1.2.3.3.4.1,+,false,0.9055529230181127,0.28909372274994966,-20.364547381177545,28.721044428837228,-10.368261765688658,28.23690002309109,45.30077567324042,29.057750463592832,1.1377331000815702,0.37074144170588635,1.0836667815234615,0.3723953238821935,1.1487037806721623,0.37017423652493897,-0.04242739765160772,0.02351283871158888,0.05616368806906573,0.022566176940390956,0.05112533860318922,0.02209918015384651
C.1.2.3.3.4.1.4,Part 1162,C.1.2.3.3.4.1,-,false,0.07659709179936908,0.28909372274994966,54.52306047081947,28.721044428837228,-88.03657772950828,28.23690002309109,-90.6695815268904,29.057750463592832,0.10147572257623734,0.37074144170588635,0.09890702791589893,0.3723953238821935,0.09662101080797235,0.37017423652493897,-0.003850059811865432,0.02351283871158888,-0.004894159244334374,0.022566176940390956,-0.00534731897596152,0.02209918015384651
C.1.2.3.3.4.2,Subassembly 329,C.1.2.3.3.4,-,false,2.503216883439338,0.6464332159373649,-16.92045810346625,25.14793383899714,1.6288512412159608,19.395872885554176,-25.288057645688905,22.212232444679294,11715.297642348196,7129.044254410205,15055.911608132963,9867.359123096705,15614.85682136997,7980.684917256025,-5489.4429193435435,3547.9312337993147,-4100.834376459769,4730.338423194854,-1024.6091303081955,2890.421827753637
C.1.2.3.3.4.2.1,Part 1163,C.1.2.3.3.4.2,+,false,0.21082770662684924,0.28909372274994966,69.8582960292697,28.721044428837228,56.49674846790731,28.23690002309109,-76.12224486656487,29.057750463592832,0.2256526384627233,0.37074144170588635,0.21901422902787354,0.3723953238821935,0.22196618404322313,0.37017423652493897,-0.0005243276115298734,0.02351283871158888,0.002808377481176116,0.022566176940390956,-0.010564354526211142,0.02209918015384651
C.1.2.3.3.4.2.2,Part 1164,C.1.2.3.3.4.2,+,false,0.20865075647411868,0.28909372274994966,67.55500230938196,28.721044428837228,35.14960375614464,28.23690002309109,-12.420725729316473,29.057750463592832,0.2883609895685834,0.37074144170588635,0.2668000915645318,0.3723953238821935,0.2836593105032307,0.37017423652493897,-0.00617069731588449,0.02351283871158888,0.0058078828912204485,0.022566176940390956,-0.0025366101542495935,0.02209918015384651
C.1.2.3.3.4.2.3,Part 1165,C.1.2.3.3.4.2,+,false,0.9036840868147555,0.28909372274994966,-37.714927503839135,28.721044428837228,33.008114295080304,28.23690002309109,-45.969417644664645,29.057750463592832,1.0490112578914066,0.37074144170588635,1.1896105585334824,0.3723953238821935,1.0395761789049052,0.37017423652493897,0.03880308333734295,0.02351283871158888,-0.0034240903381612246,0.022566176940390956,0.005282077233799953,0.02209918015384651
C.1.2.3.3.4.2.4,Part 1166,C.1.2.3.3.4.2,-,false,0.8923097606853116,0.28909372274994966,-71.1104148067534,28.721044428837228,-64.32791547849774,28.23690002309109,-35.727845365181565,29.057750463592832,1.0978955725900148,0.37074144170588635,1.4156295401370689,0.3723953238821935,1.1581046131238177,0.37017423652493897,-0.012990731430555928,0.02351283871158888,-0.013012539246183279,0.022566176940390956,0.0701197318106209,0.02209918015384651
C.1.2.3.3.4.2.5,Part 1167,C.1.2.3.3.4.2,+,false,0.2877445728383027,0.28909372274994966,91.59461706876755,28.721044428837228,43.10703664086759,28.23690002309109,99.95293864049017,29.057750463592832,0.3308934551706392,0.37074144170588635,0.31470614438608446,0.3723953238821935,0.31290358849449484,0.37017423652493897,-0.024504422291383124,0.02351283871158888,0.0009465158771882105,0.022566176940390956,-0.003915303088483573,0.02209918015384651
C.1.2.3.3.4.3,Subassembly 330,C.1.2.3.3.4,-,false,1.3586764709015842,0.5007250159521434,11.687921798033457,25.466756491003288,-17.640130462991785,25.95589958350827,1.8496324467733223,26.205646745896846,4591.386872997812,3780.3229841461866,4187.822479357164,3603.862285957813,6988.12106905036,4479.749295066062,-3324.3356465986735,2239.2992513260565,522.1835281897347,1475.0161553120022,1050.9212480297313,1624.3257064690483
C.1.2.3.3.4.3.1,Part 1168,C.1.2.3.3.4.3,+,false,0.5087709793595131,0.28909372274994966,75.06642527878284,28.721044428837228,44.61297080852091,28.23690002309109,-5.477722082287073,29.057750463592832,0.6321992396457022,0.37074144170588635,0.6624704425798316,0.3723953238821935,0.5840726066876287,0.37017423652493897,-0.0065827568759038195,0.02351283871158888,-0.05471269287272852,0.022566176940390956,0.009373431557905815,0.02209918015384651
C.1.2.3.3.4.3.2,Part 1169,C.1.2.3.3.4.3,-,false,0.10343382902443408,0.28909372274994966,-11.829330306500196,28.721044428837228,13.006323808804154,28.23690002309109,-78.77780334092677,29.057750463592832,0.12379197400861093,0.37074144170588635,0.11439372826237404,0.3723953238821935,0.10929187094039318,0.37017423652493897,0.000844096566023753,0.02351283871158888,0.006447223098256013,0.022566176940390956,0.01421954460641909,0.02209918015384651
C.1.2.3.3.4.3.3,Part 1170,C.1.2.3.3.4.3,+,false,0.746471662517637,0.28909372274994966,-28.250183491036296,28.721044428837228,-64.31631813757122,28.23690002309109,18.015751475468278,29.057750463592832,0.6543642174225006,0.37074144170588635,0.7278075294922773,0.3723953238821935,0.7380626975517567,0.37017423652493897,-0.011720419639288425,0.02351283871158888,-0.020278479770480987,0.022566176940390956,0.00627879447604285,0.02209918015384651
C.1.2.3.3.4.4,Subassembly 331,C.1.2.3.3.4,-,false,1.1425734868128783,0.40884026350990615,29.700648450378136,24.111194649145048,40.34464931894527,25.007248146614316,3.3994090365413125,31.244434866234975,1970.234816280717,2557.8709386285655,1711.293961605328,2285.5742515555517,399.40797594950516,794.0938061519754,-150.99849864335312,377.1047029220601,-337.5497751937751,794.8251875587931,-733.9194577890853,1072.7592470729787
C.1.2.3.3.4.4.1,Part 1171,C.1.2.3.3.4.4,+,false,0.9181259398835245,0.28909372274994966,25.845273584127426,28.721044428837228,31.96282321587205,28.23690002309109,-15.334486961364746,29.057750463592832,1.225434669928097,0.37074144170588635,1.1688951140896207,0.3723953238821935,1.2376403923758996,0.37017423652493897,-0.03155637926558796,0.02351283871158888,-0.009375586480591754,0.022566176940390956,0.018458549869264082,0.02209918015384651
C.1.2.3.3.4.4.2,Part 1172,C.1.2.3.3.4.4,-,false,0.22444754692935384,0.28909372274994966,45.471458695828915,28.721044428837228,74.63137721642852,28.23690002309109,80.03235114738345,29.057750463592832,0.33360246910305097,0.37074144170588635,0.3370219269586817,0.3723953238821935,0.3402139006344269,0.37017423652493897,0.0046649779491889,0.02351283871158888,0.012722194545028018,0.022566176940390956,0.001366865877167227,0.02209918015384651
C.1.2.3.3.4.5,Subassembly 332,C.1.2.3.3.4,-,false,2.456790610935539,0.6464332159373649,-61.39151116169154,21.182617611377047,-32.291391087407625,21.62872382753251,12.861543353811523,19.171776457208242,6335.895426163233,7629.224462330214,6619.849306813419,6193.673216078373,6934.821510773546,8594.812045107095,-2632.9614531627867,4132.515306079434,-933.8806186480903,2975.2878652421937,-1366.5968077316534,3516.372973820078
C.1.2.3.3.4.5.1,Part 1173,C.1.2.3.3.4.5,-,false,0.955625822631875,0.28909372274994966,-80.15746069140732,28.721044428837228,-30.156374536454678,28.23690002309109,-12.001685472205281,29.057750463592832,1.1106261429312312,0.37074144170588635,1.2485890954920487,0.3723953238821935,1.2531707961635905,0.37017423652493897,0.021882301753942776,0.02351283871158888,-0.14712071527640036,0.022566176940390956,-0.044431654822483346,0.02209918015384651
C.1.2.3.3.4.5.2,Part 1174,C.1.2.3.3.4.5,+,false,0.545603597829584,0.28909372274994966,-86.98755013756454,28.721044428837228,-53.339227847754955,28.23690002309109,56.995693407952785,29.057750463592832,0.7432740273983538,0.37074144170588635,0.6576012643915549,0.3723953238821935,0.7477311569063766,0.37017423652493897,-0.021645632840158198,0.02351283871158888,0.00549467540041061,0.022566176940390956,-0.019009048199629362,0.02209918015384651
C.1.2.3.3.4.5.3,Part 1175,C.1.2.3.3.4.5,+,false,0.15502261463995093,0.28909372274994966,42.17293206602335,28.721044428837228,99.18043753132224,28.23690002309109,98.11067711561918,29.057750463592832,0.16351896922744752,0.37074144170588635,0.15392284576391796,0.3723953238821935,0.15985165412760657,0.37017423652493897,-0.0004269991105755182,0.02351283871158888,0.00033465252152815243,0.022566176940390956,-0.004964485338095095,0.02209918015384651
C.1.2.3.3.4.5.4,Part 1176,C.1.2.3.3.4.5,-,false,0.2544909297064878,0.28909372274994966,8.527061203494668,28.721044428837228,-20.128681743517518,28.23690002309109,-3.8641369435936213,29.057750463592832,0.32669400680453,0.37074144170588635,0.34179922899878074,0.3723953238821935,0.2769346032467346,0.37017423652493897,0.01472239043269392,0.02351283871158888,0.0013145797617428556,0.022566176940390956,0.0013911618466437097,0.02209918015384651
C.1.2.3.3.4.5.5,Part 1177,C.1.2.3.3.4.5,-,false,0.5460476461276412,0.28909372274994966,-64.96254815720022,28.721044428837228,-57.990443939343095,28.23690002309109,-4.131144564598799,29.057750463592832,0.6982731914652558,0.37074144170588635,0.7108185963025712,0.3723953238821935,0.7289567208157977,0.37017423652493897,-0.07980760082283507,0.02351283871158888,-0.012689021004058278,0.022566176940390956,0.02523158009672751,0.02209918015384651
C.1.2.3.3.5,Assembly 97,C.1.2.3.3,-,false,11.582275818926746,1.260130322678996,2.1290110725778653,9.841164657384184,15.838868124623646,8.70174930485096,2.3603408090444793,9.704172603764771,62946.672482979746,14998.303660438187,78583.9026973708,17531.544698771304,63395.90566539344,14809.925392786334,-20296.246535677667,6960.466325622369,-741.3005685133467,8412.45878565277,-7066.942804953164,7025.708498286432
C.1.2.3.3.5.1,Subassembly 333,C.1.2.3.3.5,-,false,1.0247386306512636,0.40884026350990615,19.604131208715234,40.458540065402474,5.059918360783365,21.680098654343954,32.23865669225487,27.86185063416166,1339.409562993181,1660.2114756622839,6649.331319262816,5457.452378144204,5362.588939628073,4561.337285797225,-370.72427429580273,1375.664320167702,2646.2492905849726,2369.759486856703,183.85866672349144,687.4349650234448
C.1.2.3.3.5.1.1,Part 1178,C.1.2.3.3.5.1,-,false,0.30423817377421075,0.28909372274994966,-91.44046362489462,28.721044428837228,-2.6556380093097687,28.23690002309109,87.31230134144425,29.057750463592832,0.38242099653739703,0.37074144170588635,0.386561360595014,0.3723953238821935,0.37932622101010294,0.37017423652493897,0.0027441751408110006,0.02351283871158888,8.645390658974968e-5,0.022566176940390956,-0.0005326007681602408,0.02209918015384651
C.1.2.3.3.5.1.2,Part 1179,C.1.2.3.3.5.1,+,false,0.7205004568770528,0.28909372274994966,66.49376801215112,28.721044428837228,8.3178854547441,28.23690002309109,8.983286190778017,29.057750463592832,0.8260469850896712,0.37074144170588635,0.8517171435029138,0.3723953238821935,0.7998987885800434,0.37017423652493897,-0.0025502495830517016,0.02351283871158888,0.018614973087416508,0.022566176940390956,0.007728726179584821,0.02209918015384651
C.1.2.3.3.5.2,Subassembly 334,C.1.2.3.3.5,-,false,1.8981830119004006,0.5007250159521434,-18.66899461883253,23.73177524420619,-9.135376316177783,19.87872387551883,-12.930070733406934,18.61187656013661,3703.279586270617,3019.935666715908,8150.394104867487,4884.633946627255,9776.211594037108,5555.993887421059,-4190.791051004699,2692.9559998556756,-875.088536427362,2276.2110413278256,-940.0006643042313,1486.248901517143
C.1.2.3.3.5.2.1,Part 1180,C.1.2.3.3.5.2,+,false,0.43127991567412394,0.28909372274994966,-94.51196920126677,28.721044428837228,-67.62745664454997,28.23690002309109,-52.49585825949907,29.057750463592832,0.5089482644993374,0.37074144170588635,0.5345940656523156,0.3723953238821935,0.43371980639452906,0.37017423652493897,-0.011467873274092637,0.02351283871158888,-0.0385133403477958,0.022566176940390956,0.019367090648829827,0.02209918015384651
C.1.2.3.3.5.2.2,Part 1181,C.1.2.3.3.5.2,+,false,0.6705418300102465,0.28909372274994966,-52.5651712436229,28.721044428837228,-16.648359829559922,28.23690002309109,10.222343821078539,29.057750463592832,0.6882377407463639,0.37074144170588635,0.8130383945547924,0.3723953238821935,0.8044460212722317,0.37017423652493897,-0.06758205507190732,0.02351283871158888,0.00948048436581599,0.022566176940390956,-0.002577373244791746,0.02209918015384651
C.1.2.3.3.5.2.3,Part 1182,C.1.2.3.3.5.2,-,false,0.7963612662160303,0.28909372274994966,50.945586524903774,28.721044428837228,28.867764305323362,28.23690002309109,-10.997195355594158,29.057750463592832,0.9934271238119846,0.37074144170588635,0.9628380905975602,0.3723953238821935,0.9137027178047246,0.37017423652493897,-0.027606016120134646,0.02351283871158888,-0.009663652927892464,0.022566176940390956,-0.018688522023214114,0.02209918015384651
C.1.2.3.3.5.3,Subassembly 335,C.1.2.3.3.5,-,false,2.7401569926827216,0.6464332159373649,12.157575753769288,18.356171666544526,38.84660107027787,18.226212050979022,11.7036863750483,19.424501340651965,12536.387085533186,6704.490346175134,14236.272088596124,6897.503059177842,7457.5308250199005,4907.225573606345,-3101.420309847911,2301.8025404555665,1566.7367734972674,3266.7264565406063,1316.8816125424632,3088.5118732357328
C.1.2.3.3.5.3.1,Part 1183,C.1.2.3.3.5.3,-,false,0.15176071408181452,0.28909372274994966,-47.87710816599429,28.721044428837228,-6.687679141759872,28.23690002309109,18.666162760928273,29.057750463592832,0.14729331174887475,0.37074144170588635,0.1632888311960722,0.3723953238821935,0.16580822073100293,0.37017423652493897,-0.00525362367617967,0.02351283871158888,0.003749598748022393,0.022566176940390956,0.003262346801937497,0.02209918015384651
C.1.2.3.3.5.3.2,Part 1184,C.1.2.3.3.5.3,+,false,0.7122307940211613,0.28909372274994966,-36.32677481509745,28.721044428837228,22.489570593461394,28.23690002309109,10.23847064934671,29.057750463592832,0.8893671757828507,0.37074144170588635,0.7892341138406285,0.3723953238821935,0.7585659692934383,0.37017423652493897,-0.030936303163765357,0.02351283871158888,0.030972816081462545,0.022566176940390956,0.037887868304277136,0.02209918015384651
C.1.2.3.3.5.3.3,Part 1185,C.1.2.3.3.5.3,+,false,0.9492864890261553,0.28909372274994966,26.686201384291053,28.721044428837228,42.90138189680874,28.23690002309109,82.12528768926859,29.057750463592832,1.3185949116024522,0.37074144170588635,1.3605636494769688,0.3723953238821935,1.3700163503232434,0.37017423652493897,-0.001411921098397805,0.02351283871158888,-0.0005460857876098469,0.022566176940390956,0.02553685611001834,0.02209918015384651
C.1.2.3.3.5.3.4,Part 1186,C.1.2.3.3.5.3,-,false,0.1801613999251276,0.28909372274994966,-28.705476876348257,28.721044428837228,-42.708477610722184,28.23690002309109,-37.684210017323494,29.057750463592832,0.21981736142253447,0.37074144170588635,0.23640503568982682,0.3723953238821935,0.2554400982778067,0.37017423652493897,-0.015605806845966425,0.02351283871158888,-0.003999732426555158,0.022566176940390956,0.0011313666577094069,0.02209918015384651
C.1.2.3.3.5.3.5,Part 1187,C.1.2.3.3.5.3,+,false,0.7467175956284627,0.28909372274994966,61.99311059899628,28.721044428837228,78.22457253932953,28.23690002309109,-65.92343943193555,29.057750463592832,1.084697980021411,0.37074144170588635,1.016389021325471,0.3723953238821935,1.0090557503487099,0.37017423652493897,0.02941254032184017,0.02351283871158888,-0.019732036770829076,0.022566176940390956,-0.05544881808075673,0.02209918015384651
C.1.2.3.3.5.4,Subassembly 336,C.1.2.3.3.5,-,false,2.3863400056625252,0.5781874454998993,-0.6111678954339127,21.611810702559726,34.77601199585753,18.130395895443232,12.312873618363309,24.787239115198986,16286.28451170403,7677.499822166542,18917.958383031084,9201.471627351248,12730.126976607542,6341.179203019971,-5178.703037141316,2958.002548509245,5892.8356442339245,4487.725135454944,3782.913818412177,3221.0312030222026
C.1.2.3.3.5.4.1,Part 1188,C.1.2.3.3.5.4,-,false,0.30652864956972187,0.28909372274994966,-50.09635570459068,28.721044428837228,22.151227155700326,28.23690002309109,-69.80069228447974,29.057750463592832,0.2673990657396424,0.37074144170588635,0.28143012705003834,0.3723953238821935,0.2824010821572576,0.37017423652493897,0.0021955986870638416,0.02351283871158888,-0.0060248788326431055,0.022566176940390956,0.0021085429844813113,0.02209918015384651
C.1.2.3.3.5.4.2,Part 1189,C.1.2.3.3.5.4,+,false,0.3564685169577133,0.28909372274994966,87.0281957089901,28.721044428837228,51.38806686736643,28.23690002309109,-99.0100737195462,29.057750463592832,0.42564427308635416,0.37074144170588635,0.3901718824277889,0.3723953238821935,0.3940133923018378,0.37017423652493897,-0.030680840415619727,0.02351283871158888,0.010308071453695848,0.022566176940390956,0.010548218201815469,0.02209918015384651
C.1.2.3.3.5.4.3,Part 1190,C.1.2.3.3.5.4,-,false,0.8649283096198924,0.28909372274994966,-58.17913496866822,28.721044428837228,-19.52681289985776,28.23690002309109,86.42389038577676,29.057750463592832,0.9090796287805308,0.37074144170588635,0.971970392989424,0.3723953238821935,0.9327991036545203,0.37017423652493897,-0.0333727449582402,0.02351283871158888,0.037570048234289735,0.022566176940390956,0.026644244251755662,0.02209918015384651
C.1.2.3.3.5.4.4,Part 1191,C.1.2.3.3.5.4,+,false,0.8584145295151975,0.28909372274994966,38.670690823346376,28.721044428837228,87.10065549239516,28.23690002309109,13.189571211114526,29.057750463592832,1.0480924814204073,0.37074144170588635,1.0738066373458006,0.3723953238821935,1.0088989081062059,0.37017423652493897,-0.018266017881797332,0.02351283871158888,0.024966079391719312,0.022566176940390956,0.026818487219560486,0.02209918015384651
C.1.2.3.3.5.5,Subassembly 337,C.1.2.3.3.5,-,false,3.532857178029837,0.6464332159373649,2.307378730997234,17.563683083286303,1.747165837339958,16.197237975316472,-12.060232508944434,17.61673630137475,22201.653717276662,9192.466581721907,26633.48645161378,10232.136095156306,22331.00821536807,9042.84970897053,-6162.148372453927,4427.660132956734,-8650.761594696098,4969.156919030336,-9259.04555014673,4517.569420066207
C.1.2.3.3.5.5.1,Part 1192,C.1.2.3.3.5.5,-,false,0.9428046576266642,0.28909372274994966,42.17588757164776,28.721044428837228,-39.76542754098773,28.23690002309109,-48.03979825228453,29.057750463592832,1.5016593240103169,0.37074144170588635,1.4856591940433062,0.3723953238821935,1.4914883729948292,0.37017423652493897,-0.0029911272411354776,0.02351283871158888,0.0091901297588101,0.022566176940390956,0.00747554309784382,0.02209918015384651
C.1.2.3.3.5.5.2,Part 1193,C.1.2.3.3.5.5,-,false,0.585549096090952,0.28909372274994966,-96.35233390145004,28.721044428837228,-65.29715922661126,28.23690002309109,-76.59457600675523,29.057750463592832,0.6676553794336636,0.37074144170588635,0.6905996315274058,0.3723953238821935,0.5542419726701172,0.37017423652493897,0.004805677805926533,0.02351283871158888,0.011210819131525003,0.022566176940390956,-0.012690994353789543,0.02209918015384651
C.1.2.3.3.5.5.3,Part 1194,C.1.2.3.3.5.5,-,false,0.7877497131845448,0.28909372274994966,-47.519047698006034,28.721044428837228,7.04563488252461,28.23690002309109,-14.089943142607808,29.057750463592832,1.070217593462583,0.37074144170588635,1.1285310651563765,0.3723953238821935,1.0565678866398924,0.37017423652493897,-0.08852486178805327,0.02351283871158888,0.046988081763396826,0.022566176940390956,-0.03055792171898878,0.02209918015384651
C.1.2.3.3.5.5.4,Part 1195,C.1.2.3.3.5.5,+,false,0.28552112196339297,0.28909372274994966,-8.38005430996418,28.721044428837228,43.30366440117359,28.23690002309109,-69.53580663539469,29.057750463592832,0.31747065019210713,0.37074144170588635,0.32630019347221356,0.3723953238821935,0.2859609680657334,0.37017423652493897,-0.010608600942390902,0.02351283871158888,0.028667899001052006,0.022566176940390956,-0.01877017513384474,0.02209918015384651
C.1.2.3.3.5.5.5,Part 1196,C.1.2.3.3.5.5,-,false,0.9312325891642831,0.28909372274994966,69.40568634308875,28.721044428837228,68.70883093215525,28.23690002309109,84.28425122983754,29.057750463592832,1.1384510280928442,0.37074144170588635,1.266617248300143,0.3723953238821935,1.0806625961862404,0.37017423652493897,-0.03547099763743248,0.02351283871158888,0.0028423682856433853,0.022566176940390956,-0.07038055531427001,0.02209918015384651
C.1.2.3.4,Subsystem 26,C.1.2.3,-,false,19.220285945237848,1.7345623364996978,-8.06254323343061,7.82781614409347,-19.495682737700434,7.978531687525078,-2.405793286531435,7.833441193586397,124778.90880287146,22934.030859265036,113740.7597249113,22357.29726250783,116015.30324120735,23289.629552003684,1853.959321895718,10741.205702109122,3547.1534504171323,10658.600545041925,3801.9467838775963,11109.274937157175
C.1.2.3.4.1,Assembly 98,C.1.2.3.4,-,false,9.332037358067929,1.2265207905297184,-2.195416458288913,11.053607888475488,-33.592537096533206,11.309818804620395,-12.171385301167343,11.801858446278215,58021.53856455765,16770.205343589732,55549.447025677306,16376.954278768757,50472.475092585315,15303.214689959257,-6675.970527695868,7279.055654087476,-1464.0168874705469,7896.029458149697,2492.8065595221674,8036.852884660343
C.1.2.3.4.1.1,Subassembly 338,C.1.2.3.4.1,-,false,1.862563399863895,0.5007250159521434,11.308303730273606,26.600774819971814,-54.14339072933332,25.81478691603238,-51.39793284229541,22.03728090372452,5714.985934875342,5761.64400431326,10261.189823317969,6142.799281746899,11535.94229508743,7766.260388907695,-2583.4575448585338,3682.659556531402,-4088.0634799195964,2979.3967068967922,-1924.6360455544605,2541.2408223858793
C.1.2.3.4.1.1.1,Part 1197,C.1.2.3.4.1.1,+,false,0.23018171754688957,0.28909372274994966,95.5246795900166,28.721044428837228,61.187514662742615,28.23690002309109,11.674417508766055,29.057750463592832,0.3069745118789222,0.37074144170588635,0.31744604207443594,0.3723953238821935,0.2842426748752614,0.37017423652493897,-0.0017517065207401897,0.02351283871158888,5.268557993259696e-5,0.022566176940390956,0.002290491340160407,0.02209918015384651
C.1.2.3.4.1.1.2,Part 1198,C.1.2.3.4.1.1,-,false,0.6359203600841574,0.28909372274994966,76.43651869148016,28.721044428837228,-70.00100016593933,28.23690002309109,-26.721250219270587,29.057750463592832,0.6089424688423378,0.37074144170588635,0.6029232542657164,0.3723953238821935,0.6187962497176541,0.37017423652493897,0.003989223897206991,0.02351283871158888,0.0054633789357295065,0.022566176940390956,0.014061730982386188,0.02209918015384651
C.1.2.3.4.1.1.3,Part 1199,C.1.2.3.4.1.1,+,false,0.996461322232848,0.28909372274994966,-49.709044955670834,28.721044428837228,-70.66474366001785,28.23690002309109,-81.71572457067668,29.057750463592832,1.6295741725204236,0.37074144170588635,1.5705576093834526,0.3723953238821935,1.5862381149068372,0.37017423652493897,0.008185031127095163,0.02351283871158888,0.02361246937058287,0.022566176940390956,-0.012441359767488645,0.02209918015384651
C.1.2.3.4.1.2,Subassembly 339,C.1.2.3.4.1,-,false,1.2223081288905815,0.5007250159521434,38.85672052721935,20.70114639105002,5.38350685270701,31.9174811161835,38.65434004485102,32.03087068570242,9552.066672148969,6046.983532384434,4724.00041301589,4221.096123373816,6133.314088782636,3965.3924729923265,660.1352966160993,1728.8700953504976,-1258.1076735744473,1740.7984185108314,4085.3607835107728,2866.648970391299
C.1.2.3.4.1.2.1,Part 1200,C.1.2.3.4.1.2,+,false,0.24791463754395954,0.28909372274994966,-6.434924015775323,28.721044428837228,69.44263693876565,28.23690002309109,-59.38496878370643,29.057750463592832,0.30408178827658733,0.37074144170588635,0.27296056539851027,0.3723953238821935,0.305565162131866,0.37017423652493897,0.026278982918982823,0.02351283871158888,-0.008359360133204959,0.022566176940390956,-0.004857278496176114,0.02209918015384651
C.1.2.3.4.1.2.2,Part 1201,C.1.2.3.4.1.2,+,false,0.5133475823018234,0.28909372274994966,46.79508386179805,28.721044428837228,-73.16190833225846,28.23690002309109,95.17118851654232,29.057750463592832,0.715867958016512,0.37074144170588635,0.7125286319649866,0.3723953238821935,0.6832705343005893,0.37017423652493897,0.017785012597743538,0.02351283871158888,0.009670737119423515,0.022566176940390956,-0.013902577959321566,0.02209918015384651
C.1.2.3.4.1.2.3,Part 1202,C.1.2.3.4.1.2,+,false,0.4610459090447985,0.28909372274994966,54.372142907232046,28.721044428837228,58.3932017441839,28.23690002309109,28.444060077890754,29.057750463592832,0.4639649931737143,0.37074144170588635,0.4647832601030392,0.3723953238821935,0.5081465023688937,0.37017423652493897,-0.005759403203507457,0.02351283871158888,-0.0008844889951697874,0.022566176940390956,-0.0008495170848509825,0.02209918015384651
C.1.2.3.4.1.3,Subassembly 340,C.1.2.3.4.1,-,false,0.8071248161033727,0.5007250159521434,-15.75088532512785,44.511394288223315,-77.98181025355821,41.55296570248543,-25.81363264906389,35.5637384096611,868.1220955734846,4499.4701867795175,1145.726808159069,4879.199706470025,1359.4658509527144,5899.986052574611,-475.4236798452745,2943.6903996615692,-457.352443198893,2339.6591818388333,-402.73174473740715,2190.1113281046123
C.1.2.3.4.1.3.1,Part 1203,C.1.2.3.4.1.3,+,false,0.1624557269010693,0.28909372274994966,11.05682710185647,28.721044428837228,-95.06013114005327,28.23690002309109,-27.754372963681817,29.057750463592832,0.21477369924159126,0.37074144170588635,0.22027546416693852,0.3723953238821935,0.19791697571173067,0.37017423652493897,-0.00016067511720010313,0.02351283871158888,-0.010071054849285995,0.022566176940390956,-0.0006930712087562078,0.02209918015384651
C.1.2.3.4.1.3.2,Part 1204,C.1.2.3.4.1.3,+,false,0.05097084034536965,0.28909372274994966,87.67452016472816,28.721044428837228,19.559049466624856,28.23690002309109,51.411914359778166,29.057750463592832,0.05850068915165696,0.37074144170588635,0.0473749776713285,0.3723953238821935,0.058831512975141484,0.37017423652493897,0.0015162668333161418,0.02351283871158888,-0.0004681152694180767,0.022566176940390956,0.0036207800377799073,0.02209918015384651
C.1.2.3.4.1.3.3,Part 1205,C.1.2.3.4.1.3,+,false,0.5936982488569338,0.28909372274994966,-31.96576596237719,28.721044428837228,-81.68279565870762,28.23690002309109,-31.912634382024407,29.057750463592832,0.7103963088838084,0.37074144170588635,0.7123187970002711,0.3723953238821935,0.6744500804816671,0.37017423652493897,-0.03308433945396749,0.02351283871158888,-0.006865272574987081,0.022566176940390956,-0.002164742475760066,0.02209918015384651
C.1.2.3.4.1.4,Subassembly 341,C.1.2.3.4.1,-,false,2.4507236979817972,0.6464332159373649,28.110350754680297,20.64885451686135,1.5961808875890524,19.53626827326276,-35.66656183022059,25.268317310376077,14777.183493957367,8681.249448821543,12061.34131527716,9103.924413059083,7908.7474618333345,5770.6231350298785,2221.1756249842515,2205.15532467763,-976.052527647495,4196.512863098072,3615.0648197996957,3973.556087559801
C.1.2.3.4.1.4.1,Part 1206,C.1.2.3.4.1.4,-,false,0.31053965022508057,0.28909372274994966,82.16296834871173,28.721044428837228,-86.53600011020899,28.23690002309109,83.69044973514974,29.057750463592832,0.4079048880869448,0.37074144170588635,0.4047036148068717,0.3723953238821935,0.3969730315135618,0.37017423652493897,-0.010514561044438549,0.02351283871158888,-0.014689737737081814,0.022566176940390956,-0.018116262146247918,0.02209918015384651
C.1.2.3.4.1.4.2,Part 1207,C.1.2.3.4.1.4,-,false,0.49811331197991965,0.28909372274994966,20.360221806913614,28.721044428837228,48.02275183610618,28.23690002309109,1.006604265421629,29.057750463592832,0.5984804433932001,0.37074144170588635,0.5752190953439233,0.3723953238821935,0.6300229557218794,0.37017423652493897,-0.04374052153113046,0.02351283871158888,0.009637759466288764,0.022566176940390956,-0.02597242703731132,0.02209918015384651
C.1.2.3.4.1.4.3,Part 1208,C.1.2.3.4.1.4,-,false,0.11268071484123357,0.28909372274994966,-81.21525156311691,28.721044428837228,-13.229603786021471,28.23690002309109,64.56721709109843,29.057750463592832,0.1564561731672315,0.37074144170588635,0.12706718029504815,0.3723953238821935,0.12985450859143252,0.37017423652493897,0.005109733356001928,0.02351283871158888,-0.001743523363976774,0.022566176940390956,0.0005201249573662269,0.02209918015384651
C.1.2.3.4.1.4.4,Part 1209,C.1.2.3.4.1.4,-,false,0.6608180928584189,0.28909372274994966,11.376993404701352,28.721044428837228,44.547165324911475,28.23690002309109,-96.19570393115282,29.057750463592832,0.667427557780151,0.37074144170588635,0.8490477648961487,0.3723953238821935,0.8200092016943944,0.37017423652493897,-0.03128442379208227,0.02351283871158888,-0.03570983146907562,0.022566176940390956,-0.008300927296662545,0.02209918015384651
C.1.2.3.4.1.4.5,Part 1210,C.1.2.3.4.1.4,-,false,0.8685719280771446,0.28909372274994966,40.143382688984275,28.721044428837228,-24.273137748241425,28.23690002309109,-66.32394045591354,29.057750463592832,1.1325989543113293,0.37074144170588635,1.1793036439015683,0.3723953238821935,1.1874154851252992,0.37017423652493897,0.01116998637174376,0.02351283871158888,0.007753968223140213,0.022566176940390956,-0.00021081693427738328,0.02209918015384651
C.1.2.3.4.1.5,Subassembly 342,C.1.2.3.4.1,-,false,2.9893173152282833,0.5781874454998993,-48.58058995678994,15.243926010615889,-53.58827604525543,15.891035779776374,14.432821749959597,17.401800159804356,9003.159640994614,5275.967940880682,6484.338905706003,4438.244536802102,3840.8588575397307,3282.255110338725,812.2419693279553,1638.073739057574,1594.611032918313,2126.7526945624486,-2085.0235161863047,2579.863992985912
C.1.2.3.4.1.5.1,Part 1211,C.1.2.3.4.1.5,-,false,0.9253771292541642,0.28909372274994966,-28.540639532729983,28.721044428837228,-95.02116250805557,28.23690002309109,-38.96304341033101,29.057750463592832,1.0252569865246104,0.37074144170588635,0.9229744478406416,0.3723953238821935,1.045445330723407,0.37017423652493897,0.02305420714401632,0.02351283871158888,0.004392272488573504,0.022566176940390956,-0.05310164370673251,0.02209918015384651
C.1.2.3.4.1.5.2,Part 1212,C.1.2.3.4.1.5,+,false,0.45486251785163767,0.28909372274994966,-71.5090564917773,28.721044428837228,-73.38967970572412,28.23690002309109,70.67902246490121,29.057750463592832,0.5514238221369002,0.37074144170588635,0.5024478682098392,0.3723953238821935,0.5572153127795414,0.37017423652493897,-0.05230570696090774,0.02351283871158888,-0.04305566859936216,0.022566176940390956,0.058557911928675585,0.02209918015384651
C.1.2.3.4.1.5.3,Part 1213,C.1.2.3.4.1.5,+,false,0.9754483755626716,0.28909372274994966,-51.88042349182069,28.721044428837228,-26.834622118622065,28.23690002309109,52.94147925451398,29.057750463592832,1.1983844929711078,0.37074144170588635,1.1612650039841859,0.3723953238821935,1.3067747228430784,0.37017423652493897,0.0022367138590890334,0.02351283871158888,0.06018785323751287,0.022566176940390956,-0.014070412968562263,0.02209918015384651
C.1.2.3.4.1.5.4,Part 1214,C.1.2.3.4.1.5,+,false,0.6336292925598099,0.28909372274994966,-56.30812807939947,28.721044428837228,-20.049495808780193,28.23690002309109,-7.245758501812816,29.057750463592832,0.8636118697043312,0.37074144170588635,0.8661840310807734,0.3723953238821935,0.8793129906532933,0.37017423652493897,0.003248584527473052,0.02351283871158888,-0.009569388216360506,0.022566176940390956,0.019240501890227,0.02209918015384651
C.1.2.3.4.2,Assembly 99,C.1.2.3.4,-,false,5.164257677931571,0.958815407608614,-5.834941897852287,15.675335769646052,-15.867963452414607,15.052335543302767,18.155881957492923,13.415566365385375,19827.080211716493,8503.614656462307,19002.956321126003,9282.494532887546,17473.672691650736,11070.332395994224,-1330.5602811493566,4748.356887409877,1987.9532376015266,3889.7279654495464,-2322.06477677574,3809.501689674625
C.1.2.3.4.2.1,Subassembly 343,C.1.2.3.4.2,-,false,2.4094469474058133,0.5781874454998993,19.584921165985477,18.24159088705449,-13.510238159551383,21.6569867964939,13.284000597829282,18.886348403330118,8066.908493850824,5606.803879895767,5111.709488629322,3818.3866243020293,5461.410483792623,5286.015421898027,2109.561443506857,2429.261011266988,1365.3583441340265,1678.046173342884,-3333.909019786802,2349.9045205303332
C.1.2.3.4.2.1.1,Part 1215,C.1.2.3.4.2.1,-,false,0.14018993839807808,0.28909372274994966,-45.284552266821265,28.721044428837228,89.37675203196704,28.23690002309109,24.78629555553198,29.057750463592832,0.1744797053004497,0.37074144170588635,0.17509864320516141,0.3723953238821935,0.1784922198168826,0.37017423652493897,0.0002647897538149731,0.02351283871158888,-0.002589744232280417,0.022566176940390956,0.0008030236557246436,0.02209918015384651
C.1.2.3.4.2.1.2,Part 1216,C.1.2.3.4.2.1,+,false,0.7928675107622984,0.28909372274994966,4.040313791483641,28.721044428837228,3.4724437166005373,28.23690002309109,35.18093270249665,29.057750463592832,0.9577415870941725,0.37074144170588635,1.0402156415950787,0.3723953238821935,0.9765896306246936,0.37017423652493897,-0.04703818005083778,0.02351283871158888,-0.006281842424107953,0.022566176940390956,-0.024303674803286247,0.02209918015384651
C.1.2.3.4.2.1.3,Part 1217,C.1.2.3.4.2.1,+,false,0.9245441264738329,0.28909372274994966,26.067066425457597,28.721044428837228,-4.1976196225732565,28.23690002309109,36.482014786452055,29.057750463592832,1.0852840923621443,0.37074144170588635,1.2421879160354485,0.3723953238821935,1.0625009303747057,0.37017423652493897,-0.09720429671983283,0.02351283871158888,0.005432631705803893,0.022566176940390956,0.011272388517156107,0.02209918015384651
C.1.2.3.4.2.1.4,Part 1218,C.1.2.3.4.2.1,-,false,0.5518453717716039,0.28909372274994966,47.53809990361333,28.721044428837228,-79.64953398332,28.23690002309109,-59.963800152763724,29.057750463592832,0.7960976542480551,0.37074144170588635,0.6601283153450173,0.3723953238821935,0.771462029499174,0.37017423652493897,0.0064732761073713315,0.02351283871158888,0.0001370927398551994,0.022566176940390956,0.0056868588587633915,0.02209918015384651
C.1.2.3.4.2.2,Subassembly 344,C.1.2.3.4.2,-,false,1.4983116182899103,0.6464332159373649,-27.436888064139854,38.83537291654996,-10.995690348724423,33.1108367104503,-22.576820232487265,17.86276757109216,4042.2771617094504,4527.751027780985,4130.312084451443,6243.349154929699,8117.247975549872,8901.551348256706,-3344.366268096465,3570.139970140082,-70.42596874063342,1203.750985907872,93.45427948548365,1228.4503745199943
C.1.2.3.4.2.2.1,Part 1219,C.1.2.3.4.2.2,+,false,0.7624184520461131,0.28909372274994966,-71.00615780800581,28.721044428837228,-55.46005740761757,28.23690002309109,-22.927511716261506,29.057750463592832,1.0095357094737216,0.37074144170588635,1.1377047745366777,0.3723953238821935,1.0601915514187823,0.37017423652493897,0.02556427045370066,0.02351283871158888,0.006520758893302737,0.022566176940390956,0.038324921894748065,0.02209918015384651
C.1.2.3.4.2.2.2,Part 1220,C.1.2.3.4.2.2,-,false,0.14356255016545766,0.28909372274994966,88.90291755087674,28.721044428837228,57.48446565121412,28.23690002309109,-17.33270059339702,29.057750463592832,0.13944234729379065,0.37074144170588635,0.16751054277071004,0.3723953238821935,0.1698670173879568,0.37017423652493897,0.014379577080152263,0.02351283871158888,0.006816857611360043,0.022566176940390956,-0.0026793842114052387,0.02209918015384651
C.1.2.3.4.2.2.3,Part 1221,C.1.2.3.4.2.2,+,false,0.020360782307572663,0.28909372274994966,93.1681405287236,28.721044428837228,-56.24124030582607,28.23690002309109,-12.299714935943484,29.057750463592832,0.021332907875465813,0.37074144170588635,0.02227305120744767,0.3723953238821935,0.021259712341645094,0.37017423652493897,-0.0003766152262650409,0.02351283871158888,-0.0022143657647772422,0.022566176940390956,0.0004996824690278931,0.02209918015384651
C.1.2.3.4.2.2.4,Part 1222,C.1.2.3.4.2.2,+,false,0.12226045999093912,0.28909372274994966,18.275998765602708,28.721044428837228,99.76903623901308,28.23690002309109,-35.02549366094172,29.057750463592832,0.15440117370761738,0.37074144170588635,0.17499414128639668,0.3723953238821935,0.17801505497646525,0.37017423652493897,0.005247241173813501,0.02351283871158888,0.00015115575163074472,0.022566176940390956,-1.3542479617262708e-5,0.02209918015384651
C.1.2.3.4.2.2.5,Part 1223,C.1.2.3.4.2.2,-,false,0.4497093737798277,0.28909372274994966,-8.599200425669551,28.721044428837228,14.461542945355177,28.23690002309109,-20.737309753894806,29.057750463592832,0.5709853260537264,0.37074144170588635,0.5260483799173741,0.3723953238821935,0.4750191227716839,0.37017423652493897,0.03167733982626806,0.02351283871158888,0.05429001158268744,0.022566176940390956,-0.04972857273891146,0.02209918015384651
C.1.2.3.4.2.3,Subassembly 345,C.1.2.3.4.2,-,false,1.256499112235848,0.40884026350990615,-28.82052482645744,21.59471578398693,-26.199047081556603,22.91331827146485,76.0698270587101,21.80954016747912,777.3779880684085,1231.020657496452,83.54401178642084,391.3226085637128,791.9999523035907,1243.3211783771858,189.3276813025771,607.3295931471107,40.36787385676786,196.02929748956592,-158.423255941266,606.5487666856868
C.1.2.3.4.2.3.1,Part 1224,C.1.2.3.4.2.3,-,false,0.84417522983253,0.28909372274994966,-24.486743193119764,28.721044428837228,-43.18207474425435,28.23690002309109,72.44566157460213,29.057750463592832,1.065894861419456,0.37074144170588635,0.8832950542897401,0.3723953238821935,1.1219573249609962,0.37017423652493897,-0.015019019399915906,0.02351283871158888,-0.04183599286311755,0.022566176940390956,-0.0867870770375726,0.02209918015384651
C.1.2.3.4.2.3.2,Part 1225,C.1.2.3.4.2.3,+,false,0.41232388240331785,0.28909372274994966,-37.69333395175636,28.721044428837228,8.571316441521049,28.23690002309109,83.48979679867625,29.057750463592832,0.5530045015707653,0.37074144170588635,0.5560193317403082,0.3723953238821935,0.5917422654359216,0.37017423652493897,-0.004414012317710063,0.02351283871158888,-0.005060237547583198,0.022566176940390956,0.0005534629840237461,0.02209918015384651
C.1.2.3.4.3,Assembly 100,C.1.2.3.4,-,false,4.723990909238346,0.7648700959862226,-22.088004929642143,15.368738506161124,4.386220615420559,15.96695688952877,-5.592276926120654,15.266036886130117,39192.255912441455,11696.523753988276,34790.928725812366,11249.998875934516,42176.27372910047,12543.72151872759,7548.065580255243,5746.853435991742,2936.192756786965,5551.325038627188,4941.61165076786,5929.670184180172
C.1.2.3.4.3.1,Subassembly 346,C.1.2.3.4.3,-,false,2.387065225509228,0.5007250159521434,-22.64326565204128,23.86791245960752,2.734800946513343,20.4624162044351,42.31249276583046,18.025763231726543,10215.471743204314,5665.01293907542,17887.34321101772,8356.227635966452,23783.184933155448,9437.270549715608,905.921257243358,4190.434769907726,5462.43219693744,3773.21217007988,-1759.481262824642,2686.2390463870543
C.1.2.3.4.3.1.1,Part 1226,C.1.2.3.4.3.1,+,false,0.8887760209697299,0.28909372274994966,-94.55333561636508,28.721044428837228,-48.07567927055061,28.23690002309109,57.3687335010618,29.057750463592832,0.9681078607984221,0.37074144170588635,1.1566886408285675,0.3723953238821935,1.2213536333227448,0.37017423652493897,-0.05163081342588777,0.02351283871158888,-0.002221971143847304,0.022566176940390956,-0.03507299904897307,0.02209918015384651
C.1.2.3.4.3.1.2,Part 1227,C.1.2.3.4.3.1,-,false,0.7454087423814927,0.28909372274994966,-55.25266686454415,28.721044428837228,87.32788013294339,28.23690002309109,68.57433654367924,29.057750463592832,0.9078750677648647,0.37074144170588635,0.9632076687982218,0.3723953238821935,0.9166185560589292,0.37017423652493897,-0.08312485854645174,0.02351283871158888,-0.006210118563222998,0.022566176940390956,-0.046088217079240434,0.02209918015384651
C.1.2.3.4.3.1.3,Part 1228,C.1.2.3.4.3.1,+,false,0.7528804621580056,0.28909372274994966,94.53241233713925,28.721044428837228,-21.036946680396795,28.23690002309109,-1.4626286923885345,29.057750463592832,1.1623795318550816,0.37074144170588635,1.2200190900400096,0.3723953238821935,1.1891856418239375,0.37017423652493897,0.009139032848586894,0.02351283871158888,0.002468363796709512,0.022566176940390956,-0.03659010146709007,0.02209918015384651
C.1.2.3.4.3.2,Subassembly 347,C.1.2.3.4.3,-,false,2.3369256837291177,0.5781874454998993,-21.52083089806787,19.254960300988373,6.073072059528063,24.588657220172127,-54.52485987638784,19.009675780651865,17890.09801196607,8093.888287181621,5828.571253443852,4194.579057275634,18378.441452188956,8259.09509851347,6646.569012965272,3930.670240667024,-2654.591885725723,2069.0699053013063,6319.355569990257,3814.3698763740026
C.1.2.3.4.3.2.1,Part 1229,C.1.2.3.4.3.2,+,false,0.9425255339709111,0.28909372274994966,-36.0169883351773,28.721044428837228,62.73062382824719,28.23690002309109,-82.23370020277798,29.057750463592832,1.4166508101749156,0.37074144170588635,1.440371333419505,0.3723953238821935,1.3544307702319267,0.37017423652493897,0.014497383935852032,0.02351283871158888,-0.0167696320586855,0.022566176940390956,-0.019881132629455324,0.02209918015384651
C.1.2.3.4.3.2.2,Part 1230,C.1.2.3.4.3.2,-,false,0.9229548323696944,0.28909372274994966,20.20778814330697,28.721044428837228,-92.37292567268014,28.23690002309109,-13.204154325649142,29.057750463592832,1.3288876260886053,0.37074144170588635,1.3289935895365619,0.3723953238821935,1.3753190819520789,0.37017423652493897,0.02210176413775327,0.02351283871158888,-0.020497363215445624,0.022566176940390956,-0.0422153746267752,0.02209918015384651
C.1.2.3.4.3.2.3,Part 1231,C.1.2.3.4.3.2,+,false,0.02166795061598532,0.28909372274994966,-31.414156267419457,28.721044428837228,-23.786183400079608,28.23690002309109,-27.62659047730267,29.057750463592832,0.027248941858548866,0.37074144170588635,0.02807880583631137,0.3723953238821935,0.024251381342115255,0.37017423652493897,0.0004164934185500108,0.02351283871158888,-0.0020605139397297757,0.022566176940390956,-0.0009501757923268289,0.02209918015384651
C.1.2.3.4.3.2.4,Part 1232,C.1.2.3.4.3.2,+,false,0.4497773667725269,0.28909372274994966,-76.29518327303231,28.721044428837228,90.79723069444299,28.23690002309109,-82.54691399633884,29.057750463592832,0.5551721838350132,0.37074144170588635,0.6718741175144284,0.3723953238821935,0.5437058027664015,0.37017423652493897,-0.05112265010763005,0.02351283871158888,0.0013925075738839372,0.022566176940390956,-0.0031026503560824294,0.02209918015384651
C.1.2.3.5,Subsystem 27,C.1.2.3,-,false,17.14329705919861,1.7103015285819827,-11.212983629804372,7.449711432265508,-8.131463547254004,8.227318609587062,-17.703412458715743,7.787448204186316,108880.22867851518,19962.149835449953,81155.67703113279,17054.481086831514,103951.23822434613,19287.67014573379,-11281.30560530797,8558.02156826214,6394.672383493447,8221.289359458155,4859.463521042942,9211.890169720371
C.1.2.3.5.1,Assembly 101,C.1.2.3.5,-,false,6.898967222390463,1.1196551737036593,-10.652042879028334,11.348584343897054,-33.91931885100988,13.264592535126082,-7.381550565818802,12.630997877301537,45505.79833316272,13291.8878760016,30785.689400169133,10551.800137195398,39982.467855563584,11951.171882462431,1045.6728897854816,5377.014094233176,6724.498449721683,5004.1455407698595,-5305.964472569759,6193.207745312579
C.1.2.3.5.1.1,Subassembly 348,C.1.2.3.5.1,-,false,1.8178348974084946,0.5007250159521434,-19.30743881899232,21.525563736237135,-23.93156147058142,28.31961155253832,-32.210448296638035,23.833169269344115,13042.919774325632,7466.20354621751,6093.709359890806,4561.359738102614,10439.490556032935,6706.874156318698,-3705.537627988303,3123.295572444439,127.88984343916098,2233.1269180894587,2157.1099146351626,3573.8447782139206
C.1.2.3.5.1.1.1,Part 1233,C.1.2.3.5.1.1,+,false,0.22666995134670287,0.28909372274994966,46.82083432562649,28.721044428837228,83.26813052408397,28.23690002309109,39.585072034969926,29.057750463592832,0.3001066899636975,0.37074144170588635,0.33782805497635304,0.3723953238821935,0.2760758527342382,0.37017423652493897,-0.006456171252190321,0.02351283871158888,-0.011820872916293256,0.022566176940390956,0.006681835140664046,0.02209918015384651
C.1.2.3.5.1.1.2,Part 1234,C.1.2.3.5.1.1,+,false,0.7957524172503035,0.28909372274994966,-48.327252035960555,28.721044428837228,-99.13239404559135,28.23690002309109,1.0650597047060728,29.057750463592832,1.0207718461420159,0.37074144170588635,1.0369276008840338,0.3723953238821935,1.2135886026228058,0.37017423652493897,-0.0016952285537999532,0.02351283871158888,-0.04848621631579215,0.022566176940390956,-0.047769847241058414,0.02209918015384651
C.1.2.3.5.1.1.3,Part 1235,C.1.2.3.5.1.1,+,false,0.7954125288114883,0.28909372274994966,-9.119902458041906,28.721044428837228,20.752541488036513,28.23690002309109,-85.95985691063106,29.057750463592832,1.02956872042714,0.37074144170588635,0.9809241146418645,0.3723953238821935,0.9628925351956685,0.37017423652493897,0.02808652490844335,0.02351283871158888,-0.028776776377454537,0.022566176940390956,0.0006470697068030823,0.02209918015384651
C.1.2.3.5.1.2,Subassembly 349,C.1.2.3.5.1,-,false,1.8079734581937084,0.6464332159373649,-18.777575918248772,24.213509296879536,-35.42858593031538,26.493142846824107,23.288017550691308,28.362336875445457,16398.38000574394,8014.610700590063,10138.931468116101,6764.734522005486,13784.969571416843,7221.427811737076,5311.484505971655,3251.117924807097,4385.7063343066075,3286.760800927934,-5181.146452940692,3578.6121237990606
C.1.2.3.5.1.2.1,Part 1236,C.1.2.3.5.1.2,-,false,0.028669977720361204,0.28909372274994966,7.8325701877474785,28.721044428837228,-30.79293561168015,28.23690002309109,-27.09494512528181,29.057750463592832,0.038764728341863675,0.37074144170588635,0.038298783306221294,0.3723953238821935,0.037384705712386244,0.37017423652493897,7.174932599655494e-5,0.02351283871158888,-0.0011627568211055,0.022566176940390956,0.001549302083599849,0.02209918015384651
C.1.2.3.5.1.2.2,Part 1237,C.1.2.3.5.1.2,+,false,0.09765278878458776,0.28909372274994966,63.3061442989856,28.721044428837228,-41.65270128287375,28.23690002309109,-66.70942339114845,29.057750463592832,0.1177821649008545,0.37074144170588635,0.10623754770298825,0.3723953238821935,0.09981332575065407,0.37017423652493897,-0.002843364233600392,0.02351283871158888,-0.0008723067838638854,0.022566176940390956,-0.005602734921786284,0.02209918015384651
C.1.2.3.5.1.2.3,Part 1238,C.1.2.3.5.1.2,+,false,0.46308294393727556,0.28909372274994966,23.701453488320112,28.721044428837228,-90.69789256900549,28.23690002309109,-58.624538173899055,29.057750463592832,0.49092931833873765,0.37074144170588635,0.5073879525343943,0.3723953238821935,0.46441618652834865,0.37017423652493897,-0.007232296814225083,0.02351283871158888,0.05245730264999222,0.022566176940390956,-0.016793137364945365,0.02209918015384651
C.1.2.3.5.1.2.4,Part 1239,C.1.2.3.5.1.2,-,false,0.5503887898386456,0.28909372274994966,-81.84429737739265,28.721044428837228,75.48872185871005,28.23690002309109,85.14078063890338,29.057750463592832,0.5804846695536577,0.37074144170588635,0.623510434223508,0.3723953238821935,0.5971426047870412,0.37017423652493897,0.038983880094853436,0.02351283871158888,-0.017644884867001318,0.022566176940390956,-0.028764995279669227,0.02209918015384651
C.1.2.3.5.1.2.5,Part 1240,C.1.2.3.5.1.2,-,false,0.6681789579128381,0.28909372274994966,-9.4069036655128,28.721044428837228,-87.77754264883697,28.23690002309109,44.423402566462755,29.057750463592832,0.8602232134964805,0.37074144170588635,0.9943086804372709,0.3723953238821935,0.7938467565876774,0.37017423652493897,0.014941206709004678,0.02351283871158888,-0.031483272468263074,0.022566176940390956,0.0371749812087482,0.02209918015384651
C.1.2.3.5.1.3,Subassembly 350,C.1.2.3.5.1,-,false,1.1923265313031153,0.5007250159521434,-28.66138557345014,20.502762475147314,-15.130838024062248,31.07271620773676,12.171276907518521,24.30281746810332,6956.297603409481,4218.258340606512,2859.829166731788,2346.306919176377,5908.405267492784,3854.939119307428,-1893.7686295038184,1692.3757079164986,116.98484455643074,1090.6724804764756,-1175.287574155041,1897.853788402806
C.1.2.3.5.1.3.1,Part 1241,C.1.2.3.5.1.3,-,false,0.4524043802027591,0.28909372274994966,-61.25743710435927,28.721044428837228,-97.67109882086515,28.23690002309109,-3.21130333468318,29.057750463592832,0.5669003066787957,0.37074144170588635,0.5355483741996078,0.3723953238821935,0.5607491378991943,0.37017423652493897,0.031807412311889764,0.02351283871158888,0.011423964063863649,0.022566176940390956,0.010511086375891064,0.02209918015384651
C.1.2.3.5.1.3.2,Part 1242,C.1.2.3.5.1.3,-,false,0.42198422060185115,0.28909372274994966,-20.270169293507934,28.721044428837228,41.306568309664726,28.23690002309109,64.15808480232954,29.057750463592832,0.49600471211019675,0.37074144170588635,0.46659338265001865,0.3723953238821935,0.4304747934405064,0.37017423652493897,-0.026736246160264487,0.02351283871158888,-0.021840414064926175,0.022566176940390956,0.0006159228948878891,0.02209918015384651
C.1.2.3.5.1.3.3,Part 1243,C.1.2.3.5.1.3,+,false,0.317937930498505,0.28909372274994966,6.58334163017571,28.721044428837228,27.41168146021664,28.23690002309109,-34.940012730658054,29.057750463592832,0.35929360465398785,0.37074144170588635,0.322735092206,0.3723953238821935,0.37621190582861225,0.37017423652493897,0.027161517331259592,0.02351283871158888,-0.007271241202886192,0.022566176940390956,0.008641019117807451,0.02209918015384651
C.1.2.3.5.1.4,Subassembly 351,C.1.2.3.5.1,-,false,2.0808323354851455,0.5781874454998993,14.288864218577883,20.098308526505612,-52.099247440168334,20.57146727184692,-23.54252747617454,18.715150044776756,3993.532304651501,3914.118412893321,5935.993756725393,3854.336526312853,6618.861191656667,4345.07379862734,-148.42578156998587,1656.1652193523412,775.4403225430805,1725.5516288576982,-591.7423520008089,1819.3539194595203
C.1.2.3.5.1.4.1,Part 1244,C.1.2.3.5.1.4,-,false,0.4470364071626682,0.28909372274994966,-27.962521743029356,28.721044428837228,-86.31998859345913,28.23690002309109,9.86206135712564,29.057750463592832,0.5680081333668138,0.37074144170588635,0.6240042609967352,0.3723953238821935,0.5478544600513949,0.37017423652493897,0.005604570655368566,0.02351283871158888,0.007457408282342681,0.022566176940390956,0.01745886173598111,0.02209918015384651
C.1.2.3.5.1.4.2,Part 1245,C.1.2.3.5.1.4,+,false,0.5333260146111716,0.28909372274994966,88.41905957087874,28.721044428837228,-65.50305760465562,28.23690002309109,-40.15970500186086,29.057750463592832,0.7734150683740445,0.37074144170588635,0.6847862206467095,0.3723953238821935,0.7274667406800986,0.37017423652493897,-0.01956274793327845,0.02351283871158888,0.07132569432285725,0.022566176940390956,-0.008152531502002923,0.02209918015384651
C.1.2.3.5.1.4.3,Part 1246,C.1.2.3.5.1.4,+,false,0.887260308253346,0.28909372274994966,-10.44005542062223,28.721044428837228,-48.2870539650321,28.23690002309109,-43.64437595941126,29.057750463592832,1.3035226829313638,0.37074144170588635,1.3894795576716723,0.3723953238821935,1.2572713525036767,0.37017423652493897,0.015121147284160176,0.02351283871158888,-0.007767246486558844,0.022566176940390956,0.04812820856883939,0.02209918015384651
C.1.2.3.5.1.4.4,Part 1247,C.1.2.3.5.1.4,-,false,0.2132096054579597,0.28909372274994966,20.354890124872327,28.721044428837228,37.31562593020499,28.23690002309109,31.637340923771262,29.057750463592832,0.2404530294255714,0.37074144170588635,0.24095081871753804,0.3723953238821935,0.2531414246098385,0.37017423652493897,-0.004698048216591972,0.02351283871158888,0.004672059347782935,0.022566176940390956,0.011519409308047391,0.02209918015384651
C.1.2.3.5.2,Assembly 102,C.1.2.3.5,-,false,4.211869442117633,0.7081321085790055,3.6154110864127635,14.800383277812871,21.78972678112239,15.236740023696619,-15.141603380028643,14.056471645802866,19971.83508448767,7941.618782866414,18404.770381052498,7620.752207371995,23665.719498613806,8783.927882954911,-7404.314237027555,4306.276779760647,3694.8350725033374,3729.996322377712,6586.529076167617,3865.191343264245
C.1.2.3.5.2.1,Subassembly 352,C.1.2.3.5.2,-,false,1.7402017343693879,0.5007250159521434,21.17325137482041,20.763236810413556,-5.346566803079962,22.36813702250115,-3.7188847475218294,20.45027728944299,6154.297363596639,4058.0125856348022,5745.355488592844,4060.7337059818246,6646.768949406586,4222.685623129849,-2354.9401406434963,2001.0434497879946,2844.8989668052914,2030.19266327793,2376.381245811827,1925.0087865726152
C.1.2.3.5.2.1.1,Part 1248,C.1.2.3.5.2.1,-,false,0.29437477652193045,0.28909372274994966,14.658892247825861,28.721044428837228,59.79750747792423,28.23690002309109,-6.9031111896038055,29.057750463592832,0.3679380766441123,0.37074144170588635,0.31934331779487013,0.3723953238821935,0.42167607734835183,0.37017423652493897,-0.005047470923799126,0.02351283871158888,-0.01310841618579281,0.022566176940390956,-0.017902217264677375,0.02209918015384651
C.1.2.3.5.2.1.2,Part 1249,C.1.2.3.5.2.1,+,false,0.7738428878854029,0.28909372274994966,-20.669632637873292,28.721044428837228,-53.4666140563786,28.23690002309109,36.612317990511656,29.057750463592832,0.9762497857757203,0.37074144170588635,0.8357901172397927,0.3723953238821935,1.057359780191937,0.37017423652493897,-0.051994891628190154,0.02351283871158888,-0.008879176366365746,0.022566176940390956,0.052016808910468046,0.02209918015384651
C.1.2.3.5.2.1.3,Part 1250,C.1.2.3.5.2.1,+,false,0.6719840699620545,0.28909372274994966,72.21237975172698,28.721044428837228,21.529939398169518,28.23690002309109,-48.76855155453086,29.057750463592832,0.936002883890469,0.37074144170588635,0.8341371909865365,0.3723953238821935,0.897219455667445,0.37017423652493897,-0.003378685298492448,0.02351283871158888,-0.0023557849089775726,0.022566176940390956,0.06268085830089416,0.02209918015384651
C.1.2.3.5.2.2,Subassembly 353,C.1.2.3.5.2,-,false,2.4716677077482454,0.5007250159521434,-8.74635745791287,20.08630527080029,40.895298703897915,19.51736673551708,-23.18387973990839,18.93228336851094,11246.9534850104,6105.643166515369,11358.323700971412,6097.72062190611,13921.119030567614,6928.79591044661,-6462.256569213655,3432.9518896534623,1444.673146622765,2953.611479609217,3290.959668097105,3020.5834156128367
C.1.2.3.5.2.2.1,Part 1251,C.1.2.3.5.2.2,+,false,0.8867515277513303,0.28909372274994966,10.376930655911565,28.721044428837228,83.76390621997416,28.23690002309109,-79.20667519792914,29.057750463592832,0.9303535111971629,0.37074144170588635,1.117018648060944,0.3723953238821935,1.0119365011393968,0.37017423652493897,0.06932017897973057,0.02351283871158888,-0.12742892376013726,0.022566176940390956,-0.027492673171577067,0.02209918015384651
C.1.2.3.5.2.2.2,Part 1252,C.1.2.3.5.2.2,+,false,0.942455944892019,0.28909372274994966,-72.35633078962564,28.721044428837228,-26.404158677905798,28.23690002309109,7.8602418303489685,29.057750463592832,1.3336256706147664,0.37074144170588635,1.3748005075173215,0.3723953238821935,1.325117687275256,0.37017423652493897,0.05723250374521085,0.02351283871158888,0.03623217068390695,0.022566176940390956,-0.05147582875410803,0.02209918015384651
C.1.2.3.5.2.2.3,Part 1253,C.1.2.3.5.2.2,-,false,0.6424602351048961,0.28909372274994966,58.17139125429094,28.721044428837228,80.45100830495358,28.23690002309109,8.601095294579864,29.057750463592832,0.8101251969999419,0.37074144170588635,0.7620250017627846,0.3723953238821935,0.7628121625498019,0.37017423652493897,-0.026948795968022937,0.02351283871158888,-0.013666729350058542,0.022566176940390956,-0.03666297346373025,0.02209918015384651
C.1.2.3.5.3,Assembly 103,C.1.2.3.5,-,false,6.032460394690512,1.081689663197327,-22.207697244928447,12.885987369066326,0.46957448130110196,12.873776818400362,-31.296571283325957,13.231752898556687,32720.32279075709,10519.721268155225,28430.403589739908,10339.500794889724,29840.5753096481,10278.437101852614,-3724.1905338447377,4004.280123698427,-2923.1493541984687,5026.924957760237,1360.1039548030435,4556.621865671962
C.1.2.3.5.3.1,Subassembly 354,C.1.2.3.5.3,-,false,1.5453536982573568,0.5781874454998993,-33.028331059959086,17.78192312751541,-41.37068506888205,27.531645246622666,-15.222569530568437,20.91213173707594,7393.092636675257,4900.927761698822,2921.3953973744565,2439.7580199752033,5995.177391861657,4418.087825272484,601.881836700788,1437.868182463138,22.545615001849626,1144.7639234795556,-940.6419756546269,1821.964218897135
C.1.2.3.5.3.1.1,Part 1254,C.1.2.3.5.3.1,+,false,0.33016640045610257,0.28909372274994966,-35.44810418970883,28.721044428837228,65.93697317875922,28.23690002309109,14.03087368234992,29.057750463592832,0.4841319693156862,0.37074144170588635,0.49410997565877923,0.3723953238821935,0.5139325157423997,0.37017423652493897,-0.01368839964348144,0.02351283871158888,0.019441801700544624,0.022566176940390956,0.02784312114829495,0.02209918015384651
C.1.2.3.5.3.1.2,Part 1255,C.1.2.3.5.3.1,-,false,0.602905201816,0.28909372274994966,-41.07709606178105,28.721044428837228,-57.330096093937755,28.23690002309109,-59.63577590882778,29.057750463592832,0.867166398110262,0.37074144170588635,0.8600417004258021,0.3723953238821935,0.8067052110298519,0.37017423652493897,0.008920014766684324,0.02351283871158888,0.011488415818434811,0.022566176940390956,0.055085227572233525,0.02209918015384651
C.1.2.3.5.3.1.3,Part 1256,C.1.2.3.5.3.1,-,false,0.2283896844435949,0.28909372274994966,-66.60578926093876,28.721044428837228,-60.728950053453445,28.23690002309109,36.63800577633083,29.057750463592832,0.25787027317159444,0.37074144170588635,0.24653307990206466,0.3723953238821935,0.21522451145446275,0.37017423652493897,-0.004176609088616075,0.02351283871158888,-0.0004126912672390296,0.022566176940390956,0.0021269974645339936,0.02209918015384651
C.1.2.3.5.3.1.4,Part 1257,C.1.2.3.5.3.1,+,false,0.3838924115416594,0.28909372274994966,1.6697112936526537,28.721044428837228,-97.07937496714294,28.23690002309109,-1.4842706732451916,29.057750463592832,0.5868579035477605,0.37074144170588635,0.6083982273421362,0.3723953238821935,0.5775773199641188,0.37017423652493897,0.02605880122359817,0.02351283871158888,0.0030654902422688705,0.022566176940390956,-0.007850604691216578,0.02209918015384651
C.1.2.3.5.3.2,Subassembly 355,C.1.2.3.5.3,-,false,1.1871399216249119,0.40884026350990615,-25.76079316681858,21.71961268510551,48.71761130505844,21.182871470419467,-57.83491937744587,22.09389219676332,208.1036071963097,611.8283993529893,269.9997782889854,701.8954714863926,163.1499980995095,534.2110679184101,-74.6191161842923,264.9563320540363,132.47425542468537,350.1081598513761,88.4429945673379,300.35098234599855
C.1.2.3.5.3.2.1,Part 1258,C.1.2.3.5.3.2,-,false,0.7904170762877911,0.28909372274994966,-18.88536843471229,28.721044428837228,53.307269886136055,28.23690002309109,-65.97607689909637,29.057750463592832,1.0564934970951025,0.37074144170588635,0.9080027013385203,0.3723953238821935,1.054648457058773,0.37017423652493897,-0.0060826693920741585,0.02351283871158888,0.09063436123285354,0.022566176940390956,0.018272587087929896,0.02209918015384651
C.1.2.3.5.3.2.2,Part 1259,C.1.2.3.5.3.2,-,false,0.3967228453371208,0.28909372274994966,-39.45915508083999,28.721044428837228,39.57333196885884,28.23690002309109,-41.61475459113717,29.057750463592832,0.46098099894650835,0.37074144170588635,0.5215819349007708,0.3723953238821935,0.4648527426251887,0.37017423652493897,0.023408180701812185,0.02351283871158888,-0.006842838268444533,0.022566176940390956,0.04806855519917744,0.02209918015384651
C.1.2.3.5.3.3,Subassembly 356,C.1.2.3.5.3,-,false,1.7445432037173305,0.5007250159521434,-24.879250735903295,26.347900031993554,-11.627061050678748,19.783480028143572,-10.29105502587315,23.06110591007381,7770.094491838621,4555.024932666035,12508.337607647984,6648.578770022206,9466.66500475186,5723.097865950139,-2170.072172679544,2367.3060055734463,-3221.071851584651,2942.5783664480196,1604.954267475082,2169.730216579338
C.1.2.3.5.3.3.1,Part 1260,C.1.2.3.5.3.3,+,false,0.7011275064474903,0.28909372274994966,-66.1839063744992,28.721044428837228,8.027808088809252,28.23690002309109,-78.1874118372798,29.057750463592832,0.8246837649337543,0.37074144170588635,0.8229540591235416,0.3723953238821935,0.8000623016461933,0.37017423652493897,-0.0032319440869591825,0.02351283871158888,0.007726934799492403,0.022566176940390956,-0.014373984120215306,0.02209918015384651
C.1.2.3.5.3.3.2,Part 1261,C.1.2.3.5.3.3,-,false,0.6089722820075695,0.28909372274994966,-56.18304922245443,28.721044428837228,-60.97481483593583,28.23690002309109,36.10155996866524,29.057750463592832,0.7827329456311622,0.37074144170588635,0.8547375049333515,0.3723953238821935,0.8269510657506963,0.37017423652493897,0.0436862200873175,0.02351283871158888,0.011838626742432367,0.022566176940390956,-0.07517959808866224,0.02209918015384651
C.1.2.3.5.3.3.3,Part 1262,C.1.2.3.5.3.3,-,false,0.4344434152622707,0.28909372274994966,85.65983013249934,28.721044428837228,25.82510020583868,28.23690002309109,34.25372582860291,29.057750463592832,0.43072646685810545,0.37074144170588635,0.4666613761837854,0.3723953238821935,0.4943183701840302,0.37017423652493897,-0.03311439435726936,0.02351283871158888,-0.025238821831793795,0.022566176940390956,-0.017855909603244017,0.02209918015384651
C.1.2.3.5.3.4,Subassembly 357,C.1.2.3.5.3,-,false,0.31968369444529526,0.40884026350990615,50.42275724313868,41.84485067966422,35.59254627180566,20.615376592227683,-15.946734148900171,119.58093984250439,2404.021026330085,3969.825237119986,2631.513894564346,4330.697155392986,228.75165528440237,494.5464938713026,-10.125131666003181,166.2436735201026,740.1662502176662,1305.9717004405677,32.893961341425594,539.2802648200485
C.1.2.3.5.3.4.1,Part 1263,C.1.2.3.5.3.4,-,false,0.12083789502293803,0.28909372274994966,16.167417960241437,28.721044428837228,34.07032806426287,28.23690002309109,95.27612244710326,29.057750463592832,0.16208459719037385,0.37074144170588635,0.1379671616600087,0.3723953238821935,0.1608687897282162,0.37017423652493897,0.007945272000720708,0.02351283871158888,0.0001940737438532174,0.022566176940390956,-0.0005141544973517658,0.02209918015384651
C.1.2.3.5.3.4.2,Part 1264,C.1.2.3.5.3.4,-,false,0.19884579942235722,0.28909372274994966,71.2396068032831,28.721044428837228,36.51759293861687,28.23690002309109,-83.5364740807563,29.057750463592832,0.1789578156280865,0.37074144170588635,0.18341294754277443,0.3723953238821935,0.17794810838382322,0.37017423652493897,-0.00300798546050413,0.02351283871158888,-0.0006300995043304796,0.022566176940390956,0.0033925289272170645,0.02209918015384651
C.1.2.3.5.3.5,Subassembly 358,C.1.2.3.5.3,-,false,1.2357398766456171,0.5007250159521434,-20.28043325607771,30.334982159821525,14.43342838599731,26.691315446444925,-59.528571811132736,25.654827882043282,5520.21653537311,3924.7437558792462,5134.425076163196,4169.094152433814,5728.053441348747,4369.874131521334,-669.9800760520778,1722.831148199917,-562.8410633731013,1624.386952979338,-2742.992171535273,1960.6594553578336
C.1.2.3.5.3.5.1,Part 1265,C.1.2.3.5.3.5,-,false,0.42090389098459857,0.28909372274994966,-6.534124352037907,28.721044428837228,83.6108683142811,28.23690002309109,2.581757726147771,29.057750463592832,0.5046761020634841,0.37074144170588635,0.6031403992323359,0.3723953238821935,0.5702913065379649,0.37017423652493897,-0.005545422399502046,0.02351283871158888,-0.03195887161427102,0.022566176940390956,0.045982303943210553,0.02209918015384651
C.1.2.3.5.3.5.2,Part 1266,C.1.2.3.5.3.5,-,false,0.6296246529894415,0.28909372274994966,-57.72018609568477,28.721044428837228,-22.049976931884885,28.23690002309109,-91.82306164875627,29.057750463592832,0.6231644456469169,0.37074144170588635,0.6628805997296834,0.3723953238821935,0.6527029964441059,0.37017423652493897,0.052228824100441454,0.02351283871158888,-0.046873321509659616,0.022566176940390956,0.028349500091427567,0.02209918015384651
C.1.2.3.5.3.5.3,Part 1267,C.1.2.3.5.3.5,+,false,0.1852113326715771,0.28909372274994966,75.75643570162356,28.721044428837228,-18.75137803144753,28.23690002309109,-90.89313428848982,29.057750463592832,0.2560248456709822,0.37074144170588635,0.26465729564891216,0.3723953238821935,0.25143480489790515,0.37017423652493897,0.01376368747788926,0.02351283871158888,0.007029625680584375,0.022566176940390956,-0.008164116654090416,0.02209918015384651
